# synthetic supernova Ia host_z=0.05 vacuum file-unit flux
4.50000000e+03 1.00518376e+00 1.50000000e-02
4.50200000e+03 1.01232427e+00 1.50000000e-02
4.50400000e+03 1.00495656e+00 1.50000000e-02
4.50600000e+03 9.80452642e-01 1.50000000e-02
4.50800000e+03 1.01358034e+00 1.50000000e-02
4.51000000e+03 1.00669562e+00 1.50000000e-02
4.51200000e+03 9.91945701e-01 1.50000000e-02
4.51400000e+03 1.00871677e+00 1.50000000e-02
4.51600000e+03 1.00546859e+00 1.50000000e-02
4.51800000e+03 1.00441199e+00 1.50000000e-02
4.52000000e+03 1.00042633e+00 1.50000000e-02
4.52200000e+03 1.00820069e+00 1.50000000e-02
4.52400000e+03 9.88953189e-01 1.50000000e-02
4.52600000e+03 9.97556351e-01 1.50000000e-02
4.52800000e+03 9.92768210e-01 1.50000000e-02
4.53000000e+03 1.00898269e+00 1.50000000e-02
4.53200000e+03 1.00059583e+00 1.50000000e-02
4.53400000e+03 9.95613149e-01 1.50000000e-02
4.53600000e+03 9.88271373e-01 1.50000000e-02
4.53800000e+03 9.96142116e-01 1.50000000e-02
4.54000000e+03 1.00012213e+00 1.50000000e-02
4.54200000e+03 9.95865956e-01 1.50000000e-02
4.54400000e+03 1.01941096e+00 1.50000000e-02
4.54600000e+03 1.01510086e+00 1.50000000e-02
4.54800000e+03 9.59332563e-01 1.50000000e-02
4.55000000e+03 9.71664801e-01 1.50000000e-02
4.55200000e+03 9.97378419e-01 1.50000000e-02
4.55400000e+03 9.93667144e-01 1.50000000e-02
4.55600000e+03 1.00320464e+00 1.50000000e-02
4.55800000e+03 1.00325983e+00 1.50000000e-02
4.56000000e+03 1.03176758e+00 1.50000000e-02
4.56200000e+03 9.83319689e-01 1.50000000e-02
4.56400000e+03 9.94335925e-01 1.50000000e-02
4.56600000e+03 1.03064157e+00 1.50000000e-02
4.56800000e+03 1.00970054e+00 1.50000000e-02
4.57000000e+03 1.00994595e+00 1.50000000e-02
4.57200000e+03 9.92289904e-01 1.50000000e-02
4.57400000e+03 9.75278872e-01 1.50000000e-02
4.57600000e+03 1.00251197e+00 1.50000000e-02
4.57800000e+03 1.00163521e+00 1.50000000e-02
4.58000000e+03 9.81589719e-01 1.50000000e-02
4.58200000e+03 9.89751600e-01 1.50000000e-02
4.58400000e+03 9.98919345e-01 1.50000000e-02
4.58600000e+03 9.85828726e-01 1.50000000e-02
4.58800000e+03 9.98525950e-01 1.50000000e-02
4.59000000e+03 1.00143225e+00 1.50000000e-02
4.59200000e+03 1.00053379e+00 1.50000000e-02
4.59400000e+03 9.92405625e-01 1.50000000e-02
4.59600000e+03 1.00890622e+00 1.50000000e-02
4.59800000e+03 1.01336750e+00 1.50000000e-02
4.60000000e+03 1.00481272e+00 1.50000000e-02
4.60200000e+03 9.87726547e-01 1.50000000e-02
4.60400000e+03 1.01097478e+00 1.50000000e-02
4.60600000e+03 9.92478400e-01 1.50000000e-02
4.60800000e+03 1.01318741e+00 1.50000000e-02
4.61000000e+03 9.83923189e-01 1.50000000e-02
4.61200000e+03 1.01371701e+00 1.50000000e-02
4.61400000e+03 9.99699048e-01 1.50000000e-02
4.61600000e+03 9.81268767e-01 1.50000000e-02
4.61800000e+03 9.95291508e-01 1.50000000e-02
4.62000000e+03 1.00081153e+00 1.50000000e-02
4.62200000e+03 1.00409187e+00 1.50000000e-02
4.62400000e+03 9.85267178e-01 1.50000000e-02
4.62600000e+03 9.83389404e-01 1.50000000e-02
4.62800000e+03 1.00299377e+00 1.50000000e-02
4.63000000e+03 9.92998756e-01 1.50000000e-02
4.63200000e+03 1.00353258e+00 1.50000000e-02
4.63400000e+03 1.01139279e+00 1.50000000e-02
4.63600000e+03 9.75268190e-01 1.50000000e-02
4.63800000e+03 1.00381582e+00 1.50000000e-02
4.64000000e+03 1.01836970e+00 1.50000000e-02
4.64200000e+03 9.95537097e-01 1.50000000e-02
4.64400000e+03 9.87837781e-01 1.50000000e-02
4.64600000e+03 1.01128366e+00 1.50000000e-02
4.64800000e+03 1.00380170e+00 1.50000000e-02
4.65000000e+03 1.01343825e+00 1.50000000e-02
4.65200000e+03 9.94821764e-01 1.50000000e-02
4.65400000e+03 9.77772726e-01 1.50000000e-02
4.65600000e+03 9.98349839e-01 1.50000000e-02
4.65800000e+03 9.93312578e-01 1.50000000e-02
4.66000000e+03 1.01162986e+00 1.50000000e-02
4.66200000e+03 1.00290449e+00 1.50000000e-02
4.66400000e+03 9.75537262e-01 1.50000000e-02
4.66600000e+03 9.82072554e-01 1.50000000e-02
4.66800000e+03 1.01325684e+00 1.50000000e-02
4.67000000e+03 1.01019648e+00 1.50000000e-02
4.67200000e+03 9.90396350e-01 1.50000000e-02
4.67400000e+03 9.99984268e-01 1.50000000e-02
4.67600000e+03 1.00668360e+00 1.50000000e-02
4.67800000e+03 1.00702607e+00 1.50000000e-02
4.68000000e+03 1.01314363e+00 1.50000000e-02
4.68200000e+03 1.00384728e+00 1.50000000e-02
4.68400000e+03 9.98577575e-01 1.50000000e-02
4.68600000e+03 9.96117279e-01 1.50000000e-02
4.68800000e+03 1.01583614e+00 1.50000000e-02
4.69000000e+03 9.66237186e-01 1.50000000e-02
4.69200000e+03 9.97920170e-01 1.50000000e-02
4.69400000e+03 1.00049500e+00 1.50000000e-02
4.69600000e+03 9.78619766e-01 1.50000000e-02
4.69800000e+03 1.00499220e+00 1.50000000e-02
4.70000000e+03 9.90230785e-01 1.50000000e-02
4.70200000e+03 1.01293667e+00 1.50000000e-02
4.70400000e+03 9.98116119e-01 1.50000000e-02
4.70600000e+03 1.01003730e+00 1.50000000e-02
4.70800000e+03 1.01828265e+00 1.50000000e-02
4.71000000e+03 1.00574394e+00 1.50000000e-02
4.71200000e+03 9.86864183e-01 1.50000000e-02
4.71400000e+03 9.77285221e-01 1.50000000e-02
4.71600000e+03 1.02630076e+00 1.50000000e-02
4.71800000e+03 9.98330617e-01 1.50000000e-02
4.72000000e+03 9.89671526e-01 1.50000000e-02
4.72200000e+03 1.00216386e+00 1.50000000e-02
4.72400000e+03 9.97128830e-01 1.50000000e-02
4.72600000e+03 1.01278213e+00 1.50000000e-02
4.72800000e+03 1.00050892e+00 1.50000000e-02
4.73000000e+03 1.00020624e+00 1.50000000e-02
4.73200000e+03 9.89281304e-01 1.50000000e-02
4.73400000e+03 1.00704352e+00 1.50000000e-02
4.73600000e+03 9.84491999e-01 1.50000000e-02
4.73800000e+03 1.00998834e+00 1.50000000e-02
4.74000000e+03 1.02285906e+00 1.50000000e-02
4.74200000e+03 9.77129709e-01 1.50000000e-02
4.74400000e+03 9.63006562e-01 1.50000000e-02
4.74600000e+03 1.00925318e+00 1.50000000e-02
4.74800000e+03 1.03821847e+00 1.50000000e-02
4.75000000e+03 9.84986127e-01 1.50000000e-02
4.75200000e+03 9.81239564e-01 1.50000000e-02
4.75400000e+03 1.00883453e+00 1.50000000e-02
4.75600000e+03 9.87389176e-01 1.50000000e-02
4.75800000e+03 9.92409618e-01 1.50000000e-02
4.76000000e+03 9.94778238e-01 1.50000000e-02
4.76200000e+03 1.00798003e+00 1.50000000e-02
4.76400000e+03 9.93920465e-01 1.50000000e-02
4.76600000e+03 1.00416824e+00 1.50000000e-02
4.76800000e+03 9.97352001e-01 1.50000000e-02
4.77000000e+03 9.87329933e-01 1.50000000e-02
4.77200000e+03 9.95202606e-01 1.50000000e-02
4.77400000e+03 9.85744005e-01 1.50000000e-02
4.77600000e+03 1.00009772e+00 1.50000000e-02
4.77800000e+03 9.83142007e-01 1.50000000e-02
4.78000000e+03 9.83606584e-01 1.50000000e-02
4.78200000e+03 1.02185443e+00 1.50000000e-02
4.78400000e+03 9.99202237e-01 1.50000000e-02
4.78600000e+03 9.99191470e-01 1.50000000e-02
4.78800000e+03 1.00767305e+00 1.50000000e-02
4.79000000e+03 9.93687145e-01 1.50000000e-02
4.79200000e+03 9.96571969e-01 1.50000000e-02
4.79400000e+03 1.00637723e+00 1.50000000e-02
4.79600000e+03 1.00423624e+00 1.50000000e-02
4.79800000e+03 9.82610549e-01 1.50000000e-02
4.80000000e+03 1.01250014e+00 1.50000000e-02
4.80200000e+03 9.91143476e-01 1.50000000e-02
4.80400000e+03 9.84158816e-01 1.50000000e-02
4.80600000e+03 9.86492874e-01 1.50000000e-02
4.80800000e+03 9.94141820e-01 1.50000000e-02
4.81000000e+03 1.02440950e+00 1.50000000e-02
4.81200000e+03 9.82366961e-01 1.50000000e-02
4.81400000e+03 1.00240114e+00 1.50000000e-02
4.81600000e+03 9.67932635e-01 1.50000000e-02
4.81800000e+03 9.99976496e-01 1.50000000e-02
4.82000000e+03 1.01349350e+00 1.50000000e-02
4.82200000e+03 9.96450050e-01 1.50000000e-02
4.82400000e+03 9.90559676e-01 1.50000000e-02
4.82600000e+03 1.00347267e+00 1.50000000e-02
4.82800000e+03 1.01050228e+00 1.50000000e-02
4.83000000e+03 1.00995486e+00 1.50000000e-02
4.83200000e+03 1.02958711e+00 1.50000000e-02
4.83400000e+03 1.00313751e+00 1.50000000e-02
4.83600000e+03 9.91113849e-01 1.50000000e-02
4.83800000e+03 9.98110312e-01 1.50000000e-02
4.84000000e+03 9.98912522e-01 1.50000000e-02
4.84200000e+03 1.00163106e+00 1.50000000e-02
4.84400000e+03 9.99549583e-01 1.50000000e-02
4.84600000e+03 1.00260949e+00 1.50000000e-02
4.84800000e+03 9.74937249e-01 1.50000000e-02
4.85000000e+03 1.01244443e+00 1.50000000e-02
4.85200000e+03 9.91378911e-01 1.50000000e-02
4.85400000e+03 9.82402620e-01 1.50000000e-02
4.85600000e+03 1.00956627e+00 1.50000000e-02
4.85800000e+03 1.01975989e+00 1.50000000e-02
4.86000000e+03 1.00739542e+00 1.50000000e-02
4.86200000e+03 1.00241739e+00 1.50000000e-02
4.86400000e+03 9.86016695e-01 1.50000000e-02
4.86600000e+03 1.04307351e+00 1.50000000e-02
4.86800000e+03 1.01320388e+00 1.50000000e-02
4.87000000e+03 9.82910580e-01 1.50000000e-02
4.87200000e+03 9.88305431e-01 1.50000000e-02
4.87400000e+03 1.00130469e+00 1.50000000e-02
4.87600000e+03 9.76679033e-01 1.50000000e-02
4.87800000e+03 1.00252946e+00 1.50000000e-02
4.88000000e+03 9.93113927e-01 1.50000000e-02
4.88200000e+03 1.01839406e+00 1.50000000e-02
4.88400000e+03 1.01443232e+00 1.50000000e-02
4.88600000e+03 9.59330718e-01 1.50000000e-02
4.88800000e+03 1.00062554e+00 1.50000000e-02
4.89000000e+03 9.75737988e-01 1.50000000e-02
4.89200000e+03 1.01664457e+00 1.50000000e-02
4.89400000e+03 1.00252159e+00 1.50000000e-02
4.89600000e+03 1.00822608e+00 1.50000000e-02
4.89800000e+03 9.84023129e-01 1.50000000e-02
4.90000000e+03 1.02742645e+00 1.50000000e-02
4.90200000e+03 1.03030110e+00 1.50000000e-02
4.90400000e+03 9.84028434e-01 1.50000000e-02
4.90600000e+03 1.00559223e+00 1.50000000e-02
4.90800000e+03 9.89900464e-01 1.50000000e-02
4.91000000e+03 9.99646451e-01 1.50000000e-02
4.91200000e+03 9.81015445e-01 1.50000000e-02
4.91400000e+03 1.02800718e+00 1.50000000e-02
4.91600000e+03 9.85462307e-01 1.50000000e-02
4.91800000e+03 9.95558743e-01 1.50000000e-02
4.92000000e+03 1.00752224e+00 1.50000000e-02
4.92200000e+03 9.90286590e-01 1.50000000e-02
4.92400000e+03 9.96410314e-01 1.50000000e-02
4.92600000e+03 9.91545402e-01 1.50000000e-02
4.92800000e+03 9.97998089e-01 1.50000000e-02
4.93000000e+03 9.82441860e-01 1.50000000e-02
4.93200000e+03 9.93430179e-01 1.50000000e-02
4.93400000e+03 9.96896606e-01 1.50000000e-02
4.93600000e+03 9.94994110e-01 1.50000000e-02
4.93800000e+03 1.00085035e+00 1.50000000e-02
4.94000000e+03 9.95603467e-01 1.50000000e-02
4.94200000e+03 1.01129817e+00 1.50000000e-02
4.94400000e+03 9.95152061e-01 1.50000000e-02
4.94600000e+03 9.97950256e-01 1.50000000e-02
4.94800000e+03 9.90028280e-01 1.50000000e-02
4.95000000e+03 9.92102277e-01 1.50000000e-02
4.95200000e+03 9.81032608e-01 1.50000000e-02
4.95400000e+03 1.00778177e+00 1.50000000e-02
4.95600000e+03 9.82862230e-01 1.50000000e-02
4.95800000e+03 9.88812154e-01 1.50000000e-02
4.96000000e+03 1.00538867e+00 1.50000000e-02
4.96200000e+03 1.00603860e+00 1.50000000e-02
4.96400000e+03 9.93998279e-01 1.50000000e-02
4.96600000e+03 9.69711013e-01 1.50000000e-02
4.96800000e+03 1.00630770e+00 1.50000000e-02
4.97000000e+03 1.00389345e+00 1.50000000e-02
4.97200000e+03 9.78814282e-01 1.50000000e-02
4.97400000e+03 1.01155483e+00 1.50000000e-02
4.97600000e+03 9.89483503e-01 1.50000000e-02
4.97800000e+03 9.83107178e-01 1.50000000e-02
4.98000000e+03 1.00143596e+00 1.50000000e-02
4.98200000e+03 9.97322944e-01 1.50000000e-02
4.98400000e+03 1.00303936e+00 1.50000000e-02
4.98600000e+03 9.75913779e-01 1.50000000e-02
4.98800000e+03 1.02718345e+00 1.50000000e-02
4.99000000e+03 9.90960121e-01 1.50000000e-02
4.99200000e+03 9.76905110e-01 1.50000000e-02
4.99400000e+03 1.00928263e+00 1.50000000e-02
4.99600000e+03 9.94677938e-01 1.50000000e-02
4.99800000e+03 1.00487288e+00 1.50000000e-02
5.00000000e+03 9.94905874e-01 1.50000000e-02
5.00200000e+03 9.99103895e-01 1.50000000e-02
5.00400000e+03 1.00368659e+00 1.50000000e-02
5.00600000e+03 9.88800207e-01 1.50000000e-02
5.00800000e+03 1.01018109e+00 1.50000000e-02
5.01000000e+03 9.92951499e-01 1.50000000e-02
5.01200000e+03 9.86954693e-01 1.50000000e-02
5.01400000e+03 1.00115549e+00 1.50000000e-02
5.01600000e+03 1.00667562e+00 1.50000000e-02
5.01800000e+03 9.96563810e-01 1.50000000e-02
5.02000000e+03 9.87062203e-01 1.50000000e-02
5.02200000e+03 1.00929678e+00 1.50000000e-02
5.02400000e+03 9.73595068e-01 1.50000000e-02
5.02600000e+03 9.84537038e-01 1.50000000e-02
5.02800000e+03 1.00059284e+00 1.50000000e-02
5.03000000e+03 9.79584109e-01 1.50000000e-02
5.03200000e+03 1.00041991e+00 1.50000000e-02
5.03400000e+03 9.99177053e-01 1.50000000e-02
5.03600000e+03 1.01348110e+00 1.50000000e-02
5.03800000e+03 9.86278145e-01 1.50000000e-02
5.04000000e+03 9.90611402e-01 1.50000000e-02
5.04200000e+03 1.00499773e+00 1.50000000e-02
5.04400000e+03 9.63136546e-01 1.50000000e-02
5.04600000e+03 1.04650063e+00 1.50000000e-02
5.04800000e+03 9.89520239e-01 1.50000000e-02
5.05000000e+03 9.89052474e-01 1.50000000e-02
5.05200000e+03 1.01291691e+00 1.50000000e-02
5.05400000e+03 9.99402522e-01 1.50000000e-02
5.05600000e+03 9.73308571e-01 1.50000000e-02
5.05800000e+03 1.00940391e+00 1.50000000e-02
5.06000000e+03 1.01283067e+00 1.50000000e-02
5.06200000e+03 9.93250806e-01 1.50000000e-02
5.06400000e+03 9.95775995e-01 1.50000000e-02
5.06600000e+03 1.00728977e+00 1.50000000e-02
5.06800000e+03 9.86368296e-01 1.50000000e-02
5.07000000e+03 1.00657583e+00 1.50000000e-02
5.07200000e+03 1.00298948e+00 1.50000000e-02
5.07400000e+03 9.89876011e-01 1.50000000e-02
5.07600000e+03 9.79118472e-01 1.50000000e-02
5.07800000e+03 9.96615913e-01 1.50000000e-02
5.08000000e+03 9.86868666e-01 1.50000000e-02
5.08200000e+03 1.01502115e+00 1.50000000e-02
5.08400000e+03 1.00216128e+00 1.50000000e-02
5.08600000e+03 1.01173127e+00 1.50000000e-02
5.08800000e+03 1.00201933e+00 1.50000000e-02
5.09000000e+03 1.00394352e+00 1.50000000e-02
5.09200000e+03 9.88255016e-01 1.50000000e-02
5.09400000e+03 1.01002071e+00 1.50000000e-02
5.09600000e+03 1.02677047e+00 1.50000000e-02
5.09800000e+03 9.95354687e-01 1.50000000e-02
5.10000000e+03 9.91108382e-01 1.50000000e-02
5.10200000e+03 9.97632449e-01 1.50000000e-02
5.10400000e+03 9.92780796e-01 1.50000000e-02
5.10600000e+03 9.89477811e-01 1.50000000e-02
5.10800000e+03 1.00207290e+00 1.50000000e-02
5.11000000e+03 9.95636237e-01 1.50000000e-02
5.11200000e+03 1.02158310e+00 1.50000000e-02
5.11400000e+03 1.00000302e+00 1.50000000e-02
5.11600000e+03 1.00485868e+00 1.50000000e-02
5.11800000e+03 1.01428033e+00 1.50000000e-02
5.12000000e+03 9.95488662e-01 1.50000000e-02
5.12200000e+03 1.02155105e+00 1.50000000e-02
5.12400000e+03 9.90509587e-01 1.50000000e-02
5.12600000e+03 9.87875084e-01 1.50000000e-02
5.12800000e+03 9.94505995e-01 1.50000000e-02
5.13000000e+03 9.98279239e-01 1.50000000e-02
5.13200000e+03 9.78980227e-01 1.50000000e-02
5.13400000e+03 9.99473578e-01 1.50000000e-02
5.13600000e+03 9.74987701e-01 1.50000000e-02
5.13800000e+03 1.02088208e+00 1.50000000e-02
5.14000000e+03 9.98785046e-01 1.50000000e-02
5.14200000e+03 9.90370634e-01 1.50000000e-02
5.14400000e+03 9.86374928e-01 1.50000000e-02
5.14600000e+03 9.94233543e-01 1.50000000e-02
5.14800000e+03 9.96653808e-01 1.50000000e-02
5.15000000e+03 9.84332336e-01 1.50000000e-02
5.15200000e+03 9.86203074e-01 1.50000000e-02
5.15400000e+03 9.97192375e-01 1.50000000e-02
5.15600000e+03 9.92188244e-01 1.50000000e-02
5.15800000e+03 1.01408820e+00 1.50000000e-02
5.16000000e+03 1.01706806e+00 1.50000000e-02
5.16200000e+03 1.00024032e+00 1.50000000e-02
5.16400000e+03 1.00710399e+00 1.50000000e-02
5.16600000e+03 9.79972174e-01 1.50000000e-02
5.16800000e+03 1.00956127e+00 1.50000000e-02
5.17000000e+03 9.99541248e-01 1.50000000e-02
5.17200000e+03 1.00727002e+00 1.50000000e-02
5.17400000e+03 1.02400534e+00 1.50000000e-02
5.17600000e+03 9.65787134e-01 1.50000000e-02
5.17800000e+03 1.00391422e+00 1.50000000e-02
5.18000000e+03 9.83513214e-01 1.50000000e-02
5.18200000e+03 1.00888295e+00 1.50000000e-02
5.18400000e+03 9.80300298e-01 1.50000000e-02
5.18600000e+03 9.92569006e-01 1.50000000e-02
5.18800000e+03 1.00304101e+00 1.50000000e-02
5.19000000e+03 1.00920264e+00 1.50000000e-02
5.19200000e+03 1.00112191e+00 1.50000000e-02
5.19400000e+03 9.88107536e-01 1.50000000e-02
5.19600000e+03 9.91697017e-01 1.50000000e-02
5.19800000e+03 1.01326754e+00 1.50000000e-02
5.20000000e+03 9.99917506e-01 1.50000000e-02
5.20200000e+03 9.74742784e-01 1.50000000e-02
5.20400000e+03 1.01265494e+00 1.50000000e-02
5.20600000e+03 1.00624373e+00 1.50000000e-02
5.20800000e+03 1.01310123e+00 1.50000000e-02
5.21000000e+03 9.94950588e-01 1.50000000e-02
5.21200000e+03 1.01242235e+00 1.50000000e-02
5.21400000e+03 9.84084026e-01 1.50000000e-02
5.21600000e+03 1.00855000e+00 1.50000000e-02
5.21800000e+03 9.92644295e-01 1.50000000e-02
5.22000000e+03 1.01011528e+00 1.50000000e-02
5.22200000e+03 1.01508466e+00 1.50000000e-02
5.22400000e+03 9.88960148e-01 1.50000000e-02
5.22600000e+03 9.99231558e-01 1.50000000e-02
5.22800000e+03 1.00058432e+00 1.50000000e-02
5.23000000e+03 1.01784497e+00 1.50000000e-02
5.23200000e+03 1.01065837e+00 1.50000000e-02
5.23400000e+03 9.81710837e-01 1.50000000e-02
5.23600000e+03 1.00686412e+00 1.50000000e-02
5.23800000e+03 1.01117634e+00 1.50000000e-02
5.24000000e+03 1.03185709e+00 1.50000000e-02
5.24200000e+03 9.74812763e-01 1.50000000e-02
5.24400000e+03 9.91954715e-01 1.50000000e-02
5.24600000e+03 1.02000057e+00 1.50000000e-02
5.24800000e+03 9.79673945e-01 1.50000000e-02
5.25000000e+03 9.82008090e-01 1.50000000e-02
5.25200000e+03 1.00775623e+00 1.50000000e-02
5.25400000e+03 1.01527613e+00 1.50000000e-02
5.25600000e+03 9.89969790e-01 1.50000000e-02
5.25800000e+03 1.00810190e+00 1.50000000e-02
5.26000000e+03 1.00175433e+00 1.50000000e-02
5.26200000e+03 1.02278123e+00 1.50000000e-02
5.26400000e+03 9.99977217e-01 1.50000000e-02
5.26600000e+03 1.01485370e+00 1.50000000e-02
5.26800000e+03 9.86453222e-01 1.50000000e-02
5.27000000e+03 9.97226804e-01 1.50000000e-02
5.27200000e+03 9.98549416e-01 1.50000000e-02
5.27400000e+03 1.01708660e+00 1.50000000e-02
5.27600000e+03 1.00869417e+00 1.50000000e-02
5.27800000e+03 9.88723667e-01 1.50000000e-02
5.28000000e+03 1.01022947e+00 1.50000000e-02
5.28200000e+03 1.01155941e+00 1.50000000e-02
5.28400000e+03 9.98325240e-01 1.50000000e-02
5.28600000e+03 9.96134972e-01 1.50000000e-02
5.28800000e+03 9.97092833e-01 1.50000000e-02
5.29000000e+03 9.74574965e-01 1.50000000e-02
5.29200000e+03 1.00283096e+00 1.50000000e-02
5.29400000e+03 1.00351843e+00 1.50000000e-02
5.29600000e+03 9.87016776e-01 1.50000000e-02
5.29800000e+03 1.01113632e+00 1.50000000e-02
5.30000000e+03 9.79405031e-01 1.50000000e-02
5.30200000e+03 9.91722228e-01 1.50000000e-02
5.30400000e+03 9.92870992e-01 1.50000000e-02
5.30600000e+03 1.02981175e+00 1.50000000e-02
5.30800000e+03 9.76011125e-01 1.50000000e-02
5.31000000e+03 1.00843807e+00 1.50000000e-02
5.31200000e+03 1.01413014e+00 1.50000000e-02
5.31400000e+03 1.00566378e+00 1.50000000e-02
5.31600000e+03 1.01772452e+00 1.50000000e-02
5.31800000e+03 9.84955745e-01 1.50000000e-02
5.32000000e+03 9.65792207e-01 1.50000000e-02
5.32200000e+03 1.01149747e+00 1.50000000e-02
5.32400000e+03 9.82056716e-01 1.50000000e-02
5.32600000e+03 9.95096849e-01 1.50000000e-02
5.32800000e+03 9.82308598e-01 1.50000000e-02
5.33000000e+03 1.01577454e+00 1.50000000e-02
5.33200000e+03 1.01296440e+00 1.50000000e-02
5.33400000e+03 9.89183481e-01 1.50000000e-02
5.33600000e+03 1.01353356e+00 1.50000000e-02
5.33800000e+03 1.00179646e+00 1.50000000e-02
5.34000000e+03 9.97881827e-01 1.50000000e-02
5.34200000e+03 1.00082838e+00 1.50000000e-02
5.34400000e+03 9.96919326e-01 1.50000000e-02
5.34600000e+03 1.00917785e+00 1.50000000e-02
5.34800000e+03 1.00459876e+00 1.50000000e-02
5.35000000e+03 9.94690643e-01 1.50000000e-02
5.35200000e+03 1.01501363e+00 1.50000000e-02
5.35400000e+03 9.90732534e-01 1.50000000e-02
5.35600000e+03 1.00419090e+00 1.50000000e-02
5.35800000e+03 1.00619840e+00 1.50000000e-02
5.36000000e+03 1.02202380e+00 1.50000000e-02
5.36200000e+03 9.92231625e-01 1.50000000e-02
5.36400000e+03 1.02592633e+00 1.50000000e-02
5.36600000e+03 1.00238401e+00 1.50000000e-02
5.36800000e+03 9.96787139e-01 1.50000000e-02
5.37000000e+03 9.89557878e-01 1.50000000e-02
5.37200000e+03 1.00837947e+00 1.50000000e-02
5.37400000e+03 1.00024999e+00 1.50000000e-02
5.37600000e+03 9.82882277e-01 1.50000000e-02
5.37800000e+03 9.82426715e-01 1.50000000e-02
5.38000000e+03 9.90907447e-01 1.50000000e-02
5.38200000e+03 9.88980244e-01 1.50000000e-02
5.38400000e+03 1.01533796e+00 1.50000000e-02
5.38600000e+03 1.01946047e+00 1.50000000e-02
5.38800000e+03 1.01167836e+00 1.50000000e-02
5.39000000e+03 1.00381663e+00 1.50000000e-02
5.39200000e+03 9.91796965e-01 1.50000000e-02
5.39400000e+03 9.98780025e-01 1.50000000e-02
5.39600000e+03 1.01094265e+00 1.50000000e-02
5.39800000e+03 1.02930940e+00 1.50000000e-02
5.40000000e+03 1.01067076e+00 1.50000000e-02
5.40200000e+03 9.92359103e-01 1.50000000e-02
5.40400000e+03 9.96674843e-01 1.50000000e-02
5.40600000e+03 9.88351931e-01 1.50000000e-02
5.40800000e+03 9.83281204e-01 1.50000000e-02
5.41000000e+03 9.91616750e-01 1.50000000e-02
5.41200000e+03 9.96608294e-01 1.50000000e-02
5.41400000e+03 1.02043086e+00 1.50000000e-02
5.41600000e+03 9.92809460e-01 1.50000000e-02
5.41800000e+03 1.01143786e+00 1.50000000e-02
5.42000000e+03 1.01654348e+00 1.50000000e-02
5.42200000e+03 9.90065085e-01 1.50000000e-02
5.42400000e+03 1.01174277e+00 1.50000000e-02
5.42600000e+03 9.96976283e-01 1.50000000e-02
5.42800000e+03 9.78491852e-01 1.50000000e-02
5.43000000e+03 9.87103808e-01 1.50000000e-02
5.43200000e+03 9.81701490e-01 1.50000000e-02
5.43400000e+03 9.75958850e-01 1.50000000e-02
5.43600000e+03 9.74393718e-01 1.50000000e-02
5.43800000e+03 9.77308601e-01 1.50000000e-02
5.44000000e+03 9.79259583e-01 1.50000000e-02
5.44200000e+03 9.56899575e-01 1.50000000e-02
5.44400000e+03 9.67275988e-01 1.50000000e-02
5.44600000e+03 9.41637538e-01 1.50000000e-02
5.44800000e+03 9.65247470e-01 1.50000000e-02
5.45000000e+03 9.67354020e-01 1.50000000e-02
5.45200000e+03 9.56921603e-01 1.50000000e-02
5.45400000e+03 9.55006877e-01 1.50000000e-02
5.45600000e+03 9.55617291e-01 1.50000000e-02
5.45800000e+03 9.32631712e-01 1.50000000e-02
5.46000000e+03 9.34653459e-01 1.50000000e-02
5.46200000e+03 9.41325957e-01 1.50000000e-02
5.46400000e+03 9.43907690e-01 1.50000000e-02
5.46600000e+03 9.29818594e-01 1.50000000e-02
5.46800000e+03 9.57006310e-01 1.50000000e-02
5.47000000e+03 9.11971625e-01 1.50000000e-02
5.47200000e+03 9.22783763e-01 1.50000000e-02
5.47400000e+03 9.21064638e-01 1.50000000e-02
5.47600000e+03 8.94171532e-01 1.50000000e-02
5.47800000e+03 8.77837313e-01 1.50000000e-02
5.48000000e+03 8.66240160e-01 1.50000000e-02
5.48200000e+03 8.80131137e-01 1.50000000e-02
5.48400000e+03 8.87970599e-01 1.50000000e-02
5.48600000e+03 8.68931340e-01 1.50000000e-02
5.48800000e+03 8.60930952e-01 1.50000000e-02
5.49000000e+03 8.46095605e-01 1.50000000e-02
5.49200000e+03 8.53632328e-01 1.50000000e-02
5.49400000e+03 8.06624444e-01 1.50000000e-02
5.49600000e+03 8.35630081e-01 1.50000000e-02
5.49800000e+03 8.26112922e-01 1.50000000e-02
5.50000000e+03 7.98773541e-01 1.50000000e-02
5.50200000e+03 8.45718892e-01 1.50000000e-02
5.50400000e+03 7.86176549e-01 1.50000000e-02
5.50600000e+03 7.84902292e-01 1.50000000e-02
5.50800000e+03 7.77331894e-01 1.50000000e-02
5.51000000e+03 8.06510018e-01 1.50000000e-02
5.51200000e+03 7.71299784e-01 1.50000000e-02
5.51400000e+03 7.89700556e-01 1.50000000e-02
5.51600000e+03 7.83841319e-01 1.50000000e-02
5.51800000e+03 7.74613984e-01 1.50000000e-02
5.52000000e+03 7.47150387e-01 1.50000000e-02
5.52200000e+03 7.54003461e-01 1.50000000e-02
5.52400000e+03 7.85097763e-01 1.50000000e-02
5.52600000e+03 7.37867869e-01 1.50000000e-02
5.52800000e+03 7.42409699e-01 1.50000000e-02
5.53000000e+03 7.50546097e-01 1.50000000e-02
5.53200000e+03 7.63660186e-01 1.50000000e-02
5.53400000e+03 7.54303559e-01 1.50000000e-02
5.53600000e+03 7.61126604e-01 1.50000000e-02
5.53800000e+03 7.33919430e-01 1.50000000e-02
5.54000000e+03 7.64499246e-01 1.50000000e-02
5.54200000e+03 7.59724873e-01 1.50000000e-02
5.54400000e+03 7.28590475e-01 1.50000000e-02
5.54600000e+03 7.77376793e-01 1.50000000e-02
5.54800000e+03 7.90872107e-01 1.50000000e-02
5.55000000e+03 7.47591455e-01 1.50000000e-02
5.55200000e+03 7.62999302e-01 1.50000000e-02
5.55400000e+03 7.86562948e-01 1.50000000e-02
5.55600000e+03 7.47192999e-01 1.50000000e-02
5.55800000e+03 7.43724832e-01 1.50000000e-02
5.56000000e+03 7.58607334e-01 1.50000000e-02
5.56200000e+03 7.74346783e-01 1.50000000e-02
5.56400000e+03 7.79243491e-01 1.50000000e-02
5.56600000e+03 8.02346060e-01 1.50000000e-02
5.56800000e+03 8.02799379e-01 1.50000000e-02
5.57000000e+03 7.85806006e-01 1.50000000e-02
5.57200000e+03 8.18894085e-01 1.50000000e-02
5.57400000e+03 8.44510901e-01 1.50000000e-02
5.57600000e+03 8.40471397e-01 1.50000000e-02
5.57800000e+03 8.43567275e-01 1.50000000e-02
5.58000000e+03 8.35227390e-01 1.50000000e-02
5.58200000e+03 8.55912424e-01 1.50000000e-02
5.58400000e+03 8.32879125e-01 1.50000000e-02
5.58600000e+03 8.64800903e-01 1.50000000e-02
5.58800000e+03 8.58315242e-01 1.50000000e-02
5.59000000e+03 8.82572840e-01 1.50000000e-02
5.59200000e+03 8.78456055e-01 1.50000000e-02
5.59400000e+03 8.60821218e-01 1.50000000e-02
5.59600000e+03 8.84616462e-01 1.50000000e-02
5.59800000e+03 9.06298733e-01 1.50000000e-02
5.60000000e+03 8.76196842e-01 1.50000000e-02
5.60200000e+03 8.89620069e-01 1.50000000e-02
5.60400000e+03 8.91092950e-01 1.50000000e-02
5.60600000e+03 8.84531887e-01 1.50000000e-02
5.60800000e+03 9.25441785e-01 1.50000000e-02
5.61000000e+03 9.34442957e-01 1.50000000e-02
5.61200000e+03 9.30220715e-01 1.50000000e-02
5.61400000e+03 9.24976660e-01 1.50000000e-02
5.61600000e+03 9.23342110e-01 1.50000000e-02
5.61800000e+03 9.30155963e-01 1.50000000e-02
5.62000000e+03 9.17685830e-01 1.50000000e-02
5.62200000e+03 9.43806257e-01 1.50000000e-02
5.62400000e+03 9.47461318e-01 1.50000000e-02
5.62600000e+03 9.46785030e-01 1.50000000e-02
5.62800000e+03 9.25485946e-01 1.50000000e-02
5.63000000e+03 9.34913755e-01 1.50000000e-02
5.63200000e+03 9.31172697e-01 1.50000000e-02
5.63400000e+03 9.60044996e-01 1.50000000e-02
5.63600000e+03 9.35106137e-01 1.50000000e-02
5.63800000e+03 9.03014471e-01 1.50000000e-02
5.64000000e+03 9.35702700e-01 1.50000000e-02
5.64200000e+03 9.56088706e-01 1.50000000e-02
5.64400000e+03 9.35918299e-01 1.50000000e-02
5.64600000e+03 9.36282575e-01 1.50000000e-02
5.64800000e+03 9.20753272e-01 1.50000000e-02
5.65000000e+03 8.87445336e-01 1.50000000e-02
5.65200000e+03 8.86358693e-01 1.50000000e-02
5.65400000e+03 8.91024112e-01 1.50000000e-02
5.65600000e+03 9.03728979e-01 1.50000000e-02
5.65800000e+03 9.05931052e-01 1.50000000e-02
5.66000000e+03 9.07018665e-01 1.50000000e-02
5.66200000e+03 8.86730162e-01 1.50000000e-02
5.66400000e+03 9.01131340e-01 1.50000000e-02
5.66600000e+03 8.77321056e-01 1.50000000e-02
5.66800000e+03 8.65509196e-01 1.50000000e-02
5.67000000e+03 8.83250711e-01 1.50000000e-02
5.67200000e+03 8.51021233e-01 1.50000000e-02
5.67400000e+03 8.17948702e-01 1.50000000e-02
5.67600000e+03 8.37041839e-01 1.50000000e-02
5.67800000e+03 8.48343698e-01 1.50000000e-02
5.68000000e+03 7.94678170e-01 1.50000000e-02
5.68200000e+03 8.29458901e-01 1.50000000e-02
5.68400000e+03 8.23782090e-01 1.50000000e-02
5.68600000e+03 8.01353589e-01 1.50000000e-02
5.68800000e+03 7.94566834e-01 1.50000000e-02
5.69000000e+03 8.04016009e-01 1.50000000e-02
5.69200000e+03 7.97017205e-01 1.50000000e-02
5.69400000e+03 8.18542938e-01 1.50000000e-02
5.69600000e+03 7.99864386e-01 1.50000000e-02
5.69800000e+03 7.65329367e-01 1.50000000e-02
5.70000000e+03 7.71252653e-01 1.50000000e-02
5.70200000e+03 7.89934393e-01 1.50000000e-02
5.70400000e+03 8.03360529e-01 1.50000000e-02
5.70600000e+03 7.76583703e-01 1.50000000e-02
5.70800000e+03 7.71635580e-01 1.50000000e-02
5.71000000e+03 7.91418327e-01 1.50000000e-02
5.71200000e+03 7.60061057e-01 1.50000000e-02
5.71400000e+03 7.53037327e-01 1.50000000e-02
5.71600000e+03 7.34141215e-01 1.50000000e-02
5.71800000e+03 7.45716948e-01 1.50000000e-02
5.72000000e+03 7.84581879e-01 1.50000000e-02
5.72200000e+03 7.29489236e-01 1.50000000e-02
5.72400000e+03 7.50328723e-01 1.50000000e-02
5.72600000e+03 7.28816582e-01 1.50000000e-02
5.72800000e+03 7.52085932e-01 1.50000000e-02
5.73000000e+03 7.64126620e-01 1.50000000e-02
5.73200000e+03 7.48242932e-01 1.50000000e-02
5.73400000e+03 7.64365816e-01 1.50000000e-02
5.73600000e+03 7.66155668e-01 1.50000000e-02
5.73800000e+03 7.64390377e-01 1.50000000e-02
5.74000000e+03 7.86168349e-01 1.50000000e-02
5.74200000e+03 7.75230514e-01 1.50000000e-02
5.74400000e+03 7.62464789e-01 1.50000000e-02
5.74600000e+03 7.60668471e-01 1.50000000e-02
5.74800000e+03 7.62374212e-01 1.50000000e-02
5.75000000e+03 7.86675668e-01 1.50000000e-02
5.75200000e+03 7.79454833e-01 1.50000000e-02
5.75400000e+03 8.30287551e-01 1.50000000e-02
5.75600000e+03 8.22268876e-01 1.50000000e-02
5.75800000e+03 7.96914803e-01 1.50000000e-02
5.76000000e+03 8.00889730e-01 1.50000000e-02
5.76200000e+03 8.37041746e-01 1.50000000e-02
5.76400000e+03 7.89444153e-01 1.50000000e-02
5.76600000e+03 8.17044523e-01 1.50000000e-02
5.76800000e+03 8.44295118e-01 1.50000000e-02
5.77000000e+03 8.22636341e-01 1.50000000e-02
5.77200000e+03 8.35493330e-01 1.50000000e-02
5.77400000e+03 8.43727123e-01 1.50000000e-02
5.77600000e+03 8.65252689e-01 1.50000000e-02
5.77800000e+03 8.63725958e-01 1.50000000e-02
5.78000000e+03 8.73972396e-01 1.50000000e-02
5.78200000e+03 8.83084419e-01 1.50000000e-02
5.78400000e+03 8.80736103e-01 1.50000000e-02
5.78600000e+03 9.02978214e-01 1.50000000e-02
5.78800000e+03 8.81303236e-01 1.50000000e-02
5.79000000e+03 8.76484673e-01 1.50000000e-02
5.79200000e+03 8.77020457e-01 1.50000000e-02
5.79400000e+03 8.84852196e-01 1.50000000e-02
5.79600000e+03 9.06240214e-01 1.50000000e-02
5.79800000e+03 9.35107499e-01 1.50000000e-02
5.80000000e+03 9.27249206e-01 1.50000000e-02
5.80200000e+03 9.20453653e-01 1.50000000e-02
5.80400000e+03 9.17989885e-01 1.50000000e-02
5.80600000e+03 9.30517755e-01 1.50000000e-02
5.80800000e+03 9.36614748e-01 1.50000000e-02
5.81000000e+03 9.38216397e-01 1.50000000e-02
5.81200000e+03 9.29032423e-01 1.50000000e-02
5.81400000e+03 9.47016823e-01 1.50000000e-02
5.81600000e+03 9.72851989e-01 1.50000000e-02
5.81800000e+03 9.28227301e-01 1.50000000e-02
5.82000000e+03 9.60302845e-01 1.50000000e-02
5.82200000e+03 9.34975575e-01 1.50000000e-02
5.82400000e+03 9.72248439e-01 1.50000000e-02
5.82600000e+03 9.60825728e-01 1.50000000e-02
5.82800000e+03 9.43122263e-01 1.50000000e-02
5.83000000e+03 9.78127884e-01 1.50000000e-02
5.83200000e+03 1.00593485e+00 1.50000000e-02
5.83400000e+03 9.82216795e-01 1.50000000e-02
5.83600000e+03 9.99779935e-01 1.50000000e-02
5.83800000e+03 9.82916964e-01 1.50000000e-02
5.84000000e+03 9.53135839e-01 1.50000000e-02
5.84200000e+03 9.94247699e-01 1.50000000e-02
5.84400000e+03 9.81894388e-01 1.50000000e-02
5.84600000e+03 9.67409537e-01 1.50000000e-02
5.84800000e+03 1.00218629e+00 1.50000000e-02
5.85000000e+03 9.95696636e-01 1.50000000e-02
5.85200000e+03 9.84406016e-01 1.50000000e-02
5.85400000e+03 1.00612097e+00 1.50000000e-02
5.85600000e+03 9.80756780e-01 1.50000000e-02
5.85800000e+03 1.00415801e+00 1.50000000e-02
5.86000000e+03 9.81004304e-01 1.50000000e-02
5.86200000e+03 1.00366629e+00 1.50000000e-02
5.86400000e+03 9.79637338e-01 1.50000000e-02
5.86600000e+03 1.01892832e+00 1.50000000e-02
5.86800000e+03 1.00080162e+00 1.50000000e-02
5.87000000e+03 1.01883520e+00 1.50000000e-02
5.87200000e+03 9.85322722e-01 1.50000000e-02
5.87400000e+03 9.90800937e-01 1.50000000e-02
5.87600000e+03 1.01078944e+00 1.50000000e-02
5.87800000e+03 9.57262626e-01 1.50000000e-02
5.88000000e+03 9.82615093e-01 1.50000000e-02
5.88200000e+03 1.01429037e+00 1.50000000e-02
5.88400000e+03 1.00592463e+00 1.50000000e-02
5.88600000e+03 1.01376644e+00 1.50000000e-02
5.88800000e+03 9.94558971e-01 1.50000000e-02
5.89000000e+03 1.00777121e+00 1.50000000e-02
5.89200000e+03 9.88441336e-01 1.50000000e-02
5.89400000e+03 9.78905783e-01 1.50000000e-02
5.89600000e+03 9.74134173e-01 1.50000000e-02
5.89800000e+03 9.91342267e-01 1.50000000e-02
5.90000000e+03 9.91437571e-01 1.50000000e-02
5.90200000e+03 9.90277737e-01 1.50000000e-02
5.90400000e+03 9.46526808e-01 1.50000000e-02
5.90600000e+03 9.69814855e-01 1.50000000e-02
5.90800000e+03 9.91834669e-01 1.50000000e-02
5.91000000e+03 1.00415548e+00 1.50000000e-02
5.91200000e+03 9.91190767e-01 1.50000000e-02
5.91400000e+03 9.86738458e-01 1.50000000e-02
5.91600000e+03 9.65281324e-01 1.50000000e-02
5.91800000e+03 1.03024503e+00 1.50000000e-02
5.92000000e+03 9.83417937e-01 1.50000000e-02
5.92200000e+03 1.02519583e+00 1.50000000e-02
5.92400000e+03 1.02336392e+00 1.50000000e-02
5.92600000e+03 1.00406999e+00 1.50000000e-02
5.92800000e+03 9.91378207e-01 1.50000000e-02
5.93000000e+03 1.00195591e+00 1.50000000e-02
5.93200000e+03 9.82681540e-01 1.50000000e-02
5.93400000e+03 1.00389191e+00 1.50000000e-02
5.93600000e+03 1.00002843e+00 1.50000000e-02
5.93800000e+03 1.00796635e+00 1.50000000e-02
5.94000000e+03 1.01424562e+00 1.50000000e-02
5.94200000e+03 1.02598353e+00 1.50000000e-02
5.94400000e+03 9.94167780e-01 1.50000000e-02
5.94600000e+03 1.01564465e+00 1.50000000e-02
5.94800000e+03 9.88119869e-01 1.50000000e-02
5.95000000e+03 9.86577342e-01 1.50000000e-02
5.95200000e+03 9.90725719e-01 1.50000000e-02
5.95400000e+03 9.85267701e-01 1.50000000e-02
5.95600000e+03 1.01470166e+00 1.50000000e-02
5.95800000e+03 1.01384674e+00 1.50000000e-02
5.96000000e+03 1.01908314e+00 1.50000000e-02
5.96200000e+03 9.99619248e-01 1.50000000e-02
5.96400000e+03 1.00411471e+00 1.50000000e-02
5.96600000e+03 9.91322773e-01 1.50000000e-02
5.96800000e+03 9.82734916e-01 1.50000000e-02
5.97000000e+03 1.00670473e+00 1.50000000e-02
5.97200000e+03 1.00402516e+00 1.50000000e-02
5.97400000e+03 9.83394452e-01 1.50000000e-02
5.97600000e+03 1.00877971e+00 1.50000000e-02
5.97800000e+03 9.73873865e-01 1.50000000e-02
5.98000000e+03 9.97314842e-01 1.50000000e-02
5.98200000e+03 9.90545148e-01 1.50000000e-02
5.98400000e+03 9.92060742e-01 1.50000000e-02
5.98600000e+03 9.83748042e-01 1.50000000e-02
5.98800000e+03 1.01428734e+00 1.50000000e-02
5.99000000e+03 1.00848917e+00 1.50000000e-02
5.99200000e+03 1.01775126e+00 1.50000000e-02
5.99400000e+03 1.00195742e+00 1.50000000e-02
5.99600000e+03 9.80529166e-01 1.50000000e-02
5.99800000e+03 9.94314955e-01 1.50000000e-02
6.00000000e+03 9.82127215e-01 1.50000000e-02
6.00200000e+03 1.00670191e+00 1.50000000e-02
6.00400000e+03 1.01798058e+00 1.50000000e-02
6.00600000e+03 1.00474135e+00 1.50000000e-02
6.00800000e+03 9.90812180e-01 1.50000000e-02
6.01000000e+03 9.94250088e-01 1.50000000e-02
6.01200000e+03 1.00285675e+00 1.50000000e-02
6.01400000e+03 9.78094636e-01 1.50000000e-02
6.01600000e+03 1.00201903e+00 1.50000000e-02
6.01800000e+03 1.00275247e+00 1.50000000e-02
6.02000000e+03 9.91596355e-01 1.50000000e-02
6.02200000e+03 9.93489470e-01 1.50000000e-02
6.02400000e+03 1.00230767e+00 1.50000000e-02
6.02600000e+03 9.87425667e-01 1.50000000e-02
6.02800000e+03 9.87393058e-01 1.50000000e-02
6.03000000e+03 1.01139956e+00 1.50000000e-02
6.03200000e+03 1.00305056e+00 1.50000000e-02
6.03400000e+03 1.02487995e+00 1.50000000e-02
6.03600000e+03 9.84880330e-01 1.50000000e-02
6.03800000e+03 9.72985512e-01 1.50000000e-02
6.04000000e+03 1.01378168e+00 1.50000000e-02
6.04200000e+03 1.01401217e+00 1.50000000e-02
6.04400000e+03 9.88567250e-01 1.50000000e-02
6.04600000e+03 9.77607145e-01 1.50000000e-02
6.04800000e+03 9.98917141e-01 1.50000000e-02
6.05000000e+03 9.73331419e-01 1.50000000e-02
6.05200000e+03 9.94465530e-01 1.50000000e-02
6.05400000e+03 9.66836317e-01 1.50000000e-02
6.05600000e+03 9.95980814e-01 1.50000000e-02
6.05800000e+03 9.67729746e-01 1.50000000e-02
6.06000000e+03 9.95967406e-01 1.50000000e-02
6.06200000e+03 1.02226767e+00 1.50000000e-02
6.06400000e+03 9.95489572e-01 1.50000000e-02
6.06600000e+03 1.01102858e+00 1.50000000e-02
6.06800000e+03 9.89843849e-01 1.50000000e-02
6.07000000e+03 9.86072754e-01 1.50000000e-02
6.07200000e+03 9.76973824e-01 1.50000000e-02
6.07400000e+03 1.01503463e+00 1.50000000e-02
6.07600000e+03 9.98545304e-01 1.50000000e-02
6.07800000e+03 1.02373477e+00 1.50000000e-02
6.08000000e+03 9.81702722e-01 1.50000000e-02
6.08200000e+03 9.96023614e-01 1.50000000e-02
6.08400000e+03 1.00054280e+00 1.50000000e-02
6.08600000e+03 1.02052258e+00 1.50000000e-02
6.08800000e+03 1.02665402e+00 1.50000000e-02
6.09000000e+03 9.89581100e-01 1.50000000e-02
6.09200000e+03 9.82295741e-01 1.50000000e-02
6.09400000e+03 9.73242318e-01 1.50000000e-02
6.09600000e+03 1.01933085e+00 1.50000000e-02
6.09800000e+03 9.97960086e-01 1.50000000e-02
6.10000000e+03 9.89537846e-01 1.50000000e-02
6.10200000e+03 9.98478400e-01 1.50000000e-02
6.10400000e+03 9.60866372e-01 1.50000000e-02
6.10600000e+03 9.73350504e-01 1.50000000e-02
6.10800000e+03 1.01325703e+00 1.50000000e-02
6.11000000e+03 1.00516049e+00 1.50000000e-02
6.11200000e+03 1.00147119e+00 1.50000000e-02
6.11400000e+03 9.84194695e-01 1.50000000e-02
6.11600000e+03 1.00803017e+00 1.50000000e-02
6.11800000e+03 1.02588858e+00 1.50000000e-02
6.12000000e+03 9.80840973e-01 1.50000000e-02
6.12200000e+03 9.99427549e-01 1.50000000e-02
6.12400000e+03 9.92677239e-01 1.50000000e-02
6.12600000e+03 1.00461417e+00 1.50000000e-02
6.12800000e+03 9.99408614e-01 1.50000000e-02
6.13000000e+03 9.96990691e-01 1.50000000e-02
6.13200000e+03 9.85962758e-01 1.50000000e-02
6.13400000e+03 9.98956207e-01 1.50000000e-02
6.13600000e+03 9.89975615e-01 1.50000000e-02
6.13800000e+03 9.96994029e-01 1.50000000e-02
6.14000000e+03 9.98237266e-01 1.50000000e-02
6.14200000e+03 1.00900440e+00 1.50000000e-02
6.14400000e+03 9.90455198e-01 1.50000000e-02
6.14600000e+03 9.94338645e-01 1.50000000e-02
6.14800000e+03 1.01526944e+00 1.50000000e-02
6.15000000e+03 9.95915012e-01 1.50000000e-02
6.15200000e+03 9.95260439e-01 1.50000000e-02
6.15400000e+03 1.01215393e+00 1.50000000e-02
6.15600000e+03 1.00327774e+00 1.50000000e-02
6.15800000e+03 1.00055846e+00 1.50000000e-02
6.16000000e+03 1.00249271e+00 1.50000000e-02
6.16200000e+03 9.80604424e-01 1.50000000e-02
6.16400000e+03 1.00612272e+00 1.50000000e-02
6.16600000e+03 1.01910657e+00 1.50000000e-02
6.16800000e+03 1.00794825e+00 1.50000000e-02
6.17000000e+03 9.75906746e-01 1.50000000e-02
6.17200000e+03 1.00352818e+00 1.50000000e-02
6.17400000e+03 9.85708245e-01 1.50000000e-02
6.17600000e+03 9.95898839e-01 1.50000000e-02
6.17800000e+03 1.00125736e+00 1.50000000e-02
6.18000000e+03 9.81442984e-01 1.50000000e-02
6.18200000e+03 1.01937970e+00 1.50000000e-02
6.18400000e+03 9.98322813e-01 1.50000000e-02
6.18600000e+03 1.01125338e+00 1.50000000e-02
6.18800000e+03 1.00889893e+00 1.50000000e-02
6.19000000e+03 1.01954643e+00 1.50000000e-02
6.19200000e+03 1.01727183e+00 1.50000000e-02
6.19400000e+03 9.77296987e-01 1.50000000e-02
6.19600000e+03 1.00006546e+00 1.50000000e-02
6.19800000e+03 9.67405926e-01 1.50000000e-02
6.20000000e+03 9.92733828e-01 1.50000000e-02
6.20200000e+03 1.01016502e+00 1.50000000e-02
6.20400000e+03 1.01316101e+00 1.50000000e-02
6.20600000e+03 1.01879145e+00 1.50000000e-02
6.20800000e+03 9.93804451e-01 1.50000000e-02
6.21000000e+03 1.00426713e+00 1.50000000e-02
6.21200000e+03 1.00092872e+00 1.50000000e-02
6.21400000e+03 1.01847419e+00 1.50000000e-02
6.21600000e+03 1.02329285e+00 1.50000000e-02
6.21800000e+03 9.94083890e-01 1.50000000e-02
6.22000000e+03 1.05622389e+00 1.50000000e-02
6.22200000e+03 9.99399990e-01 1.50000000e-02
6.22400000e+03 9.93947095e-01 1.50000000e-02
6.22600000e+03 1.00843621e+00 1.50000000e-02
6.22800000e+03 1.01081281e+00 1.50000000e-02
6.23000000e+03 1.00762330e+00 1.50000000e-02
6.23200000e+03 9.89675650e-01 1.50000000e-02
6.23400000e+03 1.02150671e+00 1.50000000e-02
6.23600000e+03 1.00021275e+00 1.50000000e-02
6.23800000e+03 1.02245449e+00 1.50000000e-02
6.24000000e+03 1.02026376e+00 1.50000000e-02
6.24200000e+03 9.80245684e-01 1.50000000e-02
6.24400000e+03 9.84621652e-01 1.50000000e-02
6.24600000e+03 9.84274641e-01 1.50000000e-02
6.24800000e+03 1.00298926e+00 1.50000000e-02
6.25000000e+03 1.00000205e+00 1.50000000e-02
6.25200000e+03 1.00316253e+00 1.50000000e-02
6.25400000e+03 9.86877030e-01 1.50000000e-02
6.25600000e+03 1.00538273e+00 1.50000000e-02
6.25800000e+03 1.01994763e+00 1.50000000e-02
6.26000000e+03 9.78748934e-01 1.50000000e-02
6.26200000e+03 9.95712354e-01 1.50000000e-02
6.26400000e+03 1.00223366e+00 1.50000000e-02
6.26600000e+03 9.96393030e-01 1.50000000e-02
6.26800000e+03 9.95195883e-01 1.50000000e-02
6.27000000e+03 1.02447722e+00 1.50000000e-02
6.27200000e+03 1.01695867e+00 1.50000000e-02
6.27400000e+03 1.01018414e+00 1.50000000e-02
6.27600000e+03 9.85723943e-01 1.50000000e-02
6.27800000e+03 1.03042966e+00 1.50000000e-02
6.28000000e+03 1.00185911e+00 1.50000000e-02
6.28200000e+03 9.87358522e-01 1.50000000e-02
6.28400000e+03 9.90503588e-01 1.50000000e-02
6.28600000e+03 9.87709499e-01 1.50000000e-02
6.28800000e+03 1.02630204e+00 1.50000000e-02
6.29000000e+03 9.96940690e-01 1.50000000e-02
6.29200000e+03 9.94115531e-01 1.50000000e-02
6.29400000e+03 9.60107627e-01 1.50000000e-02
6.29600000e+03 1.00261718e+00 1.50000000e-02
6.29800000e+03 9.74756490e-01 1.50000000e-02
6.30000000e+03 9.72662370e-01 1.50000000e-02
6.30200000e+03 9.97679583e-01 1.50000000e-02
6.30400000e+03 9.74313756e-01 1.50000000e-02
6.30600000e+03 9.98462341e-01 1.50000000e-02
6.30800000e+03 1.00129116e+00 1.50000000e-02
6.31000000e+03 9.56029194e-01 1.50000000e-02
6.31200000e+03 9.79096307e-01 1.50000000e-02
6.31400000e+03 9.55649769e-01 1.50000000e-02
6.31600000e+03 9.76288817e-01 1.50000000e-02
6.31800000e+03 9.88693494e-01 1.50000000e-02
6.32000000e+03 9.52167688e-01 1.50000000e-02
6.32200000e+03 9.97083715e-01 1.50000000e-02
6.32400000e+03 9.62604173e-01 1.50000000e-02
6.32600000e+03 9.46528492e-01 1.50000000e-02
6.32800000e+03 9.59200643e-01 1.50000000e-02
6.33000000e+03 9.69510014e-01 1.50000000e-02
6.33200000e+03 9.33291449e-01 1.50000000e-02
6.33400000e+03 9.50047167e-01 1.50000000e-02
6.33600000e+03 9.25228101e-01 1.50000000e-02
6.33800000e+03 9.59431070e-01 1.50000000e-02
6.34000000e+03 9.38947390e-01 1.50000000e-02
6.34200000e+03 9.25210069e-01 1.50000000e-02
6.34400000e+03 9.41784618e-01 1.50000000e-02
6.34600000e+03 9.01287971e-01 1.50000000e-02
6.34800000e+03 9.08762102e-01 1.50000000e-02
6.35000000e+03 9.36079281e-01 1.50000000e-02
6.35200000e+03 8.99922722e-01 1.50000000e-02
6.35400000e+03 9.15202728e-01 1.50000000e-02
6.35600000e+03 8.90510679e-01 1.50000000e-02
6.35800000e+03 8.69477852e-01 1.50000000e-02
6.36000000e+03 8.68337560e-01 1.50000000e-02
6.36200000e+03 8.64904791e-01 1.50000000e-02
6.36400000e+03 8.48983358e-01 1.50000000e-02
6.36600000e+03 8.33811887e-01 1.50000000e-02
6.36800000e+03 8.25166264e-01 1.50000000e-02
6.37000000e+03 8.05032230e-01 1.50000000e-02
6.37200000e+03 8.19018563e-01 1.50000000e-02
6.37400000e+03 8.13041741e-01 1.50000000e-02
6.37600000e+03 8.07856252e-01 1.50000000e-02
6.37800000e+03 7.58740763e-01 1.50000000e-02
6.38000000e+03 7.86857752e-01 1.50000000e-02
6.38200000e+03 7.63213444e-01 1.50000000e-02
6.38400000e+03 7.30515900e-01 1.50000000e-02
6.38600000e+03 7.41684190e-01 1.50000000e-02
6.38800000e+03 7.40527051e-01 1.50000000e-02
6.39000000e+03 7.24081221e-01 1.50000000e-02
6.39200000e+03 7.14934096e-01 1.50000000e-02
6.39400000e+03 7.05944883e-01 1.50000000e-02
6.39600000e+03 6.92846852e-01 1.50000000e-02
6.39800000e+03 6.66482396e-01 1.50000000e-02
6.40000000e+03 6.23384866e-01 1.50000000e-02
6.40200000e+03 6.30866332e-01 1.50000000e-02
6.40400000e+03 6.35308443e-01 1.50000000e-02
6.40600000e+03 6.10736206e-01 1.50000000e-02
6.40800000e+03 6.16017615e-01 1.50000000e-02
6.41000000e+03 6.05837824e-01 1.50000000e-02
6.41200000e+03 5.82949363e-01 1.50000000e-02
6.41400000e+03 5.99039050e-01 1.50000000e-02
6.41600000e+03 5.45128139e-01 1.50000000e-02
6.41800000e+03 5.62973294e-01 1.50000000e-02
6.42000000e+03 5.31539594e-01 1.50000000e-02
6.42200000e+03 5.16954656e-01 1.50000000e-02
6.42400000e+03 5.27976183e-01 1.50000000e-02
6.42600000e+03 5.00876710e-01 1.50000000e-02
6.42800000e+03 5.14486164e-01 1.50000000e-02
6.43000000e+03 4.76140028e-01 1.50000000e-02
6.43200000e+03 4.86788473e-01 1.50000000e-02
6.43400000e+03 4.66842748e-01 1.50000000e-02
6.43600000e+03 4.69840089e-01 1.50000000e-02
6.43800000e+03 4.62319782e-01 1.50000000e-02
6.44000000e+03 4.46190296e-01 1.50000000e-02
6.44200000e+03 4.68877531e-01 1.50000000e-02
6.44400000e+03 4.37014451e-01 1.50000000e-02
6.44600000e+03 4.38371567e-01 1.50000000e-02
6.44800000e+03 4.64574819e-01 1.50000000e-02
6.45000000e+03 4.64683873e-01 1.50000000e-02
6.45200000e+03 4.59741876e-01 1.50000000e-02
6.45400000e+03 4.55227951e-01 1.50000000e-02
6.45600000e+03 4.85456646e-01 1.50000000e-02
6.45800000e+03 4.35049983e-01 1.50000000e-02
6.46000000e+03 4.44700154e-01 1.50000000e-02
6.46200000e+03 4.44334205e-01 1.50000000e-02
6.46400000e+03 4.76834212e-01 1.50000000e-02
6.46600000e+03 4.72490230e-01 1.50000000e-02
6.46800000e+03 4.90331866e-01 1.50000000e-02
6.47000000e+03 4.94417573e-01 1.50000000e-02
6.47200000e+03 4.83253230e-01 1.50000000e-02
6.47400000e+03 4.81753547e-01 1.50000000e-02
6.47600000e+03 4.87145946e-01 1.50000000e-02
6.47800000e+03 5.43746239e-01 1.50000000e-02
6.48000000e+03 5.34144341e-01 1.50000000e-02
6.48200000e+03 5.38068894e-01 1.50000000e-02
6.48400000e+03 5.34077267e-01 1.50000000e-02
6.48600000e+03 5.46588166e-01 1.50000000e-02
6.48800000e+03 5.55172622e-01 1.50000000e-02
6.49000000e+03 5.66581737e-01 1.50000000e-02
6.49200000e+03 5.46786430e-01 1.50000000e-02
6.49400000e+03 5.93578305e-01 1.50000000e-02
6.49600000e+03 6.00639704e-01 1.50000000e-02
6.49800000e+03 6.22775799e-01 1.50000000e-02
6.50000000e+03 6.33769849e-01 1.50000000e-02
6.50200000e+03 6.55727230e-01 1.50000000e-02
6.50400000e+03 6.55097483e-01 1.50000000e-02
6.50600000e+03 6.79645155e-01 1.50000000e-02
6.50800000e+03 6.41669458e-01 1.50000000e-02
6.51000000e+03 6.75920909e-01 1.50000000e-02
6.51200000e+03 7.30613190e-01 1.50000000e-02
6.51400000e+03 6.98624298e-01 1.50000000e-02
6.51600000e+03 7.24784263e-01 1.50000000e-02
6.51800000e+03 7.51473763e-01 1.50000000e-02
6.52000000e+03 7.39353620e-01 1.50000000e-02
6.52200000e+03 7.74945131e-01 1.50000000e-02
6.52400000e+03 7.53974632e-01 1.50000000e-02
6.52600000e+03 7.57739121e-01 1.50000000e-02
6.52800000e+03 7.77279779e-01 1.50000000e-02
6.53000000e+03 7.82914307e-01 1.50000000e-02
6.53200000e+03 8.17662308e-01 1.50000000e-02
6.53400000e+03 8.23064238e-01 1.50000000e-02
6.53600000e+03 8.42345861e-01 1.50000000e-02
6.53800000e+03 8.31148699e-01 1.50000000e-02
6.54000000e+03 8.93764516e-01 1.50000000e-02
6.54200000e+03 8.62790770e-01 1.50000000e-02
6.54400000e+03 8.71801024e-01 1.50000000e-02
6.54600000e+03 8.87250595e-01 1.50000000e-02
6.54800000e+03 8.84348699e-01 1.50000000e-02
6.55000000e+03 8.85779230e-01 1.50000000e-02
6.55200000e+03 9.03453239e-01 1.50000000e-02
6.55400000e+03 9.22530717e-01 1.50000000e-02
6.55600000e+03 9.24991587e-01 1.50000000e-02
6.55800000e+03 9.35071673e-01 1.50000000e-02
6.56000000e+03 9.18104788e-01 1.50000000e-02
6.56200000e+03 9.20261198e-01 1.50000000e-02
6.56400000e+03 9.66968772e-01 1.50000000e-02
6.56600000e+03 9.38048496e-01 1.50000000e-02
6.56800000e+03 9.53257085e-01 1.50000000e-02
6.57000000e+03 9.61334247e-01 1.50000000e-02
6.57200000e+03 9.75485581e-01 1.50000000e-02
6.57400000e+03 9.37571370e-01 1.50000000e-02
6.57600000e+03 9.54060047e-01 1.50000000e-02
6.57800000e+03 9.57953053e-01 1.50000000e-02
6.58000000e+03 9.62908268e-01 1.50000000e-02
6.58200000e+03 9.34004204e-01 1.50000000e-02
6.58400000e+03 9.71318770e-01 1.50000000e-02
6.58600000e+03 9.31732208e-01 1.50000000e-02
6.58800000e+03 9.81815641e-01 1.50000000e-02
6.59000000e+03 9.87443750e-01 1.50000000e-02
6.59200000e+03 9.90226312e-01 1.50000000e-02
6.59400000e+03 9.64914362e-01 1.50000000e-02
6.59600000e+03 9.98902811e-01 1.50000000e-02
6.59800000e+03 9.73074802e-01 1.50000000e-02
6.60000000e+03 9.68965716e-01 1.50000000e-02
6.60200000e+03 9.73892036e-01 1.50000000e-02
6.60400000e+03 9.76999762e-01 1.50000000e-02
6.60600000e+03 9.93325886e-01 1.50000000e-02
6.60800000e+03 1.00404052e+00 1.50000000e-02
6.61000000e+03 9.60992619e-01 1.50000000e-02
6.61200000e+03 9.85169833e-01 1.50000000e-02
6.61400000e+03 1.00751258e+00 1.50000000e-02
6.61600000e+03 9.97674161e-01 1.50000000e-02
6.61800000e+03 1.00282564e+00 1.50000000e-02
6.62000000e+03 9.73241374e-01 1.50000000e-02
6.62200000e+03 1.01050420e+00 1.50000000e-02
6.62400000e+03 9.73154369e-01 1.50000000e-02
6.62600000e+03 9.99912757e-01 1.50000000e-02
6.62800000e+03 1.01781525e+00 1.50000000e-02
6.63000000e+03 1.02588641e+00 1.50000000e-02
6.63200000e+03 1.00563727e+00 1.50000000e-02
6.63400000e+03 1.01141812e+00 1.50000000e-02
6.63600000e+03 9.89322008e-01 1.50000000e-02
6.63800000e+03 9.91385300e-01 1.50000000e-02
6.64000000e+03 1.01631719e+00 1.50000000e-02
6.64200000e+03 9.98949817e-01 1.50000000e-02
6.64400000e+03 9.97148850e-01 1.50000000e-02
6.64600000e+03 9.78017736e-01 1.50000000e-02
6.64800000e+03 1.00153884e+00 1.50000000e-02
6.65000000e+03 1.00905957e+00 1.50000000e-02
6.65200000e+03 9.87539812e-01 1.50000000e-02
6.65400000e+03 9.91917178e-01 1.50000000e-02
6.65600000e+03 1.02329261e+00 1.50000000e-02
6.65800000e+03 1.00231447e+00 1.50000000e-02
6.66000000e+03 9.95359490e-01 1.50000000e-02
6.66200000e+03 9.82675558e-01 1.50000000e-02
6.66400000e+03 9.90473207e-01 1.50000000e-02
6.66600000e+03 9.96048854e-01 1.50000000e-02
6.66800000e+03 1.02036349e+00 1.50000000e-02
6.67000000e+03 9.90693306e-01 1.50000000e-02
6.67200000e+03 1.02678673e+00 1.50000000e-02
6.67400000e+03 9.85959545e-01 1.50000000e-02
6.67600000e+03 9.94541790e-01 1.50000000e-02
6.67800000e+03 1.01257234e+00 1.50000000e-02
6.68000000e+03 9.96327995e-01 1.50000000e-02
6.68200000e+03 9.87487099e-01 1.50000000e-02
6.68400000e+03 9.97972079e-01 1.50000000e-02
6.68600000e+03 1.00668789e+00 1.50000000e-02
6.68800000e+03 9.74227607e-01 1.50000000e-02
6.69000000e+03 9.96241071e-01 1.50000000e-02
6.69200000e+03 9.98333768e-01 1.50000000e-02
6.69400000e+03 9.93921618e-01 1.50000000e-02
6.69600000e+03 1.01101160e+00 1.50000000e-02
6.69800000e+03 9.91455897e-01 1.50000000e-02
6.70000000e+03 9.94518939e-01 1.50000000e-02
6.70200000e+03 1.00055341e+00 1.50000000e-02
6.70400000e+03 1.01092329e+00 1.50000000e-02
6.70600000e+03 9.96674633e-01 1.50000000e-02
6.70800000e+03 1.02274231e+00 1.50000000e-02
6.71000000e+03 9.86378660e-01 1.50000000e-02
6.71200000e+03 1.01929306e+00 1.50000000e-02
6.71400000e+03 9.87128791e-01 1.50000000e-02
6.71600000e+03 9.97550763e-01 1.50000000e-02
6.71800000e+03 1.00545800e+00 1.50000000e-02
6.72000000e+03 1.03082035e+00 1.50000000e-02
6.72200000e+03 1.01343553e+00 1.50000000e-02
6.72400000e+03 9.93910513e-01 1.50000000e-02
6.72600000e+03 1.01948551e+00 1.50000000e-02
6.72800000e+03 9.96793369e-01 1.50000000e-02
6.73000000e+03 9.88127439e-01 1.50000000e-02
6.73200000e+03 1.00672955e+00 1.50000000e-02
6.73400000e+03 1.00141647e+00 1.50000000e-02
6.73600000e+03 1.01430451e+00 1.50000000e-02
6.73800000e+03 9.91753524e-01 1.50000000e-02
6.74000000e+03 1.00572222e+00 1.50000000e-02
6.74200000e+03 1.00951797e+00 1.50000000e-02
6.74400000e+03 1.00417046e+00 1.50000000e-02
6.74600000e+03 9.99565067e-01 1.50000000e-02
6.74800000e+03 9.89535578e-01 1.50000000e-02
6.75000000e+03 1.01355616e+00 1.50000000e-02
6.75200000e+03 1.00205827e+00 1.50000000e-02
6.75400000e+03 1.00744448e+00 1.50000000e-02
6.75600000e+03 9.94738262e-01 1.50000000e-02
6.75800000e+03 1.00019512e+00 1.50000000e-02
6.76000000e+03 9.84441538e-01 1.50000000e-02
6.76200000e+03 1.00128285e+00 1.50000000e-02
6.76400000e+03 1.01147813e+00 1.50000000e-02
6.76600000e+03 1.00139488e+00 1.50000000e-02
6.76800000e+03 1.01289087e+00 1.50000000e-02
6.77000000e+03 1.00469364e+00 1.50000000e-02
6.77200000e+03 1.02045784e+00 1.50000000e-02
6.77400000e+03 9.97149246e-01 1.50000000e-02
6.77600000e+03 9.75420539e-01 1.50000000e-02
6.77800000e+03 1.00648732e+00 1.50000000e-02
6.78000000e+03 9.97522153e-01 1.50000000e-02
6.78200000e+03 9.85385596e-01 1.50000000e-02
6.78400000e+03 1.00976898e+00 1.50000000e-02
6.78600000e+03 1.00396493e+00 1.50000000e-02
6.78800000e+03 1.00668008e+00 1.50000000e-02
6.79000000e+03 9.95014359e-01 1.50000000e-02
6.79200000e+03 1.00295571e+00 1.50000000e-02
6.79400000e+03 1.00381508e+00 1.50000000e-02
6.79600000e+03 1.02661983e+00 1.50000000e-02
6.79800000e+03 9.89740603e-01 1.50000000e-02
6.80000000e+03 9.99842587e-01 1.50000000e-02
6.80200000e+03 1.00545790e+00 1.50000000e-02
6.80400000e+03 9.74128196e-01 1.50000000e-02
6.80600000e+03 9.75955474e-01 1.50000000e-02
6.80800000e+03 1.03248728e+00 1.50000000e-02
6.81000000e+03 9.73493216e-01 1.50000000e-02
6.81200000e+03 1.00862394e+00 1.50000000e-02
6.81400000e+03 9.87276619e-01 1.50000000e-02
6.81600000e+03 9.88552598e-01 1.50000000e-02
6.81800000e+03 9.70262126e-01 1.50000000e-02
6.82000000e+03 9.86488921e-01 1.50000000e-02
6.82200000e+03 1.01176568e+00 1.50000000e-02
6.82400000e+03 9.79168857e-01 1.50000000e-02
6.82600000e+03 1.00893140e+00 1.50000000e-02
6.82800000e+03 1.00469947e+00 1.50000000e-02
6.83000000e+03 1.03027453e+00 1.50000000e-02
6.83200000e+03 9.92881996e-01 1.50000000e-02
6.83400000e+03 1.01895121e+00 1.50000000e-02
6.83600000e+03 1.01333303e+00 1.50000000e-02
6.83800000e+03 9.95699974e-01 1.50000000e-02
6.84000000e+03 9.75055660e-01 1.50000000e-02
6.84200000e+03 1.02264161e+00 1.50000000e-02
6.84400000e+03 9.79534166e-01 1.50000000e-02
6.84600000e+03 9.92898761e-01 1.50000000e-02
6.84800000e+03 1.01324765e+00 1.50000000e-02
6.85000000e+03 1.01673933e+00 1.50000000e-02
6.85200000e+03 9.87318300e-01 1.50000000e-02
6.85400000e+03 9.99519975e-01 1.50000000e-02
6.85600000e+03 9.96121323e-01 1.50000000e-02
6.85800000e+03 1.01772338e+00 1.50000000e-02
6.86000000e+03 1.03756950e+00 1.50000000e-02
6.86200000e+03 9.72551698e-01 1.50000000e-02
6.86400000e+03 1.01374634e+00 1.50000000e-02
6.86600000e+03 9.57127369e-01 1.50000000e-02
6.86800000e+03 1.00021100e+00 1.50000000e-02
6.87000000e+03 9.83368232e-01 1.50000000e-02
6.87200000e+03 1.02987728e+00 1.50000000e-02
6.87400000e+03 1.00249553e+00 1.50000000e-02
6.87600000e+03 9.88948424e-01 1.50000000e-02
6.87800000e+03 9.92510307e-01 1.50000000e-02
6.88000000e+03 9.91370564e-01 1.50000000e-02
6.88200000e+03 1.00282467e+00 1.50000000e-02
6.88400000e+03 9.97627773e-01 1.50000000e-02
6.88600000e+03 1.00983828e+00 1.50000000e-02
6.88800000e+03 1.02310392e+00 1.50000000e-02
6.89000000e+03 1.01052118e+00 1.50000000e-02
6.89200000e+03 9.81609954e-01 1.50000000e-02
6.89400000e+03 9.75642898e-01 1.50000000e-02
6.89600000e+03 9.88668707e-01 1.50000000e-02
6.89800000e+03 1.01579823e+00 1.50000000e-02
6.90000000e+03 9.94974278e-01 1.50000000e-02
6.90200000e+03 9.89986408e-01 1.50000000e-02
6.90400000e+03 1.00207424e+00 1.50000000e-02
6.90600000e+03 9.78767111e-01 1.50000000e-02
6.90800000e+03 9.82910084e-01 1.50000000e-02
6.91000000e+03 1.00765488e+00 1.50000000e-02
6.91200000e+03 9.95452698e-01 1.50000000e-02
6.91400000e+03 9.93201456e-01 1.50000000e-02
6.91600000e+03 1.00476453e+00 1.50000000e-02
6.91800000e+03 9.91226932e-01 1.50000000e-02
6.92000000e+03 9.89705634e-01 1.50000000e-02
6.92200000e+03 9.93102848e-01 1.50000000e-02
6.92400000e+03 1.00903931e+00 1.50000000e-02
6.92600000e+03 1.00089730e+00 1.50000000e-02
6.92800000e+03 9.82081036e-01 1.50000000e-02
6.93000000e+03 9.95454146e-01 1.50000000e-02
6.93200000e+03 1.00972336e+00 1.50000000e-02
6.93400000e+03 1.02806128e+00 1.50000000e-02
6.93600000e+03 9.82864690e-01 1.50000000e-02
6.93800000e+03 1.00507803e+00 1.50000000e-02
6.94000000e+03 9.96118776e-01 1.50000000e-02
6.94200000e+03 1.01238279e+00 1.50000000e-02
6.94400000e+03 1.00674332e+00 1.50000000e-02
6.94600000e+03 1.02208265e+00 1.50000000e-02
6.94800000e+03 1.00779176e+00 1.50000000e-02
6.95000000e+03 9.91823300e-01 1.50000000e-02
6.95200000e+03 9.91921102e-01 1.50000000e-02
6.95400000e+03 1.00608325e+00 1.50000000e-02
6.95600000e+03 1.00592415e+00 1.50000000e-02
6.95800000e+03 1.03596906e+00 1.50000000e-02
6.96000000e+03 1.02514499e+00 1.50000000e-02
6.96200000e+03 9.82396325e-01 1.50000000e-02
6.96400000e+03 1.00525337e+00 1.50000000e-02
6.96600000e+03 9.80035167e-01 1.50000000e-02
6.96800000e+03 9.75164847e-01 1.50000000e-02
6.97000000e+03 1.01115319e+00 1.50000000e-02
6.97200000e+03 1.00827621e+00 1.50000000e-02
6.97400000e+03 9.84421483e-01 1.50000000e-02
6.97600000e+03 1.02465530e+00 1.50000000e-02
6.97800000e+03 9.85336451e-01 1.50000000e-02
6.98000000e+03 9.82484074e-01 1.50000000e-02
6.98200000e+03 1.00978927e+00 1.50000000e-02
6.98400000e+03 1.00331408e+00 1.50000000e-02
6.98600000e+03 9.97592380e-01 1.50000000e-02
6.98800000e+03 9.98994013e-01 1.50000000e-02
6.99000000e+03 1.00335701e+00 1.50000000e-02
6.99200000e+03 9.97906300e-01 1.50000000e-02
6.99400000e+03 9.97412427e-01 1.50000000e-02
6.99600000e+03 9.71560650e-01 1.50000000e-02
6.99800000e+03 9.79870580e-01 1.50000000e-02
7.00000000e+03 1.00916424e+00 1.50000000e-02
7.00200000e+03 9.89435487e-01 1.50000000e-02
7.00400000e+03 1.00817790e+00 1.50000000e-02
7.00600000e+03 1.01853196e+00 1.50000000e-02
7.00800000e+03 9.94675738e-01 1.50000000e-02
7.01000000e+03 1.00424455e+00 1.50000000e-02
7.01200000e+03 1.03114715e+00 1.50000000e-02
7.01400000e+03 1.01042403e+00 1.50000000e-02
7.01600000e+03 1.02762811e+00 1.50000000e-02
7.01800000e+03 1.02300111e+00 1.50000000e-02
7.02000000e+03 1.01130041e+00 1.50000000e-02
7.02200000e+03 9.98321594e-01 1.50000000e-02
7.02400000e+03 9.87370097e-01 1.50000000e-02
7.02600000e+03 9.83324530e-01 1.50000000e-02
7.02800000e+03 1.00729493e+00 1.50000000e-02
7.03000000e+03 1.00702275e+00 1.50000000e-02
7.03200000e+03 9.97380667e-01 1.50000000e-02
7.03400000e+03 1.01272700e+00 1.50000000e-02
7.03600000e+03 9.90931943e-01 1.50000000e-02
7.03800000e+03 1.01665329e+00 1.50000000e-02
7.04000000e+03 1.00060011e+00 1.50000000e-02
7.04200000e+03 9.99455101e-01 1.50000000e-02
7.04400000e+03 9.99995901e-01 1.50000000e-02
7.04600000e+03 9.98521131e-01 1.50000000e-02
7.04800000e+03 1.03732396e+00 1.50000000e-02
7.05000000e+03 9.75827203e-01 1.50000000e-02
7.05200000e+03 1.00265834e+00 1.50000000e-02
7.05400000e+03 1.01866159e+00 1.50000000e-02
7.05600000e+03 1.01076270e+00 1.50000000e-02
7.05800000e+03 9.95468770e-01 1.50000000e-02
7.06000000e+03 1.02610182e+00 1.50000000e-02
7.06200000e+03 9.83972607e-01 1.50000000e-02
7.06400000e+03 9.80405558e-01 1.50000000e-02
7.06600000e+03 1.00852106e+00 1.50000000e-02
7.06800000e+03 9.78182953e-01 1.50000000e-02
7.07000000e+03 9.64330754e-01 1.50000000e-02
7.07200000e+03 1.01324330e+00 1.50000000e-02
7.07400000e+03 1.01142025e+00 1.50000000e-02
7.07600000e+03 1.01098430e+00 1.50000000e-02
7.07800000e+03 9.92687933e-01 1.50000000e-02
7.08000000e+03 1.00274419e+00 1.50000000e-02
7.08200000e+03 9.85520101e-01 1.50000000e-02
7.08400000e+03 1.02601527e+00 1.50000000e-02
7.08600000e+03 1.01186536e+00 1.50000000e-02
7.08800000e+03 1.01113384e+00 1.50000000e-02
7.09000000e+03 9.70750229e-01 1.50000000e-02
7.09200000e+03 1.01210953e+00 1.50000000e-02
7.09400000e+03 1.02240958e+00 1.50000000e-02
7.09600000e+03 1.01824393e+00 1.50000000e-02
7.09800000e+03 1.01183696e+00 1.50000000e-02
7.10000000e+03 9.99985642e-01 1.50000000e-02
7.10200000e+03 9.94872507e-01 1.50000000e-02
7.10400000e+03 1.00902463e+00 1.50000000e-02
7.10600000e+03 1.00574154e+00 1.50000000e-02
7.10800000e+03 1.00354562e+00 1.50000000e-02
7.11000000e+03 9.95361629e-01 1.50000000e-02
7.11200000e+03 1.02521885e+00 1.50000000e-02
7.11400000e+03 9.82482351e-01 1.50000000e-02
7.11600000e+03 9.99660513e-01 1.50000000e-02
7.11800000e+03 9.91297287e-01 1.50000000e-02
7.12000000e+03 1.01548065e+00 1.50000000e-02
7.12200000e+03 1.02145722e+00 1.50000000e-02
7.12400000e+03 1.01866133e+00 1.50000000e-02
7.12600000e+03 1.01133111e+00 1.50000000e-02
7.12800000e+03 9.78960970e-01 1.50000000e-02
7.13000000e+03 1.03121849e+00 1.50000000e-02
7.13200000e+03 1.00775044e+00 1.50000000e-02
7.13400000e+03 9.98373051e-01 1.50000000e-02
7.13600000e+03 1.00032251e+00 1.50000000e-02
7.13800000e+03 9.94907213e-01 1.50000000e-02
7.14000000e+03 1.00635821e+00 1.50000000e-02
7.14200000e+03 1.00465252e+00 1.50000000e-02
7.14400000e+03 9.94598499e-01 1.50000000e-02
7.14600000e+03 9.61451628e-01 1.50000000e-02
7.14800000e+03 9.99473180e-01 1.50000000e-02
7.15000000e+03 1.00715254e+00 1.50000000e-02
7.15200000e+03 1.00789252e+00 1.50000000e-02
7.15400000e+03 9.97698025e-01 1.50000000e-02
7.15600000e+03 1.00679972e+00 1.50000000e-02
7.15800000e+03 1.01542478e+00 1.50000000e-02
7.16000000e+03 9.92946246e-01 1.50000000e-02
7.16200000e+03 1.02199419e+00 1.50000000e-02
7.16400000e+03 9.70672625e-01 1.50000000e-02
7.16600000e+03 9.81084272e-01 1.50000000e-02
7.16800000e+03 9.86422826e-01 1.50000000e-02
7.17000000e+03 9.63332999e-01 1.50000000e-02
7.17200000e+03 9.85003561e-01 1.50000000e-02
7.17400000e+03 1.01872558e+00 1.50000000e-02
7.17600000e+03 1.01862294e+00 1.50000000e-02
7.17800000e+03 1.00146038e+00 1.50000000e-02
7.18000000e+03 1.02581503e+00 1.50000000e-02
7.18200000e+03 1.00359235e+00 1.50000000e-02
7.18400000e+03 9.92532821e-01 1.50000000e-02
7.18600000e+03 1.00362446e+00 1.50000000e-02
7.18800000e+03 9.97942801e-01 1.50000000e-02
7.19000000e+03 1.01103900e+00 1.50000000e-02
7.19200000e+03 9.77454240e-01 1.50000000e-02
7.19400000e+03 1.01499122e+00 1.50000000e-02
7.19600000e+03 9.93107099e-01 1.50000000e-02
7.19800000e+03 1.01282985e+00 1.50000000e-02
7.20000000e+03 9.76884397e-01 1.50000000e-02
7.20200000e+03 9.93711120e-01 1.50000000e-02
7.20400000e+03 1.00117095e+00 1.50000000e-02
7.20600000e+03 1.01352179e+00 1.50000000e-02
7.20800000e+03 9.81737034e-01 1.50000000e-02
7.21000000e+03 1.02501166e+00 1.50000000e-02
7.21200000e+03 1.00723995e+00 1.50000000e-02
7.21400000e+03 9.92113369e-01 1.50000000e-02
7.21600000e+03 1.01825953e+00 1.50000000e-02
7.21800000e+03 1.00154067e+00 1.50000000e-02
7.22000000e+03 1.01737445e+00 1.50000000e-02
7.22200000e+03 1.03484722e+00 1.50000000e-02
7.22400000e+03 1.01152793e+00 1.50000000e-02
7.22600000e+03 9.92099808e-01 1.50000000e-02
7.22800000e+03 9.93614388e-01 1.50000000e-02
7.23000000e+03 1.00873832e+00 1.50000000e-02
7.23200000e+03 1.00431858e+00 1.50000000e-02
7.23400000e+03 9.87504551e-01 1.50000000e-02
7.23600000e+03 9.89978357e-01 1.50000000e-02
7.23800000e+03 1.00998673e+00 1.50000000e-02
7.24000000e+03 1.03520048e+00 1.50000000e-02
7.24200000e+03 9.60544489e-01 1.50000000e-02
7.24400000e+03 1.01085874e+00 1.50000000e-02
7.24600000e+03 9.96834292e-01 1.50000000e-02
7.24800000e+03 1.01169047e+00 1.50000000e-02
7.25000000e+03 1.01301582e+00 1.50000000e-02
7.25200000e+03 1.00079257e+00 1.50000000e-02
7.25400000e+03 9.84760397e-01 1.50000000e-02
7.25600000e+03 9.79044222e-01 1.50000000e-02
7.25800000e+03 9.71887320e-01 1.50000000e-02
7.26000000e+03 1.01833518e+00 1.50000000e-02
7.26200000e+03 9.96854465e-01 1.50000000e-02
7.26400000e+03 9.91895875e-01 1.50000000e-02
7.26600000e+03 9.95834209e-01 1.50000000e-02
7.26800000e+03 9.79907984e-01 1.50000000e-02
7.27000000e+03 1.00456922e+00 1.50000000e-02
7.27200000e+03 1.01978052e+00 1.50000000e-02
7.27400000e+03 1.01707691e+00 1.50000000e-02
7.27600000e+03 9.76513014e-01 1.50000000e-02
7.27800000e+03 1.02045268e+00 1.50000000e-02
7.28000000e+03 9.88536447e-01 1.50000000e-02
7.28200000e+03 9.71305716e-01 1.50000000e-02
7.28400000e+03 9.81557916e-01 1.50000000e-02
7.28600000e+03 9.85502288e-01 1.50000000e-02
7.28800000e+03 9.99895782e-01 1.50000000e-02
7.29000000e+03 9.84520368e-01 1.50000000e-02
7.29200000e+03 9.77346318e-01 1.50000000e-02
7.29400000e+03 9.96032589e-01 1.50000000e-02
7.29600000e+03 1.02885856e+00 1.50000000e-02
7.29800000e+03 9.89464737e-01 1.50000000e-02
7.30000000e+03 1.00696380e+00 1.50000000e-02
7.30200000e+03 1.00119920e+00 1.50000000e-02
7.30400000e+03 1.03987102e+00 1.50000000e-02
7.30600000e+03 9.71526128e-01 1.50000000e-02
7.30800000e+03 1.01643072e+00 1.50000000e-02
7.31000000e+03 9.80779225e-01 1.50000000e-02
7.31200000e+03 9.91113771e-01 1.50000000e-02
7.31400000e+03 9.98549775e-01 1.50000000e-02
7.31600000e+03 1.04779129e+00 1.50000000e-02
7.31800000e+03 9.88554920e-01 1.50000000e-02
7.32000000e+03 9.71666738e-01 1.50000000e-02
7.32200000e+03 1.01946045e+00 1.50000000e-02
7.32400000e+03 9.87411458e-01 1.50000000e-02
7.32600000e+03 9.96355745e-01 1.50000000e-02
7.32800000e+03 9.99639373e-01 1.50000000e-02
7.33000000e+03 1.00145483e+00 1.50000000e-02
7.33200000e+03 9.97447921e-01 1.50000000e-02
7.33400000e+03 1.00401635e+00 1.50000000e-02
7.33600000e+03 1.00581039e+00 1.50000000e-02
7.33800000e+03 1.01280884e+00 1.50000000e-02
7.34000000e+03 9.93591503e-01 1.50000000e-02
7.34200000e+03 9.88769048e-01 1.50000000e-02
7.34400000e+03 9.84046746e-01 1.50000000e-02
7.34600000e+03 1.00889063e+00 1.50000000e-02
7.34800000e+03 9.99305528e-01 1.50000000e-02
7.35000000e+03 1.00829807e+00 1.50000000e-02
7.35200000e+03 1.00807294e+00 1.50000000e-02
7.35400000e+03 1.02528815e+00 1.50000000e-02
7.35600000e+03 1.00311258e+00 1.50000000e-02
7.35800000e+03 1.01128557e+00 1.50000000e-02
7.36000000e+03 9.81961153e-01 1.50000000e-02
7.36200000e+03 9.83795475e-01 1.50000000e-02
7.36400000e+03 9.95323934e-01 1.50000000e-02
7.36600000e+03 9.81749235e-01 1.50000000e-02
7.36800000e+03 1.01034390e+00 1.50000000e-02
7.37000000e+03 9.80004208e-01 1.50000000e-02
7.37200000e+03 1.00102575e+00 1.50000000e-02
7.37400000e+03 9.63128566e-01 1.50000000e-02
7.37600000e+03 9.83428304e-01 1.50000000e-02
7.37800000e+03 9.94914470e-01 1.50000000e-02
7.38000000e+03 9.96114405e-01 1.50000000e-02
7.38200000e+03 9.73125314e-01 1.50000000e-02
7.38400000e+03 1.00163004e+00 1.50000000e-02
7.38600000e+03 1.01462296e+00 1.50000000e-02
7.38800000e+03 1.00972361e+00 1.50000000e-02
7.39000000e+03 9.90121254e-01 1.50000000e-02
7.39200000e+03 9.91190547e-01 1.50000000e-02
7.39400000e+03 9.82205496e-01 1.50000000e-02
7.39600000e+03 1.00944682e+00 1.50000000e-02
7.39800000e+03 1.02162488e+00 1.50000000e-02
7.40000000e+03 9.92110668e-01 1.50000000e-02
7.40200000e+03 9.74532729e-01 1.50000000e-02
7.40400000e+03 1.00300006e+00 1.50000000e-02
7.40600000e+03 1.01061654e+00 1.50000000e-02
7.40800000e+03 9.59168142e-01 1.50000000e-02
7.41000000e+03 1.00207534e+00 1.50000000e-02
7.41200000e+03 1.03246580e+00 1.50000000e-02
7.41400000e+03 1.01230971e+00 1.50000000e-02
7.41600000e+03 1.00825688e+00 1.50000000e-02
7.41800000e+03 1.00603182e+00 1.50000000e-02
7.42000000e+03 1.01592848e+00 1.50000000e-02
7.42200000e+03 9.85882491e-01 1.50000000e-02
7.42400000e+03 9.87319933e-01 1.50000000e-02
7.42600000e+03 1.00611354e+00 1.50000000e-02
7.42800000e+03 9.89720060e-01 1.50000000e-02
7.43000000e+03 1.00388054e+00 1.50000000e-02
7.43200000e+03 9.71311563e-01 1.50000000e-02
7.43400000e+03 1.01136932e+00 1.50000000e-02
7.43600000e+03 1.01270457e+00 1.50000000e-02
7.43800000e+03 1.00065517e+00 1.50000000e-02
7.44000000e+03 1.00246634e+00 1.50000000e-02
7.44200000e+03 1.02430977e+00 1.50000000e-02
7.44400000e+03 9.83753581e-01 1.50000000e-02
7.44600000e+03 9.86302650e-01 1.50000000e-02
7.44800000e+03 9.83592906e-01 1.50000000e-02
7.45000000e+03 9.93629047e-01 1.50000000e-02
7.45200000e+03 9.84832751e-01 1.50000000e-02
7.45400000e+03 1.00055573e+00 1.50000000e-02
7.45600000e+03 9.90238948e-01 1.50000000e-02
7.45800000e+03 9.78262763e-01 1.50000000e-02
7.46000000e+03 9.76747334e-01 1.50000000e-02
7.46200000e+03 1.01817486e+00 1.50000000e-02
7.46400000e+03 9.98966818e-01 1.50000000e-02
7.46600000e+03 9.96589933e-01 1.50000000e-02
7.46800000e+03 1.00039854e+00 1.50000000e-02
7.47000000e+03 9.98764568e-01 1.50000000e-02
7.47200000e+03 1.01134169e+00 1.50000000e-02
7.47400000e+03 1.00843389e+00 1.50000000e-02
7.47600000e+03 9.91154384e-01 1.50000000e-02
7.47800000e+03 9.87647094e-01 1.50000000e-02
7.48000000e+03 9.83699188e-01 1.50000000e-02
7.48200000e+03 9.81233030e-01 1.50000000e-02
7.48400000e+03 1.02103218e+00 1.50000000e-02
7.48600000e+03 9.86251911e-01 1.50000000e-02
7.48800000e+03 9.69714312e-01 1.50000000e-02
7.49000000e+03 9.87347732e-01 1.50000000e-02
7.49200000e+03 9.88174573e-01 1.50000000e-02
7.49400000e+03 1.00494777e+00 1.50000000e-02
7.49600000e+03 9.86710259e-01 1.50000000e-02
7.49800000e+03 1.00802129e+00 1.50000000e-02
7.50000000e+03 1.00582790e+00 1.50000000e-02
7.50200000e+03 1.01900244e+00 1.50000000e-02
7.50400000e+03 1.03250489e+00 1.50000000e-02
7.50600000e+03 1.04273356e+00 1.50000000e-02
7.50800000e+03 1.02026251e+00 1.50000000e-02
7.51000000e+03 9.82604488e-01 1.50000000e-02
7.51200000e+03 9.93937001e-01 1.50000000e-02
7.51400000e+03 1.00371468e+00 1.50000000e-02
7.51600000e+03 1.03102190e+00 1.50000000e-02
7.51800000e+03 1.01014929e+00 1.50000000e-02
7.52000000e+03 1.01805057e+00 1.50000000e-02
7.52200000e+03 9.97390702e-01 1.50000000e-02
7.52400000e+03 1.00885424e+00 1.50000000e-02
7.52600000e+03 1.01077286e+00 1.50000000e-02
7.52800000e+03 9.93155340e-01 1.50000000e-02
7.53000000e+03 1.01165988e+00 1.50000000e-02
7.53200000e+03 1.01606211e+00 1.50000000e-02
7.53400000e+03 9.97624460e-01 1.50000000e-02
7.53600000e+03 1.01527213e+00 1.50000000e-02
7.53800000e+03 1.02471925e+00 1.50000000e-02
7.54000000e+03 1.00099441e+00 1.50000000e-02
7.54200000e+03 1.00000473e+00 1.50000000e-02
7.54400000e+03 9.95355619e-01 1.50000000e-02
7.54600000e+03 9.90710215e-01 1.50000000e-02
7.54800000e+03 1.00234210e+00 1.50000000e-02
7.55000000e+03 9.93822401e-01 1.50000000e-02
7.55200000e+03 9.95320060e-01 1.50000000e-02
7.55400000e+03 9.88397362e-01 1.50000000e-02
7.55600000e+03 9.76958965e-01 1.50000000e-02
7.55800000e+03 9.85940972e-01 1.50000000e-02
7.56000000e+03 1.00493453e+00 1.50000000e-02
7.56200000e+03 9.82252426e-01 1.50000000e-02
7.56400000e+03 9.90279811e-01 1.50000000e-02
7.56600000e+03 1.02463173e+00 1.50000000e-02
7.56800000e+03 1.01689695e+00 1.50000000e-02
7.57000000e+03 9.89597848e-01 1.50000000e-02
7.57200000e+03 1.00904963e+00 1.50000000e-02
7.57400000e+03 9.90244486e-01 1.50000000e-02
7.57600000e+03 1.02441242e+00 1.50000000e-02
7.57800000e+03 9.91212954e-01 1.50000000e-02
7.58000000e+03 1.00122385e+00 1.50000000e-02
7.58200000e+03 1.02076994e+00 1.50000000e-02
7.58400000e+03 9.87579322e-01 1.50000000e-02
7.58600000e+03 1.01956510e+00 1.50000000e-02
7.58800000e+03 9.87734877e-01 1.50000000e-02
7.59000000e+03 1.00356908e+00 1.50000000e-02
7.59200000e+03 9.95561346e-01 1.50000000e-02
7.59400000e+03 9.98667333e-01 1.50000000e-02
7.59600000e+03 1.00239551e+00 1.50000000e-02
7.59800000e+03 9.98878139e-01 1.50000000e-02
7.60000000e+03 9.84732332e-01 1.50000000e-02
7.60200000e+03 1.01298993e+00 1.50000000e-02
7.60400000e+03 1.01079806e+00 1.50000000e-02
7.60600000e+03 1.01933610e+00 1.50000000e-02
7.60800000e+03 1.02076116e+00 1.50000000e-02
7.61000000e+03 9.79825590e-01 1.50000000e-02
7.61200000e+03 1.01926571e+00 1.50000000e-02
7.61400000e+03 1.01944672e+00 1.50000000e-02
7.61600000e+03 9.91994416e-01 1.50000000e-02
7.61800000e+03 1.01553616e+00 1.50000000e-02
7.62000000e+03 1.02199520e+00 1.50000000e-02
7.62200000e+03 9.91885425e-01 1.50000000e-02
7.62400000e+03 9.79282320e-01 1.50000000e-02
7.62600000e+03 9.94565891e-01 1.50000000e-02
7.62800000e+03 1.04184419e+00 1.50000000e-02
7.63000000e+03 1.00349148e+00 1.50000000e-02
7.63200000e+03 9.81727703e-01 1.50000000e-02
7.63400000e+03 9.96139103e-01 1.50000000e-02
7.63600000e+03 9.85014107e-01 1.50000000e-02
7.63800000e+03 9.93926274e-01 1.50000000e-02
7.64000000e+03 1.00133215e+00 1.50000000e-02
7.64200000e+03 9.61469326e-01 1.50000000e-02
7.64400000e+03 1.00528626e+00 1.50000000e-02
7.64600000e+03 1.02108579e+00 1.50000000e-02
7.64800000e+03 9.96889093e-01 1.50000000e-02
7.65000000e+03 9.94091302e-01 1.50000000e-02
7.65200000e+03 1.01621573e+00 1.50000000e-02
7.65400000e+03 9.80790285e-01 1.50000000e-02
7.65600000e+03 9.81077149e-01 1.50000000e-02
7.65800000e+03 9.78880515e-01 1.50000000e-02
7.66000000e+03 9.97348114e-01 1.50000000e-02
7.66200000e+03 1.00558632e+00 1.50000000e-02
7.66400000e+03 9.98281086e-01 1.50000000e-02
7.66600000e+03 1.00784640e+00 1.50000000e-02
7.66800000e+03 1.01201703e+00 1.50000000e-02
7.67000000e+03 1.00695630e+00 1.50000000e-02
7.67200000e+03 9.87324659e-01 1.50000000e-02
7.67400000e+03 9.95374942e-01 1.50000000e-02
7.67600000e+03 1.01805616e+00 1.50000000e-02
7.67800000e+03 9.83562289e-01 1.50000000e-02
7.68000000e+03 9.95384807e-01 1.50000000e-02
7.68200000e+03 9.92843538e-01 1.50000000e-02
7.68400000e+03 9.96310140e-01 1.50000000e-02
7.68600000e+03 9.82777009e-01 1.50000000e-02
7.68800000e+03 9.78563704e-01 1.50000000e-02
7.69000000e+03 1.03702526e+00 1.50000000e-02
7.69200000e+03 1.01274613e+00 1.50000000e-02
7.69400000e+03 9.87729122e-01 1.50000000e-02
7.69600000e+03 9.97382833e-01 1.50000000e-02
7.69800000e+03 1.00825418e+00 1.50000000e-02
7.70000000e+03 9.92771331e-01 1.50000000e-02
7.70200000e+03 1.00698230e+00 1.50000000e-02
7.70400000e+03 9.88297930e-01 1.50000000e-02
7.70600000e+03 9.91925546e-01 1.50000000e-02
7.70800000e+03 9.95790708e-01 1.50000000e-02
7.71000000e+03 9.89939934e-01 1.50000000e-02
7.71200000e+03 9.59730380e-01 1.50000000e-02
7.71400000e+03 9.96539384e-01 1.50000000e-02
7.71600000e+03 9.99823617e-01 1.50000000e-02
7.71800000e+03 1.00269594e+00 1.50000000e-02
7.72000000e+03 9.80272137e-01 1.50000000e-02
7.72200000e+03 9.99948392e-01 1.50000000e-02
7.72400000e+03 9.97595420e-01 1.50000000e-02
7.72600000e+03 9.67373906e-01 1.50000000e-02
7.72800000e+03 9.60392981e-01 1.50000000e-02
7.73000000e+03 1.00005299e+00 1.50000000e-02
7.73200000e+03 9.78043650e-01 1.50000000e-02
7.73400000e+03 1.00680506e+00 1.50000000e-02
7.73600000e+03 1.02325655e+00 1.50000000e-02
7.73800000e+03 9.81751008e-01 1.50000000e-02
7.74000000e+03 9.79452265e-01 1.50000000e-02
7.74200000e+03 9.88877785e-01 1.50000000e-02
7.74400000e+03 9.98391659e-01 1.50000000e-02
7.74600000e+03 9.70406329e-01 1.50000000e-02
7.74800000e+03 1.00525233e+00 1.50000000e-02
7.75000000e+03 1.00051807e+00 1.50000000e-02
7.75200000e+03 9.94596889e-01 1.50000000e-02
7.75400000e+03 9.75562827e-01 1.50000000e-02
7.75600000e+03 9.96333316e-01 1.50000000e-02
7.75800000e+03 9.94322157e-01 1.50000000e-02
7.76000000e+03 9.62270126e-01 1.50000000e-02
7.76200000e+03 1.01040251e+00 1.50000000e-02
7.76400000e+03 9.73250078e-01 1.50000000e-02
7.76600000e+03 9.81946170e-01 1.50000000e-02
7.76800000e+03 9.67137644e-01 1.50000000e-02
7.77000000e+03 9.79305393e-01 1.50000000e-02
7.77200000e+03 9.89404802e-01 1.50000000e-02
7.77400000e+03 9.58303738e-01 1.50000000e-02
7.77600000e+03 9.43932216e-01 1.50000000e-02
7.77800000e+03 9.60301502e-01 1.50000000e-02
7.78000000e+03 9.45686486e-01 1.50000000e-02
7.78200000e+03 9.52062724e-01 1.50000000e-02
7.78400000e+03 9.59646669e-01 1.50000000e-02
7.78600000e+03 9.58623012e-01 1.50000000e-02
7.78800000e+03 9.76927221e-01 1.50000000e-02
7.79000000e+03 9.40265473e-01 1.50000000e-02
7.79200000e+03 9.58640489e-01 1.50000000e-02
7.79400000e+03 9.43541239e-01 1.50000000e-02
7.79600000e+03 9.69379406e-01 1.50000000e-02
7.79800000e+03 9.84513407e-01 1.50000000e-02
7.80000000e+03 9.48791381e-01 1.50000000e-02
7.80200000e+03 9.66944111e-01 1.50000000e-02
7.80400000e+03 9.31421591e-01 1.50000000e-02
7.80600000e+03 9.12881580e-01 1.50000000e-02
7.80800000e+03 9.15272114e-01 1.50000000e-02
7.81000000e+03 9.08057643e-01 1.50000000e-02
7.81200000e+03 9.14802449e-01 1.50000000e-02
7.81400000e+03 9.22867439e-01 1.50000000e-02
7.81600000e+03 9.41040404e-01 1.50000000e-02
7.81800000e+03 9.31579959e-01 1.50000000e-02
7.82000000e+03 9.25311040e-01 1.50000000e-02
7.82200000e+03 9.09254745e-01 1.50000000e-02
7.82400000e+03 9.02026601e-01 1.50000000e-02
7.82600000e+03 9.10591840e-01 1.50000000e-02
7.82800000e+03 9.09393499e-01 1.50000000e-02
7.83000000e+03 9.08410460e-01 1.50000000e-02
7.83200000e+03 9.07387741e-01 1.50000000e-02
7.83400000e+03 8.97311367e-01 1.50000000e-02
7.83600000e+03 8.67486132e-01 1.50000000e-02
7.83800000e+03 8.76932744e-01 1.50000000e-02
7.84000000e+03 8.78613106e-01 1.50000000e-02
7.84200000e+03 9.13820690e-01 1.50000000e-02
7.84400000e+03 8.79375162e-01 1.50000000e-02
7.84600000e+03 8.93372287e-01 1.50000000e-02
7.84800000e+03 9.02726658e-01 1.50000000e-02
7.85000000e+03 8.83339396e-01 1.50000000e-02
7.85200000e+03 8.70088216e-01 1.50000000e-02
7.85400000e+03 8.69293872e-01 1.50000000e-02
7.85600000e+03 8.56144914e-01 1.50000000e-02
7.85800000e+03 8.73949483e-01 1.50000000e-02
7.86000000e+03 8.84230341e-01 1.50000000e-02
7.86200000e+03 8.73906823e-01 1.50000000e-02
7.86400000e+03 8.75077214e-01 1.50000000e-02
7.86600000e+03 8.72522705e-01 1.50000000e-02
7.86800000e+03 8.90174662e-01 1.50000000e-02
7.87000000e+03 8.49075057e-01 1.50000000e-02
7.87200000e+03 8.59528222e-01 1.50000000e-02
7.87400000e+03 8.66449570e-01 1.50000000e-02
7.87600000e+03 8.73400932e-01 1.50000000e-02
7.87800000e+03 8.17227428e-01 1.50000000e-02
7.88000000e+03 8.44885541e-01 1.50000000e-02
7.88200000e+03 8.48802848e-01 1.50000000e-02
7.88400000e+03 8.35831690e-01 1.50000000e-02
7.88600000e+03 8.63457711e-01 1.50000000e-02
7.88800000e+03 8.53649641e-01 1.50000000e-02
7.89000000e+03 8.44169623e-01 1.50000000e-02
7.89200000e+03 8.25494281e-01 1.50000000e-02
7.89400000e+03 8.30177684e-01 1.50000000e-02
7.89600000e+03 8.35420809e-01 1.50000000e-02
7.89800000e+03 8.57327491e-01 1.50000000e-02
7.90000000e+03 8.32657956e-01 1.50000000e-02
7.90200000e+03 8.20482869e-01 1.50000000e-02
7.90400000e+03 8.30448210e-01 1.50000000e-02
7.90600000e+03 8.44200541e-01 1.50000000e-02
7.90800000e+03 8.79153115e-01 1.50000000e-02
7.91000000e+03 8.92684297e-01 1.50000000e-02
7.91200000e+03 8.49160381e-01 1.50000000e-02
7.91400000e+03 8.71885723e-01 1.50000000e-02
7.91600000e+03 8.80210247e-01 1.50000000e-02
7.91800000e+03 8.80037998e-01 1.50000000e-02
7.92000000e+03 8.60705254e-01 1.50000000e-02
7.92200000e+03 8.44717983e-01 1.50000000e-02
7.92400000e+03 8.58817050e-01 1.50000000e-02
7.92600000e+03 8.40199764e-01 1.50000000e-02
7.92800000e+03 8.73787301e-01 1.50000000e-02
7.93000000e+03 8.84033593e-01 1.50000000e-02
7.93200000e+03 8.46219515e-01 1.50000000e-02
7.93400000e+03 8.76154539e-01 1.50000000e-02
7.93600000e+03 8.83703272e-01 1.50000000e-02
7.93800000e+03 9.00506821e-01 1.50000000e-02
7.94000000e+03 9.04952635e-01 1.50000000e-02
7.94200000e+03 8.98850097e-01 1.50000000e-02
7.94400000e+03 8.79133289e-01 1.50000000e-02
7.94600000e+03 8.86552212e-01 1.50000000e-02
7.94800000e+03 9.12818985e-01 1.50000000e-02
7.95000000e+03 8.88371481e-01 1.50000000e-02
7.95200000e+03 8.99554504e-01 1.50000000e-02
7.95400000e+03 9.26345611e-01 1.50000000e-02
7.95600000e+03 9.07608526e-01 1.50000000e-02
7.95800000e+03 8.87835695e-01 1.50000000e-02
7.96000000e+03 9.06783763e-01 1.50000000e-02
7.96200000e+03 9.23567629e-01 1.50000000e-02
7.96400000e+03 9.13874140e-01 1.50000000e-02
7.96600000e+03 9.36886490e-01 1.50000000e-02
7.96800000e+03 9.41416535e-01 1.50000000e-02
7.97000000e+03 9.15121258e-01 1.50000000e-02
7.97200000e+03 9.19999222e-01 1.50000000e-02
7.97400000e+03 9.28629621e-01 1.50000000e-02
7.97600000e+03 9.14773744e-01 1.50000000e-02
7.97800000e+03 9.41035883e-01 1.50000000e-02
7.98000000e+03 9.35192813e-01 1.50000000e-02
7.98200000e+03 9.52158111e-01 1.50000000e-02
7.98400000e+03 9.33815831e-01 1.50000000e-02
7.98600000e+03 9.32009185e-01 1.50000000e-02
7.98800000e+03 9.75109451e-01 1.50000000e-02
7.99000000e+03 9.36636495e-01 1.50000000e-02
7.99200000e+03 9.43270608e-01 1.50000000e-02
7.99400000e+03 9.43239497e-01 1.50000000e-02
7.99600000e+03 9.51771266e-01 1.50000000e-02
7.99800000e+03 9.44654559e-01 1.50000000e-02
8.00000000e+03 9.59714991e-01 1.50000000e-02
8.00200000e+03 9.51750358e-01 1.50000000e-02
8.00400000e+03 9.57942770e-01 1.50000000e-02
8.00600000e+03 9.71448912e-01 1.50000000e-02
8.00800000e+03 9.78279311e-01 1.50000000e-02
8.01000000e+03 9.76447347e-01 1.50000000e-02
8.01200000e+03 9.60027450e-01 1.50000000e-02
8.01400000e+03 9.78590356e-01 1.50000000e-02
8.01600000e+03 9.72329687e-01 1.50000000e-02
8.01800000e+03 9.73985425e-01 1.50000000e-02
8.02000000e+03 9.51129135e-01 1.50000000e-02
8.02200000e+03 9.88360376e-01 1.50000000e-02
8.02400000e+03 9.77465041e-01 1.50000000e-02
8.02600000e+03 1.00636528e+00 1.50000000e-02
8.02800000e+03 9.91529760e-01 1.50000000e-02
8.03000000e+03 9.66283496e-01 1.50000000e-02
8.03200000e+03 9.63498760e-01 1.50000000e-02
8.03400000e+03 1.00234551e+00 1.50000000e-02
8.03600000e+03 9.72907117e-01 1.50000000e-02
8.03800000e+03 9.97198572e-01 1.50000000e-02
8.04000000e+03 9.83273830e-01 1.50000000e-02
8.04200000e+03 1.02015181e+00 1.50000000e-02
8.04400000e+03 9.90562346e-01 1.50000000e-02
8.04600000e+03 1.01281903e+00 1.50000000e-02
8.04800000e+03 1.01077704e+00 1.50000000e-02
8.05000000e+03 9.84492363e-01 1.50000000e-02
8.05200000e+03 9.87123367e-01 1.50000000e-02
8.05400000e+03 1.01492687e+00 1.50000000e-02
8.05600000e+03 9.93226082e-01 1.50000000e-02
8.05800000e+03 9.80712629e-01 1.50000000e-02
8.06000000e+03 1.01229928e+00 1.50000000e-02
8.06200000e+03 1.03330889e+00 1.50000000e-02
8.06400000e+03 9.94597095e-01 1.50000000e-02
8.06600000e+03 1.01661220e+00 1.50000000e-02
8.06800000e+03 9.93599018e-01 1.50000000e-02
8.07000000e+03 1.01675070e+00 1.50000000e-02
8.07200000e+03 9.93175014e-01 1.50000000e-02
8.07400000e+03 1.01709343e+00 1.50000000e-02
8.07600000e+03 1.00557841e+00 1.50000000e-02
8.07800000e+03 9.94959769e-01 1.50000000e-02
8.08000000e+03 1.00153465e+00 1.50000000e-02
8.08200000e+03 9.90102741e-01 1.50000000e-02
8.08400000e+03 9.81575470e-01 1.50000000e-02
8.08600000e+03 9.82840518e-01 1.50000000e-02
8.08800000e+03 9.98042625e-01 1.50000000e-02
8.09000000e+03 9.83220633e-01 1.50000000e-02
8.09200000e+03 1.00587838e+00 1.50000000e-02
8.09400000e+03 1.00741983e+00 1.50000000e-02
8.09600000e+03 1.00666620e+00 1.50000000e-02
8.09800000e+03 9.92294738e-01 1.50000000e-02
8.10000000e+03 1.00072881e+00 1.50000000e-02
8.10200000e+03 9.99612913e-01 1.50000000e-02
8.10400000e+03 1.01994784e+00 1.50000000e-02
8.10600000e+03 9.88090175e-01 1.50000000e-02
8.10800000e+03 9.94511801e-01 1.50000000e-02
8.11000000e+03 9.96855099e-01 1.50000000e-02
8.11200000e+03 9.98287754e-01 1.50000000e-02
8.11400000e+03 9.89251592e-01 1.50000000e-02
8.11600000e+03 9.91118985e-01 1.50000000e-02
8.11800000e+03 1.01585097e+00 1.50000000e-02
8.12000000e+03 9.91077488e-01 1.50000000e-02
8.12200000e+03 1.01446331e+00 1.50000000e-02
8.12400000e+03 1.03127802e+00 1.50000000e-02
8.12600000e+03 1.01995999e+00 1.50000000e-02
8.12800000e+03 9.73680679e-01 1.50000000e-02
8.13000000e+03 1.01244578e+00 1.50000000e-02
8.13200000e+03 1.00804283e+00 1.50000000e-02
8.13400000e+03 1.00905458e+00 1.50000000e-02
8.13600000e+03 9.76498475e-01 1.50000000e-02
8.13800000e+03 1.01230968e+00 1.50000000e-02
8.14000000e+03 9.84585023e-01 1.50000000e-02
8.14200000e+03 1.02035408e+00 1.50000000e-02
8.14400000e+03 1.01701966e+00 1.50000000e-02
8.14600000e+03 1.03918841e+00 1.50000000e-02
8.14800000e+03 9.95130908e-01 1.50000000e-02
8.15000000e+03 9.78046775e-01 1.50000000e-02
8.15200000e+03 1.01665074e+00 1.50000000e-02
8.15400000e+03 1.01403058e+00 1.50000000e-02
8.15600000e+03 9.95170947e-01 1.50000000e-02
8.15800000e+03 1.02132935e+00 1.50000000e-02
8.16000000e+03 1.01125165e+00 1.50000000e-02
8.16200000e+03 9.81586730e-01 1.50000000e-02
8.16400000e+03 9.95636030e-01 1.50000000e-02
8.16600000e+03 9.94217653e-01 1.50000000e-02
8.16800000e+03 9.99264391e-01 1.50000000e-02
8.17000000e+03 1.00379183e+00 1.50000000e-02
8.17200000e+03 9.90471921e-01 1.50000000e-02
8.17400000e+03 9.97946627e-01 1.50000000e-02
8.17600000e+03 1.00975604e+00 1.50000000e-02
8.17800000e+03 9.99801807e-01 1.50000000e-02
8.18000000e+03 9.96850652e-01 1.50000000e-02
8.18200000e+03 9.96334050e-01 1.50000000e-02
8.18400000e+03 9.99399407e-01 1.50000000e-02
8.18600000e+03 9.72165926e-01 1.50000000e-02
8.18800000e+03 1.00330928e+00 1.50000000e-02
8.19000000e+03 9.85471540e-01 1.50000000e-02
8.19200000e+03 1.00249432e+00 1.50000000e-02
8.19400000e+03 9.78816900e-01 1.50000000e-02
8.19600000e+03 1.01473725e+00 1.50000000e-02
8.19800000e+03 1.00445809e+00 1.50000000e-02
8.20000000e+03 9.80633166e-01 1.50000000e-02
8.20200000e+03 1.00446346e+00 1.50000000e-02
8.20400000e+03 9.89509163e-01 1.50000000e-02
8.20600000e+03 1.02793019e+00 1.50000000e-02
8.20800000e+03 1.00827705e+00 1.50000000e-02
8.21000000e+03 9.88962108e-01 1.50000000e-02
8.21200000e+03 1.00429618e+00 1.50000000e-02
8.21400000e+03 1.00043821e+00 1.50000000e-02
8.21600000e+03 1.01890855e+00 1.50000000e-02
8.21800000e+03 1.00630167e+00 1.50000000e-02
8.22000000e+03 1.00866338e+00 1.50000000e-02
8.22200000e+03 9.84187278e-01 1.50000000e-02
8.22400000e+03 1.01286327e+00 1.50000000e-02
8.22600000e+03 1.03239750e+00 1.50000000e-02
8.22800000e+03 1.01055055e+00 1.50000000e-02
8.23000000e+03 1.00040526e+00 1.50000000e-02
8.23200000e+03 1.00346062e+00 1.50000000e-02
8.23400000e+03 9.86709554e-01 1.50000000e-02
8.23600000e+03 1.00380011e+00 1.50000000e-02
8.23800000e+03 9.84534663e-01 1.50000000e-02
8.24000000e+03 1.00167653e+00 1.50000000e-02
8.24200000e+03 9.95195199e-01 1.50000000e-02
8.24400000e+03 9.88556919e-01 1.50000000e-02
8.24600000e+03 1.00972995e+00 1.50000000e-02
8.24800000e+03 9.78679775e-01 1.50000000e-02
8.25000000e+03 1.00042319e+00 1.50000000e-02
8.25200000e+03 9.81152489e-01 1.50000000e-02
8.25400000e+03 1.02848912e+00 1.50000000e-02
8.25600000e+03 1.03066490e+00 1.50000000e-02
8.25800000e+03 1.01373734e+00 1.50000000e-02
8.26000000e+03 1.02950108e+00 1.50000000e-02
8.26200000e+03 1.00993725e+00 1.50000000e-02
8.26400000e+03 1.00917316e+00 1.50000000e-02
8.26600000e+03 9.94652156e-01 1.50000000e-02
8.26800000e+03 9.87596390e-01 1.50000000e-02
8.27000000e+03 1.00294332e+00 1.50000000e-02
8.27200000e+03 9.92990219e-01 1.50000000e-02
8.27400000e+03 9.94450712e-01 1.50000000e-02
8.27600000e+03 1.01195321e+00 1.50000000e-02
8.27800000e+03 9.99098929e-01 1.50000000e-02
8.28000000e+03 9.77595716e-01 1.50000000e-02
8.28200000e+03 9.97752788e-01 1.50000000e-02
8.28400000e+03 9.89542489e-01 1.50000000e-02
8.28600000e+03 9.96568273e-01 1.50000000e-02
8.28800000e+03 9.84515991e-01 1.50000000e-02
8.29000000e+03 1.01898176e+00 1.50000000e-02
8.29200000e+03 1.02951978e+00 1.50000000e-02
8.29400000e+03 9.84299112e-01 1.50000000e-02
8.29600000e+03 1.01069982e+00 1.50000000e-02
8.29800000e+03 1.00993791e+00 1.50000000e-02
8.30000000e+03 9.84848519e-01 1.50000000e-02
8.30200000e+03 1.00247952e+00 1.50000000e-02
8.30400000e+03 1.02212685e+00 1.50000000e-02
8.30600000e+03 1.01365865e+00 1.50000000e-02
8.30800000e+03 1.02523502e+00 1.50000000e-02
8.31000000e+03 9.83380355e-01 1.50000000e-02
8.31200000e+03 9.89726382e-01 1.50000000e-02
8.31400000e+03 1.00528312e+00 1.50000000e-02
8.31600000e+03 1.00621525e+00 1.50000000e-02
8.31800000e+03 1.00125192e+00 1.50000000e-02
8.32000000e+03 9.95067696e-01 1.50000000e-02
8.32200000e+03 9.94699749e-01 1.50000000e-02
8.32400000e+03 9.91727571e-01 1.50000000e-02
8.32600000e+03 1.00759434e+00 1.50000000e-02
8.32800000e+03 9.59420238e-01 1.50000000e-02
8.33000000e+03 1.02480005e+00 1.50000000e-02
8.33200000e+03 9.92874270e-01 1.50000000e-02
8.33400000e+03 9.79321106e-01 1.50000000e-02
8.33600000e+03 1.00893120e+00 1.50000000e-02
8.33800000e+03 9.79671674e-01 1.50000000e-02
8.34000000e+03 1.00652847e+00 1.50000000e-02
8.34200000e+03 9.94695835e-01 1.50000000e-02
8.34400000e+03 1.00956765e+00 1.50000000e-02
8.34600000e+03 1.01253229e+00 1.50000000e-02
8.34800000e+03 1.02009710e+00 1.50000000e-02
8.35000000e+03 9.93230524e-01 1.50000000e-02
8.35200000e+03 9.96278918e-01 1.50000000e-02
8.35400000e+03 1.00044795e+00 1.50000000e-02
8.35600000e+03 9.79398386e-01 1.50000000e-02
8.35800000e+03 1.00950440e+00 1.50000000e-02
8.36000000e+03 1.00253062e+00 1.50000000e-02
8.36200000e+03 9.80480162e-01 1.50000000e-02
8.36400000e+03 1.01873742e+00 1.50000000e-02
8.36600000e+03 1.02106250e+00 1.50000000e-02
8.36800000e+03 9.80810864e-01 1.50000000e-02
8.37000000e+03 1.00914295e+00 1.50000000e-02
8.37200000e+03 1.01931503e+00 1.50000000e-02
8.37400000e+03 1.01314738e+00 1.50000000e-02
8.37600000e+03 9.85825118e-01 1.50000000e-02
8.37800000e+03 9.79571618e-01 1.50000000e-02
8.38000000e+03 9.98789946e-01 1.50000000e-02
8.38200000e+03 9.93071559e-01 1.50000000e-02
8.38400000e+03 1.00038559e+00 1.50000000e-02
8.38600000e+03 9.98953323e-01 1.50000000e-02
8.38800000e+03 1.00840009e+00 1.50000000e-02
8.39000000e+03 9.92071475e-01 1.50000000e-02
8.39200000e+03 9.98044907e-01 1.50000000e-02
8.39400000e+03 1.04498595e+00 1.50000000e-02
8.39600000e+03 9.98508529e-01 1.50000000e-02
8.39800000e+03 1.01149410e+00 1.50000000e-02
8.40000000e+03 1.00476340e+00 1.50000000e-02
8.40200000e+03 1.00369732e+00 1.50000000e-02
8.40400000e+03 9.86737975e-01 1.50000000e-02
8.40600000e+03 1.00831432e+00 1.50000000e-02
8.40800000e+03 9.99626618e-01 1.50000000e-02
8.41000000e+03 1.01265508e+00 1.50000000e-02
8.41200000e+03 1.03115371e+00 1.50000000e-02
8.41400000e+03 1.00314798e+00 1.50000000e-02
8.41600000e+03 1.01179455e+00 1.50000000e-02
8.41800000e+03 9.85015380e-01 1.50000000e-02
8.42000000e+03 1.00211628e+00 1.50000000e-02
8.42200000e+03 1.02363074e+00 1.50000000e-02
8.42400000e+03 9.99455826e-01 1.50000000e-02
8.42600000e+03 9.90795762e-01 1.50000000e-02
8.42800000e+03 1.00344406e+00 1.50000000e-02
8.43000000e+03 9.97574731e-01 1.50000000e-02
8.43200000e+03 9.96733527e-01 1.50000000e-02
8.43400000e+03 9.94750201e-01 1.50000000e-02
8.43600000e+03 1.03013749e+00 1.50000000e-02
8.43800000e+03 9.87270727e-01 1.50000000e-02
8.44000000e+03 9.94140381e-01 1.50000000e-02
8.44200000e+03 9.91776395e-01 1.50000000e-02
8.44400000e+03 1.01893167e+00 1.50000000e-02
8.44600000e+03 9.96145388e-01 1.50000000e-02
8.44800000e+03 1.01989189e+00 1.50000000e-02
8.45000000e+03 1.00282330e+00 1.50000000e-02
8.45200000e+03 9.99973818e-01 1.50000000e-02
8.45400000e+03 9.78411811e-01 1.50000000e-02
8.45600000e+03 1.01849247e+00 1.50000000e-02
8.45800000e+03 1.00843501e+00 1.50000000e-02
8.46000000e+03 1.00639507e+00 1.50000000e-02
8.46200000e+03 9.98557355e-01 1.50000000e-02
8.46400000e+03 9.94067970e-01 1.50000000e-02
8.46600000e+03 9.81296684e-01 1.50000000e-02
8.46800000e+03 1.01450395e+00 1.50000000e-02
8.47000000e+03 1.00435180e+00 1.50000000e-02
8.47200000e+03 9.94930867e-01 1.50000000e-02
8.47400000e+03 9.90862327e-01 1.50000000e-02
8.47600000e+03 1.00205850e+00 1.50000000e-02
8.47800000e+03 9.98955076e-01 1.50000000e-02
8.48000000e+03 1.02496165e+00 1.50000000e-02
8.48200000e+03 1.01192774e+00 1.50000000e-02
8.48400000e+03 9.91379088e-01 1.50000000e-02
8.48600000e+03 9.83737079e-01 1.50000000e-02
8.48800000e+03 9.96783142e-01 1.50000000e-02
8.49000000e+03 9.86649316e-01 1.50000000e-02
8.49200000e+03 1.00146613e+00 1.50000000e-02
8.49400000e+03 1.00639085e+00 1.50000000e-02
8.49600000e+03 1.00987953e+00 1.50000000e-02
8.49800000e+03 1.00658640e+00 1.50000000e-02
8.50000000e+03 9.97496954e-01 1.50000000e-02
8.50200000e+03 1.00937041e+00 1.50000000e-02
8.50400000e+03 9.87036276e-01 1.50000000e-02
8.50600000e+03 9.99207640e-01 1.50000000e-02
8.50800000e+03 1.01257925e+00 1.50000000e-02
8.51000000e+03 1.00472058e+00 1.50000000e-02
8.51200000e+03 9.81341124e-01 1.50000000e-02
8.51400000e+03 9.83090239e-01 1.50000000e-02
8.51600000e+03 9.76200089e-01 1.50000000e-02
8.51800000e+03 1.02749589e+00 1.50000000e-02
8.52000000e+03 9.77196857e-01 1.50000000e-02
8.52200000e+03 9.98379520e-01 1.50000000e-02
8.52400000e+03 1.02800869e+00 1.50000000e-02
8.52600000e+03 1.01662471e+00 1.50000000e-02
8.52800000e+03 1.02023220e+00 1.50000000e-02
8.53000000e+03 9.92995715e-01 1.50000000e-02
8.53200000e+03 1.01157183e+00 1.50000000e-02
8.53400000e+03 1.04617275e+00 1.50000000e-02
8.53600000e+03 9.99948577e-01 1.50000000e-02
8.53800000e+03 1.00670210e+00 1.50000000e-02
8.54000000e+03 9.95776060e-01 1.50000000e-02
8.54200000e+03 1.00031189e+00 1.50000000e-02
8.54400000e+03 1.00612038e+00 1.50000000e-02
8.54600000e+03 1.02132063e+00 1.50000000e-02
8.54800000e+03 9.87017879e-01 1.50000000e-02
8.55000000e+03 9.79099176e-01 1.50000000e-02
8.55200000e+03 1.00091645e+00 1.50000000e-02
8.55400000e+03 1.00361545e+00 1.50000000e-02
8.55600000e+03 1.02170836e+00 1.50000000e-02
8.55800000e+03 1.01130651e+00 1.50000000e-02
8.56000000e+03 9.91178394e-01 1.50000000e-02
8.56200000e+03 1.00904737e+00 1.50000000e-02
8.56400000e+03 1.01728964e+00 1.50000000e-02
8.56600000e+03 1.00484143e+00 1.50000000e-02
8.56800000e+03 9.95451137e-01 1.50000000e-02
8.57000000e+03 1.01069799e+00 1.50000000e-02
8.57200000e+03 9.95222685e-01 1.50000000e-02
8.57400000e+03 9.72534559e-01 1.50000000e-02
8.57600000e+03 1.02050169e+00 1.50000000e-02
8.57800000e+03 9.81184682e-01 1.50000000e-02
8.58000000e+03 9.95501281e-01 1.50000000e-02
8.58200000e+03 9.95772519e-01 1.50000000e-02
8.58400000e+03 9.95474786e-01 1.50000000e-02
8.58600000e+03 9.96222947e-01 1.50000000e-02
8.58800000e+03 9.78880438e-01 1.50000000e-02
8.59000000e+03 1.00836066e+00 1.50000000e-02
8.59200000e+03 1.00087487e+00 1.50000000e-02
8.59400000e+03 1.00104314e+00 1.50000000e-02
8.59600000e+03 1.01652262e+00 1.50000000e-02
8.59800000e+03 1.01693034e+00 1.50000000e-02
8.60000000e+03 1.02051287e+00 1.50000000e-02
8.60200000e+03 1.02818252e+00 1.50000000e-02
8.60400000e+03 1.00721911e+00 1.50000000e-02
8.60600000e+03 9.77346756e-01 1.50000000e-02
8.60800000e+03 1.00361094e+00 1.50000000e-02
8.61000000e+03 1.00061220e+00 1.50000000e-02
8.61200000e+03 1.00145298e+00 1.50000000e-02
8.61400000e+03 9.91412709e-01 1.50000000e-02
8.61600000e+03 9.87085387e-01 1.50000000e-02
8.61800000e+03 1.01236489e+00 1.50000000e-02
8.62000000e+03 1.01496780e+00 1.50000000e-02
8.62200000e+03 9.83651687e-01 1.50000000e-02
8.62400000e+03 1.00851255e+00 1.50000000e-02
8.62600000e+03 9.97883642e-01 1.50000000e-02
8.62800000e+03 9.94601396e-01 1.50000000e-02
8.63000000e+03 1.01068144e+00 1.50000000e-02
8.63200000e+03 9.99645847e-01 1.50000000e-02
8.63400000e+03 9.92096567e-01 1.50000000e-02
8.63600000e+03 1.00123991e+00 1.50000000e-02
8.63800000e+03 9.70444739e-01 1.50000000e-02
8.64000000e+03 9.91498301e-01 1.50000000e-02
8.64200000e+03 9.93774598e-01 1.50000000e-02
8.64400000e+03 9.79384390e-01 1.50000000e-02
8.64600000e+03 1.00299481e+00 1.50000000e-02
8.64800000e+03 1.00435421e+00 1.50000000e-02
8.65000000e+03 9.91264490e-01 1.50000000e-02
8.65200000e+03 9.97723870e-01 1.50000000e-02
8.65400000e+03 1.01035738e+00 1.50000000e-02
8.65600000e+03 1.01614265e+00 1.50000000e-02
8.65800000e+03 9.88830939e-01 1.50000000e-02
8.66000000e+03 1.00530365e+00 1.50000000e-02
8.66200000e+03 1.01576149e+00 1.50000000e-02
8.66400000e+03 9.99735946e-01 1.50000000e-02
8.66600000e+03 9.88598536e-01 1.50000000e-02
8.66800000e+03 9.88655401e-01 1.50000000e-02
8.67000000e+03 9.95306859e-01 1.50000000e-02
8.67200000e+03 9.84629926e-01 1.50000000e-02
8.67400000e+03 1.03030101e+00 1.50000000e-02
8.67600000e+03 9.91546086e-01 1.50000000e-02
8.67800000e+03 1.00575579e+00 1.50000000e-02
8.68000000e+03 1.00281953e+00 1.50000000e-02
8.68200000e+03 1.00961496e+00 1.50000000e-02
8.68400000e+03 9.94268235e-01 1.50000000e-02
8.68600000e+03 9.80552794e-01 1.50000000e-02
8.68800000e+03 1.02459576e+00 1.50000000e-02
8.69000000e+03 9.98837210e-01 1.50000000e-02
8.69200000e+03 1.00175497e+00 1.50000000e-02
8.69400000e+03 1.00300540e+00 1.50000000e-02
8.69600000e+03 1.01892519e+00 1.50000000e-02
8.69800000e+03 1.01153602e+00 1.50000000e-02
8.70000000e+03 1.01761096e+00 1.50000000e-02
8.70200000e+03 1.01234249e+00 1.50000000e-02
8.70400000e+03 1.00230770e+00 1.50000000e-02
8.70600000e+03 1.00382903e+00 1.50000000e-02
8.70800000e+03 9.88873523e-01 1.50000000e-02
8.71000000e+03 9.70942650e-01 1.50000000e-02
8.71200000e+03 9.96433478e-01 1.50000000e-02
8.71400000e+03 9.83930023e-01 1.50000000e-02
8.71600000e+03 1.03882959e+00 1.50000000e-02
8.71800000e+03 1.02340633e+00 1.50000000e-02
8.72000000e+03 1.01758279e+00 1.50000000e-02
8.72200000e+03 9.91762277e-01 1.50000000e-02
8.72400000e+03 1.03090476e+00 1.50000000e-02
8.72600000e+03 9.74460502e-01 1.50000000e-02
8.72800000e+03 9.81896654e-01 1.50000000e-02
8.73000000e+03 9.88310155e-01 1.50000000e-02
8.73200000e+03 9.85653206e-01 1.50000000e-02
8.73400000e+03 1.00201108e+00 1.50000000e-02
8.73600000e+03 1.00293111e+00 1.50000000e-02
8.73800000e+03 1.02867320e+00 1.50000000e-02
8.74000000e+03 1.01498409e+00 1.50000000e-02
8.74200000e+03 1.01833668e+00 1.50000000e-02
8.74400000e+03 1.00630042e+00 1.50000000e-02
8.74600000e+03 9.97815117e-01 1.50000000e-02
8.74800000e+03 9.89727667e-01 1.50000000e-02
8.75000000e+03 9.77386658e-01 1.50000000e-02
8.75200000e+03 9.86977873e-01 1.50000000e-02
8.75400000e+03 9.94310840e-01 1.50000000e-02
8.75600000e+03 1.01146604e+00 1.50000000e-02
8.75800000e+03 9.74727009e-01 1.50000000e-02
8.76000000e+03 9.79529306e-01 1.50000000e-02
8.76200000e+03 1.00331597e+00 1.50000000e-02
8.76400000e+03 9.84289235e-01 1.50000000e-02
8.76600000e+03 1.00505428e+00 1.50000000e-02
8.76800000e+03 9.93847381e-01 1.50000000e-02
8.77000000e+03 9.88745719e-01 1.50000000e-02
8.77200000e+03 9.80026455e-01 1.50000000e-02
8.77400000e+03 9.98612833e-01 1.50000000e-02
8.77600000e+03 9.89091384e-01 1.50000000e-02
8.77800000e+03 9.90826978e-01 1.50000000e-02
8.78000000e+03 9.90461448e-01 1.50000000e-02
8.78200000e+03 1.00281518e+00 1.50000000e-02
8.78400000e+03 1.00223844e+00 1.50000000e-02
8.78600000e+03 9.74306182e-01 1.50000000e-02
8.78800000e+03 9.97592653e-01 1.50000000e-02
8.79000000e+03 1.00598099e+00 1.50000000e-02
8.79200000e+03 1.01559193e+00 1.50000000e-02
8.79400000e+03 1.01174915e+00 1.50000000e-02
8.79600000e+03 1.00314316e+00 1.50000000e-02
8.79800000e+03 9.82863257e-01 1.50000000e-02
8.80000000e+03 9.88450903e-01 1.50000000e-02
8.80200000e+03 1.01371823e+00 1.50000000e-02
8.80400000e+03 9.89467507e-01 1.50000000e-02
8.80600000e+03 1.01539397e+00 1.50000000e-02
8.80800000e+03 1.01910951e+00 1.50000000e-02
8.81000000e+03 9.84067360e-01 1.50000000e-02
8.81200000e+03 1.00660922e+00 1.50000000e-02
8.81400000e+03 9.98318903e-01 1.50000000e-02
8.81600000e+03 1.03041555e+00 1.50000000e-02
8.81800000e+03 1.01257069e+00 1.50000000e-02
8.82000000e+03 9.92343109e-01 1.50000000e-02
8.82200000e+03 1.00610963e+00 1.50000000e-02
8.82400000e+03 9.86234744e-01 1.50000000e-02
8.82600000e+03 9.97727762e-01 1.50000000e-02
8.82800000e+03 1.00307484e+00 1.50000000e-02
8.83000000e+03 1.00224057e+00 1.50000000e-02
8.83200000e+03 1.00461653e+00 1.50000000e-02
8.83400000e+03 9.86395895e-01 1.50000000e-02
8.83600000e+03 9.72200804e-01 1.50000000e-02
8.83800000e+03 9.94556278e-01 1.50000000e-02
8.84000000e+03 9.86614642e-01 1.50000000e-02
8.84200000e+03 9.89497238e-01 1.50000000e-02
8.84400000e+03 1.03206004e+00 1.50000000e-02
8.84600000e+03 1.01744332e+00 1.50000000e-02
8.84800000e+03 9.97383233e-01 1.50000000e-02
8.85000000e+03 9.78498468e-01 1.50000000e-02
8.85200000e+03 9.80527063e-01 1.50000000e-02
8.85400000e+03 1.00541794e+00 1.50000000e-02
8.85600000e+03 1.01604023e+00 1.50000000e-02
8.85800000e+03 9.95672276e-01 1.50000000e-02
8.86000000e+03 1.00202650e+00 1.50000000e-02
8.86200000e+03 1.00382209e+00 1.50000000e-02
8.86400000e+03 1.01599290e+00 1.50000000e-02
8.86600000e+03 9.71792930e-01 1.50000000e-02
8.86800000e+03 1.00233928e+00 1.50000000e-02
8.87000000e+03 1.00608296e+00 1.50000000e-02
8.87200000e+03 1.01425138e+00 1.50000000e-02
8.87400000e+03 1.00594207e+00 1.50000000e-02
8.87600000e+03 9.83489547e-01 1.50000000e-02
8.87800000e+03 9.91291696e-01 1.50000000e-02
8.88000000e+03 9.77137261e-01 1.50000000e-02
8.88200000e+03 1.00289804e+00 1.50000000e-02
8.88400000e+03 1.00288540e+00 1.50000000e-02
8.88600000e+03 1.00767747e+00 1.50000000e-02
8.88800000e+03 9.85451920e-01 1.50000000e-02
8.89000000e+03 9.82896540e-01 1.50000000e-02
8.89200000e+03 1.02288398e+00 1.50000000e-02
8.89400000e+03 1.00273273e+00 1.50000000e-02
8.89600000e+03 1.02619005e+00 1.50000000e-02
8.89800000e+03 1.00659166e+00 1.50000000e-02
8.90000000e+03 9.78074393e-01 1.50000000e-02
8.90200000e+03 1.01208125e+00 1.50000000e-02
8.90400000e+03 1.01852695e+00 1.50000000e-02
8.90600000e+03 9.93239148e-01 1.50000000e-02
8.90800000e+03 9.71130120e-01 1.50000000e-02
8.91000000e+03 1.00997862e+00 1.50000000e-02
8.91200000e+03 9.97894711e-01 1.50000000e-02
8.91400000e+03 1.00416390e+00 1.50000000e-02
8.91600000e+03 9.59702321e-01 1.50000000e-02
8.91800000e+03 1.00685688e+00 1.50000000e-02
8.92000000e+03 9.58742263e-01 1.50000000e-02
8.92200000e+03 9.86988905e-01 1.50000000e-02
8.92400000e+03 1.01328852e+00 1.50000000e-02
8.92600000e+03 9.72632843e-01 1.50000000e-02
8.92800000e+03 9.72042959e-01 1.50000000e-02
8.93000000e+03 9.93253315e-01 1.50000000e-02
8.93200000e+03 1.02469990e+00 1.50000000e-02
8.93400000e+03 1.02423478e+00 1.50000000e-02
8.93600000e+03 9.90875762e-01 1.50000000e-02
8.93800000e+03 1.01499284e+00 1.50000000e-02
8.94000000e+03 1.00868374e+00 1.50000000e-02
8.94200000e+03 1.00391472e+00 1.50000000e-02
8.94400000e+03 1.00531582e+00 1.50000000e-02
8.94600000e+03 9.89108368e-01 1.50000000e-02
8.94800000e+03 1.01200066e+00 1.50000000e-02
8.95000000e+03 1.01589952e+00 1.50000000e-02
8.95200000e+03 1.04049867e+00 1.50000000e-02
8.95400000e+03 1.01372794e+00 1.50000000e-02
8.95600000e+03 9.63179204e-01 1.50000000e-02
8.95800000e+03 9.81893473e-01 1.50000000e-02
8.96000000e+03 1.00495157e+00 1.50000000e-02
8.96200000e+03 1.00097604e+00 1.50000000e-02
8.96400000e+03 9.72033858e-01 1.50000000e-02
8.96600000e+03 9.97840500e-01 1.50000000e-02
8.96800000e+03 9.94559261e-01 1.50000000e-02
8.97000000e+03 9.99185819e-01 1.50000000e-02
8.97200000e+03 9.98091017e-01 1.50000000e-02
8.97400000e+03 1.01373572e+00 1.50000000e-02
8.97600000e+03 1.02189256e+00 1.50000000e-02
8.97800000e+03 1.01017957e+00 1.50000000e-02
8.98000000e+03 9.83270548e-01 1.50000000e-02
8.98200000e+03 9.86977346e-01 1.50000000e-02
8.98400000e+03 9.89995826e-01 1.50000000e-02
8.98600000e+03 9.99085825e-01 1.50000000e-02
8.98800000e+03 9.93531777e-01 1.50000000e-02
8.99000000e+03 9.94683924e-01 1.50000000e-02
8.99200000e+03 9.86097072e-01 1.50000000e-02
8.99400000e+03 1.01417382e+00 1.50000000e-02
8.99600000e+03 1.01270773e+00 1.50000000e-02
8.99800000e+03 1.01425602e+00 1.50000000e-02
9.00000000e+03 9.98734573e-01 1.50000000e-02
9.00200000e+03 1.00676318e+00 1.50000000e-02
9.00400000e+03 9.86274932e-01 1.50000000e-02
9.00600000e+03 9.84764908e-01 1.50000000e-02
9.00800000e+03 9.91786151e-01 1.50000000e-02
9.01000000e+03 1.00871777e+00 1.50000000e-02
9.01200000e+03 9.97713865e-01 1.50000000e-02
9.01400000e+03 9.82818119e-01 1.50000000e-02
9.01600000e+03 1.00134963e+00 1.50000000e-02
9.01800000e+03 1.00629779e+00 1.50000000e-02
9.02000000e+03 1.00240493e+00 1.50000000e-02
9.02200000e+03 9.89964399e-01 1.50000000e-02
9.02400000e+03 1.00093125e+00 1.50000000e-02
9.02600000e+03 9.93641576e-01 1.50000000e-02
9.02800000e+03 9.95083141e-01 1.50000000e-02
9.03000000e+03 9.98624605e-01 1.50000000e-02
9.03200000e+03 1.01127057e+00 1.50000000e-02
9.03400000e+03 1.02734933e+00 1.50000000e-02
9.03600000e+03 1.02335116e+00 1.50000000e-02
9.03800000e+03 1.00940115e+00 1.50000000e-02
9.04000000e+03 9.93976238e-01 1.50000000e-02
9.04200000e+03 9.95349596e-01 1.50000000e-02
9.04400000e+03 9.95994731e-01 1.50000000e-02
9.04600000e+03 1.01726561e+00 1.50000000e-02
9.04800000e+03 9.58520210e-01 1.50000000e-02
9.05000000e+03 1.00386703e+00 1.50000000e-02
9.05200000e+03 9.70112659e-01 1.50000000e-02
9.05400000e+03 9.99941947e-01 1.50000000e-02
9.05600000e+03 1.01986817e+00 1.50000000e-02
9.05800000e+03 9.86335885e-01 1.50000000e-02
9.06000000e+03 9.65756984e-01 1.50000000e-02
9.06200000e+03 1.01945681e+00 1.50000000e-02
9.06400000e+03 1.02258734e+00 1.50000000e-02
9.06600000e+03 1.00747866e+00 1.50000000e-02
9.06800000e+03 1.01882902e+00 1.50000000e-02
9.07000000e+03 9.87962653e-01 1.50000000e-02
9.07200000e+03 1.01758922e+00 1.50000000e-02
9.07400000e+03 1.02550936e+00 1.50000000e-02
9.07600000e+03 1.00960268e+00 1.50000000e-02
9.07800000e+03 1.00421596e+00 1.50000000e-02
9.08000000e+03 1.01924933e+00 1.50000000e-02
9.08200000e+03 1.01697921e+00 1.50000000e-02
9.08400000e+03 9.88767589e-01 1.50000000e-02
9.08600000e+03 1.02040040e+00 1.50000000e-02
9.08800000e+03 1.01116930e+00 1.50000000e-02
9.09000000e+03 1.00238042e+00 1.50000000e-02
9.09200000e+03 1.01955578e+00 1.50000000e-02
9.09400000e+03 1.01388179e+00 1.50000000e-02
9.09600000e+03 1.01118902e+00 1.50000000e-02
9.09800000e+03 9.92382277e-01 1.50000000e-02
9.10000000e+03 1.01250212e+00 1.50000000e-02
9.10200000e+03 9.83372284e-01 1.50000000e-02
9.10400000e+03 9.98103263e-01 1.50000000e-02
9.10600000e+03 9.74601081e-01 1.50000000e-02
9.10800000e+03 9.74434122e-01 1.50000000e-02
9.11000000e+03 1.00664584e+00 1.50000000e-02
9.11200000e+03 9.98769900e-01 1.50000000e-02
9.11400000e+03 1.00127132e+00 1.50000000e-02
9.11600000e+03 1.00887925e+00 1.50000000e-02
9.11800000e+03 1.00524976e+00 1.50000000e-02
9.12000000e+03 9.86704235e-01 1.50000000e-02
9.12200000e+03 1.00110148e+00 1.50000000e-02
9.12400000e+03 9.98993947e-01 1.50000000e-02
9.12600000e+03 9.92200444e-01 1.50000000e-02
9.12800000e+03 9.98131773e-01 1.50000000e-02
9.13000000e+03 9.94518760e-01 1.50000000e-02
9.13200000e+03 9.90263367e-01 1.50000000e-02
9.13400000e+03 9.94986091e-01 1.50000000e-02
9.13600000e+03 1.00352473e+00 1.50000000e-02
9.13800000e+03 1.03094838e+00 1.50000000e-02
9.14000000e+03 9.87745263e-01 1.50000000e-02
9.14200000e+03 1.00782876e+00 1.50000000e-02
9.14400000e+03 9.78080069e-01 1.50000000e-02
9.14600000e+03 1.02385037e+00 1.50000000e-02
9.14800000e+03 9.94999370e-01 1.50000000e-02
9.15000000e+03 1.00208313e+00 1.50000000e-02
9.15200000e+03 1.01916129e+00 1.50000000e-02
9.15400000e+03 1.01481516e+00 1.50000000e-02
9.15600000e+03 9.77622109e-01 1.50000000e-02
9.15800000e+03 1.00832789e+00 1.50000000e-02
9.16000000e+03 9.96589116e-01 1.50000000e-02
9.16200000e+03 1.00928685e+00 1.50000000e-02
9.16400000e+03 1.00228577e+00 1.50000000e-02
9.16600000e+03 1.01104059e+00 1.50000000e-02
9.16800000e+03 1.00437933e+00 1.50000000e-02
9.17000000e+03 9.97902185e-01 1.50000000e-02
9.17200000e+03 1.01765468e+00 1.50000000e-02
9.17400000e+03 9.76839301e-01 1.50000000e-02
9.17600000e+03 9.93504099e-01 1.50000000e-02
9.17800000e+03 9.85666015e-01 1.50000000e-02
9.18000000e+03 9.97841927e-01 1.50000000e-02
9.18200000e+03 9.93550859e-01 1.50000000e-02
9.18400000e+03 9.97779280e-01 1.50000000e-02
9.18600000e+03 9.92643427e-01 1.50000000e-02
9.18800000e+03 9.92956030e-01 1.50000000e-02
9.19000000e+03 9.75339226e-01 1.50000000e-02
9.19200000e+03 9.99434958e-01 1.50000000e-02
9.19400000e+03 1.00462457e+00 1.50000000e-02
9.19600000e+03 9.91054708e-01 1.50000000e-02
9.19800000e+03 9.90145937e-01 1.50000000e-02
