# synthetic supernova II host_z=0.05 vacuum file-unit flux
4.50000000e+03 1.00283580e+00 1.50000000e-02
4.50200000e+03 9.92158773e-01 1.50000000e-02
4.50400000e+03 9.93804047e-01 1.50000000e-02
4.50600000e+03 9.63377989e-01 1.50000000e-02
4.50800000e+03 1.02699561e+00 1.50000000e-02
4.51000000e+03 1.01716249e+00 1.50000000e-02
4.51200000e+03 9.95118657e-01 1.50000000e-02
4.51400000e+03 1.01160710e+00 1.50000000e-02
4.51600000e+03 1.00421816e+00 1.50000000e-02
4.51800000e+03 9.91692657e-01 1.50000000e-02
4.52000000e+03 1.01466351e+00 1.50000000e-02
4.52200000e+03 9.95341652e-01 1.50000000e-02
4.52400000e+03 9.95067641e-01 1.50000000e-02
4.52600000e+03 9.88117799e-01 1.50000000e-02
4.52800000e+03 1.00682437e+00 1.50000000e-02
4.53000000e+03 9.98512029e-01 1.50000000e-02
4.53200000e+03 1.00817933e+00 1.50000000e-02
4.53400000e+03 9.90892215e-01 1.50000000e-02
4.53600000e+03 1.00190242e+00 1.50000000e-02
4.53800000e+03 9.86615889e-01 1.50000000e-02
4.54000000e+03 1.01262197e+00 1.50000000e-02
4.54200000e+03 1.00282053e+00 1.50000000e-02
4.54400000e+03 1.00495857e+00 1.50000000e-02
4.54600000e+03 1.00615756e+00 1.50000000e-02
4.54800000e+03 9.84838637e-01 1.50000000e-02
4.55000000e+03 1.01174771e+00 1.50000000e-02
4.55200000e+03 1.03085054e+00 1.50000000e-02
4.55400000e+03 9.75423362e-01 1.50000000e-02
4.55600000e+03 9.74058828e-01 1.50000000e-02
4.55800000e+03 9.77427529e-01 1.50000000e-02
4.56000000e+03 1.01262188e+00 1.50000000e-02
4.56200000e+03 1.00193073e+00 1.50000000e-02
4.56400000e+03 1.01617514e+00 1.50000000e-02
4.56600000e+03 1.01083646e+00 1.50000000e-02
4.56800000e+03 1.00315858e+00 1.50000000e-02
4.57000000e+03 1.00426057e+00 1.50000000e-02
4.57200000e+03 9.97453593e-01 1.50000000e-02
4.57400000e+03 1.01302690e+00 1.50000000e-02
4.57600000e+03 9.83054261e-01 1.50000000e-02
4.57800000e+03 9.93672118e-01 1.50000000e-02
4.58000000e+03 1.00364408e+00 1.50000000e-02
4.58200000e+03 1.02702131e+00 1.50000000e-02
4.58400000e+03 9.88533038e-01 1.50000000e-02
4.58600000e+03 9.83814093e-01 1.50000000e-02
4.58800000e+03 9.91550692e-01 1.50000000e-02
4.59000000e+03 1.01453908e+00 1.50000000e-02
4.59200000e+03 9.96474917e-01 1.50000000e-02
4.59400000e+03 1.01986521e+00 1.50000000e-02
4.59600000e+03 9.71912057e-01 1.50000000e-02
4.59800000e+03 1.01692785e+00 1.50000000e-02
4.60000000e+03 1.01552299e+00 1.50000000e-02
4.60200000e+03 9.78720015e-01 1.50000000e-02
4.60400000e+03 1.00230373e+00 1.50000000e-02
4.60600000e+03 1.01823636e+00 1.50000000e-02
4.60800000e+03 1.00131879e+00 1.50000000e-02
4.61000000e+03 1.01499552e+00 1.50000000e-02
4.61200000e+03 1.03562330e+00 1.50000000e-02
4.61400000e+03 1.00410898e+00 1.50000000e-02
4.61600000e+03 9.95794265e-01 1.50000000e-02
4.61800000e+03 9.88434218e-01 1.50000000e-02
4.62000000e+03 1.00972097e+00 1.50000000e-02
4.62200000e+03 9.97049049e-01 1.50000000e-02
4.62400000e+03 9.97318804e-01 1.50000000e-02
4.62600000e+03 9.98421103e-01 1.50000000e-02
4.62800000e+03 1.00974804e+00 1.50000000e-02
4.63000000e+03 9.84004906e-01 1.50000000e-02
4.63200000e+03 9.77051853e-01 1.50000000e-02
4.63400000e+03 9.63491850e-01 1.50000000e-02
4.63600000e+03 1.01798006e+00 1.50000000e-02
4.63800000e+03 1.00110690e+00 1.50000000e-02
4.64000000e+03 1.02265179e+00 1.50000000e-02
4.64200000e+03 9.99865656e-01 1.50000000e-02
4.64400000e+03 9.88867668e-01 1.50000000e-02
4.64600000e+03 1.00716894e+00 1.50000000e-02
4.64800000e+03 9.98851174e-01 1.50000000e-02
4.65000000e+03 9.81187200e-01 1.50000000e-02
4.65200000e+03 9.86724001e-01 1.50000000e-02
4.65400000e+03 1.02650169e+00 1.50000000e-02
4.65600000e+03 1.00531526e+00 1.50000000e-02
4.65800000e+03 1.00624580e+00 1.50000000e-02
4.66000000e+03 9.95851724e-01 1.50000000e-02
4.66200000e+03 9.89654207e-01 1.50000000e-02
4.66400000e+03 1.01337484e+00 1.50000000e-02
4.66600000e+03 9.98430603e-01 1.50000000e-02
4.66800000e+03 9.88613378e-01 1.50000000e-02
4.67000000e+03 9.97988072e-01 1.50000000e-02
4.67200000e+03 9.86415910e-01 1.50000000e-02
4.67400000e+03 1.00285069e+00 1.50000000e-02
4.67600000e+03 1.01693841e+00 1.50000000e-02
4.67800000e+03 9.87458723e-01 1.50000000e-02
4.68000000e+03 1.02142816e+00 1.50000000e-02
4.68200000e+03 9.89985701e-01 1.50000000e-02
4.68400000e+03 1.00230118e+00 1.50000000e-02
4.68600000e+03 9.87454202e-01 1.50000000e-02
4.68800000e+03 9.96666472e-01 1.50000000e-02
4.69000000e+03 1.00071107e+00 1.50000000e-02
4.69200000e+03 9.93479726e-01 1.50000000e-02
4.69400000e+03 9.89456681e-01 1.50000000e-02
4.69600000e+03 9.89831707e-01 1.50000000e-02
4.69800000e+03 9.87682601e-01 1.50000000e-02
4.70000000e+03 9.76448800e-01 1.50000000e-02
4.70200000e+03 9.96055456e-01 1.50000000e-02
4.70400000e+03 1.00601737e+00 1.50000000e-02
4.70600000e+03 1.01362603e+00 1.50000000e-02
4.70800000e+03 1.00970654e+00 1.50000000e-02
4.71000000e+03 1.03686005e+00 1.50000000e-02
4.71200000e+03 1.00478022e+00 1.50000000e-02
4.71400000e+03 9.93154990e-01 1.50000000e-02
4.71600000e+03 1.02807452e+00 1.50000000e-02
4.71800000e+03 9.84291726e-01 1.50000000e-02
4.72000000e+03 1.01452716e+00 1.50000000e-02
4.72200000e+03 9.85672823e-01 1.50000000e-02
4.72400000e+03 1.00531167e+00 1.50000000e-02
4.72600000e+03 9.70474039e-01 1.50000000e-02
4.72800000e+03 1.01348909e+00 1.50000000e-02
4.73000000e+03 9.97626269e-01 1.50000000e-02
4.73200000e+03 9.85484756e-01 1.50000000e-02
4.73400000e+03 1.02517626e+00 1.50000000e-02
4.73600000e+03 1.01148028e+00 1.50000000e-02
4.73800000e+03 1.00068707e+00 1.50000000e-02
4.74000000e+03 9.88818284e-01 1.50000000e-02
4.74200000e+03 9.99349476e-01 1.50000000e-02
4.74400000e+03 9.97540958e-01 1.50000000e-02
4.74600000e+03 1.01087150e+00 1.50000000e-02
4.74800000e+03 1.01197094e+00 1.50000000e-02
4.75000000e+03 9.89983413e-01 1.50000000e-02
4.75200000e+03 9.91759131e-01 1.50000000e-02
4.75400000e+03 9.92018620e-01 1.50000000e-02
4.75600000e+03 9.79759728e-01 1.50000000e-02
4.75800000e+03 9.91125719e-01 1.50000000e-02
4.76000000e+03 9.98613039e-01 1.50000000e-02
4.76200000e+03 1.01036321e+00 1.50000000e-02
4.76400000e+03 1.01980433e+00 1.50000000e-02
4.76600000e+03 9.87873083e-01 1.50000000e-02
4.76800000e+03 1.00826246e+00 1.50000000e-02
4.77000000e+03 9.93330383e-01 1.50000000e-02
4.77200000e+03 1.03112433e+00 1.50000000e-02
4.77400000e+03 9.99264767e-01 1.50000000e-02
4.77600000e+03 1.00752641e+00 1.50000000e-02
4.77800000e+03 9.85950694e-01 1.50000000e-02
4.78000000e+03 9.87831076e-01 1.50000000e-02
4.78200000e+03 1.00301474e+00 1.50000000e-02
4.78400000e+03 9.94225900e-01 1.50000000e-02
4.78600000e+03 1.00528286e+00 1.50000000e-02
4.78800000e+03 9.76552268e-01 1.50000000e-02
4.79000000e+03 1.00990494e+00 1.50000000e-02
4.79200000e+03 9.86476848e-01 1.50000000e-02
4.79400000e+03 1.02579834e+00 1.50000000e-02
4.79600000e+03 9.95626411e-01 1.50000000e-02
4.79800000e+03 1.01640203e+00 1.50000000e-02
4.80000000e+03 9.79005789e-01 1.50000000e-02
4.80200000e+03 1.00634967e+00 1.50000000e-02
4.80400000e+03 9.86576935e-01 1.50000000e-02
4.80600000e+03 9.92572366e-01 1.50000000e-02
4.80800000e+03 1.00021874e+00 1.50000000e-02
4.81000000e+03 9.95062789e-01 1.50000000e-02
4.81200000e+03 1.00374602e+00 1.50000000e-02
4.81400000e+03 1.01095346e+00 1.50000000e-02
4.81600000e+03 1.00947881e+00 1.50000000e-02
4.81800000e+03 9.98314015e-01 1.50000000e-02
4.82000000e+03 9.79103148e-01 1.50000000e-02
4.82200000e+03 9.87400789e-01 1.50000000e-02
4.82400000e+03 9.96435588e-01 1.50000000e-02
4.82600000e+03 9.67429383e-01 1.50000000e-02
4.82800000e+03 1.01040376e+00 1.50000000e-02
4.83000000e+03 9.95371916e-01 1.50000000e-02
4.83200000e+03 9.95015718e-01 1.50000000e-02
4.83400000e+03 1.01280180e+00 1.50000000e-02
4.83600000e+03 1.00835325e+00 1.50000000e-02
4.83800000e+03 1.00137160e+00 1.50000000e-02
4.84000000e+03 9.82717446e-01 1.50000000e-02
4.84200000e+03 1.00202835e+00 1.50000000e-02
4.84400000e+03 1.00214736e+00 1.50000000e-02
4.84600000e+03 9.83207693e-01 1.50000000e-02
4.84800000e+03 1.01158882e+00 1.50000000e-02
4.85000000e+03 1.00294533e+00 1.50000000e-02
4.85200000e+03 9.65090779e-01 1.50000000e-02
4.85400000e+03 9.95684395e-01 1.50000000e-02
4.85600000e+03 9.74007664e-01 1.50000000e-02
4.85800000e+03 1.00903934e+00 1.50000000e-02
4.86000000e+03 1.00299998e+00 1.50000000e-02
4.86200000e+03 9.73113576e-01 1.50000000e-02
4.86400000e+03 9.75029127e-01 1.50000000e-02
4.86600000e+03 9.88315223e-01 1.50000000e-02
4.86800000e+03 9.81529028e-01 1.50000000e-02
4.87000000e+03 1.00613938e+00 1.50000000e-02
4.87200000e+03 9.92340020e-01 1.50000000e-02
4.87400000e+03 9.74754448e-01 1.50000000e-02
4.87600000e+03 9.85205975e-01 1.50000000e-02
4.87800000e+03 9.43391207e-01 1.50000000e-02
4.88000000e+03 9.75617563e-01 1.50000000e-02
4.88200000e+03 9.80811733e-01 1.50000000e-02
4.88400000e+03 9.61717723e-01 1.50000000e-02
4.88600000e+03 9.50064717e-01 1.50000000e-02
4.88800000e+03 9.65240922e-01 1.50000000e-02
4.89000000e+03 9.81878778e-01 1.50000000e-02
4.89200000e+03 9.51021679e-01 1.50000000e-02
4.89400000e+03 9.26284247e-01 1.50000000e-02
4.89600000e+03 9.59619282e-01 1.50000000e-02
4.89800000e+03 9.04280997e-01 1.50000000e-02
4.90000000e+03 9.34222664e-01 1.50000000e-02
4.90200000e+03 9.11850414e-01 1.50000000e-02
4.90400000e+03 9.28137362e-01 1.50000000e-02
4.90600000e+03 8.94734713e-01 1.50000000e-02
4.90800000e+03 9.20341735e-01 1.50000000e-02
4.91000000e+03 8.97715802e-01 1.50000000e-02
4.91200000e+03 8.59771930e-01 1.50000000e-02
4.91400000e+03 8.48282936e-01 1.50000000e-02
4.91600000e+03 8.65137667e-01 1.50000000e-02
4.91800000e+03 8.81078247e-01 1.50000000e-02
4.92000000e+03 8.55180110e-01 1.50000000e-02
4.92200000e+03 8.45744194e-01 1.50000000e-02
4.92400000e+03 8.32547020e-01 1.50000000e-02
4.92600000e+03 8.38422739e-01 1.50000000e-02
4.92800000e+03 8.24240731e-01 1.50000000e-02
4.93000000e+03 8.14010264e-01 1.50000000e-02
4.93200000e+03 7.86297838e-01 1.50000000e-02
4.93400000e+03 8.10232837e-01 1.50000000e-02
4.93600000e+03 8.04335087e-01 1.50000000e-02
4.93800000e+03 7.56015630e-01 1.50000000e-02
4.94000000e+03 8.01924930e-01 1.50000000e-02
4.94200000e+03 7.70372673e-01 1.50000000e-02
4.94400000e+03 7.44659779e-01 1.50000000e-02
4.94600000e+03 7.16217062e-01 1.50000000e-02
4.94800000e+03 7.47839721e-01 1.50000000e-02
4.95000000e+03 7.39999156e-01 1.50000000e-02
4.95200000e+03 7.16836992e-01 1.50000000e-02
4.95400000e+03 6.93571876e-01 1.50000000e-02
4.95600000e+03 7.32515048e-01 1.50000000e-02
4.95800000e+03 7.02631853e-01 1.50000000e-02
4.96000000e+03 7.00808578e-01 1.50000000e-02
4.96200000e+03 7.47641311e-01 1.50000000e-02
4.96400000e+03 7.34612008e-01 1.50000000e-02
4.96600000e+03 7.15413846e-01 1.50000000e-02
4.96800000e+03 6.93382444e-01 1.50000000e-02
4.97000000e+03 7.09758468e-01 1.50000000e-02
4.97200000e+03 6.66295495e-01 1.50000000e-02
4.97400000e+03 7.03311232e-01 1.50000000e-02
4.97600000e+03 6.92198048e-01 1.50000000e-02
4.97800000e+03 6.86866647e-01 1.50000000e-02
4.98000000e+03 6.85619738e-01 1.50000000e-02
4.98200000e+03 7.21083663e-01 1.50000000e-02
4.98400000e+03 7.18998281e-01 1.50000000e-02
4.98600000e+03 7.25084383e-01 1.50000000e-02
4.98800000e+03 7.40897956e-01 1.50000000e-02
4.99000000e+03 7.21652273e-01 1.50000000e-02
4.99200000e+03 7.22359070e-01 1.50000000e-02
4.99400000e+03 7.21223121e-01 1.50000000e-02
4.99600000e+03 7.50199374e-01 1.50000000e-02
4.99800000e+03 7.74326427e-01 1.50000000e-02
5.00000000e+03 7.68671656e-01 1.50000000e-02
5.00200000e+03 7.88764630e-01 1.50000000e-02
5.00400000e+03 7.69865913e-01 1.50000000e-02
5.00600000e+03 7.89132122e-01 1.50000000e-02
5.00800000e+03 7.93374984e-01 1.50000000e-02
5.01000000e+03 7.94897135e-01 1.50000000e-02
5.01200000e+03 8.50294653e-01 1.50000000e-02
5.01400000e+03 8.43944513e-01 1.50000000e-02
5.01600000e+03 8.28436577e-01 1.50000000e-02
5.01800000e+03 8.36979427e-01 1.50000000e-02
5.02000000e+03 8.56088890e-01 1.50000000e-02
5.02200000e+03 8.43633127e-01 1.50000000e-02
5.02400000e+03 8.79930103e-01 1.50000000e-02
5.02600000e+03 8.61894224e-01 1.50000000e-02
5.02800000e+03 8.83430451e-01 1.50000000e-02
5.03000000e+03 8.81038472e-01 1.50000000e-02
5.03200000e+03 8.96365361e-01 1.50000000e-02
5.03400000e+03 8.90463033e-01 1.50000000e-02
5.03600000e+03 8.93409878e-01 1.50000000e-02
5.03800000e+03 9.08778647e-01 1.50000000e-02
5.04000000e+03 9.19030741e-01 1.50000000e-02
5.04200000e+03 9.30456555e-01 1.50000000e-02
5.04400000e+03 9.41252139e-01 1.50000000e-02
5.04600000e+03 9.68148511e-01 1.50000000e-02
5.04800000e+03 9.62150373e-01 1.50000000e-02
5.05000000e+03 9.50593856e-01 1.50000000e-02
5.05200000e+03 9.69403004e-01 1.50000000e-02
5.05400000e+03 9.52022047e-01 1.50000000e-02
5.05600000e+03 9.87647946e-01 1.50000000e-02
5.05800000e+03 9.77461947e-01 1.50000000e-02
5.06000000e+03 9.51926699e-01 1.50000000e-02
5.06200000e+03 9.86396575e-01 1.50000000e-02
5.06400000e+03 9.89877856e-01 1.50000000e-02
5.06600000e+03 9.39704850e-01 1.50000000e-02
5.06800000e+03 9.70913892e-01 1.50000000e-02
5.07000000e+03 9.76981365e-01 1.50000000e-02
5.07200000e+03 9.56933785e-01 1.50000000e-02
5.07400000e+03 9.71458285e-01 1.50000000e-02
5.07600000e+03 9.74688822e-01 1.50000000e-02
5.07800000e+03 9.97824352e-01 1.50000000e-02
5.08000000e+03 9.95895342e-01 1.50000000e-02
5.08200000e+03 1.03182906e+00 1.50000000e-02
5.08400000e+03 9.87458528e-01 1.50000000e-02
5.08600000e+03 1.01150454e+00 1.50000000e-02
5.08800000e+03 9.96129341e-01 1.50000000e-02
5.09000000e+03 9.99666698e-01 1.50000000e-02
5.09200000e+03 9.78788231e-01 1.50000000e-02
5.09400000e+03 9.68030290e-01 1.50000000e-02
5.09600000e+03 9.85635900e-01 1.50000000e-02
5.09800000e+03 1.00896966e+00 1.50000000e-02
5.10000000e+03 1.02162383e+00 1.50000000e-02
5.10200000e+03 1.00724224e+00 1.50000000e-02
5.10400000e+03 1.00591818e+00 1.50000000e-02
5.10600000e+03 9.86089506e-01 1.50000000e-02
5.10800000e+03 1.02188197e+00 1.50000000e-02
5.11000000e+03 1.01919439e+00 1.50000000e-02
5.11200000e+03 9.91221001e-01 1.50000000e-02
5.11400000e+03 9.98613533e-01 1.50000000e-02
5.11600000e+03 9.84475957e-01 1.50000000e-02
5.11800000e+03 1.02151686e+00 1.50000000e-02
5.12000000e+03 1.00568253e+00 1.50000000e-02
5.12200000e+03 9.98227985e-01 1.50000000e-02
5.12400000e+03 1.00581408e+00 1.50000000e-02
5.12600000e+03 1.00636783e+00 1.50000000e-02
5.12800000e+03 9.93626503e-01 1.50000000e-02
5.13000000e+03 9.81209543e-01 1.50000000e-02
5.13200000e+03 9.80605458e-01 1.50000000e-02
5.13400000e+03 9.73810120e-01 1.50000000e-02
5.13600000e+03 1.00682446e+00 1.50000000e-02
5.13800000e+03 1.03320050e+00 1.50000000e-02
5.14000000e+03 9.74450235e-01 1.50000000e-02
5.14200000e+03 1.00202212e+00 1.50000000e-02
5.14400000e+03 1.00612211e+00 1.50000000e-02
5.14600000e+03 9.85195848e-01 1.50000000e-02
5.14800000e+03 1.00303811e+00 1.50000000e-02
5.15000000e+03 9.83523002e-01 1.50000000e-02
5.15200000e+03 1.01798746e+00 1.50000000e-02
5.15400000e+03 9.91071262e-01 1.50000000e-02
5.15600000e+03 1.00149632e+00 1.50000000e-02
5.15800000e+03 1.01025391e+00 1.50000000e-02
5.16000000e+03 9.93544916e-01 1.50000000e-02
5.16200000e+03 9.73125301e-01 1.50000000e-02
5.16400000e+03 9.92026187e-01 1.50000000e-02
5.16600000e+03 1.01144096e+00 1.50000000e-02
5.16800000e+03 9.98728859e-01 1.50000000e-02
5.17000000e+03 1.00344434e+00 1.50000000e-02
5.17200000e+03 9.83791997e-01 1.50000000e-02
5.17400000e+03 1.00214678e+00 1.50000000e-02
5.17600000e+03 1.01092128e+00 1.50000000e-02
5.17800000e+03 1.00054576e+00 1.50000000e-02
5.18000000e+03 1.02861946e+00 1.50000000e-02
5.18200000e+03 9.96882506e-01 1.50000000e-02
5.18400000e+03 9.84379286e-01 1.50000000e-02
5.18600000e+03 9.75734753e-01 1.50000000e-02
5.18800000e+03 1.01727981e+00 1.50000000e-02
5.19000000e+03 9.99114511e-01 1.50000000e-02
5.19200000e+03 1.01517416e+00 1.50000000e-02
5.19400000e+03 1.00686491e+00 1.50000000e-02
5.19600000e+03 1.02437617e+00 1.50000000e-02
5.19800000e+03 1.01899153e+00 1.50000000e-02
5.20000000e+03 9.94336624e-01 1.50000000e-02
5.20200000e+03 1.00410823e+00 1.50000000e-02
5.20400000e+03 1.01628055e+00 1.50000000e-02
5.20600000e+03 9.81458847e-01 1.50000000e-02
5.20800000e+03 1.02176342e+00 1.50000000e-02
5.21000000e+03 1.01817989e+00 1.50000000e-02
5.21200000e+03 1.01474388e+00 1.50000000e-02
5.21400000e+03 9.96986009e-01 1.50000000e-02
5.21600000e+03 1.00453211e+00 1.50000000e-02
5.21800000e+03 9.83241407e-01 1.50000000e-02
5.22000000e+03 1.00086931e+00 1.50000000e-02
5.22200000e+03 9.91189305e-01 1.50000000e-02
5.22400000e+03 1.00129846e+00 1.50000000e-02
5.22600000e+03 9.92580605e-01 1.50000000e-02
5.22800000e+03 1.00425705e+00 1.50000000e-02
5.23000000e+03 1.01768998e+00 1.50000000e-02
5.23200000e+03 9.80355952e-01 1.50000000e-02
5.23400000e+03 1.01388086e+00 1.50000000e-02
5.23600000e+03 9.70122811e-01 1.50000000e-02
5.23800000e+03 9.67584500e-01 1.50000000e-02
5.24000000e+03 9.98209470e-01 1.50000000e-02
5.24200000e+03 1.00010094e+00 1.50000000e-02
5.24400000e+03 1.00664201e+00 1.50000000e-02
5.24600000e+03 9.75289221e-01 1.50000000e-02
5.24800000e+03 9.99100920e-01 1.50000000e-02
5.25000000e+03 1.00189787e+00 1.50000000e-02
5.25200000e+03 1.01882807e+00 1.50000000e-02
5.25400000e+03 9.98442406e-01 1.50000000e-02
5.25600000e+03 1.00793488e+00 1.50000000e-02
5.25800000e+03 9.85338617e-01 1.50000000e-02
5.26000000e+03 9.97186680e-01 1.50000000e-02
5.26200000e+03 9.93316970e-01 1.50000000e-02
5.26400000e+03 1.01054957e+00 1.50000000e-02
5.26600000e+03 9.85167711e-01 1.50000000e-02
5.26800000e+03 9.87485163e-01 1.50000000e-02
5.27000000e+03 1.00863982e+00 1.50000000e-02
5.27200000e+03 1.02684155e+00 1.50000000e-02
5.27400000e+03 1.00574055e+00 1.50000000e-02
5.27600000e+03 1.00455340e+00 1.50000000e-02
5.27800000e+03 9.94807864e-01 1.50000000e-02
5.28000000e+03 1.01632638e+00 1.50000000e-02
5.28200000e+03 1.00809875e+00 1.50000000e-02
5.28400000e+03 1.02599789e+00 1.50000000e-02
5.28600000e+03 1.00496067e+00 1.50000000e-02
5.28800000e+03 9.85769846e-01 1.50000000e-02
5.29000000e+03 9.91450877e-01 1.50000000e-02
5.29200000e+03 9.85188932e-01 1.50000000e-02
5.29400000e+03 9.81237687e-01 1.50000000e-02
5.29600000e+03 1.01895576e+00 1.50000000e-02
5.29800000e+03 1.01211005e+00 1.50000000e-02
5.30000000e+03 9.81420334e-01 1.50000000e-02
5.30200000e+03 1.02671981e+00 1.50000000e-02
5.30400000e+03 1.00366841e+00 1.50000000e-02
5.30600000e+03 9.85646620e-01 1.50000000e-02
5.30800000e+03 1.00579333e+00 1.50000000e-02
5.31000000e+03 9.98962086e-01 1.50000000e-02
5.31200000e+03 9.88410179e-01 1.50000000e-02
5.31400000e+03 9.70855986e-01 1.50000000e-02
5.31600000e+03 1.00055080e+00 1.50000000e-02
5.31800000e+03 1.00437994e+00 1.50000000e-02
5.32000000e+03 9.61313839e-01 1.50000000e-02
5.32200000e+03 1.00832361e+00 1.50000000e-02
5.32400000e+03 1.00926450e+00 1.50000000e-02
5.32600000e+03 9.92953066e-01 1.50000000e-02
5.32800000e+03 1.00168185e+00 1.50000000e-02
5.33000000e+03 9.95790128e-01 1.50000000e-02
5.33200000e+03 9.87443462e-01 1.50000000e-02
5.33400000e+03 9.94599175e-01 1.50000000e-02
5.33600000e+03 1.02027406e+00 1.50000000e-02
5.33800000e+03 9.78240744e-01 1.50000000e-02
5.34000000e+03 1.00355788e+00 1.50000000e-02
5.34200000e+03 1.00276177e+00 1.50000000e-02
5.34400000e+03 9.89385545e-01 1.50000000e-02
5.34600000e+03 9.93394912e-01 1.50000000e-02
5.34800000e+03 9.78993799e-01 1.50000000e-02
5.35000000e+03 9.87220567e-01 1.50000000e-02
5.35200000e+03 1.00022428e+00 1.50000000e-02
5.35400000e+03 1.00490074e+00 1.50000000e-02
5.35600000e+03 9.86524348e-01 1.50000000e-02
5.35800000e+03 1.04584514e+00 1.50000000e-02
5.36000000e+03 9.91444832e-01 1.50000000e-02
5.36200000e+03 1.00190995e+00 1.50000000e-02
5.36400000e+03 9.96541299e-01 1.50000000e-02
5.36600000e+03 9.94003303e-01 1.50000000e-02
5.36800000e+03 1.01951603e+00 1.50000000e-02
5.37000000e+03 9.92817829e-01 1.50000000e-02
5.37200000e+03 1.02001583e+00 1.50000000e-02
5.37400000e+03 1.01712724e+00 1.50000000e-02
5.37600000e+03 9.84315023e-01 1.50000000e-02
5.37800000e+03 1.01553240e+00 1.50000000e-02
5.38000000e+03 9.90244329e-01 1.50000000e-02
5.38200000e+03 1.04104688e+00 1.50000000e-02
5.38400000e+03 9.94212544e-01 1.50000000e-02
5.38600000e+03 9.85886106e-01 1.50000000e-02
5.38800000e+03 9.71333856e-01 1.50000000e-02
5.39000000e+03 9.80604323e-01 1.50000000e-02
5.39200000e+03 9.91290266e-01 1.50000000e-02
5.39400000e+03 9.85029583e-01 1.50000000e-02
5.39600000e+03 9.81569697e-01 1.50000000e-02
5.39800000e+03 9.89569904e-01 1.50000000e-02
5.40000000e+03 9.96901784e-01 1.50000000e-02
5.40200000e+03 1.02174021e+00 1.50000000e-02
5.40400000e+03 9.74450577e-01 1.50000000e-02
5.40600000e+03 9.91725385e-01 1.50000000e-02
5.40800000e+03 9.85691596e-01 1.50000000e-02
5.41000000e+03 9.77272783e-01 1.50000000e-02
5.41200000e+03 9.81007950e-01 1.50000000e-02
5.41400000e+03 9.86413977e-01 1.50000000e-02
5.41600000e+03 1.01075565e+00 1.50000000e-02
5.41800000e+03 9.97091491e-01 1.50000000e-02
5.42000000e+03 9.91930223e-01 1.50000000e-02
5.42200000e+03 1.00916938e+00 1.50000000e-02
5.42400000e+03 1.00421154e+00 1.50000000e-02
5.42600000e+03 9.96650067e-01 1.50000000e-02
5.42800000e+03 1.00576429e+00 1.50000000e-02
5.43000000e+03 9.87574735e-01 1.50000000e-02
5.43200000e+03 1.00941072e+00 1.50000000e-02
5.43400000e+03 1.00700387e+00 1.50000000e-02
5.43600000e+03 9.93815436e-01 1.50000000e-02
5.43800000e+03 9.81707857e-01 1.50000000e-02
5.44000000e+03 1.02280097e+00 1.50000000e-02
5.44200000e+03 1.00141302e+00 1.50000000e-02
5.44400000e+03 1.04576897e+00 1.50000000e-02
5.44600000e+03 9.90198864e-01 1.50000000e-02
5.44800000e+03 1.01279265e+00 1.50000000e-02
5.45000000e+03 9.93486713e-01 1.50000000e-02
5.45200000e+03 1.00380502e+00 1.50000000e-02
5.45400000e+03 1.01250087e+00 1.50000000e-02
5.45600000e+03 9.88010383e-01 1.50000000e-02
5.45800000e+03 9.98498643e-01 1.50000000e-02
5.46000000e+03 1.00241412e+00 1.50000000e-02
5.46200000e+03 1.00170220e+00 1.50000000e-02
5.46400000e+03 1.00894677e+00 1.50000000e-02
5.46600000e+03 1.01538345e+00 1.50000000e-02
5.46800000e+03 1.01250443e+00 1.50000000e-02
5.47000000e+03 1.00394519e+00 1.50000000e-02
5.47200000e+03 9.94789406e-01 1.50000000e-02
5.47400000e+03 9.83054746e-01 1.50000000e-02
5.47600000e+03 9.88967523e-01 1.50000000e-02
5.47800000e+03 9.92071768e-01 1.50000000e-02
5.48000000e+03 1.01024071e+00 1.50000000e-02
5.48200000e+03 9.94545847e-01 1.50000000e-02
5.48400000e+03 9.81364918e-01 1.50000000e-02
5.48600000e+03 1.00939521e+00 1.50000000e-02
5.48800000e+03 9.87951240e-01 1.50000000e-02
5.49000000e+03 9.88512571e-01 1.50000000e-02
5.49200000e+03 9.96605929e-01 1.50000000e-02
5.49400000e+03 1.00709767e+00 1.50000000e-02
5.49600000e+03 9.63802247e-01 1.50000000e-02
5.49800000e+03 9.83178190e-01 1.50000000e-02
5.50000000e+03 1.00263384e+00 1.50000000e-02
5.50200000e+03 9.94537585e-01 1.50000000e-02
5.50400000e+03 9.87031832e-01 1.50000000e-02
5.50600000e+03 9.91878207e-01 1.50000000e-02
5.50800000e+03 1.02077881e+00 1.50000000e-02
5.51000000e+03 9.93164076e-01 1.50000000e-02
5.51200000e+03 1.01068997e+00 1.50000000e-02
5.51400000e+03 1.01187804e+00 1.50000000e-02
5.51600000e+03 9.93246685e-01 1.50000000e-02
5.51800000e+03 1.00665159e+00 1.50000000e-02
5.52000000e+03 9.93246436e-01 1.50000000e-02
5.52200000e+03 9.90843737e-01 1.50000000e-02
5.52400000e+03 9.83110085e-01 1.50000000e-02
5.52600000e+03 1.01312434e+00 1.50000000e-02
5.52800000e+03 9.94027610e-01 1.50000000e-02
5.53000000e+03 9.91717864e-01 1.50000000e-02
5.53200000e+03 9.83088326e-01 1.50000000e-02
5.53400000e+03 1.02713267e+00 1.50000000e-02
5.53600000e+03 1.01112708e+00 1.50000000e-02
5.53800000e+03 9.98007933e-01 1.50000000e-02
5.54000000e+03 9.89578984e-01 1.50000000e-02
5.54200000e+03 9.77053000e-01 1.50000000e-02
5.54400000e+03 1.00437721e+00 1.50000000e-02
5.54600000e+03 1.00432633e+00 1.50000000e-02
5.54800000e+03 9.78873990e-01 1.50000000e-02
5.55000000e+03 1.01742326e+00 1.50000000e-02
5.55200000e+03 1.01163935e+00 1.50000000e-02
5.55400000e+03 9.85568894e-01 1.50000000e-02
5.55600000e+03 9.91664552e-01 1.50000000e-02
5.55800000e+03 9.93590191e-01 1.50000000e-02
5.56000000e+03 1.00241018e+00 1.50000000e-02
5.56200000e+03 9.97816459e-01 1.50000000e-02
5.56400000e+03 9.75415914e-01 1.50000000e-02
5.56600000e+03 1.02211146e+00 1.50000000e-02
5.56800000e+03 1.00474466e+00 1.50000000e-02
5.57000000e+03 1.01891160e+00 1.50000000e-02
5.57200000e+03 1.01882234e+00 1.50000000e-02
5.57400000e+03 9.96881488e-01 1.50000000e-02
5.57600000e+03 1.00512943e+00 1.50000000e-02
5.57800000e+03 1.01104997e+00 1.50000000e-02
5.58000000e+03 1.01154420e+00 1.50000000e-02
5.58200000e+03 9.97541219e-01 1.50000000e-02
5.58400000e+03 9.90727218e-01 1.50000000e-02
5.58600000e+03 1.00052930e+00 1.50000000e-02
5.58800000e+03 9.87976858e-01 1.50000000e-02
5.59000000e+03 9.91660990e-01 1.50000000e-02
5.59200000e+03 9.69547310e-01 1.50000000e-02
5.59400000e+03 1.00125464e+00 1.50000000e-02
5.59600000e+03 9.84596630e-01 1.50000000e-02
5.59800000e+03 9.91662405e-01 1.50000000e-02
5.60000000e+03 9.99209495e-01 1.50000000e-02
5.60200000e+03 1.00470753e+00 1.50000000e-02
5.60400000e+03 1.02833758e+00 1.50000000e-02
5.60600000e+03 1.00306595e+00 1.50000000e-02
5.60800000e+03 9.78801026e-01 1.50000000e-02
5.61000000e+03 1.00196120e+00 1.50000000e-02
5.61200000e+03 9.91064112e-01 1.50000000e-02
5.61400000e+03 1.00599078e+00 1.50000000e-02
5.61600000e+03 9.89717083e-01 1.50000000e-02
5.61800000e+03 9.89373898e-01 1.50000000e-02
5.62000000e+03 9.92331043e-01 1.50000000e-02
5.62200000e+03 9.90586560e-01 1.50000000e-02
5.62400000e+03 9.72628285e-01 1.50000000e-02
5.62600000e+03 9.89975924e-01 1.50000000e-02
5.62800000e+03 9.99789834e-01 1.50000000e-02
5.63000000e+03 1.01800733e+00 1.50000000e-02
5.63200000e+03 9.95602330e-01 1.50000000e-02
5.63400000e+03 9.94423865e-01 1.50000000e-02
5.63600000e+03 1.00869758e+00 1.50000000e-02
5.63800000e+03 1.00809104e+00 1.50000000e-02
5.64000000e+03 1.02399288e+00 1.50000000e-02
5.64200000e+03 1.00877667e+00 1.50000000e-02
5.64400000e+03 9.99708246e-01 1.50000000e-02
5.64600000e+03 1.02007493e+00 1.50000000e-02
5.64800000e+03 1.02294223e+00 1.50000000e-02
5.65000000e+03 9.92869324e-01 1.50000000e-02
5.65200000e+03 1.00237210e+00 1.50000000e-02
5.65400000e+03 9.74790391e-01 1.50000000e-02
5.65600000e+03 9.94538088e-01 1.50000000e-02
5.65800000e+03 9.86743727e-01 1.50000000e-02
5.66000000e+03 9.96788913e-01 1.50000000e-02
5.66200000e+03 9.92775482e-01 1.50000000e-02
5.66400000e+03 9.97509252e-01 1.50000000e-02
5.66600000e+03 9.98454482e-01 1.50000000e-02
5.66800000e+03 1.00740202e+00 1.50000000e-02
5.67000000e+03 1.00346408e+00 1.50000000e-02
5.67200000e+03 9.91572935e-01 1.50000000e-02
5.67400000e+03 9.80662555e-01 1.50000000e-02
5.67600000e+03 1.01852278e+00 1.50000000e-02
5.67800000e+03 1.02125954e+00 1.50000000e-02
5.68000000e+03 9.93183325e-01 1.50000000e-02
5.68200000e+03 1.00842121e+00 1.50000000e-02
5.68400000e+03 9.77108426e-01 1.50000000e-02
5.68600000e+03 9.76566776e-01 1.50000000e-02
5.68800000e+03 9.95951732e-01 1.50000000e-02
5.69000000e+03 1.02207523e+00 1.50000000e-02
5.69200000e+03 9.84301728e-01 1.50000000e-02
5.69400000e+03 9.87488136e-01 1.50000000e-02
5.69600000e+03 1.02411392e+00 1.50000000e-02
5.69800000e+03 9.71598281e-01 1.50000000e-02
5.70000000e+03 1.00969333e+00 1.50000000e-02
5.70200000e+03 1.00731721e+00 1.50000000e-02
5.70400000e+03 9.96905938e-01 1.50000000e-02
5.70600000e+03 1.00282937e+00 1.50000000e-02
5.70800000e+03 1.03932612e+00 1.50000000e-02
5.71000000e+03 9.83097352e-01 1.50000000e-02
5.71200000e+03 9.95290897e-01 1.50000000e-02
5.71400000e+03 9.96428149e-01 1.50000000e-02
5.71600000e+03 9.89654784e-01 1.50000000e-02
5.71800000e+03 9.79871757e-01 1.50000000e-02
5.72000000e+03 1.02389950e+00 1.50000000e-02
5.72200000e+03 1.00330143e+00 1.50000000e-02
5.72400000e+03 9.73630118e-01 1.50000000e-02
5.72600000e+03 9.89457936e-01 1.50000000e-02
5.72800000e+03 1.00608101e+00 1.50000000e-02
5.73000000e+03 1.00605130e+00 1.50000000e-02
5.73200000e+03 9.78395093e-01 1.50000000e-02
5.73400000e+03 9.98628597e-01 1.50000000e-02
5.73600000e+03 1.00391323e+00 1.50000000e-02
5.73800000e+03 1.00588858e+00 1.50000000e-02
5.74000000e+03 1.00591899e+00 1.50000000e-02
5.74200000e+03 9.72654787e-01 1.50000000e-02
5.74400000e+03 1.02770474e+00 1.50000000e-02
5.74600000e+03 1.00316700e+00 1.50000000e-02
5.74800000e+03 1.02708985e+00 1.50000000e-02
5.75000000e+03 1.04294648e+00 1.50000000e-02
5.75200000e+03 9.97591639e-01 1.50000000e-02
5.75400000e+03 9.81493560e-01 1.50000000e-02
5.75600000e+03 1.01296196e+00 1.50000000e-02
5.75800000e+03 9.97287497e-01 1.50000000e-02
5.76000000e+03 9.93228853e-01 1.50000000e-02
5.76200000e+03 9.84500704e-01 1.50000000e-02
5.76400000e+03 1.02531677e+00 1.50000000e-02
5.76600000e+03 9.93359883e-01 1.50000000e-02
5.76800000e+03 9.79006228e-01 1.50000000e-02
5.77000000e+03 9.93286429e-01 1.50000000e-02
5.77200000e+03 9.82641117e-01 1.50000000e-02
5.77400000e+03 1.00236856e+00 1.50000000e-02
5.77600000e+03 9.93709531e-01 1.50000000e-02
5.77800000e+03 9.84138637e-01 1.50000000e-02
5.78000000e+03 1.00902649e+00 1.50000000e-02
5.78200000e+03 9.90348491e-01 1.50000000e-02
5.78400000e+03 1.01085642e+00 1.50000000e-02
5.78600000e+03 1.01891475e+00 1.50000000e-02
5.78800000e+03 9.94570708e-01 1.50000000e-02
5.79000000e+03 9.90302284e-01 1.50000000e-02
5.79200000e+03 1.00298944e+00 1.50000000e-02
5.79400000e+03 1.01337174e+00 1.50000000e-02
5.79600000e+03 9.99958104e-01 1.50000000e-02
5.79800000e+03 1.00209934e+00 1.50000000e-02
5.80000000e+03 9.99596638e-01 1.50000000e-02
5.80200000e+03 1.00466822e+00 1.50000000e-02
5.80400000e+03 1.00943115e+00 1.50000000e-02
5.80600000e+03 9.89409056e-01 1.50000000e-02
5.80800000e+03 9.92761992e-01 1.50000000e-02
5.81000000e+03 1.00065383e+00 1.50000000e-02
5.81200000e+03 9.90014018e-01 1.50000000e-02
5.81400000e+03 1.00204188e+00 1.50000000e-02
5.81600000e+03 1.00804224e+00 1.50000000e-02
5.81800000e+03 9.99674172e-01 1.50000000e-02
5.82000000e+03 9.90946755e-01 1.50000000e-02
5.82200000e+03 9.88341965e-01 1.50000000e-02
5.82400000e+03 1.02626838e+00 1.50000000e-02
5.82600000e+03 1.01317759e+00 1.50000000e-02
5.82800000e+03 9.83201178e-01 1.50000000e-02
5.83000000e+03 9.87384598e-01 1.50000000e-02
5.83200000e+03 1.02810767e+00 1.50000000e-02
5.83400000e+03 1.02266947e+00 1.50000000e-02
5.83600000e+03 1.00192264e+00 1.50000000e-02
5.83800000e+03 1.01736773e+00 1.50000000e-02
5.84000000e+03 9.77695281e-01 1.50000000e-02
5.84200000e+03 1.00001968e+00 1.50000000e-02
5.84400000e+03 1.01111214e+00 1.50000000e-02
5.84600000e+03 9.72100490e-01 1.50000000e-02
5.84800000e+03 9.88255087e-01 1.50000000e-02
5.85000000e+03 1.01174282e+00 1.50000000e-02
5.85200000e+03 1.01697445e+00 1.50000000e-02
5.85400000e+03 9.91100388e-01 1.50000000e-02
5.85600000e+03 1.00434714e+00 1.50000000e-02
5.85800000e+03 1.02401069e+00 1.50000000e-02
5.86000000e+03 9.94271004e-01 1.50000000e-02
5.86200000e+03 9.79999539e-01 1.50000000e-02
5.86400000e+03 9.99078886e-01 1.50000000e-02
5.86600000e+03 9.94102635e-01 1.50000000e-02
5.86800000e+03 1.01951572e+00 1.50000000e-02
5.87000000e+03 1.00240173e+00 1.50000000e-02
5.87200000e+03 9.87968581e-01 1.50000000e-02
5.87400000e+03 1.03600817e+00 1.50000000e-02
5.87600000e+03 9.92498245e-01 1.50000000e-02
5.87800000e+03 1.00708669e+00 1.50000000e-02
5.88000000e+03 1.01014347e+00 1.50000000e-02
5.88200000e+03 1.01176483e+00 1.50000000e-02
5.88400000e+03 1.00259374e+00 1.50000000e-02
5.88600000e+03 1.00880011e+00 1.50000000e-02
5.88800000e+03 9.98981468e-01 1.50000000e-02
5.89000000e+03 9.78712270e-01 1.50000000e-02
5.89200000e+03 9.96702841e-01 1.50000000e-02
5.89400000e+03 9.97023819e-01 1.50000000e-02
5.89600000e+03 9.97334196e-01 1.50000000e-02
5.89800000e+03 1.00204138e+00 1.50000000e-02
5.90000000e+03 9.90629457e-01 1.50000000e-02
5.90200000e+03 1.01984886e+00 1.50000000e-02
5.90400000e+03 1.02350072e+00 1.50000000e-02
5.90600000e+03 9.66994576e-01 1.50000000e-02
5.90800000e+03 1.00013989e+00 1.50000000e-02
5.91000000e+03 9.89341082e-01 1.50000000e-02
5.91200000e+03 9.60906342e-01 1.50000000e-02
5.91400000e+03 1.00615204e+00 1.50000000e-02
5.91600000e+03 9.90718006e-01 1.50000000e-02
5.91800000e+03 9.94363981e-01 1.50000000e-02
5.92000000e+03 9.90226331e-01 1.50000000e-02
5.92200000e+03 1.01630508e+00 1.50000000e-02
5.92400000e+03 1.01858947e+00 1.50000000e-02
5.92600000e+03 1.00415193e+00 1.50000000e-02
5.92800000e+03 1.01039663e+00 1.50000000e-02
5.93000000e+03 9.98313575e-01 1.50000000e-02
5.93200000e+03 1.00210239e+00 1.50000000e-02
5.93400000e+03 9.88873561e-01 1.50000000e-02
5.93600000e+03 1.00051814e+00 1.50000000e-02
5.93800000e+03 9.89294943e-01 1.50000000e-02
5.94000000e+03 1.00559539e+00 1.50000000e-02
5.94200000e+03 1.01240997e+00 1.50000000e-02
5.94400000e+03 1.00466564e+00 1.50000000e-02
5.94600000e+03 1.01776194e+00 1.50000000e-02
5.94800000e+03 1.04035368e+00 1.50000000e-02
5.95000000e+03 9.68401582e-01 1.50000000e-02
5.95200000e+03 1.00020526e+00 1.50000000e-02
5.95400000e+03 9.91469792e-01 1.50000000e-02
5.95600000e+03 9.93149568e-01 1.50000000e-02
5.95800000e+03 9.79627373e-01 1.50000000e-02
5.96000000e+03 1.00078803e+00 1.50000000e-02
5.96200000e+03 9.96125909e-01 1.50000000e-02
5.96400000e+03 9.90508440e-01 1.50000000e-02
5.96600000e+03 9.96185161e-01 1.50000000e-02
5.96800000e+03 9.91108844e-01 1.50000000e-02
5.97000000e+03 9.64856171e-01 1.50000000e-02
5.97200000e+03 1.01616113e+00 1.50000000e-02
5.97400000e+03 9.95447910e-01 1.50000000e-02
5.97600000e+03 9.85755440e-01 1.50000000e-02
5.97800000e+03 1.00459618e+00 1.50000000e-02
5.98000000e+03 9.90063424e-01 1.50000000e-02
5.98200000e+03 9.67390037e-01 1.50000000e-02
5.98400000e+03 1.01330354e+00 1.50000000e-02
5.98600000e+03 9.74849363e-01 1.50000000e-02
5.98800000e+03 9.96723894e-01 1.50000000e-02
5.99000000e+03 1.00180234e+00 1.50000000e-02
5.99200000e+03 1.02024502e+00 1.50000000e-02
5.99400000e+03 1.01785091e+00 1.50000000e-02
5.99600000e+03 1.00248622e+00 1.50000000e-02
5.99800000e+03 9.88549126e-01 1.50000000e-02
6.00000000e+03 9.93761543e-01 1.50000000e-02
6.00200000e+03 1.01631553e+00 1.50000000e-02
6.00400000e+03 1.02679674e+00 1.50000000e-02
6.00600000e+03 1.00815683e+00 1.50000000e-02
6.00800000e+03 9.90327332e-01 1.50000000e-02
6.01000000e+03 1.01544058e+00 1.50000000e-02
6.01200000e+03 9.94371399e-01 1.50000000e-02
6.01400000e+03 9.93882260e-01 1.50000000e-02
6.01600000e+03 9.95815470e-01 1.50000000e-02
6.01800000e+03 1.00885223e+00 1.50000000e-02
6.02000000e+03 1.00412912e+00 1.50000000e-02
6.02200000e+03 1.01489202e+00 1.50000000e-02
6.02400000e+03 1.01944590e+00 1.50000000e-02
6.02600000e+03 1.00769868e+00 1.50000000e-02
6.02800000e+03 9.65016047e-01 1.50000000e-02
6.03000000e+03 9.74551037e-01 1.50000000e-02
6.03200000e+03 1.00237882e+00 1.50000000e-02
6.03400000e+03 9.99029388e-01 1.50000000e-02
6.03600000e+03 1.03238794e+00 1.50000000e-02
6.03800000e+03 9.99546789e-01 1.50000000e-02
6.04000000e+03 9.97710851e-01 1.50000000e-02
6.04200000e+03 1.01415832e+00 1.50000000e-02
6.04400000e+03 1.01596650e+00 1.50000000e-02
6.04600000e+03 9.96468848e-01 1.50000000e-02
6.04800000e+03 1.00709803e+00 1.50000000e-02
6.05000000e+03 9.82996800e-01 1.50000000e-02
6.05200000e+03 9.85852723e-01 1.50000000e-02
6.05400000e+03 1.01849610e+00 1.50000000e-02
6.05600000e+03 9.78892966e-01 1.50000000e-02
6.05800000e+03 1.01383469e+00 1.50000000e-02
6.06000000e+03 1.01016833e+00 1.50000000e-02
6.06200000e+03 1.01154633e+00 1.50000000e-02
6.06400000e+03 1.01369247e+00 1.50000000e-02
6.06600000e+03 1.00845795e+00 1.50000000e-02
6.06800000e+03 9.67878118e-01 1.50000000e-02
6.07000000e+03 9.84934307e-01 1.50000000e-02
6.07200000e+03 9.90980325e-01 1.50000000e-02
6.07400000e+03 1.01372231e+00 1.50000000e-02
6.07600000e+03 9.83082921e-01 1.50000000e-02
6.07800000e+03 9.89426574e-01 1.50000000e-02
6.08000000e+03 9.94557819e-01 1.50000000e-02
6.08200000e+03 1.01974648e+00 1.50000000e-02
6.08400000e+03 9.78384208e-01 1.50000000e-02
6.08600000e+03 9.79691057e-01 1.50000000e-02
6.08800000e+03 1.00940742e+00 1.50000000e-02
6.09000000e+03 9.68117082e-01 1.50000000e-02
6.09200000e+03 1.00497967e+00 1.50000000e-02
6.09400000e+03 9.93189386e-01 1.50000000e-02
6.09600000e+03 9.76345729e-01 1.50000000e-02
6.09800000e+03 9.93695929e-01 1.50000000e-02
6.10000000e+03 9.84967945e-01 1.50000000e-02
6.10200000e+03 1.00251677e+00 1.50000000e-02
6.10400000e+03 1.00545733e+00 1.50000000e-02
6.10600000e+03 1.02233442e+00 1.50000000e-02
6.10800000e+03 9.99808221e-01 1.50000000e-02
6.11000000e+03 1.00150830e+00 1.50000000e-02
6.11200000e+03 9.91340338e-01 1.50000000e-02
6.11400000e+03 9.99645473e-01 1.50000000e-02
6.11600000e+03 1.01574404e+00 1.50000000e-02
6.11800000e+03 9.71114264e-01 1.50000000e-02
6.12000000e+03 1.00988693e+00 1.50000000e-02
6.12200000e+03 9.91972346e-01 1.50000000e-02
6.12400000e+03 1.00110835e+00 1.50000000e-02
6.12600000e+03 1.00487567e+00 1.50000000e-02
6.12800000e+03 1.01275891e+00 1.50000000e-02
6.13000000e+03 1.00357605e+00 1.50000000e-02
6.13200000e+03 9.94112348e-01 1.50000000e-02
6.13400000e+03 1.00467542e+00 1.50000000e-02
6.13600000e+03 1.00017810e+00 1.50000000e-02
6.13800000e+03 9.96932502e-01 1.50000000e-02
6.14000000e+03 1.00307722e+00 1.50000000e-02
6.14200000e+03 1.01310371e+00 1.50000000e-02
6.14400000e+03 1.00207498e+00 1.50000000e-02
6.14600000e+03 1.00233204e+00 1.50000000e-02
6.14800000e+03 9.80687344e-01 1.50000000e-02
6.15000000e+03 9.98094831e-01 1.50000000e-02
6.15200000e+03 9.72129737e-01 1.50000000e-02
6.15400000e+03 1.01080016e+00 1.50000000e-02
6.15600000e+03 9.85911194e-01 1.50000000e-02
6.15800000e+03 1.01943072e+00 1.50000000e-02
6.16000000e+03 1.04490156e+00 1.50000000e-02
6.16200000e+03 9.94039011e-01 1.50000000e-02
6.16400000e+03 1.01994445e+00 1.50000000e-02
6.16600000e+03 1.00605398e+00 1.50000000e-02
6.16800000e+03 9.91645191e-01 1.50000000e-02
6.17000000e+03 9.87380331e-01 1.50000000e-02
6.17200000e+03 1.00842913e+00 1.50000000e-02
6.17400000e+03 1.02092233e+00 1.50000000e-02
6.17600000e+03 1.00530558e+00 1.50000000e-02
6.17800000e+03 9.77321529e-01 1.50000000e-02
6.18000000e+03 9.84366107e-01 1.50000000e-02
6.18200000e+03 9.96580386e-01 1.50000000e-02
6.18400000e+03 1.02035749e+00 1.50000000e-02
6.18600000e+03 1.00425123e+00 1.50000000e-02
6.18800000e+03 1.00490893e+00 1.50000000e-02
6.19000000e+03 1.01815756e+00 1.50000000e-02
6.19200000e+03 9.96931068e-01 1.50000000e-02
6.19400000e+03 9.98663260e-01 1.50000000e-02
6.19600000e+03 9.97272008e-01 1.50000000e-02
6.19800000e+03 9.73330591e-01 1.50000000e-02
6.20000000e+03 1.00700018e+00 1.50000000e-02
6.20200000e+03 1.00616258e+00 1.50000000e-02
6.20400000e+03 1.01463164e+00 1.50000000e-02
6.20600000e+03 9.82166452e-01 1.50000000e-02
6.20800000e+03 9.87762052e-01 1.50000000e-02
6.21000000e+03 1.01401704e+00 1.50000000e-02
6.21200000e+03 1.00484592e+00 1.50000000e-02
6.21400000e+03 1.02062539e+00 1.50000000e-02
6.21600000e+03 9.87054516e-01 1.50000000e-02
6.21800000e+03 1.00301205e+00 1.50000000e-02
6.22000000e+03 9.89860039e-01 1.50000000e-02
6.22200000e+03 1.00464630e+00 1.50000000e-02
6.22400000e+03 9.92724328e-01 1.50000000e-02
6.22600000e+03 1.00803951e+00 1.50000000e-02
6.22800000e+03 1.01622046e+00 1.50000000e-02
6.23000000e+03 1.01012906e+00 1.50000000e-02
6.23200000e+03 9.72875904e-01 1.50000000e-02
6.23400000e+03 1.01410605e+00 1.50000000e-02
6.23600000e+03 1.00671313e+00 1.50000000e-02
6.23800000e+03 9.84354690e-01 1.50000000e-02
6.24000000e+03 9.86713508e-01 1.50000000e-02
6.24200000e+03 1.00012460e+00 1.50000000e-02
6.24400000e+03 1.00860294e+00 1.50000000e-02
6.24600000e+03 9.93239486e-01 1.50000000e-02
6.24800000e+03 9.75662325e-01 1.50000000e-02
6.25000000e+03 1.00422369e+00 1.50000000e-02
6.25200000e+03 1.00254713e+00 1.50000000e-02
6.25400000e+03 1.03661699e+00 1.50000000e-02
6.25600000e+03 9.80671610e-01 1.50000000e-02
6.25800000e+03 1.03785626e+00 1.50000000e-02
6.26000000e+03 1.02617054e+00 1.50000000e-02
6.26200000e+03 1.00454684e+00 1.50000000e-02
6.26400000e+03 1.02488476e+00 1.50000000e-02
6.26600000e+03 1.00144841e+00 1.50000000e-02
6.26800000e+03 1.01466756e+00 1.50000000e-02
6.27000000e+03 9.88993513e-01 1.50000000e-02
6.27200000e+03 1.00119547e+00 1.50000000e-02
6.27400000e+03 9.84781070e-01 1.50000000e-02
6.27600000e+03 9.76367936e-01 1.50000000e-02
6.27800000e+03 9.95925092e-01 1.50000000e-02
6.28000000e+03 9.90116592e-01 1.50000000e-02
6.28200000e+03 1.00859218e+00 1.50000000e-02
6.28400000e+03 1.01906206e+00 1.50000000e-02
6.28600000e+03 9.97462705e-01 1.50000000e-02
6.28800000e+03 1.00088398e+00 1.50000000e-02
6.29000000e+03 1.00281879e+00 1.50000000e-02
6.29200000e+03 9.74830477e-01 1.50000000e-02
6.29400000e+03 1.00403622e+00 1.50000000e-02
6.29600000e+03 1.00017026e+00 1.50000000e-02
6.29800000e+03 9.99305156e-01 1.50000000e-02
6.30000000e+03 9.83494375e-01 1.50000000e-02
6.30200000e+03 9.70271799e-01 1.50000000e-02
6.30400000e+03 9.96246095e-01 1.50000000e-02
6.30600000e+03 1.00474235e+00 1.50000000e-02
6.30800000e+03 1.02011370e+00 1.50000000e-02
6.31000000e+03 1.01696764e+00 1.50000000e-02
6.31200000e+03 1.02182977e+00 1.50000000e-02
6.31400000e+03 1.00554927e+00 1.50000000e-02
6.31600000e+03 1.01734251e+00 1.50000000e-02
6.31800000e+03 9.96909836e-01 1.50000000e-02
6.32000000e+03 1.00942650e+00 1.50000000e-02
6.32200000e+03 1.01397722e+00 1.50000000e-02
6.32400000e+03 1.04033987e+00 1.50000000e-02
6.32600000e+03 1.00363946e+00 1.50000000e-02
6.32800000e+03 9.80911455e-01 1.50000000e-02
6.33000000e+03 1.02066599e+00 1.50000000e-02
6.33200000e+03 9.88130514e-01 1.50000000e-02
6.33400000e+03 9.99089842e-01 1.50000000e-02
6.33600000e+03 9.95586779e-01 1.50000000e-02
6.33800000e+03 9.86383651e-01 1.50000000e-02
6.34000000e+03 1.02002159e+00 1.50000000e-02
6.34200000e+03 1.00894092e+00 1.50000000e-02
6.34400000e+03 9.90819618e-01 1.50000000e-02
6.34600000e+03 1.00104008e+00 1.50000000e-02
6.34800000e+03 9.93501465e-01 1.50000000e-02
6.35000000e+03 1.00922793e+00 1.50000000e-02
6.35200000e+03 9.94321643e-01 1.50000000e-02
6.35400000e+03 9.88507547e-01 1.50000000e-02
6.35600000e+03 9.90335386e-01 1.50000000e-02
6.35800000e+03 9.93447194e-01 1.50000000e-02
6.36000000e+03 1.00434051e+00 1.50000000e-02
6.36200000e+03 9.86216871e-01 1.50000000e-02
6.36400000e+03 9.98659452e-01 1.50000000e-02
6.36600000e+03 1.00665371e+00 1.50000000e-02
6.36800000e+03 1.03505912e+00 1.50000000e-02
6.37000000e+03 1.01284368e+00 1.50000000e-02
6.37200000e+03 9.55243518e-01 1.50000000e-02
6.37400000e+03 9.92333852e-01 1.50000000e-02
6.37600000e+03 9.94046112e-01 1.50000000e-02
6.37800000e+03 1.00480577e+00 1.50000000e-02
6.38000000e+03 1.02354077e+00 1.50000000e-02
6.38200000e+03 1.01113111e+00 1.50000000e-02
6.38400000e+03 9.65456329e-01 1.50000000e-02
6.38600000e+03 1.00460464e+00 1.50000000e-02
6.38800000e+03 1.00162092e+00 1.50000000e-02
6.39000000e+03 1.00619469e+00 1.50000000e-02
6.39200000e+03 1.02038299e+00 1.50000000e-02
6.39400000e+03 9.83637168e-01 1.50000000e-02
6.39600000e+03 1.01654598e+00 1.50000000e-02
6.39800000e+03 9.75191954e-01 1.50000000e-02
6.40000000e+03 1.00076223e+00 1.50000000e-02
6.40200000e+03 1.00570883e+00 1.50000000e-02
6.40400000e+03 1.03426782e+00 1.50000000e-02
6.40600000e+03 9.89464841e-01 1.50000000e-02
6.40800000e+03 9.74590736e-01 1.50000000e-02
6.41000000e+03 1.01030660e+00 1.50000000e-02
6.41200000e+03 9.90081191e-01 1.50000000e-02
6.41400000e+03 1.02345697e+00 1.50000000e-02
6.41600000e+03 9.89378647e-01 1.50000000e-02
6.41800000e+03 9.86840338e-01 1.50000000e-02
6.42000000e+03 1.01866674e+00 1.50000000e-02
6.42200000e+03 1.00128059e+00 1.50000000e-02
6.42400000e+03 1.01501071e+00 1.50000000e-02
6.42600000e+03 9.78545513e-01 1.50000000e-02
6.42800000e+03 1.02476482e+00 1.50000000e-02
6.43000000e+03 9.91164615e-01 1.50000000e-02
6.43200000e+03 1.01228947e+00 1.50000000e-02
6.43400000e+03 9.84923334e-01 1.50000000e-02
6.43600000e+03 9.76736600e-01 1.50000000e-02
6.43800000e+03 9.96144000e-01 1.50000000e-02
6.44000000e+03 1.00261260e+00 1.50000000e-02
6.44200000e+03 1.02364458e+00 1.50000000e-02
6.44400000e+03 1.00524463e+00 1.50000000e-02
6.44600000e+03 1.01072552e+00 1.50000000e-02
6.44800000e+03 1.00987524e+00 1.50000000e-02
6.45000000e+03 1.04664225e+00 1.50000000e-02
6.45200000e+03 9.87715982e-01 1.50000000e-02
6.45400000e+03 1.01881338e+00 1.50000000e-02
6.45600000e+03 9.97744726e-01 1.50000000e-02
6.45800000e+03 1.00389239e+00 1.50000000e-02
6.46000000e+03 9.91776062e-01 1.50000000e-02
6.46200000e+03 1.01740957e+00 1.50000000e-02
6.46400000e+03 9.81146022e-01 1.50000000e-02
6.46600000e+03 9.80129536e-01 1.50000000e-02
6.46800000e+03 9.96840231e-01 1.50000000e-02
6.47000000e+03 9.82580020e-01 1.50000000e-02
6.47200000e+03 1.01049168e+00 1.50000000e-02
6.47400000e+03 1.01376159e+00 1.50000000e-02
6.47600000e+03 9.88627444e-01 1.50000000e-02
6.47800000e+03 1.01166753e+00 1.50000000e-02
6.48000000e+03 9.89965081e-01 1.50000000e-02
6.48200000e+03 9.99215929e-01 1.50000000e-02
6.48400000e+03 9.99962101e-01 1.50000000e-02
6.48600000e+03 1.02798605e+00 1.50000000e-02
6.48800000e+03 9.99808346e-01 1.50000000e-02
6.49000000e+03 9.86107391e-01 1.50000000e-02
6.49200000e+03 9.85991760e-01 1.50000000e-02
6.49400000e+03 1.01771867e+00 1.50000000e-02
6.49600000e+03 9.74642332e-01 1.50000000e-02
6.49800000e+03 9.92577108e-01 1.50000000e-02
6.50000000e+03 9.93874568e-01 1.50000000e-02
6.50200000e+03 9.62760078e-01 1.50000000e-02
6.50400000e+03 9.92411064e-01 1.50000000e-02
6.50600000e+03 1.01440578e+00 1.50000000e-02
6.50800000e+03 1.00274198e+00 1.50000000e-02
6.51000000e+03 9.85678539e-01 1.50000000e-02
6.51200000e+03 1.00943483e+00 1.50000000e-02
6.51400000e+03 1.00670642e+00 1.50000000e-02
6.51600000e+03 1.02918834e+00 1.50000000e-02
6.51800000e+03 9.87531945e-01 1.50000000e-02
6.52000000e+03 9.92664233e-01 1.50000000e-02
6.52200000e+03 9.98919255e-01 1.50000000e-02
6.52400000e+03 9.96008693e-01 1.50000000e-02
6.52600000e+03 9.99146359e-01 1.50000000e-02
6.52800000e+03 9.95974215e-01 1.50000000e-02
6.53000000e+03 9.86868411e-01 1.50000000e-02
6.53200000e+03 9.72899464e-01 1.50000000e-02
6.53400000e+03 9.88190368e-01 1.50000000e-02
6.53600000e+03 9.75317081e-01 1.50000000e-02
6.53800000e+03 9.79984830e-01 1.50000000e-02
6.54000000e+03 9.87056464e-01 1.50000000e-02
6.54200000e+03 1.00228641e+00 1.50000000e-02
6.54400000e+03 1.00687335e+00 1.50000000e-02
6.54600000e+03 9.77845393e-01 1.50000000e-02
6.54800000e+03 9.97265683e-01 1.50000000e-02
6.55000000e+03 1.00390999e+00 1.50000000e-02
6.55200000e+03 9.90319429e-01 1.50000000e-02
6.55400000e+03 9.65432946e-01 1.50000000e-02
6.55600000e+03 9.56681723e-01 1.50000000e-02
6.55800000e+03 9.99811878e-01 1.50000000e-02
6.56000000e+03 1.00043180e+00 1.50000000e-02
6.56200000e+03 9.89537760e-01 1.50000000e-02
6.56400000e+03 9.68163669e-01 1.50000000e-02
6.56600000e+03 1.00423506e+00 1.50000000e-02
6.56800000e+03 9.99003321e-01 1.50000000e-02
6.57000000e+03 9.78330392e-01 1.50000000e-02
6.57200000e+03 9.73762076e-01 1.50000000e-02
6.57400000e+03 9.45688366e-01 1.50000000e-02
6.57600000e+03 9.84121808e-01 1.50000000e-02
6.57800000e+03 9.46281700e-01 1.50000000e-02
6.58000000e+03 9.78172770e-01 1.50000000e-02
6.58200000e+03 9.76203910e-01 1.50000000e-02
6.58400000e+03 9.63791068e-01 1.50000000e-02
6.58600000e+03 9.83010538e-01 1.50000000e-02
6.58800000e+03 9.51216796e-01 1.50000000e-02
6.59000000e+03 9.61432223e-01 1.50000000e-02
6.59200000e+03 9.60862355e-01 1.50000000e-02
6.59400000e+03 9.48743101e-01 1.50000000e-02
6.59600000e+03 9.34611423e-01 1.50000000e-02
6.59800000e+03 9.54994650e-01 1.50000000e-02
6.60000000e+03 9.38292880e-01 1.50000000e-02
6.60200000e+03 9.24232418e-01 1.50000000e-02
6.60400000e+03 9.19557723e-01 1.50000000e-02
6.60600000e+03 9.18675925e-01 1.50000000e-02
6.60800000e+03 9.45359454e-01 1.50000000e-02
6.61000000e+03 9.06906889e-01 1.50000000e-02
6.61200000e+03 8.95637415e-01 1.50000000e-02
6.61400000e+03 8.76908197e-01 1.50000000e-02
6.61600000e+03 8.67982680e-01 1.50000000e-02
6.61800000e+03 8.50957121e-01 1.50000000e-02
6.62000000e+03 8.75829385e-01 1.50000000e-02
6.62200000e+03 8.65379808e-01 1.50000000e-02
6.62400000e+03 8.41922148e-01 1.50000000e-02
6.62600000e+03 8.27205788e-01 1.50000000e-02
6.62800000e+03 8.36541992e-01 1.50000000e-02
6.63000000e+03 8.25281768e-01 1.50000000e-02
6.63200000e+03 8.04602640e-01 1.50000000e-02
6.63400000e+03 8.20470998e-01 1.50000000e-02
6.63600000e+03 8.09200131e-01 1.50000000e-02
6.63800000e+03 7.97243667e-01 1.50000000e-02
6.64000000e+03 8.00366458e-01 1.50000000e-02
6.64200000e+03 7.69649685e-01 1.50000000e-02
6.64400000e+03 7.90367565e-01 1.50000000e-02
6.64600000e+03 7.45175203e-01 1.50000000e-02
6.64800000e+03 7.58459194e-01 1.50000000e-02
6.65000000e+03 7.50560487e-01 1.50000000e-02
6.65200000e+03 7.27376264e-01 1.50000000e-02
6.65400000e+03 7.26793131e-01 1.50000000e-02
6.65600000e+03 6.92512340e-01 1.50000000e-02
6.65800000e+03 6.79517117e-01 1.50000000e-02
6.66000000e+03 6.89405597e-01 1.50000000e-02
6.66200000e+03 6.71925870e-01 1.50000000e-02
6.66400000e+03 6.82325732e-01 1.50000000e-02
6.66600000e+03 6.64624402e-01 1.50000000e-02
6.66800000e+03 6.64325479e-01 1.50000000e-02
6.67000000e+03 6.50958520e-01 1.50000000e-02
6.67200000e+03 6.40569114e-01 1.50000000e-02
6.67400000e+03 6.30505336e-01 1.50000000e-02
6.67600000e+03 6.15402288e-01 1.50000000e-02
6.67800000e+03 6.06226325e-01 1.50000000e-02
6.68000000e+03 6.36270658e-01 1.50000000e-02
6.68200000e+03 5.72239362e-01 1.50000000e-02
6.68400000e+03 5.89162010e-01 1.50000000e-02
6.68600000e+03 6.00745930e-01 1.50000000e-02
6.68800000e+03 5.86142683e-01 1.50000000e-02
6.69000000e+03 5.95612678e-01 1.50000000e-02
6.69200000e+03 5.77824625e-01 1.50000000e-02
6.69400000e+03 5.46241107e-01 1.50000000e-02
6.69600000e+03 5.56363362e-01 1.50000000e-02
6.69800000e+03 5.36885476e-01 1.50000000e-02
6.70000000e+03 5.69925203e-01 1.50000000e-02
6.70200000e+03 5.74540995e-01 1.50000000e-02
6.70400000e+03 5.44570447e-01 1.50000000e-02
6.70600000e+03 5.58205849e-01 1.50000000e-02
6.70800000e+03 5.43336420e-01 1.50000000e-02
6.71000000e+03 5.27932741e-01 1.50000000e-02
6.71200000e+03 5.43400281e-01 1.50000000e-02
6.71400000e+03 5.27523999e-01 1.50000000e-02
6.71600000e+03 5.44466335e-01 1.50000000e-02
6.71800000e+03 5.58462221e-01 1.50000000e-02
6.72000000e+03 5.69033252e-01 1.50000000e-02
6.72200000e+03 5.80961088e-01 1.50000000e-02
6.72400000e+03 5.60446048e-01 1.50000000e-02
6.72600000e+03 5.73411046e-01 1.50000000e-02
6.72800000e+03 5.81123331e-01 1.50000000e-02
6.73000000e+03 5.88549570e-01 1.50000000e-02
6.73200000e+03 5.43312546e-01 1.50000000e-02
6.73400000e+03 5.80709793e-01 1.50000000e-02
6.73600000e+03 6.11045319e-01 1.50000000e-02
6.73800000e+03 5.89415980e-01 1.50000000e-02
6.74000000e+03 6.17399347e-01 1.50000000e-02
6.74200000e+03 6.34011530e-01 1.50000000e-02
6.74400000e+03 6.01183575e-01 1.50000000e-02
6.74600000e+03 6.35189843e-01 1.50000000e-02
6.74800000e+03 6.50283285e-01 1.50000000e-02
6.75000000e+03 6.55794401e-01 1.50000000e-02
6.75200000e+03 6.41785826e-01 1.50000000e-02
6.75400000e+03 6.79220786e-01 1.50000000e-02
6.75600000e+03 6.75028275e-01 1.50000000e-02
6.75800000e+03 7.05326586e-01 1.50000000e-02
6.76000000e+03 7.09072713e-01 1.50000000e-02
6.76200000e+03 7.04059618e-01 1.50000000e-02
6.76400000e+03 7.24673784e-01 1.50000000e-02
6.76600000e+03 7.21413198e-01 1.50000000e-02
6.76800000e+03 7.30988139e-01 1.50000000e-02
6.77000000e+03 7.27474830e-01 1.50000000e-02
6.77200000e+03 7.57213974e-01 1.50000000e-02
6.77400000e+03 7.82395208e-01 1.50000000e-02
6.77600000e+03 7.81453193e-01 1.50000000e-02
6.77800000e+03 7.88697688e-01 1.50000000e-02
6.78000000e+03 7.88717874e-01 1.50000000e-02
6.78200000e+03 7.99283140e-01 1.50000000e-02
6.78400000e+03 8.27141181e-01 1.50000000e-02
6.78600000e+03 8.02214591e-01 1.50000000e-02
6.78800000e+03 8.64022903e-01 1.50000000e-02
6.79000000e+03 8.40359588e-01 1.50000000e-02
6.79200000e+03 8.81926364e-01 1.50000000e-02
6.79400000e+03 8.74746624e-01 1.50000000e-02
6.79600000e+03 8.58401719e-01 1.50000000e-02
6.79800000e+03 8.82992886e-01 1.50000000e-02
6.80000000e+03 8.82878539e-01 1.50000000e-02
6.80200000e+03 8.92764924e-01 1.50000000e-02
6.80400000e+03 9.04286927e-01 1.50000000e-02
6.80600000e+03 8.90456989e-01 1.50000000e-02
6.80800000e+03 8.95426319e-01 1.50000000e-02
6.81000000e+03 9.04206470e-01 1.50000000e-02
6.81200000e+03 8.95506298e-01 1.50000000e-02
6.81400000e+03 9.17352769e-01 1.50000000e-02
6.81600000e+03 9.29761808e-01 1.50000000e-02
6.81800000e+03 9.34858077e-01 1.50000000e-02
6.82000000e+03 9.38544134e-01 1.50000000e-02
6.82200000e+03 9.34021865e-01 1.50000000e-02
6.82400000e+03 9.55846039e-01 1.50000000e-02
6.82600000e+03 9.17102528e-01 1.50000000e-02
6.82800000e+03 9.45545461e-01 1.50000000e-02
6.83000000e+03 9.49985949e-01 1.50000000e-02
6.83200000e+03 9.71576059e-01 1.50000000e-02
6.83400000e+03 9.71113445e-01 1.50000000e-02
6.83600000e+03 9.75984223e-01 1.50000000e-02
6.83800000e+03 9.66832556e-01 1.50000000e-02
6.84000000e+03 9.83323785e-01 1.50000000e-02
6.84200000e+03 9.56335682e-01 1.50000000e-02
6.84400000e+03 9.74598941e-01 1.50000000e-02
6.84600000e+03 9.43834206e-01 1.50000000e-02
6.84800000e+03 1.00307914e+00 1.50000000e-02
6.85000000e+03 1.00298369e+00 1.50000000e-02
6.85200000e+03 9.71731593e-01 1.50000000e-02
6.85400000e+03 9.69466150e-01 1.50000000e-02
6.85600000e+03 9.52094496e-01 1.50000000e-02
6.85800000e+03 9.61858960e-01 1.50000000e-02
6.86000000e+03 9.87838039e-01 1.50000000e-02
6.86200000e+03 9.84733831e-01 1.50000000e-02
6.86400000e+03 9.65957850e-01 1.50000000e-02
6.86600000e+03 9.81511615e-01 1.50000000e-02
6.86800000e+03 9.79875565e-01 1.50000000e-02
6.87000000e+03 9.97664986e-01 1.50000000e-02
6.87200000e+03 1.00198128e+00 1.50000000e-02
6.87400000e+03 9.88689690e-01 1.50000000e-02
6.87600000e+03 9.94300454e-01 1.50000000e-02
6.87800000e+03 9.93030962e-01 1.50000000e-02
6.88000000e+03 9.62258435e-01 1.50000000e-02
6.88200000e+03 9.96730992e-01 1.50000000e-02
6.88400000e+03 9.93471492e-01 1.50000000e-02
6.88600000e+03 1.00605952e+00 1.50000000e-02
6.88800000e+03 9.67590371e-01 1.50000000e-02
6.89000000e+03 1.00689943e+00 1.50000000e-02
6.89200000e+03 9.86118387e-01 1.50000000e-02
6.89400000e+03 9.99947684e-01 1.50000000e-02
6.89600000e+03 1.01433214e+00 1.50000000e-02
6.89800000e+03 9.74218859e-01 1.50000000e-02
6.90000000e+03 9.76857572e-01 1.50000000e-02
6.90200000e+03 1.01161243e+00 1.50000000e-02
6.90400000e+03 9.79720492e-01 1.50000000e-02
6.90600000e+03 9.82568486e-01 1.50000000e-02
6.90800000e+03 1.00610858e+00 1.50000000e-02
6.91000000e+03 9.94123115e-01 1.50000000e-02
6.91200000e+03 1.00893974e+00 1.50000000e-02
6.91400000e+03 1.00184690e+00 1.50000000e-02
6.91600000e+03 9.97033480e-01 1.50000000e-02
6.91800000e+03 1.01226094e+00 1.50000000e-02
6.92000000e+03 1.03037692e+00 1.50000000e-02
6.92200000e+03 9.96104163e-01 1.50000000e-02
6.92400000e+03 1.01984483e+00 1.50000000e-02
6.92600000e+03 1.01469156e+00 1.50000000e-02
6.92800000e+03 9.99373597e-01 1.50000000e-02
6.93000000e+03 1.00461043e+00 1.50000000e-02
6.93200000e+03 9.83714040e-01 1.50000000e-02
6.93400000e+03 9.88553859e-01 1.50000000e-02
6.93600000e+03 1.00198732e+00 1.50000000e-02
6.93800000e+03 9.97136095e-01 1.50000000e-02
6.94000000e+03 1.01738132e+00 1.50000000e-02
6.94200000e+03 9.78376393e-01 1.50000000e-02
6.94400000e+03 9.93488632e-01 1.50000000e-02
6.94600000e+03 9.88332884e-01 1.50000000e-02
6.94800000e+03 9.95631057e-01 1.50000000e-02
6.95000000e+03 1.01538842e+00 1.50000000e-02
6.95200000e+03 9.79831399e-01 1.50000000e-02
6.95400000e+03 1.01069967e+00 1.50000000e-02
6.95600000e+03 9.89101939e-01 1.50000000e-02
6.95800000e+03 9.93100162e-01 1.50000000e-02
6.96000000e+03 1.01295684e+00 1.50000000e-02
6.96200000e+03 9.93733024e-01 1.50000000e-02
6.96400000e+03 1.00800718e+00 1.50000000e-02
6.96600000e+03 9.99716189e-01 1.50000000e-02
6.96800000e+03 9.95416320e-01 1.50000000e-02
6.97000000e+03 9.92614033e-01 1.50000000e-02
6.97200000e+03 9.72052139e-01 1.50000000e-02
6.97400000e+03 9.86839776e-01 1.50000000e-02
6.97600000e+03 1.00055669e+00 1.50000000e-02
6.97800000e+03 1.00110359e+00 1.50000000e-02
6.98000000e+03 9.75703713e-01 1.50000000e-02
6.98200000e+03 1.01313940e+00 1.50000000e-02
6.98400000e+03 1.00671321e+00 1.50000000e-02
6.98600000e+03 9.78586731e-01 1.50000000e-02
6.98800000e+03 9.82481717e-01 1.50000000e-02
6.99000000e+03 1.00575907e+00 1.50000000e-02
6.99200000e+03 9.71752895e-01 1.50000000e-02
6.99400000e+03 9.87023136e-01 1.50000000e-02
6.99600000e+03 9.97381142e-01 1.50000000e-02
6.99800000e+03 9.96293586e-01 1.50000000e-02
7.00000000e+03 9.97358072e-01 1.50000000e-02
7.00200000e+03 1.00409634e+00 1.50000000e-02
7.00400000e+03 9.86262550e-01 1.50000000e-02
7.00600000e+03 9.90948063e-01 1.50000000e-02
7.00800000e+03 1.02908800e+00 1.50000000e-02
7.01000000e+03 9.77235812e-01 1.50000000e-02
7.01200000e+03 9.91551721e-01 1.50000000e-02
7.01400000e+03 9.99974381e-01 1.50000000e-02
7.01600000e+03 9.88614990e-01 1.50000000e-02
7.01800000e+03 1.01667546e+00 1.50000000e-02
7.02000000e+03 9.99441648e-01 1.50000000e-02
7.02200000e+03 1.00973970e+00 1.50000000e-02
7.02400000e+03 9.59121087e-01 1.50000000e-02
7.02600000e+03 1.01621768e+00 1.50000000e-02
7.02800000e+03 1.01564298e+00 1.50000000e-02
7.03000000e+03 9.87059068e-01 1.50000000e-02
7.03200000e+03 1.01803257e+00 1.50000000e-02
7.03400000e+03 1.00242555e+00 1.50000000e-02
7.03600000e+03 1.01238417e+00 1.50000000e-02
7.03800000e+03 1.02568011e+00 1.50000000e-02
7.04000000e+03 1.00000373e+00 1.50000000e-02
7.04200000e+03 9.83303600e-01 1.50000000e-02
7.04400000e+03 9.98358201e-01 1.50000000e-02
7.04600000e+03 9.79387117e-01 1.50000000e-02
7.04800000e+03 9.86516275e-01 1.50000000e-02
7.05000000e+03 9.87101949e-01 1.50000000e-02
7.05200000e+03 9.87908916e-01 1.50000000e-02
7.05400000e+03 1.01611013e+00 1.50000000e-02
7.05600000e+03 1.01117516e+00 1.50000000e-02
7.05800000e+03 9.85176655e-01 1.50000000e-02
7.06000000e+03 1.01564423e+00 1.50000000e-02
7.06200000e+03 9.73466744e-01 1.50000000e-02
7.06400000e+03 9.88842113e-01 1.50000000e-02
7.06600000e+03 9.96632135e-01 1.50000000e-02
7.06800000e+03 1.01659156e+00 1.50000000e-02
7.07000000e+03 1.00968832e+00 1.50000000e-02
7.07200000e+03 1.00562391e+00 1.50000000e-02
7.07400000e+03 1.01838020e+00 1.50000000e-02
7.07600000e+03 1.00960087e+00 1.50000000e-02
7.07800000e+03 1.01937741e+00 1.50000000e-02
7.08000000e+03 9.87080596e-01 1.50000000e-02
7.08200000e+03 9.73532661e-01 1.50000000e-02
7.08400000e+03 9.92655561e-01 1.50000000e-02
7.08600000e+03 1.01140653e+00 1.50000000e-02
7.08800000e+03 1.00285914e+00 1.50000000e-02
7.09000000e+03 1.01231774e+00 1.50000000e-02
7.09200000e+03 1.00964480e+00 1.50000000e-02
7.09400000e+03 1.00673118e+00 1.50000000e-02
7.09600000e+03 1.01128369e+00 1.50000000e-02
7.09800000e+03 9.88256932e-01 1.50000000e-02
7.10000000e+03 1.01541991e+00 1.50000000e-02
7.10200000e+03 9.83911478e-01 1.50000000e-02
7.10400000e+03 9.97301912e-01 1.50000000e-02
7.10600000e+03 9.77776363e-01 1.50000000e-02
7.10800000e+03 1.00661563e+00 1.50000000e-02
7.11000000e+03 9.75724483e-01 1.50000000e-02
7.11200000e+03 1.02013389e+00 1.50000000e-02
7.11400000e+03 9.78843035e-01 1.50000000e-02
7.11600000e+03 1.00292454e+00 1.50000000e-02
7.11800000e+03 9.96933482e-01 1.50000000e-02
7.12000000e+03 9.85866988e-01 1.50000000e-02
7.12200000e+03 1.01779657e+00 1.50000000e-02
7.12400000e+03 9.92603720e-01 1.50000000e-02
7.12600000e+03 1.02105673e+00 1.50000000e-02
7.12800000e+03 9.83635896e-01 1.50000000e-02
7.13000000e+03 9.86995919e-01 1.50000000e-02
7.13200000e+03 9.69015415e-01 1.50000000e-02
7.13400000e+03 1.00735073e+00 1.50000000e-02
7.13600000e+03 1.01281742e+00 1.50000000e-02
7.13800000e+03 1.00242679e+00 1.50000000e-02
7.14000000e+03 9.96626779e-01 1.50000000e-02
7.14200000e+03 9.85227468e-01 1.50000000e-02
7.14400000e+03 1.03435691e+00 1.50000000e-02
7.14600000e+03 1.01022211e+00 1.50000000e-02
7.14800000e+03 9.71373160e-01 1.50000000e-02
7.15000000e+03 9.94413202e-01 1.50000000e-02
7.15200000e+03 9.59891555e-01 1.50000000e-02
7.15400000e+03 1.02279395e+00 1.50000000e-02
7.15600000e+03 1.02878369e+00 1.50000000e-02
7.15800000e+03 1.02105168e+00 1.50000000e-02
7.16000000e+03 9.98288907e-01 1.50000000e-02
7.16200000e+03 9.90204899e-01 1.50000000e-02
7.16400000e+03 9.78019448e-01 1.50000000e-02
7.16600000e+03 1.00710559e+00 1.50000000e-02
7.16800000e+03 9.87910853e-01 1.50000000e-02
7.17000000e+03 9.93467108e-01 1.50000000e-02
7.17200000e+03 9.89510122e-01 1.50000000e-02
7.17400000e+03 9.94485305e-01 1.50000000e-02
7.17600000e+03 1.01262263e+00 1.50000000e-02
7.17800000e+03 1.02452538e+00 1.50000000e-02
7.18000000e+03 1.00141578e+00 1.50000000e-02
7.18200000e+03 9.99447698e-01 1.50000000e-02
7.18400000e+03 9.82423634e-01 1.50000000e-02
7.18600000e+03 9.80682947e-01 1.50000000e-02
7.18800000e+03 9.83180454e-01 1.50000000e-02
7.19000000e+03 1.01248543e+00 1.50000000e-02
7.19200000e+03 1.00291071e+00 1.50000000e-02
7.19400000e+03 1.01376260e+00 1.50000000e-02
7.19600000e+03 1.00558333e+00 1.50000000e-02
7.19800000e+03 9.93165502e-01 1.50000000e-02
7.20000000e+03 9.80516441e-01 1.50000000e-02
7.20200000e+03 9.93683615e-01 1.50000000e-02
7.20400000e+03 9.77728643e-01 1.50000000e-02
7.20600000e+03 1.02937379e+00 1.50000000e-02
7.20800000e+03 1.00330590e+00 1.50000000e-02
7.21000000e+03 9.93722515e-01 1.50000000e-02
7.21200000e+03 1.02929641e+00 1.50000000e-02
7.21400000e+03 9.93480535e-01 1.50000000e-02
7.21600000e+03 1.00766043e+00 1.50000000e-02
7.21800000e+03 9.96806555e-01 1.50000000e-02
7.22000000e+03 1.00466909e+00 1.50000000e-02
7.22200000e+03 9.93730596e-01 1.50000000e-02
7.22400000e+03 1.00672664e+00 1.50000000e-02
7.22600000e+03 1.02080780e+00 1.50000000e-02
7.22800000e+03 9.80246268e-01 1.50000000e-02
7.23000000e+03 9.65757642e-01 1.50000000e-02
7.23200000e+03 1.01970722e+00 1.50000000e-02
7.23400000e+03 1.00184047e+00 1.50000000e-02
7.23600000e+03 1.01250821e+00 1.50000000e-02
7.23800000e+03 9.94938294e-01 1.50000000e-02
7.24000000e+03 1.02265894e+00 1.50000000e-02
7.24200000e+03 1.02686304e+00 1.50000000e-02
7.24400000e+03 9.81623622e-01 1.50000000e-02
7.24600000e+03 1.00947905e+00 1.50000000e-02
7.24800000e+03 9.90068411e-01 1.50000000e-02
7.25000000e+03 9.74903570e-01 1.50000000e-02
7.25200000e+03 9.94689050e-01 1.50000000e-02
7.25400000e+03 1.00783755e+00 1.50000000e-02
7.25600000e+03 9.78480800e-01 1.50000000e-02
7.25800000e+03 9.79714259e-01 1.50000000e-02
7.26000000e+03 1.01782572e+00 1.50000000e-02
7.26200000e+03 9.99604957e-01 1.50000000e-02
7.26400000e+03 1.00518266e+00 1.50000000e-02
7.26600000e+03 9.81747091e-01 1.50000000e-02
7.26800000e+03 9.89113269e-01 1.50000000e-02
7.27000000e+03 1.00082133e+00 1.50000000e-02
7.27200000e+03 1.00177960e+00 1.50000000e-02
7.27400000e+03 1.00109394e+00 1.50000000e-02
7.27600000e+03 1.02295479e+00 1.50000000e-02
7.27800000e+03 1.00131243e+00 1.50000000e-02
7.28000000e+03 9.75532954e-01 1.50000000e-02
7.28200000e+03 9.85443679e-01 1.50000000e-02
7.28400000e+03 9.97769129e-01 1.50000000e-02
7.28600000e+03 1.01796025e+00 1.50000000e-02
7.28800000e+03 9.88138578e-01 1.50000000e-02
7.29000000e+03 9.92577949e-01 1.50000000e-02
7.29200000e+03 9.98061692e-01 1.50000000e-02
7.29400000e+03 9.87704601e-01 1.50000000e-02
7.29600000e+03 9.85882052e-01 1.50000000e-02
7.29800000e+03 9.94761660e-01 1.50000000e-02
7.30000000e+03 1.01335782e+00 1.50000000e-02
7.30200000e+03 1.00559139e+00 1.50000000e-02
7.30400000e+03 9.93872606e-01 1.50000000e-02
7.30600000e+03 1.00430947e+00 1.50000000e-02
7.30800000e+03 9.78727856e-01 1.50000000e-02
7.31000000e+03 1.01329519e+00 1.50000000e-02
7.31200000e+03 1.00937486e+00 1.50000000e-02
7.31400000e+03 1.00266012e+00 1.50000000e-02
7.31600000e+03 9.73394061e-01 1.50000000e-02
7.31800000e+03 1.02894967e+00 1.50000000e-02
7.32000000e+03 9.53756894e-01 1.50000000e-02
7.32200000e+03 9.82962419e-01 1.50000000e-02
7.32400000e+03 9.84148877e-01 1.50000000e-02
7.32600000e+03 1.00863575e+00 1.50000000e-02
7.32800000e+03 9.75365611e-01 1.50000000e-02
7.33000000e+03 1.00166023e+00 1.50000000e-02
7.33200000e+03 9.95772409e-01 1.50000000e-02
7.33400000e+03 9.93671883e-01 1.50000000e-02
7.33600000e+03 1.01106383e+00 1.50000000e-02
7.33800000e+03 1.01969023e+00 1.50000000e-02
7.34000000e+03 1.00412026e+00 1.50000000e-02
7.34200000e+03 9.93934325e-01 1.50000000e-02
7.34400000e+03 9.63539027e-01 1.50000000e-02
7.34600000e+03 1.02042148e+00 1.50000000e-02
7.34800000e+03 9.93559892e-01 1.50000000e-02
7.35000000e+03 9.70027202e-01 1.50000000e-02
7.35200000e+03 1.00056018e+00 1.50000000e-02
7.35400000e+03 1.02013112e+00 1.50000000e-02
7.35600000e+03 9.96019470e-01 1.50000000e-02
7.35800000e+03 9.80440356e-01 1.50000000e-02
7.36000000e+03 1.03241500e+00 1.50000000e-02
7.36200000e+03 1.00753521e+00 1.50000000e-02
7.36400000e+03 1.00348317e+00 1.50000000e-02
7.36600000e+03 1.01369614e+00 1.50000000e-02
7.36800000e+03 9.65358895e-01 1.50000000e-02
7.37000000e+03 9.97250723e-01 1.50000000e-02
7.37200000e+03 9.95826779e-01 1.50000000e-02
7.37400000e+03 1.03275450e+00 1.50000000e-02
7.37600000e+03 9.89808697e-01 1.50000000e-02
7.37800000e+03 9.89997692e-01 1.50000000e-02
7.38000000e+03 9.77290588e-01 1.50000000e-02
7.38200000e+03 9.85934745e-01 1.50000000e-02
7.38400000e+03 9.95312135e-01 1.50000000e-02
7.38600000e+03 1.00243604e+00 1.50000000e-02
7.38800000e+03 9.95445391e-01 1.50000000e-02
7.39000000e+03 1.02892878e+00 1.50000000e-02
7.39200000e+03 1.00596017e+00 1.50000000e-02
7.39400000e+03 1.00819099e+00 1.50000000e-02
7.39600000e+03 1.01928352e+00 1.50000000e-02
7.39800000e+03 1.00813632e+00 1.50000000e-02
7.40000000e+03 9.90585502e-01 1.50000000e-02
7.40200000e+03 9.75034327e-01 1.50000000e-02
7.40400000e+03 1.00397580e+00 1.50000000e-02
7.40600000e+03 9.85920283e-01 1.50000000e-02
7.40800000e+03 1.01856503e+00 1.50000000e-02
7.41000000e+03 9.86875062e-01 1.50000000e-02
7.41200000e+03 9.64677715e-01 1.50000000e-02
7.41400000e+03 9.99180348e-01 1.50000000e-02
7.41600000e+03 1.01485978e+00 1.50000000e-02
7.41800000e+03 9.95400121e-01 1.50000000e-02
7.42000000e+03 1.00132619e+00 1.50000000e-02
7.42200000e+03 1.00089819e+00 1.50000000e-02
7.42400000e+03 1.02475058e+00 1.50000000e-02
7.42600000e+03 1.00313239e+00 1.50000000e-02
7.42800000e+03 9.97914417e-01 1.50000000e-02
7.43000000e+03 9.89159881e-01 1.50000000e-02
7.43200000e+03 9.73538525e-01 1.50000000e-02
7.43400000e+03 1.01994960e+00 1.50000000e-02
7.43600000e+03 1.01599957e+00 1.50000000e-02
7.43800000e+03 9.83999253e-01 1.50000000e-02
7.44000000e+03 1.00777769e+00 1.50000000e-02
7.44200000e+03 1.00347709e+00 1.50000000e-02
7.44400000e+03 9.92699525e-01 1.50000000e-02
7.44600000e+03 9.93726469e-01 1.50000000e-02
7.44800000e+03 1.00996692e+00 1.50000000e-02
7.45000000e+03 9.80131702e-01 1.50000000e-02
7.45200000e+03 9.90550123e-01 1.50000000e-02
7.45400000e+03 9.97304355e-01 1.50000000e-02
7.45600000e+03 9.98368144e-01 1.50000000e-02
7.45800000e+03 9.95272144e-01 1.50000000e-02
7.46000000e+03 1.00179690e+00 1.50000000e-02
7.46200000e+03 1.00656196e+00 1.50000000e-02
7.46400000e+03 9.84869703e-01 1.50000000e-02
7.46600000e+03 9.99772278e-01 1.50000000e-02
7.46800000e+03 9.90441763e-01 1.50000000e-02
7.47000000e+03 1.02144094e+00 1.50000000e-02
7.47200000e+03 9.77068196e-01 1.50000000e-02
7.47400000e+03 9.94906893e-01 1.50000000e-02
7.47600000e+03 1.00913053e+00 1.50000000e-02
7.47800000e+03 9.94152857e-01 1.50000000e-02
7.48000000e+03 9.93426278e-01 1.50000000e-02
7.48200000e+03 9.90306412e-01 1.50000000e-02
7.48400000e+03 1.00328785e+00 1.50000000e-02
7.48600000e+03 9.80814302e-01 1.50000000e-02
7.48800000e+03 9.97308142e-01 1.50000000e-02
7.49000000e+03 9.97020892e-01 1.50000000e-02
7.49200000e+03 9.76302405e-01 1.50000000e-02
7.49400000e+03 1.00277085e+00 1.50000000e-02
7.49600000e+03 9.91542034e-01 1.50000000e-02
7.49800000e+03 1.00335933e+00 1.50000000e-02
7.50000000e+03 1.01178031e+00 1.50000000e-02
7.50200000e+03 1.00393885e+00 1.50000000e-02
7.50400000e+03 9.80760727e-01 1.50000000e-02
7.50600000e+03 1.00365869e+00 1.50000000e-02
7.50800000e+03 9.74446024e-01 1.50000000e-02
7.51000000e+03 9.87155108e-01 1.50000000e-02
7.51200000e+03 1.02423539e+00 1.50000000e-02
7.51400000e+03 9.98935205e-01 1.50000000e-02
7.51600000e+03 1.02257442e+00 1.50000000e-02
7.51800000e+03 9.96149233e-01 1.50000000e-02
7.52000000e+03 9.99069645e-01 1.50000000e-02
7.52200000e+03 9.81975243e-01 1.50000000e-02
7.52400000e+03 1.01329804e+00 1.50000000e-02
7.52600000e+03 9.95965779e-01 1.50000000e-02
7.52800000e+03 1.00852293e+00 1.50000000e-02
7.53000000e+03 1.00567274e+00 1.50000000e-02
7.53200000e+03 1.00721041e+00 1.50000000e-02
7.53400000e+03 1.00408574e+00 1.50000000e-02
7.53600000e+03 9.98580016e-01 1.50000000e-02
7.53800000e+03 9.99182601e-01 1.50000000e-02
7.54000000e+03 9.88708518e-01 1.50000000e-02
7.54200000e+03 9.66955085e-01 1.50000000e-02
7.54400000e+03 1.00672812e+00 1.50000000e-02
7.54600000e+03 1.03097026e+00 1.50000000e-02
7.54800000e+03 1.01579906e+00 1.50000000e-02
7.55000000e+03 1.03492931e+00 1.50000000e-02
7.55200000e+03 1.00686553e+00 1.50000000e-02
7.55400000e+03 9.84938692e-01 1.50000000e-02
7.55600000e+03 9.84613992e-01 1.50000000e-02
7.55800000e+03 1.01096752e+00 1.50000000e-02
7.56000000e+03 1.00487400e+00 1.50000000e-02
7.56200000e+03 9.97210174e-01 1.50000000e-02
7.56400000e+03 1.01102073e+00 1.50000000e-02
7.56600000e+03 9.86490388e-01 1.50000000e-02
7.56800000e+03 1.00775436e+00 1.50000000e-02
7.57000000e+03 9.95566137e-01 1.50000000e-02
7.57200000e+03 1.00225349e+00 1.50000000e-02
7.57400000e+03 1.01791438e+00 1.50000000e-02
7.57600000e+03 9.97806398e-01 1.50000000e-02
7.57800000e+03 1.02082823e+00 1.50000000e-02
7.58000000e+03 1.02013041e+00 1.50000000e-02
7.58200000e+03 9.88456374e-01 1.50000000e-02
7.58400000e+03 1.03529472e+00 1.50000000e-02
7.58600000e+03 9.81209851e-01 1.50000000e-02
7.58800000e+03 9.98529598e-01 1.50000000e-02
7.59000000e+03 1.01125366e+00 1.50000000e-02
7.59200000e+03 9.65439730e-01 1.50000000e-02
7.59400000e+03 1.01578105e+00 1.50000000e-02
7.59600000e+03 1.01739618e+00 1.50000000e-02
7.59800000e+03 9.98413511e-01 1.50000000e-02
7.60000000e+03 1.00427081e+00 1.50000000e-02
7.60200000e+03 1.00341722e+00 1.50000000e-02
7.60400000e+03 9.96978113e-01 1.50000000e-02
7.60600000e+03 1.01644201e+00 1.50000000e-02
7.60800000e+03 9.94499694e-01 1.50000000e-02
7.61000000e+03 9.99495576e-01 1.50000000e-02
7.61200000e+03 1.00572165e+00 1.50000000e-02
7.61400000e+03 1.01308906e+00 1.50000000e-02
7.61600000e+03 1.01692859e+00 1.50000000e-02
7.61800000e+03 9.77692406e-01 1.50000000e-02
7.62000000e+03 9.69268420e-01 1.50000000e-02
7.62200000e+03 9.98069170e-01 1.50000000e-02
7.62400000e+03 9.99333477e-01 1.50000000e-02
7.62600000e+03 9.83697546e-01 1.50000000e-02
7.62800000e+03 1.00479429e+00 1.50000000e-02
7.63000000e+03 1.00971741e+00 1.50000000e-02
7.63200000e+03 1.00595599e+00 1.50000000e-02
7.63400000e+03 1.02523215e+00 1.50000000e-02
7.63600000e+03 9.84384131e-01 1.50000000e-02
7.63800000e+03 1.00048427e+00 1.50000000e-02
7.64000000e+03 1.02947376e+00 1.50000000e-02
7.64200000e+03 1.01045791e+00 1.50000000e-02
7.64400000e+03 9.83125290e-01 1.50000000e-02
7.64600000e+03 1.00319244e+00 1.50000000e-02
7.64800000e+03 1.01805600e+00 1.50000000e-02
7.65000000e+03 1.03179822e+00 1.50000000e-02
7.65200000e+03 1.01018837e+00 1.50000000e-02
7.65400000e+03 1.01786197e+00 1.50000000e-02
7.65600000e+03 9.83192753e-01 1.50000000e-02
7.65800000e+03 9.96301627e-01 1.50000000e-02
7.66000000e+03 1.01825372e+00 1.50000000e-02
7.66200000e+03 9.85464465e-01 1.50000000e-02
7.66400000e+03 9.99118830e-01 1.50000000e-02
7.66600000e+03 9.71628540e-01 1.50000000e-02
7.66800000e+03 1.02256007e+00 1.50000000e-02
7.67000000e+03 9.98037415e-01 1.50000000e-02
7.67200000e+03 1.00864435e+00 1.50000000e-02
7.67400000e+03 9.77146588e-01 1.50000000e-02
7.67600000e+03 9.80032607e-01 1.50000000e-02
7.67800000e+03 1.02763965e+00 1.50000000e-02
7.68000000e+03 9.94795345e-01 1.50000000e-02
7.68200000e+03 9.91725314e-01 1.50000000e-02
7.68400000e+03 1.00778770e+00 1.50000000e-02
7.68600000e+03 1.00843792e+00 1.50000000e-02
7.68800000e+03 9.70145424e-01 1.50000000e-02
7.69000000e+03 9.85153884e-01 1.50000000e-02
7.69200000e+03 1.00077190e+00 1.50000000e-02
7.69400000e+03 1.00007998e+00 1.50000000e-02
7.69600000e+03 1.00534753e+00 1.50000000e-02
7.69800000e+03 9.93465282e-01 1.50000000e-02
7.70000000e+03 9.95735312e-01 1.50000000e-02
7.70200000e+03 1.00327152e+00 1.50000000e-02
7.70400000e+03 9.89513313e-01 1.50000000e-02
7.70600000e+03 9.87291380e-01 1.50000000e-02
7.70800000e+03 9.91647116e-01 1.50000000e-02
7.71000000e+03 1.00008280e+00 1.50000000e-02
7.71200000e+03 9.97703841e-01 1.50000000e-02
7.71400000e+03 9.92699697e-01 1.50000000e-02
7.71600000e+03 9.96151331e-01 1.50000000e-02
7.71800000e+03 9.99209719e-01 1.50000000e-02
7.72000000e+03 1.00482581e+00 1.50000000e-02
7.72200000e+03 1.00545593e+00 1.50000000e-02
7.72400000e+03 9.80376162e-01 1.50000000e-02
7.72600000e+03 1.01472760e+00 1.50000000e-02
7.72800000e+03 9.75605886e-01 1.50000000e-02
7.73000000e+03 1.00821741e+00 1.50000000e-02
7.73200000e+03 9.89177864e-01 1.50000000e-02
7.73400000e+03 1.00870105e+00 1.50000000e-02
7.73600000e+03 1.01597973e+00 1.50000000e-02
7.73800000e+03 9.71321408e-01 1.50000000e-02
7.74000000e+03 1.00899623e+00 1.50000000e-02
7.74200000e+03 1.00400206e+00 1.50000000e-02
7.74400000e+03 9.92802846e-01 1.50000000e-02
7.74600000e+03 1.00566183e+00 1.50000000e-02
7.74800000e+03 9.92319746e-01 1.50000000e-02
7.75000000e+03 1.00161747e+00 1.50000000e-02
7.75200000e+03 9.83888607e-01 1.50000000e-02
7.75400000e+03 1.01168969e+00 1.50000000e-02
7.75600000e+03 1.00873105e+00 1.50000000e-02
7.75800000e+03 1.01104700e+00 1.50000000e-02
7.76000000e+03 9.89878140e-01 1.50000000e-02
7.76200000e+03 1.02763199e+00 1.50000000e-02
7.76400000e+03 1.02970500e+00 1.50000000e-02
7.76600000e+03 9.98463037e-01 1.50000000e-02
7.76800000e+03 9.93474569e-01 1.50000000e-02
7.77000000e+03 9.93607724e-01 1.50000000e-02
7.77200000e+03 1.01017726e+00 1.50000000e-02
7.77400000e+03 1.01534043e+00 1.50000000e-02
7.77600000e+03 9.88481891e-01 1.50000000e-02
7.77800000e+03 9.69101090e-01 1.50000000e-02
7.78000000e+03 1.00665177e+00 1.50000000e-02
7.78200000e+03 9.99152158e-01 1.50000000e-02
7.78400000e+03 1.00236349e+00 1.50000000e-02
7.78600000e+03 1.00758359e+00 1.50000000e-02
7.78800000e+03 9.82939118e-01 1.50000000e-02
7.79000000e+03 1.00071826e+00 1.50000000e-02
7.79200000e+03 9.95222874e-01 1.50000000e-02
7.79400000e+03 1.00540478e+00 1.50000000e-02
7.79600000e+03 1.01815326e+00 1.50000000e-02
7.79800000e+03 9.99700811e-01 1.50000000e-02
7.80000000e+03 9.86696061e-01 1.50000000e-02
7.80200000e+03 1.01848102e+00 1.50000000e-02
7.80400000e+03 1.01034233e+00 1.50000000e-02
7.80600000e+03 9.96519894e-01 1.50000000e-02
7.80800000e+03 9.72306888e-01 1.50000000e-02
7.81000000e+03 9.86300808e-01 1.50000000e-02
7.81200000e+03 1.00169064e+00 1.50000000e-02
7.81400000e+03 1.00777857e+00 1.50000000e-02
7.81600000e+03 9.91494168e-01 1.50000000e-02
7.81800000e+03 1.00604353e+00 1.50000000e-02
7.82000000e+03 9.89842608e-01 1.50000000e-02
7.82200000e+03 9.93023112e-01 1.50000000e-02
7.82400000e+03 1.00744271e+00 1.50000000e-02
7.82600000e+03 9.95291699e-01 1.50000000e-02
7.82800000e+03 1.00148041e+00 1.50000000e-02
7.83000000e+03 1.01257455e+00 1.50000000e-02
7.83200000e+03 1.01640300e+00 1.50000000e-02
7.83400000e+03 9.90429539e-01 1.50000000e-02
7.83600000e+03 9.95497320e-01 1.50000000e-02
7.83800000e+03 9.79300483e-01 1.50000000e-02
7.84000000e+03 9.79590401e-01 1.50000000e-02
7.84200000e+03 1.00376858e+00 1.50000000e-02
7.84400000e+03 9.91397032e-01 1.50000000e-02
7.84600000e+03 9.71272279e-01 1.50000000e-02
7.84800000e+03 1.00721423e+00 1.50000000e-02
7.85000000e+03 9.86558131e-01 1.50000000e-02
7.85200000e+03 9.94492769e-01 1.50000000e-02
7.85400000e+03 1.00549011e+00 1.50000000e-02
7.85600000e+03 1.00518887e+00 1.50000000e-02
7.85800000e+03 9.98328427e-01 1.50000000e-02
7.86000000e+03 9.69168196e-01 1.50000000e-02
7.86200000e+03 1.00770533e+00 1.50000000e-02
7.86400000e+03 9.90222576e-01 1.50000000e-02
7.86600000e+03 9.77842097e-01 1.50000000e-02
7.86800000e+03 9.65931359e-01 1.50000000e-02
7.87000000e+03 1.01906314e+00 1.50000000e-02
7.87200000e+03 1.00132010e+00 1.50000000e-02
7.87400000e+03 1.00087238e+00 1.50000000e-02
7.87600000e+03 1.00836305e+00 1.50000000e-02
7.87800000e+03 9.98015407e-01 1.50000000e-02
7.88000000e+03 9.76957811e-01 1.50000000e-02
7.88200000e+03 1.00943018e+00 1.50000000e-02
7.88400000e+03 1.01427526e+00 1.50000000e-02
7.88600000e+03 1.00699412e+00 1.50000000e-02
7.88800000e+03 1.02235545e+00 1.50000000e-02
7.89000000e+03 1.02789787e+00 1.50000000e-02
7.89200000e+03 9.87242056e-01 1.50000000e-02
7.89400000e+03 9.92568923e-01 1.50000000e-02
7.89600000e+03 1.01258595e+00 1.50000000e-02
7.89800000e+03 1.00191407e+00 1.50000000e-02
7.90000000e+03 1.00243931e+00 1.50000000e-02
7.90200000e+03 1.01332381e+00 1.50000000e-02
7.90400000e+03 1.01040899e+00 1.50000000e-02
7.90600000e+03 9.92645409e-01 1.50000000e-02
7.90800000e+03 1.00116726e+00 1.50000000e-02
7.91000000e+03 9.88601294e-01 1.50000000e-02
7.91200000e+03 9.96370573e-01 1.50000000e-02
7.91400000e+03 9.82608884e-01 1.50000000e-02
7.91600000e+03 9.69800875e-01 1.50000000e-02
7.91800000e+03 9.91855558e-01 1.50000000e-02
7.92000000e+03 9.90446653e-01 1.50000000e-02
7.92200000e+03 1.01276550e+00 1.50000000e-02
7.92400000e+03 1.02298668e+00 1.50000000e-02
7.92600000e+03 9.99745814e-01 1.50000000e-02
7.92800000e+03 1.00646373e+00 1.50000000e-02
7.93000000e+03 9.89845337e-01 1.50000000e-02
7.93200000e+03 9.85492408e-01 1.50000000e-02
7.93400000e+03 9.95136581e-01 1.50000000e-02
7.93600000e+03 9.95138611e-01 1.50000000e-02
7.93800000e+03 1.00387907e+00 1.50000000e-02
7.94000000e+03 1.00114792e+00 1.50000000e-02
7.94200000e+03 1.02435029e+00 1.50000000e-02
7.94400000e+03 9.96229663e-01 1.50000000e-02
7.94600000e+03 9.74723098e-01 1.50000000e-02
7.94800000e+03 1.00130969e+00 1.50000000e-02
7.95000000e+03 9.89610833e-01 1.50000000e-02
7.95200000e+03 1.00258332e+00 1.50000000e-02
7.95400000e+03 1.01640394e+00 1.50000000e-02
7.95600000e+03 9.89897661e-01 1.50000000e-02
7.95800000e+03 9.98404048e-01 1.50000000e-02
7.96000000e+03 1.00730564e+00 1.50000000e-02
7.96200000e+03 9.85368335e-01 1.50000000e-02
7.96400000e+03 1.00280302e+00 1.50000000e-02
7.96600000e+03 1.00775299e+00 1.50000000e-02
7.96800000e+03 1.01177239e+00 1.50000000e-02
7.97000000e+03 1.01605124e+00 1.50000000e-02
7.97200000e+03 1.00792346e+00 1.50000000e-02
7.97400000e+03 1.00548806e+00 1.50000000e-02
7.97600000e+03 9.78765446e-01 1.50000000e-02
7.97800000e+03 9.59457989e-01 1.50000000e-02
7.98000000e+03 9.85180761e-01 1.50000000e-02
7.98200000e+03 1.02098679e+00 1.50000000e-02
7.98400000e+03 1.00142027e+00 1.50000000e-02
7.98600000e+03 9.65888252e-01 1.50000000e-02
7.98800000e+03 9.93366482e-01 1.50000000e-02
7.99000000e+03 1.00511329e+00 1.50000000e-02
7.99200000e+03 9.71956079e-01 1.50000000e-02
7.99400000e+03 1.00830521e+00 1.50000000e-02
7.99600000e+03 9.82536194e-01 1.50000000e-02
7.99800000e+03 1.01534701e+00 1.50000000e-02
8.00000000e+03 1.00019987e+00 1.50000000e-02
8.00200000e+03 1.04616877e+00 1.50000000e-02
8.00400000e+03 9.79814225e-01 1.50000000e-02
8.00600000e+03 1.00402315e+00 1.50000000e-02
8.00800000e+03 9.77688416e-01 1.50000000e-02
8.01000000e+03 1.01703347e+00 1.50000000e-02
8.01200000e+03 1.00169950e+00 1.50000000e-02
8.01400000e+03 1.01364885e+00 1.50000000e-02
8.01600000e+03 1.00139376e+00 1.50000000e-02
8.01800000e+03 9.82310783e-01 1.50000000e-02
8.02000000e+03 9.90109433e-01 1.50000000e-02
8.02200000e+03 9.81345419e-01 1.50000000e-02
8.02400000e+03 9.84215044e-01 1.50000000e-02
8.02600000e+03 1.00206158e+00 1.50000000e-02
8.02800000e+03 1.01593293e+00 1.50000000e-02
8.03000000e+03 1.01275851e+00 1.50000000e-02
8.03200000e+03 1.00760350e+00 1.50000000e-02
8.03400000e+03 9.91457186e-01 1.50000000e-02
8.03600000e+03 1.00754878e+00 1.50000000e-02
8.03800000e+03 9.87106191e-01 1.50000000e-02
8.04000000e+03 1.00299701e+00 1.50000000e-02
8.04200000e+03 1.01245601e+00 1.50000000e-02
8.04400000e+03 9.97119593e-01 1.50000000e-02
8.04600000e+03 9.92885688e-01 1.50000000e-02
8.04800000e+03 9.93442264e-01 1.50000000e-02
8.05000000e+03 1.00909934e+00 1.50000000e-02
8.05200000e+03 9.95278709e-01 1.50000000e-02
8.05400000e+03 9.78642661e-01 1.50000000e-02
8.05600000e+03 9.93718664e-01 1.50000000e-02
8.05800000e+03 9.83994088e-01 1.50000000e-02
8.06000000e+03 1.02235892e+00 1.50000000e-02
8.06200000e+03 1.00010096e+00 1.50000000e-02
8.06400000e+03 9.77895901e-01 1.50000000e-02
8.06600000e+03 1.00388921e+00 1.50000000e-02
8.06800000e+03 1.01067642e+00 1.50000000e-02
8.07000000e+03 1.00559070e+00 1.50000000e-02
8.07200000e+03 9.94532522e-01 1.50000000e-02
8.07400000e+03 1.00214757e+00 1.50000000e-02
8.07600000e+03 1.00409089e+00 1.50000000e-02
8.07800000e+03 1.01492067e+00 1.50000000e-02
8.08000000e+03 1.00536235e+00 1.50000000e-02
8.08200000e+03 1.03382526e+00 1.50000000e-02
8.08400000e+03 9.96714781e-01 1.50000000e-02
8.08600000e+03 1.02278006e+00 1.50000000e-02
8.08800000e+03 1.00020065e+00 1.50000000e-02
8.09000000e+03 9.74451931e-01 1.50000000e-02
8.09200000e+03 9.82397093e-01 1.50000000e-02
8.09400000e+03 9.72757839e-01 1.50000000e-02
8.09600000e+03 9.74254383e-01 1.50000000e-02
8.09800000e+03 1.01790175e+00 1.50000000e-02
8.10000000e+03 9.90103255e-01 1.50000000e-02
8.10200000e+03 1.00894347e+00 1.50000000e-02
8.10400000e+03 9.86627672e-01 1.50000000e-02
8.10600000e+03 9.99758841e-01 1.50000000e-02
8.10800000e+03 9.84207780e-01 1.50000000e-02
8.11000000e+03 1.01287744e+00 1.50000000e-02
8.11200000e+03 9.96152492e-01 1.50000000e-02
8.11400000e+03 9.93193638e-01 1.50000000e-02
8.11600000e+03 9.97508593e-01 1.50000000e-02
8.11800000e+03 1.03244811e+00 1.50000000e-02
8.12000000e+03 1.00663723e+00 1.50000000e-02
8.12200000e+03 1.01243173e+00 1.50000000e-02
8.12400000e+03 9.81396045e-01 1.50000000e-02
8.12600000e+03 9.90247273e-01 1.50000000e-02
8.12800000e+03 1.00435568e+00 1.50000000e-02
8.13000000e+03 9.72204256e-01 1.50000000e-02
8.13200000e+03 1.01989968e+00 1.50000000e-02
8.13400000e+03 1.00399111e+00 1.50000000e-02
8.13600000e+03 9.99682333e-01 1.50000000e-02
8.13800000e+03 9.96984477e-01 1.50000000e-02
8.14000000e+03 9.96440704e-01 1.50000000e-02
8.14200000e+03 9.92400643e-01 1.50000000e-02
8.14400000e+03 1.02073395e+00 1.50000000e-02
8.14600000e+03 1.01020810e+00 1.50000000e-02
8.14800000e+03 1.01850985e+00 1.50000000e-02
8.15000000e+03 9.95406716e-01 1.50000000e-02
8.15200000e+03 9.86804027e-01 1.50000000e-02
8.15400000e+03 1.02021465e+00 1.50000000e-02
8.15600000e+03 9.81764405e-01 1.50000000e-02
8.15800000e+03 9.90837797e-01 1.50000000e-02
8.16000000e+03 1.01056164e+00 1.50000000e-02
8.16200000e+03 1.01613387e+00 1.50000000e-02
8.16400000e+03 9.80295014e-01 1.50000000e-02
8.16600000e+03 9.95841979e-01 1.50000000e-02
8.16800000e+03 1.00034206e+00 1.50000000e-02
8.17000000e+03 9.97939381e-01 1.50000000e-02
8.17200000e+03 9.87095499e-01 1.50000000e-02
8.17400000e+03 1.01001694e+00 1.50000000e-02
8.17600000e+03 9.92085881e-01 1.50000000e-02
8.17800000e+03 9.96336084e-01 1.50000000e-02
8.18000000e+03 9.66332385e-01 1.50000000e-02
8.18200000e+03 9.98283216e-01 1.50000000e-02
8.18400000e+03 9.70942130e-01 1.50000000e-02
8.18600000e+03 1.01046456e+00 1.50000000e-02
8.18800000e+03 1.00727733e+00 1.50000000e-02
8.19000000e+03 9.92325508e-01 1.50000000e-02
8.19200000e+03 1.00233282e+00 1.50000000e-02
8.19400000e+03 1.00153914e+00 1.50000000e-02
8.19600000e+03 9.97715140e-01 1.50000000e-02
8.19800000e+03 1.00531691e+00 1.50000000e-02
8.20000000e+03 9.98070617e-01 1.50000000e-02
8.20200000e+03 9.92803707e-01 1.50000000e-02
8.20400000e+03 9.88064152e-01 1.50000000e-02
8.20600000e+03 1.02490881e+00 1.50000000e-02
8.20800000e+03 1.00280569e+00 1.50000000e-02
8.21000000e+03 9.99610151e-01 1.50000000e-02
8.21200000e+03 1.01068783e+00 1.50000000e-02
8.21400000e+03 9.94113627e-01 1.50000000e-02
8.21600000e+03 9.94208126e-01 1.50000000e-02
8.21800000e+03 1.00984051e+00 1.50000000e-02
8.22000000e+03 1.01524796e+00 1.50000000e-02
8.22200000e+03 1.00992235e+00 1.50000000e-02
8.22400000e+03 9.77811397e-01 1.50000000e-02
8.22600000e+03 1.00076961e+00 1.50000000e-02
8.22800000e+03 9.99562565e-01 1.50000000e-02
8.23000000e+03 1.00667717e+00 1.50000000e-02
8.23200000e+03 9.86719560e-01 1.50000000e-02
8.23400000e+03 9.84270164e-01 1.50000000e-02
8.23600000e+03 9.98163690e-01 1.50000000e-02
8.23800000e+03 9.86660945e-01 1.50000000e-02
8.24000000e+03 9.84032031e-01 1.50000000e-02
8.24200000e+03 9.98860679e-01 1.50000000e-02
8.24400000e+03 1.01367361e+00 1.50000000e-02
8.24600000e+03 1.00190810e+00 1.50000000e-02
8.24800000e+03 1.01649674e+00 1.50000000e-02
8.25000000e+03 9.85064833e-01 1.50000000e-02
8.25200000e+03 1.01040011e+00 1.50000000e-02
8.25400000e+03 9.99706609e-01 1.50000000e-02
8.25600000e+03 9.86816511e-01 1.50000000e-02
8.25800000e+03 9.93644833e-01 1.50000000e-02
8.26000000e+03 9.87107333e-01 1.50000000e-02
8.26200000e+03 9.96652421e-01 1.50000000e-02
8.26400000e+03 9.88759715e-01 1.50000000e-02
8.26600000e+03 1.01855754e+00 1.50000000e-02
8.26800000e+03 9.94530835e-01 1.50000000e-02
8.27000000e+03 9.78747739e-01 1.50000000e-02
8.27200000e+03 9.96954531e-01 1.50000000e-02
8.27400000e+03 1.00558228e+00 1.50000000e-02
8.27600000e+03 9.95140734e-01 1.50000000e-02
8.27800000e+03 1.01261992e+00 1.50000000e-02
8.28000000e+03 9.86349110e-01 1.50000000e-02
8.28200000e+03 9.87177772e-01 1.50000000e-02
8.28400000e+03 1.02393759e+00 1.50000000e-02
8.28600000e+03 9.99918116e-01 1.50000000e-02
8.28800000e+03 1.00788303e+00 1.50000000e-02
8.29000000e+03 1.00719684e+00 1.50000000e-02
8.29200000e+03 1.00840306e+00 1.50000000e-02
8.29400000e+03 1.00049675e+00 1.50000000e-02
8.29600000e+03 9.97038047e-01 1.50000000e-02
8.29800000e+03 1.01590464e+00 1.50000000e-02
8.30000000e+03 9.92600044e-01 1.50000000e-02
8.30200000e+03 1.00157875e+00 1.50000000e-02
8.30400000e+03 1.01001168e+00 1.50000000e-02
8.30600000e+03 9.94023895e-01 1.50000000e-02
8.30800000e+03 9.77198849e-01 1.50000000e-02
8.31000000e+03 1.00667247e+00 1.50000000e-02
8.31200000e+03 1.01584498e+00 1.50000000e-02
8.31400000e+03 1.00365373e+00 1.50000000e-02
8.31600000e+03 9.75131585e-01 1.50000000e-02
8.31800000e+03 1.00935826e+00 1.50000000e-02
8.32000000e+03 1.02895174e+00 1.50000000e-02
8.32200000e+03 9.77087677e-01 1.50000000e-02
8.32400000e+03 9.59907545e-01 1.50000000e-02
8.32600000e+03 9.96301789e-01 1.50000000e-02
8.32800000e+03 1.00105154e+00 1.50000000e-02
8.33000000e+03 1.01145345e+00 1.50000000e-02
8.33200000e+03 1.01200315e+00 1.50000000e-02
8.33400000e+03 1.00132495e+00 1.50000000e-02
8.33600000e+03 1.00793178e+00 1.50000000e-02
8.33800000e+03 1.00490568e+00 1.50000000e-02
8.34000000e+03 1.00179491e+00 1.50000000e-02
8.34200000e+03 9.99136661e-01 1.50000000e-02
8.34400000e+03 9.97725176e-01 1.50000000e-02
8.34600000e+03 1.01032322e+00 1.50000000e-02
8.34800000e+03 1.00594514e+00 1.50000000e-02
8.35000000e+03 9.93706350e-01 1.50000000e-02
8.35200000e+03 1.01606097e+00 1.50000000e-02
8.35400000e+03 9.89313483e-01 1.50000000e-02
8.35600000e+03 9.96596808e-01 1.50000000e-02
8.35800000e+03 1.00197182e+00 1.50000000e-02
8.36000000e+03 9.72075922e-01 1.50000000e-02
8.36200000e+03 9.94453259e-01 1.50000000e-02
8.36400000e+03 1.01254181e+00 1.50000000e-02
8.36600000e+03 1.01193958e+00 1.50000000e-02
8.36800000e+03 9.82488564e-01 1.50000000e-02
8.37000000e+03 9.87837114e-01 1.50000000e-02
8.37200000e+03 9.84221270e-01 1.50000000e-02
8.37400000e+03 9.96542806e-01 1.50000000e-02
8.37600000e+03 9.99059458e-01 1.50000000e-02
8.37800000e+03 9.76641654e-01 1.50000000e-02
8.38000000e+03 1.00465649e+00 1.50000000e-02
8.38200000e+03 1.00104815e+00 1.50000000e-02
8.38400000e+03 9.98928707e-01 1.50000000e-02
8.38600000e+03 9.90152288e-01 1.50000000e-02
8.38800000e+03 9.97309097e-01 1.50000000e-02
8.39000000e+03 9.73953931e-01 1.50000000e-02
8.39200000e+03 1.00338932e+00 1.50000000e-02
8.39400000e+03 1.00309355e+00 1.50000000e-02
8.39600000e+03 9.98454454e-01 1.50000000e-02
8.39800000e+03 9.82732069e-01 1.50000000e-02
8.40000000e+03 1.01863986e+00 1.50000000e-02
8.40200000e+03 1.01654141e+00 1.50000000e-02
8.40400000e+03 9.72596664e-01 1.50000000e-02
8.40600000e+03 1.00605811e+00 1.50000000e-02
8.40800000e+03 1.00223648e+00 1.50000000e-02
8.41000000e+03 9.62445345e-01 1.50000000e-02
8.41200000e+03 1.00757762e+00 1.50000000e-02
8.41400000e+03 1.00952086e+00 1.50000000e-02
8.41600000e+03 1.01054765e+00 1.50000000e-02
8.41800000e+03 1.00236713e+00 1.50000000e-02
8.42000000e+03 9.90480571e-01 1.50000000e-02
8.42200000e+03 9.92527312e-01 1.50000000e-02
8.42400000e+03 1.00750168e+00 1.50000000e-02
8.42600000e+03 1.01714528e+00 1.50000000e-02
8.42800000e+03 9.92876928e-01 1.50000000e-02
8.43000000e+03 9.95958601e-01 1.50000000e-02
8.43200000e+03 1.01021989e+00 1.50000000e-02
8.43400000e+03 9.68577809e-01 1.50000000e-02
8.43600000e+03 1.00657325e+00 1.50000000e-02
8.43800000e+03 9.96670909e-01 1.50000000e-02
8.44000000e+03 9.68002559e-01 1.50000000e-02
8.44200000e+03 1.01130746e+00 1.50000000e-02
8.44400000e+03 9.86695243e-01 1.50000000e-02
8.44600000e+03 1.01162243e+00 1.50000000e-02
8.44800000e+03 1.02016594e+00 1.50000000e-02
8.45000000e+03 9.81885575e-01 1.50000000e-02
8.45200000e+03 9.82572079e-01 1.50000000e-02
8.45400000e+03 9.99907292e-01 1.50000000e-02
8.45600000e+03 9.74528065e-01 1.50000000e-02
8.45800000e+03 1.01074236e+00 1.50000000e-02
8.46000000e+03 1.00282811e+00 1.50000000e-02
8.46200000e+03 1.01443844e+00 1.50000000e-02
8.46400000e+03 9.73373408e-01 1.50000000e-02
8.46600000e+03 1.00307716e+00 1.50000000e-02
8.46800000e+03 1.00690989e+00 1.50000000e-02
8.47000000e+03 9.73898271e-01 1.50000000e-02
8.47200000e+03 1.01319768e+00 1.50000000e-02
8.47400000e+03 9.80050512e-01 1.50000000e-02
8.47600000e+03 1.00283620e+00 1.50000000e-02
8.47800000e+03 9.80976999e-01 1.50000000e-02
8.48000000e+03 1.01172163e+00 1.50000000e-02
8.48200000e+03 1.02513663e+00 1.50000000e-02
8.48400000e+03 1.00114895e+00 1.50000000e-02
8.48600000e+03 1.00075074e+00 1.50000000e-02
8.48800000e+03 1.01931495e+00 1.50000000e-02
8.49000000e+03 9.93811554e-01 1.50000000e-02
8.49200000e+03 1.00110907e+00 1.50000000e-02
8.49400000e+03 1.01238672e+00 1.50000000e-02
8.49600000e+03 1.00663451e+00 1.50000000e-02
8.49800000e+03 1.02350421e+00 1.50000000e-02
8.50000000e+03 1.01807317e+00 1.50000000e-02
8.50200000e+03 1.02875386e+00 1.50000000e-02
8.50400000e+03 1.00045990e+00 1.50000000e-02
8.50600000e+03 1.01718364e+00 1.50000000e-02
8.50800000e+03 9.88923028e-01 1.50000000e-02
8.51000000e+03 1.01419953e+00 1.50000000e-02
8.51200000e+03 1.02670248e+00 1.50000000e-02
8.51400000e+03 1.03548588e+00 1.50000000e-02
8.51600000e+03 9.82844059e-01 1.50000000e-02
8.51800000e+03 9.98688850e-01 1.50000000e-02
8.52000000e+03 1.01167720e+00 1.50000000e-02
8.52200000e+03 9.88422958e-01 1.50000000e-02
8.52400000e+03 1.00933606e+00 1.50000000e-02
8.52600000e+03 1.00923134e+00 1.50000000e-02
8.52800000e+03 9.94229502e-01 1.50000000e-02
8.53000000e+03 9.93497128e-01 1.50000000e-02
8.53200000e+03 9.87856834e-01 1.50000000e-02
8.53400000e+03 1.00584740e+00 1.50000000e-02
8.53600000e+03 1.01994621e+00 1.50000000e-02
8.53800000e+03 1.00564549e+00 1.50000000e-02
8.54000000e+03 1.04204028e+00 1.50000000e-02
8.54200000e+03 9.79689619e-01 1.50000000e-02
8.54400000e+03 9.92899923e-01 1.50000000e-02
8.54600000e+03 1.01126429e+00 1.50000000e-02
8.54800000e+03 9.84655771e-01 1.50000000e-02
8.55000000e+03 1.00651146e+00 1.50000000e-02
8.55200000e+03 1.01335718e+00 1.50000000e-02
8.55400000e+03 1.00403141e+00 1.50000000e-02
8.55600000e+03 9.98111078e-01 1.50000000e-02
8.55800000e+03 1.01521103e+00 1.50000000e-02
8.56000000e+03 1.00753935e+00 1.50000000e-02
8.56200000e+03 1.01204745e+00 1.50000000e-02
8.56400000e+03 1.00943182e+00 1.50000000e-02
8.56600000e+03 9.91549061e-01 1.50000000e-02
8.56800000e+03 9.85241379e-01 1.50000000e-02
8.57000000e+03 9.95830137e-01 1.50000000e-02
8.57200000e+03 1.00401697e+00 1.50000000e-02
8.57400000e+03 9.98596047e-01 1.50000000e-02
8.57600000e+03 1.01528986e+00 1.50000000e-02
8.57800000e+03 1.00512400e+00 1.50000000e-02
8.58000000e+03 1.01561924e+00 1.50000000e-02
8.58200000e+03 1.00307907e+00 1.50000000e-02
8.58400000e+03 9.90761936e-01 1.50000000e-02
8.58600000e+03 1.01373129e+00 1.50000000e-02
8.58800000e+03 1.00864070e+00 1.50000000e-02
8.59000000e+03 9.88914104e-01 1.50000000e-02
8.59200000e+03 9.95243765e-01 1.50000000e-02
8.59400000e+03 1.04234894e+00 1.50000000e-02
8.59600000e+03 9.51428131e-01 1.50000000e-02
8.59800000e+03 1.01782337e+00 1.50000000e-02
8.60000000e+03 1.00201746e+00 1.50000000e-02
8.60200000e+03 1.00011601e+00 1.50000000e-02
8.60400000e+03 9.96702295e-01 1.50000000e-02
8.60600000e+03 9.93511170e-01 1.50000000e-02
8.60800000e+03 1.03591342e+00 1.50000000e-02
8.61000000e+03 9.94449592e-01 1.50000000e-02
8.61200000e+03 9.96459114e-01 1.50000000e-02
8.61400000e+03 1.01275037e+00 1.50000000e-02
8.61600000e+03 1.00654607e+00 1.50000000e-02
8.61800000e+03 9.98209488e-01 1.50000000e-02
8.62000000e+03 9.96606269e-01 1.50000000e-02
8.62200000e+03 9.81120963e-01 1.50000000e-02
8.62400000e+03 1.01676800e+00 1.50000000e-02
8.62600000e+03 9.85105846e-01 1.50000000e-02
8.62800000e+03 9.64839437e-01 1.50000000e-02
8.63000000e+03 1.01619921e+00 1.50000000e-02
8.63200000e+03 1.01177162e+00 1.50000000e-02
8.63400000e+03 1.00568297e+00 1.50000000e-02
8.63600000e+03 9.92897187e-01 1.50000000e-02
8.63800000e+03 1.01822467e+00 1.50000000e-02
8.64000000e+03 9.84513876e-01 1.50000000e-02
8.64200000e+03 9.68066920e-01 1.50000000e-02
8.64400000e+03 1.00290596e+00 1.50000000e-02
8.64600000e+03 1.01244387e+00 1.50000000e-02
8.64800000e+03 1.00968834e+00 1.50000000e-02
8.65000000e+03 1.03129990e+00 1.50000000e-02
8.65200000e+03 1.01281556e+00 1.50000000e-02
8.65400000e+03 9.97053667e-01 1.50000000e-02
8.65600000e+03 9.97559512e-01 1.50000000e-02
8.65800000e+03 1.01366235e+00 1.50000000e-02
8.66000000e+03 9.99486670e-01 1.50000000e-02
8.66200000e+03 9.98400298e-01 1.50000000e-02
8.66400000e+03 9.74155549e-01 1.50000000e-02
8.66600000e+03 9.95756911e-01 1.50000000e-02
8.66800000e+03 9.81068294e-01 1.50000000e-02
8.67000000e+03 1.00384501e+00 1.50000000e-02
8.67200000e+03 1.00234577e+00 1.50000000e-02
8.67400000e+03 1.01094700e+00 1.50000000e-02
8.67600000e+03 1.02697581e+00 1.50000000e-02
8.67800000e+03 9.97658794e-01 1.50000000e-02
8.68000000e+03 1.02183711e+00 1.50000000e-02
8.68200000e+03 9.83476847e-01 1.50000000e-02
8.68400000e+03 1.00266784e+00 1.50000000e-02
8.68600000e+03 1.01455128e+00 1.50000000e-02
8.68800000e+03 1.02948962e+00 1.50000000e-02
8.69000000e+03 9.83875605e-01 1.50000000e-02
8.69200000e+03 9.96490104e-01 1.50000000e-02
8.69400000e+03 1.00242602e+00 1.50000000e-02
8.69600000e+03 9.98808599e-01 1.50000000e-02
8.69800000e+03 9.86059917e-01 1.50000000e-02
8.70000000e+03 9.75904300e-01 1.50000000e-02
8.70200000e+03 9.81988613e-01 1.50000000e-02
8.70400000e+03 9.99086429e-01 1.50000000e-02
8.70600000e+03 9.80242231e-01 1.50000000e-02
8.70800000e+03 1.02681609e+00 1.50000000e-02
8.71000000e+03 1.01865967e+00 1.50000000e-02
8.71200000e+03 9.71801603e-01 1.50000000e-02
8.71400000e+03 9.92911546e-01 1.50000000e-02
8.71600000e+03 1.02009868e+00 1.50000000e-02
8.71800000e+03 1.02195747e+00 1.50000000e-02
8.72000000e+03 1.01698637e+00 1.50000000e-02
8.72200000e+03 9.78875412e-01 1.50000000e-02
8.72400000e+03 9.94782457e-01 1.50000000e-02
8.72600000e+03 1.01940173e+00 1.50000000e-02
8.72800000e+03 1.00181205e+00 1.50000000e-02
8.73000000e+03 9.93441067e-01 1.50000000e-02
8.73200000e+03 1.00780990e+00 1.50000000e-02
8.73400000e+03 1.01500311e+00 1.50000000e-02
8.73600000e+03 1.00233952e+00 1.50000000e-02
8.73800000e+03 1.00393292e+00 1.50000000e-02
8.74000000e+03 1.01632979e+00 1.50000000e-02
8.74200000e+03 9.91824096e-01 1.50000000e-02
8.74400000e+03 9.86574301e-01 1.50000000e-02
8.74600000e+03 1.01170453e+00 1.50000000e-02
8.74800000e+03 9.82299383e-01 1.50000000e-02
8.75000000e+03 1.00767653e+00 1.50000000e-02
8.75200000e+03 9.89304532e-01 1.50000000e-02
8.75400000e+03 1.01280570e+00 1.50000000e-02
8.75600000e+03 9.82412147e-01 1.50000000e-02
8.75800000e+03 1.01722484e+00 1.50000000e-02
8.76000000e+03 1.00448183e+00 1.50000000e-02
8.76200000e+03 9.95657397e-01 1.50000000e-02
8.76400000e+03 9.87299566e-01 1.50000000e-02
8.76600000e+03 9.97878211e-01 1.50000000e-02
8.76800000e+03 9.86343487e-01 1.50000000e-02
8.77000000e+03 9.82226319e-01 1.50000000e-02
8.77200000e+03 1.01628706e+00 1.50000000e-02
8.77400000e+03 1.00910950e+00 1.50000000e-02
8.77600000e+03 1.01862690e+00 1.50000000e-02
8.77800000e+03 9.79895422e-01 1.50000000e-02
8.78000000e+03 9.70970727e-01 1.50000000e-02
8.78200000e+03 9.76401413e-01 1.50000000e-02
8.78400000e+03 1.00989572e+00 1.50000000e-02
8.78600000e+03 1.01222268e+00 1.50000000e-02
8.78800000e+03 9.72333876e-01 1.50000000e-02
8.79000000e+03 1.01545323e+00 1.50000000e-02
8.79200000e+03 9.93560634e-01 1.50000000e-02
8.79400000e+03 9.82154606e-01 1.50000000e-02
8.79600000e+03 9.98898548e-01 1.50000000e-02
8.79800000e+03 1.00859907e+00 1.50000000e-02
8.80000000e+03 9.96844220e-01 1.50000000e-02
8.80200000e+03 9.97417827e-01 1.50000000e-02
8.80400000e+03 9.87413561e-01 1.50000000e-02
8.80600000e+03 9.78724760e-01 1.50000000e-02
8.80800000e+03 9.94380590e-01 1.50000000e-02
8.81000000e+03 9.75627638e-01 1.50000000e-02
8.81200000e+03 1.00901993e+00 1.50000000e-02
8.81400000e+03 9.87192359e-01 1.50000000e-02
8.81600000e+03 1.01966477e+00 1.50000000e-02
8.81800000e+03 9.76154008e-01 1.50000000e-02
8.82000000e+03 1.02108487e+00 1.50000000e-02
8.82200000e+03 9.86725540e-01 1.50000000e-02
8.82400000e+03 9.86593621e-01 1.50000000e-02
8.82600000e+03 1.00438484e+00 1.50000000e-02
8.82800000e+03 1.01349532e+00 1.50000000e-02
8.83000000e+03 9.99354294e-01 1.50000000e-02
8.83200000e+03 9.94593659e-01 1.50000000e-02
8.83400000e+03 1.02992450e+00 1.50000000e-02
8.83600000e+03 1.00760100e+00 1.50000000e-02
8.83800000e+03 9.81911202e-01 1.50000000e-02
8.84000000e+03 9.96011777e-01 1.50000000e-02
8.84200000e+03 1.02538834e+00 1.50000000e-02
8.84400000e+03 1.00492132e+00 1.50000000e-02
8.84600000e+03 1.01236930e+00 1.50000000e-02
8.84800000e+03 1.03051143e+00 1.50000000e-02
8.85000000e+03 9.91038847e-01 1.50000000e-02
8.85200000e+03 1.00559297e+00 1.50000000e-02
8.85400000e+03 9.89948383e-01 1.50000000e-02
8.85600000e+03 9.99880501e-01 1.50000000e-02
8.85800000e+03 1.00804365e+00 1.50000000e-02
8.86000000e+03 9.79928957e-01 1.50000000e-02
8.86200000e+03 1.00215749e+00 1.50000000e-02
8.86400000e+03 1.00210398e+00 1.50000000e-02
8.86600000e+03 1.01580462e+00 1.50000000e-02
8.86800000e+03 9.91049212e-01 1.50000000e-02
8.87000000e+03 9.80830387e-01 1.50000000e-02
8.87200000e+03 1.00589131e+00 1.50000000e-02
8.87400000e+03 9.83056538e-01 1.50000000e-02
8.87600000e+03 1.00269185e+00 1.50000000e-02
8.87800000e+03 1.00847630e+00 1.50000000e-02
8.88000000e+03 9.86750206e-01 1.50000000e-02
8.88200000e+03 9.98090756e-01 1.50000000e-02
8.88400000e+03 9.84320011e-01 1.50000000e-02
8.88600000e+03 9.57224508e-01 1.50000000e-02
8.88800000e+03 9.77996809e-01 1.50000000e-02
8.89000000e+03 9.68458820e-01 1.50000000e-02
8.89200000e+03 1.00008934e+00 1.50000000e-02
8.89400000e+03 9.83743986e-01 1.50000000e-02
8.89600000e+03 9.97647359e-01 1.50000000e-02
8.89800000e+03 9.99062659e-01 1.50000000e-02
8.90000000e+03 1.01577468e+00 1.50000000e-02
8.90200000e+03 9.94561859e-01 1.50000000e-02
8.90400000e+03 9.93737090e-01 1.50000000e-02
8.90600000e+03 1.00737398e+00 1.50000000e-02
8.90800000e+03 1.02406251e+00 1.50000000e-02
8.91000000e+03 9.98624605e-01 1.50000000e-02
8.91200000e+03 1.00491638e+00 1.50000000e-02
8.91400000e+03 9.96893535e-01 1.50000000e-02
8.91600000e+03 9.89250098e-01 1.50000000e-02
8.91800000e+03 9.76587558e-01 1.50000000e-02
8.92000000e+03 9.98584653e-01 1.50000000e-02
8.92200000e+03 9.95758118e-01 1.50000000e-02
8.92400000e+03 9.96057468e-01 1.50000000e-02
8.92600000e+03 1.02963017e+00 1.50000000e-02
8.92800000e+03 9.94745791e-01 1.50000000e-02
8.93000000e+03 1.00477998e+00 1.50000000e-02
8.93200000e+03 9.94571362e-01 1.50000000e-02
8.93400000e+03 1.01756912e+00 1.50000000e-02
8.93600000e+03 9.95468485e-01 1.50000000e-02
8.93800000e+03 1.02781303e+00 1.50000000e-02
8.94000000e+03 9.95890203e-01 1.50000000e-02
8.94200000e+03 1.01152595e+00 1.50000000e-02
8.94400000e+03 1.01517059e+00 1.50000000e-02
8.94600000e+03 9.96296165e-01 1.50000000e-02
8.94800000e+03 1.01271834e+00 1.50000000e-02
8.95000000e+03 1.00082709e+00 1.50000000e-02
8.95200000e+03 9.88459678e-01 1.50000000e-02
8.95400000e+03 9.89773975e-01 1.50000000e-02
8.95600000e+03 1.00488126e+00 1.50000000e-02
8.95800000e+03 1.02673022e+00 1.50000000e-02
8.96000000e+03 9.92495379e-01 1.50000000e-02
8.96200000e+03 1.00807338e+00 1.50000000e-02
8.96400000e+03 9.87754586e-01 1.50000000e-02
8.96600000e+03 1.00373648e+00 1.50000000e-02
8.96800000e+03 9.80263975e-01 1.50000000e-02
8.97000000e+03 9.88027066e-01 1.50000000e-02
8.97200000e+03 9.99772141e-01 1.50000000e-02
8.97400000e+03 9.88621472e-01 1.50000000e-02
8.97600000e+03 9.95809269e-01 1.50000000e-02
8.97800000e+03 1.01505493e+00 1.50000000e-02
8.98000000e+03 9.98000483e-01 1.50000000e-02
8.98200000e+03 9.89090218e-01 1.50000000e-02
8.98400000e+03 9.81327125e-01 1.50000000e-02
8.98600000e+03 9.91887488e-01 1.50000000e-02
8.98800000e+03 1.01720520e+00 1.50000000e-02
8.99000000e+03 9.98682634e-01 1.50000000e-02
8.99200000e+03 9.97707670e-01 1.50000000e-02
8.99400000e+03 1.01075367e+00 1.50000000e-02
8.99600000e+03 1.01249608e+00 1.50000000e-02
8.99800000e+03 1.01499950e+00 1.50000000e-02
9.00000000e+03 9.94518313e-01 1.50000000e-02
9.00200000e+03 9.86142042e-01 1.50000000e-02
9.00400000e+03 9.74827857e-01 1.50000000e-02
9.00600000e+03 9.89599292e-01 1.50000000e-02
9.00800000e+03 9.94313850e-01 1.50000000e-02
9.01000000e+03 1.01085716e+00 1.50000000e-02
9.01200000e+03 1.00470086e+00 1.50000000e-02
9.01400000e+03 9.91382396e-01 1.50000000e-02
9.01600000e+03 1.01317284e+00 1.50000000e-02
9.01800000e+03 9.80993057e-01 1.50000000e-02
9.02000000e+03 9.84085128e-01 1.50000000e-02
9.02200000e+03 9.82206017e-01 1.50000000e-02
9.02400000e+03 9.83470823e-01 1.50000000e-02
9.02600000e+03 9.96045119e-01 1.50000000e-02
9.02800000e+03 9.87151250e-01 1.50000000e-02
9.03000000e+03 9.88429343e-01 1.50000000e-02
9.03200000e+03 1.01994554e+00 1.50000000e-02
9.03400000e+03 9.77838676e-01 1.50000000e-02
9.03600000e+03 9.84338384e-01 1.50000000e-02
9.03800000e+03 9.96255570e-01 1.50000000e-02
9.04000000e+03 1.00649637e+00 1.50000000e-02
9.04200000e+03 1.00713995e+00 1.50000000e-02
9.04400000e+03 9.95851809e-01 1.50000000e-02
9.04600000e+03 9.94320931e-01 1.50000000e-02
9.04800000e+03 9.95831372e-01 1.50000000e-02
9.05000000e+03 1.01099555e+00 1.50000000e-02
9.05200000e+03 9.85999766e-01 1.50000000e-02
9.05400000e+03 9.64534918e-01 1.50000000e-02
9.05600000e+03 1.00260947e+00 1.50000000e-02
9.05800000e+03 9.82276608e-01 1.50000000e-02
9.06000000e+03 9.98942248e-01 1.50000000e-02
9.06200000e+03 1.02068551e+00 1.50000000e-02
9.06400000e+03 1.00130456e+00 1.50000000e-02
9.06600000e+03 1.02739376e+00 1.50000000e-02
9.06800000e+03 9.75959851e-01 1.50000000e-02
9.07000000e+03 1.00341912e+00 1.50000000e-02
9.07200000e+03 1.00569213e+00 1.50000000e-02
9.07400000e+03 1.01229654e+00 1.50000000e-02
9.07600000e+03 9.88902378e-01 1.50000000e-02
9.07800000e+03 1.00226228e+00 1.50000000e-02
9.08000000e+03 1.00168951e+00 1.50000000e-02
9.08200000e+03 1.00121954e+00 1.50000000e-02
9.08400000e+03 9.79275216e-01 1.50000000e-02
9.08600000e+03 9.73997516e-01 1.50000000e-02
9.08800000e+03 1.00801386e+00 1.50000000e-02
9.09000000e+03 1.00511994e+00 1.50000000e-02
9.09200000e+03 1.00048671e+00 1.50000000e-02
9.09400000e+03 1.00950577e+00 1.50000000e-02
9.09600000e+03 1.01616857e+00 1.50000000e-02
9.09800000e+03 9.82528039e-01 1.50000000e-02
9.10000000e+03 1.01171920e+00 1.50000000e-02
9.10200000e+03 1.02238091e+00 1.50000000e-02
9.10400000e+03 1.01538278e+00 1.50000000e-02
9.10600000e+03 1.00894260e+00 1.50000000e-02
9.10800000e+03 1.01068810e+00 1.50000000e-02
9.11000000e+03 9.78498415e-01 1.50000000e-02
9.11200000e+03 9.92739396e-01 1.50000000e-02
9.11400000e+03 1.01558316e+00 1.50000000e-02
9.11600000e+03 1.02246919e+00 1.50000000e-02
9.11800000e+03 1.00718149e+00 1.50000000e-02
9.12000000e+03 9.93470612e-01 1.50000000e-02
9.12200000e+03 9.98260207e-01 1.50000000e-02
9.12400000e+03 1.01316256e+00 1.50000000e-02
9.12600000e+03 1.03069766e+00 1.50000000e-02
9.12800000e+03 1.01229656e+00 1.50000000e-02
9.13000000e+03 9.92649693e-01 1.50000000e-02
9.13200000e+03 1.00987592e+00 1.50000000e-02
9.13400000e+03 1.00705140e+00 1.50000000e-02
9.13600000e+03 1.03655965e+00 1.50000000e-02
9.13800000e+03 1.00952395e+00 1.50000000e-02
9.14000000e+03 1.00113932e+00 1.50000000e-02
9.14200000e+03 9.99476458e-01 1.50000000e-02
9.14400000e+03 9.82177253e-01 1.50000000e-02
9.14600000e+03 9.84822737e-01 1.50000000e-02
9.14800000e+03 9.93474731e-01 1.50000000e-02
9.15000000e+03 9.88478714e-01 1.50000000e-02
9.15200000e+03 1.00352004e+00 1.50000000e-02
9.15400000e+03 1.00215761e+00 1.50000000e-02
9.15600000e+03 1.01478497e+00 1.50000000e-02
9.15800000e+03 1.02342145e+00 1.50000000e-02
9.16000000e+03 1.00300399e+00 1.50000000e-02
9.16200000e+03 9.97757078e-01 1.50000000e-02
9.16400000e+03 9.72814579e-01 1.50000000e-02
9.16600000e+03 1.00640292e+00 1.50000000e-02
9.16800000e+03 1.01061203e+00 1.50000000e-02
9.17000000e+03 9.89144919e-01 1.50000000e-02
9.17200000e+03 9.94822461e-01 1.50000000e-02
9.17400000e+03 9.90204237e-01 1.50000000e-02
9.17600000e+03 1.01658358e+00 1.50000000e-02
9.17800000e+03 1.00999909e+00 1.50000000e-02
9.18000000e+03 1.01894519e+00 1.50000000e-02
9.18200000e+03 9.82598110e-01 1.50000000e-02
9.18400000e+03 1.04058660e+00 1.50000000e-02
9.18600000e+03 9.87843725e-01 1.50000000e-02
9.18800000e+03 9.85292914e-01 1.50000000e-02
9.19000000e+03 1.00348453e+00 1.50000000e-02
9.19200000e+03 9.92304646e-01 1.50000000e-02
9.19400000e+03 1.02786978e+00 1.50000000e-02
9.19600000e+03 9.94404038e-01 1.50000000e-02
9.19800000e+03 9.90293199e-01 1.50000000e-02
