# synthetic supernova Ib host_z=0.05 vacuum file-unit flux
4.50000000e+03 1.03061379e+00 1.50000000e-02
4.50200000e+03 9.61665025e-01 1.50000000e-02
4.50400000e+03 1.00627148e+00 1.50000000e-02
4.50600000e+03 9.91483456e-01 1.50000000e-02
4.50800000e+03 9.93210261e-01 1.50000000e-02
4.51000000e+03 9.96766043e-01 1.50000000e-02
4.51200000e+03 9.69700208e-01 1.50000000e-02
4.51400000e+03 9.96521014e-01 1.50000000e-02
4.51600000e+03 9.87021804e-01 1.50000000e-02
4.51800000e+03 1.04984499e+00 1.50000000e-02
4.52000000e+03 1.00338680e+00 1.50000000e-02
4.52200000e+03 9.94710538e-01 1.50000000e-02
4.52400000e+03 9.95780689e-01 1.50000000e-02
4.52600000e+03 9.89979305e-01 1.50000000e-02
4.52800000e+03 9.84172742e-01 1.50000000e-02
4.53000000e+03 9.94137985e-01 1.50000000e-02
4.53200000e+03 1.00722918e+00 1.50000000e-02
4.53400000e+03 9.96421696e-01 1.50000000e-02
4.53600000e+03 1.01436638e+00 1.50000000e-02
4.53800000e+03 9.97002968e-01 1.50000000e-02
4.54000000e+03 1.00036389e+00 1.50000000e-02
4.54200000e+03 1.02318731e+00 1.50000000e-02
4.54400000e+03 1.00817658e+00 1.50000000e-02
4.54600000e+03 9.92421569e-01 1.50000000e-02
4.54800000e+03 9.97257415e-01 1.50000000e-02
4.55000000e+03 1.00810788e+00 1.50000000e-02
4.55200000e+03 1.02902632e+00 1.50000000e-02
4.55400000e+03 9.95955695e-01 1.50000000e-02
4.55600000e+03 9.96346620e-01 1.50000000e-02
4.55800000e+03 1.01503470e+00 1.50000000e-02
4.56000000e+03 9.86703101e-01 1.50000000e-02
4.56200000e+03 9.95624197e-01 1.50000000e-02
4.56400000e+03 1.01323808e+00 1.50000000e-02
4.56600000e+03 1.00870525e+00 1.50000000e-02
4.56800000e+03 1.00137275e+00 1.50000000e-02
4.57000000e+03 1.01005157e+00 1.50000000e-02
4.57200000e+03 9.57577565e-01 1.50000000e-02
4.57400000e+03 1.01531960e+00 1.50000000e-02
4.57600000e+03 9.85605329e-01 1.50000000e-02
4.57800000e+03 9.74970702e-01 1.50000000e-02
4.58000000e+03 1.00414669e+00 1.50000000e-02
4.58200000e+03 1.01050817e+00 1.50000000e-02
4.58400000e+03 9.93328488e-01 1.50000000e-02
4.58600000e+03 9.83853912e-01 1.50000000e-02
4.58800000e+03 1.00039187e+00 1.50000000e-02
4.59000000e+03 9.99208790e-01 1.50000000e-02
4.59200000e+03 1.02108397e+00 1.50000000e-02
4.59400000e+03 1.01121112e+00 1.50000000e-02
4.59600000e+03 1.00290723e+00 1.50000000e-02
4.59800000e+03 1.01667450e+00 1.50000000e-02
4.60000000e+03 9.96917154e-01 1.50000000e-02
4.60200000e+03 9.86111506e-01 1.50000000e-02
4.60400000e+03 1.00876087e+00 1.50000000e-02
4.60600000e+03 1.00873808e+00 1.50000000e-02
4.60800000e+03 9.96777566e-01 1.50000000e-02
4.61000000e+03 9.88257871e-01 1.50000000e-02
4.61200000e+03 1.00343731e+00 1.50000000e-02
4.61400000e+03 9.62591586e-01 1.50000000e-02
4.61600000e+03 1.01035187e+00 1.50000000e-02
4.61800000e+03 1.00737052e+00 1.50000000e-02
4.62000000e+03 9.75417143e-01 1.50000000e-02
4.62200000e+03 1.00092030e+00 1.50000000e-02
4.62400000e+03 9.85538505e-01 1.50000000e-02
4.62600000e+03 1.01135832e+00 1.50000000e-02
4.62800000e+03 9.69487491e-01 1.50000000e-02
4.63000000e+03 9.86282582e-01 1.50000000e-02
4.63200000e+03 1.01064370e+00 1.50000000e-02
4.63400000e+03 1.01734602e+00 1.50000000e-02
4.63600000e+03 9.67629919e-01 1.50000000e-02
4.63800000e+03 9.92529402e-01 1.50000000e-02
4.64000000e+03 1.00492030e+00 1.50000000e-02
4.64200000e+03 9.90861758e-01 1.50000000e-02
4.64400000e+03 1.02385960e+00 1.50000000e-02
4.64600000e+03 9.82131600e-01 1.50000000e-02
4.64800000e+03 1.00531798e+00 1.50000000e-02
4.65000000e+03 9.84273917e-01 1.50000000e-02
4.65200000e+03 1.02108944e+00 1.50000000e-02
4.65400000e+03 9.99675232e-01 1.50000000e-02
4.65600000e+03 9.94416242e-01 1.50000000e-02
4.65800000e+03 9.74227226e-01 1.50000000e-02
4.66000000e+03 1.02522738e+00 1.50000000e-02
4.66200000e+03 1.01129168e+00 1.50000000e-02
4.66400000e+03 1.01130346e+00 1.50000000e-02
4.66600000e+03 1.01706822e+00 1.50000000e-02
4.66800000e+03 1.00523840e+00 1.50000000e-02
4.67000000e+03 9.90411301e-01 1.50000000e-02
4.67200000e+03 9.87996382e-01 1.50000000e-02
4.67400000e+03 9.87997000e-01 1.50000000e-02
4.67600000e+03 1.02055109e+00 1.50000000e-02
4.67800000e+03 9.78094282e-01 1.50000000e-02
4.68000000e+03 9.91054457e-01 1.50000000e-02
4.68200000e+03 9.95181341e-01 1.50000000e-02
4.68400000e+03 1.00336929e+00 1.50000000e-02
4.68600000e+03 1.00863024e+00 1.50000000e-02
4.68800000e+03 9.81263545e-01 1.50000000e-02
4.69000000e+03 9.74049798e-01 1.50000000e-02
4.69200000e+03 9.99933787e-01 1.50000000e-02
4.69400000e+03 1.01820346e+00 1.50000000e-02
4.69600000e+03 1.01135587e+00 1.50000000e-02
4.69800000e+03 1.00323476e+00 1.50000000e-02
4.70000000e+03 9.95242665e-01 1.50000000e-02
4.70200000e+03 1.00439851e+00 1.50000000e-02
4.70400000e+03 9.96349974e-01 1.50000000e-02
4.70600000e+03 1.01225810e+00 1.50000000e-02
4.70800000e+03 9.88083290e-01 1.50000000e-02
4.71000000e+03 1.00201360e+00 1.50000000e-02
4.71200000e+03 9.98338298e-01 1.50000000e-02
4.71400000e+03 1.00815039e+00 1.50000000e-02
4.71600000e+03 1.00336958e+00 1.50000000e-02
4.71800000e+03 1.03825052e+00 1.50000000e-02
4.72000000e+03 1.02247982e+00 1.50000000e-02
4.72200000e+03 1.02245106e+00 1.50000000e-02
4.72400000e+03 9.69407442e-01 1.50000000e-02
4.72600000e+03 9.94895251e-01 1.50000000e-02
4.72800000e+03 9.90870841e-01 1.50000000e-02
4.73000000e+03 1.00799082e+00 1.50000000e-02
4.73200000e+03 9.65814603e-01 1.50000000e-02
4.73400000e+03 1.01761748e+00 1.50000000e-02
4.73600000e+03 1.01600475e+00 1.50000000e-02
4.73800000e+03 9.80468937e-01 1.50000000e-02
4.74000000e+03 9.85321772e-01 1.50000000e-02
4.74200000e+03 9.87982420e-01 1.50000000e-02
4.74400000e+03 1.00064944e+00 1.50000000e-02
4.74600000e+03 1.00961457e+00 1.50000000e-02
4.74800000e+03 1.03071829e+00 1.50000000e-02
4.75000000e+03 9.97038319e-01 1.50000000e-02
4.75200000e+03 1.01151254e+00 1.50000000e-02
4.75400000e+03 1.00233127e+00 1.50000000e-02
4.75600000e+03 1.02639889e+00 1.50000000e-02
4.75800000e+03 1.01113237e+00 1.50000000e-02
4.76000000e+03 1.02052826e+00 1.50000000e-02
4.76200000e+03 9.83834872e-01 1.50000000e-02
4.76400000e+03 9.97116389e-01 1.50000000e-02
4.76600000e+03 9.87793414e-01 1.50000000e-02
4.76800000e+03 1.02257421e+00 1.50000000e-02
4.77000000e+03 1.00986460e+00 1.50000000e-02
4.77200000e+03 9.95422834e-01 1.50000000e-02
4.77400000e+03 9.93212982e-01 1.50000000e-02
4.77600000e+03 1.00726997e+00 1.50000000e-02
4.77800000e+03 9.89477567e-01 1.50000000e-02
4.78000000e+03 9.86041167e-01 1.50000000e-02
4.78200000e+03 1.00721912e+00 1.50000000e-02
4.78400000e+03 1.03694698e+00 1.50000000e-02
4.78600000e+03 9.96307997e-01 1.50000000e-02
4.78800000e+03 9.91662013e-01 1.50000000e-02
4.79000000e+03 9.82432647e-01 1.50000000e-02
4.79200000e+03 9.79974836e-01 1.50000000e-02
4.79400000e+03 1.00787475e+00 1.50000000e-02
4.79600000e+03 1.01276205e+00 1.50000000e-02
4.79800000e+03 1.00013762e+00 1.50000000e-02
4.80000000e+03 1.00498864e+00 1.50000000e-02
4.80200000e+03 1.00173875e+00 1.50000000e-02
4.80400000e+03 1.00207982e+00 1.50000000e-02
4.80600000e+03 9.77107614e-01 1.50000000e-02
4.80800000e+03 9.93128226e-01 1.50000000e-02
4.81000000e+03 1.00167219e+00 1.50000000e-02
4.81200000e+03 9.88252498e-01 1.50000000e-02
4.81400000e+03 9.92853554e-01 1.50000000e-02
4.81600000e+03 9.87713197e-01 1.50000000e-02
4.81800000e+03 9.94997550e-01 1.50000000e-02
4.82000000e+03 1.01279662e+00 1.50000000e-02
4.82200000e+03 9.93901295e-01 1.50000000e-02
4.82400000e+03 9.97691940e-01 1.50000000e-02
4.82600000e+03 1.01220578e+00 1.50000000e-02
4.82800000e+03 1.00967155e+00 1.50000000e-02
4.83000000e+03 1.02542811e+00 1.50000000e-02
4.83200000e+03 9.68642724e-01 1.50000000e-02
4.83400000e+03 1.01285288e+00 1.50000000e-02
4.83600000e+03 9.92765739e-01 1.50000000e-02
4.83800000e+03 1.00202038e+00 1.50000000e-02
4.84000000e+03 1.01256579e+00 1.50000000e-02
4.84200000e+03 1.01624880e+00 1.50000000e-02
4.84400000e+03 1.01559026e+00 1.50000000e-02
4.84600000e+03 1.00232660e+00 1.50000000e-02
4.84800000e+03 1.02414494e+00 1.50000000e-02
4.85000000e+03 9.95755387e-01 1.50000000e-02
4.85200000e+03 9.97885271e-01 1.50000000e-02
4.85400000e+03 1.01199027e+00 1.50000000e-02
4.85600000e+03 9.91729414e-01 1.50000000e-02
4.85800000e+03 1.03241359e+00 1.50000000e-02
4.86000000e+03 1.01528810e+00 1.50000000e-02
4.86200000e+03 1.03263363e+00 1.50000000e-02
4.86400000e+03 9.99601162e-01 1.50000000e-02
4.86600000e+03 9.94253672e-01 1.50000000e-02
4.86800000e+03 1.00250572e+00 1.50000000e-02
4.87000000e+03 1.01101865e+00 1.50000000e-02
4.87200000e+03 9.91188585e-01 1.50000000e-02
4.87400000e+03 1.00569553e+00 1.50000000e-02
4.87600000e+03 9.99747936e-01 1.50000000e-02
4.87800000e+03 1.02423523e+00 1.50000000e-02
4.88000000e+03 9.90059473e-01 1.50000000e-02
4.88200000e+03 1.01569243e+00 1.50000000e-02
4.88400000e+03 9.90342047e-01 1.50000000e-02
4.88600000e+03 9.85590487e-01 1.50000000e-02
4.88800000e+03 9.89345509e-01 1.50000000e-02
4.89000000e+03 9.82147212e-01 1.50000000e-02
4.89200000e+03 1.00219526e+00 1.50000000e-02
4.89400000e+03 1.01546891e+00 1.50000000e-02
4.89600000e+03 1.00246472e+00 1.50000000e-02
4.89800000e+03 1.00936488e+00 1.50000000e-02
4.90000000e+03 1.02448261e+00 1.50000000e-02
4.90200000e+03 1.00405040e+00 1.50000000e-02
4.90400000e+03 1.00292744e+00 1.50000000e-02
4.90600000e+03 9.95874078e-01 1.50000000e-02
4.90800000e+03 9.75876366e-01 1.50000000e-02
4.91000000e+03 1.01139608e+00 1.50000000e-02
4.91200000e+03 9.73653093e-01 1.50000000e-02
4.91400000e+03 1.00979015e+00 1.50000000e-02
4.91600000e+03 9.99785195e-01 1.50000000e-02
4.91800000e+03 1.01690172e+00 1.50000000e-02
4.92000000e+03 9.98983446e-01 1.50000000e-02
4.92200000e+03 9.87651998e-01 1.50000000e-02
4.92400000e+03 1.00536865e+00 1.50000000e-02
4.92600000e+03 9.91596458e-01 1.50000000e-02
4.92800000e+03 9.97285648e-01 1.50000000e-02
4.93000000e+03 1.00062806e+00 1.50000000e-02
4.93200000e+03 9.97981754e-01 1.50000000e-02
4.93400000e+03 9.97167966e-01 1.50000000e-02
4.93600000e+03 9.87513325e-01 1.50000000e-02
4.93800000e+03 9.97162993e-01 1.50000000e-02
4.94000000e+03 9.67924891e-01 1.50000000e-02
4.94200000e+03 9.97640019e-01 1.50000000e-02
4.94400000e+03 9.82029160e-01 1.50000000e-02
4.94600000e+03 1.01680396e+00 1.50000000e-02
4.94800000e+03 1.01904890e+00 1.50000000e-02
4.95000000e+03 9.70734613e-01 1.50000000e-02
4.95200000e+03 1.00217375e+00 1.50000000e-02
4.95400000e+03 9.98104541e-01 1.50000000e-02
4.95600000e+03 9.84299266e-01 1.50000000e-02
4.95800000e+03 1.00797480e+00 1.50000000e-02
4.96000000e+03 9.93074657e-01 1.50000000e-02
4.96200000e+03 9.73486014e-01 1.50000000e-02
4.96400000e+03 9.95999850e-01 1.50000000e-02
4.96600000e+03 9.97776203e-01 1.50000000e-02
4.96800000e+03 1.00159647e+00 1.50000000e-02
4.97000000e+03 9.81531505e-01 1.50000000e-02
4.97200000e+03 1.00923521e+00 1.50000000e-02
4.97400000e+03 1.01103186e+00 1.50000000e-02
4.97600000e+03 9.82812591e-01 1.50000000e-02
4.97800000e+03 9.90117166e-01 1.50000000e-02
4.98000000e+03 9.98794940e-01 1.50000000e-02
4.98200000e+03 9.91511120e-01 1.50000000e-02
4.98400000e+03 1.02615632e+00 1.50000000e-02
4.98600000e+03 1.00312558e+00 1.50000000e-02
4.98800000e+03 9.84841269e-01 1.50000000e-02
4.99000000e+03 9.88178366e-01 1.50000000e-02
4.99200000e+03 9.99137946e-01 1.50000000e-02
4.99400000e+03 1.03443668e+00 1.50000000e-02
4.99600000e+03 9.97326035e-01 1.50000000e-02
4.99800000e+03 1.00191215e+00 1.50000000e-02
5.00000000e+03 1.00771068e+00 1.50000000e-02
5.00200000e+03 9.99398111e-01 1.50000000e-02
5.00400000e+03 1.03420991e+00 1.50000000e-02
5.00600000e+03 9.92027126e-01 1.50000000e-02
5.00800000e+03 1.01116305e+00 1.50000000e-02
5.01000000e+03 1.00240657e+00 1.50000000e-02
5.01200000e+03 1.00931795e+00 1.50000000e-02
5.01400000e+03 9.82350356e-01 1.50000000e-02
5.01600000e+03 1.02652169e+00 1.50000000e-02
5.01800000e+03 9.98177087e-01 1.50000000e-02
5.02000000e+03 1.00051245e+00 1.50000000e-02
5.02200000e+03 9.85975356e-01 1.50000000e-02
5.02400000e+03 9.89054571e-01 1.50000000e-02
5.02600000e+03 1.00846359e+00 1.50000000e-02
5.02800000e+03 1.01479750e+00 1.50000000e-02
5.03000000e+03 1.01129882e+00 1.50000000e-02
5.03200000e+03 1.01813455e+00 1.50000000e-02
5.03400000e+03 1.01071733e+00 1.50000000e-02
5.03600000e+03 1.00042693e+00 1.50000000e-02
5.03800000e+03 1.01254789e+00 1.50000000e-02
5.04000000e+03 1.00890405e+00 1.50000000e-02
5.04200000e+03 9.98491371e-01 1.50000000e-02
5.04400000e+03 1.01089109e+00 1.50000000e-02
5.04600000e+03 1.01928546e+00 1.50000000e-02
5.04800000e+03 1.00351857e+00 1.50000000e-02
5.05000000e+03 9.94656924e-01 1.50000000e-02
5.05200000e+03 1.01078067e+00 1.50000000e-02
5.05400000e+03 1.02851083e+00 1.50000000e-02
5.05600000e+03 9.96841569e-01 1.50000000e-02
5.05800000e+03 9.98615356e-01 1.50000000e-02
5.06000000e+03 9.97954037e-01 1.50000000e-02
5.06200000e+03 1.01834526e+00 1.50000000e-02
5.06400000e+03 9.72442026e-01 1.50000000e-02
5.06600000e+03 1.00548768e+00 1.50000000e-02
5.06800000e+03 1.01788396e+00 1.50000000e-02
5.07000000e+03 9.87799252e-01 1.50000000e-02
5.07200000e+03 1.02233466e+00 1.50000000e-02
5.07400000e+03 1.00802964e+00 1.50000000e-02
5.07600000e+03 9.91764461e-01 1.50000000e-02
5.07800000e+03 1.00306210e+00 1.50000000e-02
5.08000000e+03 9.76982618e-01 1.50000000e-02
5.08200000e+03 9.91516434e-01 1.50000000e-02
5.08400000e+03 1.02740356e+00 1.50000000e-02
5.08600000e+03 9.86592939e-01 1.50000000e-02
5.08800000e+03 1.02766858e+00 1.50000000e-02
5.09000000e+03 9.98776396e-01 1.50000000e-02
5.09200000e+03 1.01491994e+00 1.50000000e-02
5.09400000e+03 1.00065846e+00 1.50000000e-02
5.09600000e+03 9.66377777e-01 1.50000000e-02
5.09800000e+03 9.91410230e-01 1.50000000e-02
5.10000000e+03 1.00284780e+00 1.50000000e-02
5.10200000e+03 9.82735754e-01 1.50000000e-02
5.10400000e+03 9.79788839e-01 1.50000000e-02
5.10600000e+03 1.00549279e+00 1.50000000e-02
5.10800000e+03 9.90258775e-01 1.50000000e-02
5.11000000e+03 9.74562592e-01 1.50000000e-02
5.11200000e+03 9.89738272e-01 1.50000000e-02
5.11400000e+03 1.01291106e+00 1.50000000e-02
5.11600000e+03 9.92893809e-01 1.50000000e-02
5.11800000e+03 1.01402159e+00 1.50000000e-02
5.12000000e+03 1.02290909e+00 1.50000000e-02
5.12200000e+03 1.00048773e+00 1.50000000e-02
5.12400000e+03 9.83054750e-01 1.50000000e-02
5.12600000e+03 9.80476524e-01 1.50000000e-02
5.12800000e+03 9.99606192e-01 1.50000000e-02
5.13000000e+03 1.01321584e+00 1.50000000e-02
5.13200000e+03 1.00403523e+00 1.50000000e-02
5.13400000e+03 1.00820886e+00 1.50000000e-02
5.13600000e+03 9.93349873e-01 1.50000000e-02
5.13800000e+03 1.00450634e+00 1.50000000e-02
5.14000000e+03 9.92930369e-01 1.50000000e-02
5.14200000e+03 9.95115851e-01 1.50000000e-02
5.14400000e+03 9.80616303e-01 1.50000000e-02
5.14600000e+03 9.76416805e-01 1.50000000e-02
5.14800000e+03 9.92770650e-01 1.50000000e-02
5.15000000e+03 9.83386010e-01 1.50000000e-02
5.15200000e+03 9.85618814e-01 1.50000000e-02
5.15400000e+03 1.01006571e+00 1.50000000e-02
5.15600000e+03 9.98393786e-01 1.50000000e-02
5.15800000e+03 1.04371189e+00 1.50000000e-02
5.16000000e+03 1.01389513e+00 1.50000000e-02
5.16200000e+03 9.90502186e-01 1.50000000e-02
5.16400000e+03 1.01167011e+00 1.50000000e-02
5.16600000e+03 1.00535206e+00 1.50000000e-02
5.16800000e+03 9.89714784e-01 1.50000000e-02
5.17000000e+03 1.01653892e+00 1.50000000e-02
5.17200000e+03 9.88370071e-01 1.50000000e-02
5.17400000e+03 9.54124281e-01 1.50000000e-02
5.17600000e+03 1.01191097e+00 1.50000000e-02
5.17800000e+03 9.90741113e-01 1.50000000e-02
5.18000000e+03 1.02229056e+00 1.50000000e-02
5.18200000e+03 9.90254917e-01 1.50000000e-02
5.18400000e+03 9.82279686e-01 1.50000000e-02
5.18600000e+03 1.02322692e+00 1.50000000e-02
5.18800000e+03 9.83867525e-01 1.50000000e-02
5.19000000e+03 1.00305091e+00 1.50000000e-02
5.19200000e+03 1.02174591e+00 1.50000000e-02
5.19400000e+03 1.00171746e+00 1.50000000e-02
5.19600000e+03 9.98791226e-01 1.50000000e-02
5.19800000e+03 1.00153635e+00 1.50000000e-02
5.20000000e+03 1.01258580e+00 1.50000000e-02
5.20200000e+03 9.87897818e-01 1.50000000e-02
5.20400000e+03 1.00915961e+00 1.50000000e-02
5.20600000e+03 1.00865613e+00 1.50000000e-02
5.20800000e+03 1.03499068e+00 1.50000000e-02
5.21000000e+03 9.94952117e-01 1.50000000e-02
5.21200000e+03 9.86277552e-01 1.50000000e-02
5.21400000e+03 1.01103531e+00 1.50000000e-02
5.21600000e+03 9.94042641e-01 1.50000000e-02
5.21800000e+03 1.00433674e+00 1.50000000e-02
5.22000000e+03 1.00198865e+00 1.50000000e-02
5.22200000e+03 1.01752591e+00 1.50000000e-02
5.22400000e+03 9.90147438e-01 1.50000000e-02
5.22600000e+03 9.98615807e-01 1.50000000e-02
5.22800000e+03 9.61718310e-01 1.50000000e-02
5.23000000e+03 9.86648292e-01 1.50000000e-02
5.23200000e+03 1.02304508e+00 1.50000000e-02
5.23400000e+03 9.89777411e-01 1.50000000e-02
5.23600000e+03 9.89477848e-01 1.50000000e-02
5.23800000e+03 9.81731392e-01 1.50000000e-02
5.24000000e+03 1.00869751e+00 1.50000000e-02
5.24200000e+03 1.00266985e+00 1.50000000e-02
5.24400000e+03 9.82196997e-01 1.50000000e-02
5.24600000e+03 1.01001176e+00 1.50000000e-02
5.24800000e+03 1.00390159e+00 1.50000000e-02
5.25000000e+03 1.01131050e+00 1.50000000e-02
5.25200000e+03 9.90377807e-01 1.50000000e-02
5.25400000e+03 1.02607013e+00 1.50000000e-02
5.25600000e+03 1.00614801e+00 1.50000000e-02
5.25800000e+03 9.98246657e-01 1.50000000e-02
5.26000000e+03 9.92217486e-01 1.50000000e-02
5.26200000e+03 9.96327589e-01 1.50000000e-02
5.26400000e+03 1.01288188e+00 1.50000000e-02
5.26600000e+03 9.95965500e-01 1.50000000e-02
5.26800000e+03 1.01617216e+00 1.50000000e-02
5.27000000e+03 1.00871014e+00 1.50000000e-02
5.27200000e+03 1.02019743e+00 1.50000000e-02
5.27400000e+03 1.01221156e+00 1.50000000e-02
5.27600000e+03 9.99055911e-01 1.50000000e-02
5.27800000e+03 9.71359901e-01 1.50000000e-02
5.28000000e+03 1.00447856e+00 1.50000000e-02
5.28200000e+03 1.01183614e+00 1.50000000e-02
5.28400000e+03 1.00244338e+00 1.50000000e-02
5.28600000e+03 1.00834648e+00 1.50000000e-02
5.28800000e+03 9.92925699e-01 1.50000000e-02
5.29000000e+03 9.94292836e-01 1.50000000e-02
5.29200000e+03 9.85864164e-01 1.50000000e-02
5.29400000e+03 1.02042851e+00 1.50000000e-02
5.29600000e+03 1.00237591e+00 1.50000000e-02
5.29800000e+03 9.92612709e-01 1.50000000e-02
5.30000000e+03 9.80022212e-01 1.50000000e-02
5.30200000e+03 9.97700391e-01 1.50000000e-02
5.30400000e+03 1.02163947e+00 1.50000000e-02
5.30600000e+03 1.00692882e+00 1.50000000e-02
5.30800000e+03 9.89132176e-01 1.50000000e-02
5.31000000e+03 1.02144242e+00 1.50000000e-02
5.31200000e+03 1.02142765e+00 1.50000000e-02
5.31400000e+03 1.01471164e+00 1.50000000e-02
5.31600000e+03 1.01183225e+00 1.50000000e-02
5.31800000e+03 1.01733478e+00 1.50000000e-02
5.32000000e+03 1.00814889e+00 1.50000000e-02
5.32200000e+03 1.01162501e+00 1.50000000e-02
5.32400000e+03 9.88299620e-01 1.50000000e-02
5.32600000e+03 1.02249337e+00 1.50000000e-02
5.32800000e+03 1.00346770e+00 1.50000000e-02
5.33000000e+03 1.03036318e+00 1.50000000e-02
5.33200000e+03 9.69366280e-01 1.50000000e-02
5.33400000e+03 1.01058113e+00 1.50000000e-02
5.33600000e+03 1.01472192e+00 1.50000000e-02
5.33800000e+03 9.94856011e-01 1.50000000e-02
5.34000000e+03 1.00678666e+00 1.50000000e-02
5.34200000e+03 1.01122490e+00 1.50000000e-02
5.34400000e+03 1.00866072e+00 1.50000000e-02
5.34600000e+03 9.91905111e-01 1.50000000e-02
5.34800000e+03 9.97870933e-01 1.50000000e-02
5.35000000e+03 1.01528559e+00 1.50000000e-02
5.35200000e+03 1.01915980e+00 1.50000000e-02
5.35400000e+03 1.00148465e+00 1.50000000e-02
5.35600000e+03 1.00115549e+00 1.50000000e-02
5.35800000e+03 1.00300745e+00 1.50000000e-02
5.36000000e+03 1.01556498e+00 1.50000000e-02
5.36200000e+03 9.84189423e-01 1.50000000e-02
5.36400000e+03 9.80064012e-01 1.50000000e-02
5.36600000e+03 1.00186472e+00 1.50000000e-02
5.36800000e+03 9.83402068e-01 1.50000000e-02
5.37000000e+03 9.91193358e-01 1.50000000e-02
5.37200000e+03 1.00129444e+00 1.50000000e-02
5.37400000e+03 1.00723757e+00 1.50000000e-02
5.37600000e+03 9.83918622e-01 1.50000000e-02
5.37800000e+03 1.01202408e+00 1.50000000e-02
5.38000000e+03 9.73394281e-01 1.50000000e-02
5.38200000e+03 1.00818124e+00 1.50000000e-02
5.38400000e+03 9.76334024e-01 1.50000000e-02
5.38600000e+03 9.80876149e-01 1.50000000e-02
5.38800000e+03 1.00963333e+00 1.50000000e-02
5.39000000e+03 9.93904567e-01 1.50000000e-02
5.39200000e+03 9.88066626e-01 1.50000000e-02
5.39400000e+03 9.93328349e-01 1.50000000e-02
5.39600000e+03 1.00697549e+00 1.50000000e-02
5.39800000e+03 9.99189298e-01 1.50000000e-02
5.40000000e+03 9.99559258e-01 1.50000000e-02
5.40200000e+03 1.01582165e+00 1.50000000e-02
5.40400000e+03 9.89254141e-01 1.50000000e-02
5.40600000e+03 9.92920995e-01 1.50000000e-02
5.40800000e+03 9.92163550e-01 1.50000000e-02
5.41000000e+03 1.01753383e+00 1.50000000e-02
5.41200000e+03 1.01487108e+00 1.50000000e-02
5.41400000e+03 1.01930615e+00 1.50000000e-02
5.41600000e+03 9.99493741e-01 1.50000000e-02
5.41800000e+03 9.97647962e-01 1.50000000e-02
5.42000000e+03 1.01279159e+00 1.50000000e-02
5.42200000e+03 9.94083825e-01 1.50000000e-02
5.42400000e+03 1.01246000e+00 1.50000000e-02
5.42600000e+03 1.01086439e+00 1.50000000e-02
5.42800000e+03 9.89525230e-01 1.50000000e-02
5.43000000e+03 9.98752080e-01 1.50000000e-02
5.43200000e+03 9.98211235e-01 1.50000000e-02
5.43400000e+03 1.02600011e+00 1.50000000e-02
5.43600000e+03 1.03881735e+00 1.50000000e-02
5.43800000e+03 9.98501091e-01 1.50000000e-02
5.44000000e+03 1.00021097e+00 1.50000000e-02
5.44200000e+03 9.65776233e-01 1.50000000e-02
5.44400000e+03 1.00317298e+00 1.50000000e-02
5.44600000e+03 9.99894505e-01 1.50000000e-02
5.44800000e+03 9.83907343e-01 1.50000000e-02
5.45000000e+03 1.01178391e+00 1.50000000e-02
5.45200000e+03 9.76513693e-01 1.50000000e-02
5.45400000e+03 9.96777206e-01 1.50000000e-02
5.45600000e+03 1.00208285e+00 1.50000000e-02
5.45800000e+03 9.81265001e-01 1.50000000e-02
5.46000000e+03 1.01285111e+00 1.50000000e-02
5.46200000e+03 1.01583343e+00 1.50000000e-02
5.46400000e+03 9.79203687e-01 1.50000000e-02
5.46600000e+03 9.78882421e-01 1.50000000e-02
5.46800000e+03 1.00903389e+00 1.50000000e-02
5.47000000e+03 9.99542545e-01 1.50000000e-02
5.47200000e+03 9.81828953e-01 1.50000000e-02
5.47400000e+03 9.95571599e-01 1.50000000e-02
5.47600000e+03 9.98387250e-01 1.50000000e-02
5.47800000e+03 9.97854416e-01 1.50000000e-02
5.48000000e+03 1.01241233e+00 1.50000000e-02
5.48200000e+03 1.00576297e+00 1.50000000e-02
5.48400000e+03 1.02654196e+00 1.50000000e-02
5.48600000e+03 1.02061541e+00 1.50000000e-02
5.48800000e+03 1.01017711e+00 1.50000000e-02
5.49000000e+03 1.01615619e+00 1.50000000e-02
5.49200000e+03 1.01985730e+00 1.50000000e-02
5.49400000e+03 1.01058992e+00 1.50000000e-02
5.49600000e+03 9.81613866e-01 1.50000000e-02
5.49800000e+03 1.01289126e+00 1.50000000e-02
5.50000000e+03 1.00108409e+00 1.50000000e-02
5.50200000e+03 1.02428217e+00 1.50000000e-02
5.50400000e+03 1.00140211e+00 1.50000000e-02
5.50600000e+03 1.00788989e+00 1.50000000e-02
5.50800000e+03 1.00494460e+00 1.50000000e-02
5.51000000e+03 1.02521838e+00 1.50000000e-02
5.51200000e+03 1.00265773e+00 1.50000000e-02
5.51400000e+03 9.95956901e-01 1.50000000e-02
5.51600000e+03 1.00463638e+00 1.50000000e-02
5.51800000e+03 9.93407376e-01 1.50000000e-02
5.52000000e+03 1.00243059e+00 1.50000000e-02
5.52200000e+03 9.99887920e-01 1.50000000e-02
5.52400000e+03 1.00407434e+00 1.50000000e-02
5.52600000e+03 1.02884926e+00 1.50000000e-02
5.52800000e+03 9.93914641e-01 1.50000000e-02
5.53000000e+03 1.00055460e+00 1.50000000e-02
5.53200000e+03 9.97007624e-01 1.50000000e-02
5.53400000e+03 1.01008917e+00 1.50000000e-02
5.53600000e+03 9.82276381e-01 1.50000000e-02
5.53800000e+03 9.89609058e-01 1.50000000e-02
5.54000000e+03 9.99407656e-01 1.50000000e-02
5.54200000e+03 1.00819222e+00 1.50000000e-02
5.54400000e+03 9.99305782e-01 1.50000000e-02
5.54600000e+03 9.92495706e-01 1.50000000e-02
5.54800000e+03 9.86997589e-01 1.50000000e-02
5.55000000e+03 1.00767629e+00 1.50000000e-02
5.55200000e+03 1.02163298e+00 1.50000000e-02
5.55400000e+03 1.00484313e+00 1.50000000e-02
5.55600000e+03 1.00282203e+00 1.50000000e-02
5.55800000e+03 1.00665810e+00 1.50000000e-02
5.56000000e+03 9.85860206e-01 1.50000000e-02
5.56200000e+03 9.95324877e-01 1.50000000e-02
5.56400000e+03 9.95981104e-01 1.50000000e-02
5.56600000e+03 1.00442861e+00 1.50000000e-02
5.56800000e+03 9.99519615e-01 1.50000000e-02
5.57000000e+03 9.81753999e-01 1.50000000e-02
5.57200000e+03 1.01687844e+00 1.50000000e-02
5.57400000e+03 1.02538613e+00 1.50000000e-02
5.57600000e+03 9.96052043e-01 1.50000000e-02
5.57800000e+03 1.00598261e+00 1.50000000e-02
5.58000000e+03 1.00400742e+00 1.50000000e-02
5.58200000e+03 1.01176995e+00 1.50000000e-02
5.58400000e+03 9.77803254e-01 1.50000000e-02
5.58600000e+03 1.02419515e+00 1.50000000e-02
5.58800000e+03 9.92982215e-01 1.50000000e-02
5.59000000e+03 1.01896339e+00 1.50000000e-02
5.59200000e+03 1.00121007e+00 1.50000000e-02
5.59400000e+03 9.94156665e-01 1.50000000e-02
5.59600000e+03 9.97893210e-01 1.50000000e-02
5.59800000e+03 1.01345759e+00 1.50000000e-02
5.60000000e+03 9.87050858e-01 1.50000000e-02
5.60200000e+03 9.94372331e-01 1.50000000e-02
5.60400000e+03 9.92767297e-01 1.50000000e-02
5.60600000e+03 9.74268274e-01 1.50000000e-02
5.60800000e+03 1.01950638e+00 1.50000000e-02
5.61000000e+03 1.00868333e+00 1.50000000e-02
5.61200000e+03 9.99680275e-01 1.50000000e-02
5.61400000e+03 1.01745494e+00 1.50000000e-02
5.61600000e+03 9.85653552e-01 1.50000000e-02
5.61800000e+03 9.98898253e-01 1.50000000e-02
5.62000000e+03 1.02588104e+00 1.50000000e-02
5.62200000e+03 1.01469500e+00 1.50000000e-02
5.62400000e+03 9.66618244e-01 1.50000000e-02
5.62600000e+03 9.50018780e-01 1.50000000e-02
5.62800000e+03 9.84431442e-01 1.50000000e-02
5.63000000e+03 1.01591925e+00 1.50000000e-02
5.63200000e+03 9.92913313e-01 1.50000000e-02
5.63400000e+03 9.96733839e-01 1.50000000e-02
5.63600000e+03 1.00912407e+00 1.50000000e-02
5.63800000e+03 9.86721965e-01 1.50000000e-02
5.64000000e+03 1.00319317e+00 1.50000000e-02
5.64200000e+03 1.01188147e+00 1.50000000e-02
5.64400000e+03 1.00700520e+00 1.50000000e-02
5.64600000e+03 1.00593918e+00 1.50000000e-02
5.64800000e+03 9.90969308e-01 1.50000000e-02
5.65000000e+03 1.00771431e+00 1.50000000e-02
5.65200000e+03 9.93585549e-01 1.50000000e-02
5.65400000e+03 1.01957420e+00 1.50000000e-02
5.65600000e+03 1.03855139e+00 1.50000000e-02
5.65800000e+03 9.88901412e-01 1.50000000e-02
5.66000000e+03 9.67382469e-01 1.50000000e-02
5.66200000e+03 9.93618401e-01 1.50000000e-02
5.66400000e+03 1.00565268e+00 1.50000000e-02
5.66600000e+03 1.01575197e+00 1.50000000e-02
5.66800000e+03 1.01618523e+00 1.50000000e-02
5.67000000e+03 9.88240729e-01 1.50000000e-02
5.67200000e+03 9.88101469e-01 1.50000000e-02
5.67400000e+03 1.01900951e+00 1.50000000e-02
5.67600000e+03 9.83614183e-01 1.50000000e-02
5.67800000e+03 1.01635347e+00 1.50000000e-02
5.68000000e+03 9.96596678e-01 1.50000000e-02
5.68200000e+03 1.01149605e+00 1.50000000e-02
5.68400000e+03 1.01059247e+00 1.50000000e-02
5.68600000e+03 1.01164978e+00 1.50000000e-02
5.68800000e+03 1.01230639e+00 1.50000000e-02
5.69000000e+03 9.85159126e-01 1.50000000e-02
5.69200000e+03 1.00446280e+00 1.50000000e-02
5.69400000e+03 1.00020972e+00 1.50000000e-02
5.69600000e+03 1.00462610e+00 1.50000000e-02
5.69800000e+03 1.01849870e+00 1.50000000e-02
5.70000000e+03 9.95933346e-01 1.50000000e-02
5.70200000e+03 9.89320406e-01 1.50000000e-02
5.70400000e+03 9.89078220e-01 1.50000000e-02
5.70600000e+03 9.95337665e-01 1.50000000e-02
5.70800000e+03 1.01128908e+00 1.50000000e-02
5.71000000e+03 9.87777672e-01 1.50000000e-02
5.71200000e+03 1.01738875e+00 1.50000000e-02
5.71400000e+03 1.00435663e+00 1.50000000e-02
5.71600000e+03 9.96608156e-01 1.50000000e-02
5.71800000e+03 9.80025012e-01 1.50000000e-02
5.72000000e+03 1.00367372e+00 1.50000000e-02
5.72200000e+03 1.01037170e+00 1.50000000e-02
5.72400000e+03 9.73513090e-01 1.50000000e-02
5.72600000e+03 1.01787887e+00 1.50000000e-02
5.72800000e+03 1.02471556e+00 1.50000000e-02
5.73000000e+03 1.00507675e+00 1.50000000e-02
5.73200000e+03 1.00737574e+00 1.50000000e-02
5.73400000e+03 1.03620424e+00 1.50000000e-02
5.73600000e+03 1.01847691e+00 1.50000000e-02
5.73800000e+03 9.86531870e-01 1.50000000e-02
5.74000000e+03 9.99748162e-01 1.50000000e-02
5.74200000e+03 9.97643404e-01 1.50000000e-02
5.74400000e+03 9.97733653e-01 1.50000000e-02
5.74600000e+03 9.64532106e-01 1.50000000e-02
5.74800000e+03 1.01135038e+00 1.50000000e-02
5.75000000e+03 9.90443279e-01 1.50000000e-02
5.75200000e+03 1.00244791e+00 1.50000000e-02
5.75400000e+03 9.97949643e-01 1.50000000e-02
5.75600000e+03 1.01305648e+00 1.50000000e-02
5.75800000e+03 9.95550913e-01 1.50000000e-02
5.76000000e+03 9.88054234e-01 1.50000000e-02
5.76200000e+03 1.00796916e+00 1.50000000e-02
5.76400000e+03 1.02105274e+00 1.50000000e-02
5.76600000e+03 9.95178307e-01 1.50000000e-02
5.76800000e+03 1.02051998e+00 1.50000000e-02
5.77000000e+03 1.00389794e+00 1.50000000e-02
5.77200000e+03 9.91967703e-01 1.50000000e-02
5.77400000e+03 1.02282831e+00 1.50000000e-02
5.77600000e+03 9.87662498e-01 1.50000000e-02
5.77800000e+03 1.01514201e+00 1.50000000e-02
5.78000000e+03 9.92446088e-01 1.50000000e-02
5.78200000e+03 1.00665766e+00 1.50000000e-02
5.78400000e+03 9.81375246e-01 1.50000000e-02
5.78600000e+03 9.87303895e-01 1.50000000e-02
5.78800000e+03 1.01582069e+00 1.50000000e-02
5.79000000e+03 1.00264011e+00 1.50000000e-02
5.79200000e+03 1.00036200e+00 1.50000000e-02
5.79400000e+03 9.93154921e-01 1.50000000e-02
5.79600000e+03 1.00640821e+00 1.50000000e-02
5.79800000e+03 9.78704653e-01 1.50000000e-02
5.80000000e+03 9.82810245e-01 1.50000000e-02
5.80200000e+03 9.97179922e-01 1.50000000e-02
5.80400000e+03 9.86960914e-01 1.50000000e-02
5.80600000e+03 9.88884222e-01 1.50000000e-02
5.80800000e+03 9.98226894e-01 1.50000000e-02
5.81000000e+03 9.97129771e-01 1.50000000e-02
5.81200000e+03 9.95733335e-01 1.50000000e-02
5.81400000e+03 1.02391180e+00 1.50000000e-02
5.81600000e+03 1.01394192e+00 1.50000000e-02
5.81800000e+03 1.01704411e+00 1.50000000e-02
5.82000000e+03 9.97974752e-01 1.50000000e-02
5.82200000e+03 9.90600158e-01 1.50000000e-02
5.82400000e+03 9.76106445e-01 1.50000000e-02
5.82600000e+03 9.92405515e-01 1.50000000e-02
5.82800000e+03 9.66015614e-01 1.50000000e-02
5.83000000e+03 9.88187234e-01 1.50000000e-02
5.83200000e+03 1.00800239e+00 1.50000000e-02
5.83400000e+03 1.02040996e+00 1.50000000e-02
5.83600000e+03 1.01006743e+00 1.50000000e-02
5.83800000e+03 9.82098801e-01 1.50000000e-02
5.84000000e+03 1.00178943e+00 1.50000000e-02
5.84200000e+03 9.81872246e-01 1.50000000e-02
5.84400000e+03 1.00529007e+00 1.50000000e-02
5.84600000e+03 9.90430646e-01 1.50000000e-02
5.84800000e+03 1.00404278e+00 1.50000000e-02
5.85000000e+03 1.02873796e+00 1.50000000e-02
5.85200000e+03 1.00285574e+00 1.50000000e-02
5.85400000e+03 1.02276882e+00 1.50000000e-02
5.85600000e+03 9.89090632e-01 1.50000000e-02
5.85800000e+03 9.80004493e-01 1.50000000e-02
5.86000000e+03 1.00334273e+00 1.50000000e-02
5.86200000e+03 1.00744611e+00 1.50000000e-02
5.86400000e+03 9.71346666e-01 1.50000000e-02
5.86600000e+03 9.78750645e-01 1.50000000e-02
5.86800000e+03 9.53841159e-01 1.50000000e-02
5.87000000e+03 9.69935407e-01 1.50000000e-02
5.87200000e+03 9.83647493e-01 1.50000000e-02
5.87400000e+03 9.66212956e-01 1.50000000e-02
5.87600000e+03 9.55946925e-01 1.50000000e-02
5.87800000e+03 9.40134042e-01 1.50000000e-02
5.88000000e+03 9.63295660e-01 1.50000000e-02
5.88200000e+03 9.66027141e-01 1.50000000e-02
5.88400000e+03 9.59058322e-01 1.50000000e-02
5.88600000e+03 9.49734029e-01 1.50000000e-02
5.88800000e+03 9.22326202e-01 1.50000000e-02
5.89000000e+03 9.63130011e-01 1.50000000e-02
5.89200000e+03 9.30847548e-01 1.50000000e-02
5.89400000e+03 9.24238476e-01 1.50000000e-02
5.89600000e+03 9.31837408e-01 1.50000000e-02
5.89800000e+03 8.82544188e-01 1.50000000e-02
5.90000000e+03 9.07887353e-01 1.50000000e-02
5.90200000e+03 9.00378516e-01 1.50000000e-02
5.90400000e+03 9.01305378e-01 1.50000000e-02
5.90600000e+03 9.08936720e-01 1.50000000e-02
5.90800000e+03 8.88542174e-01 1.50000000e-02
5.91000000e+03 8.46435103e-01 1.50000000e-02
5.91200000e+03 8.61023023e-01 1.50000000e-02
5.91400000e+03 8.61129359e-01 1.50000000e-02
5.91600000e+03 8.51946982e-01 1.50000000e-02
5.91800000e+03 8.21982643e-01 1.50000000e-02
5.92000000e+03 8.07491390e-01 1.50000000e-02
5.92200000e+03 8.31730136e-01 1.50000000e-02
5.92400000e+03 8.19515083e-01 1.50000000e-02
5.92600000e+03 8.04750241e-01 1.50000000e-02
5.92800000e+03 7.69759325e-01 1.50000000e-02
5.93000000e+03 8.12709867e-01 1.50000000e-02
5.93200000e+03 7.32967697e-01 1.50000000e-02
5.93400000e+03 7.61323167e-01 1.50000000e-02
5.93600000e+03 7.88435857e-01 1.50000000e-02
5.93800000e+03 7.44992286e-01 1.50000000e-02
5.94000000e+03 7.41152780e-01 1.50000000e-02
5.94200000e+03 7.10368466e-01 1.50000000e-02
5.94400000e+03 7.38918913e-01 1.50000000e-02
5.94600000e+03 6.89767885e-01 1.50000000e-02
5.94800000e+03 7.03760775e-01 1.50000000e-02
5.95000000e+03 6.92960061e-01 1.50000000e-02
5.95200000e+03 6.66407806e-01 1.50000000e-02
5.95400000e+03 6.86981115e-01 1.50000000e-02
5.95600000e+03 6.44255325e-01 1.50000000e-02
5.95800000e+03 6.47405582e-01 1.50000000e-02
5.96000000e+03 6.49768873e-01 1.50000000e-02
5.96200000e+03 6.36964328e-01 1.50000000e-02
5.96400000e+03 6.43563229e-01 1.50000000e-02
5.96600000e+03 6.44272803e-01 1.50000000e-02
5.96800000e+03 6.20370544e-01 1.50000000e-02
5.97000000e+03 6.11545479e-01 1.50000000e-02
5.97200000e+03 6.07351915e-01 1.50000000e-02
5.97400000e+03 6.05631902e-01 1.50000000e-02
5.97600000e+03 6.19858651e-01 1.50000000e-02
5.97800000e+03 6.01653246e-01 1.50000000e-02
5.98000000e+03 6.08853031e-01 1.50000000e-02
5.98200000e+03 5.99821297e-01 1.50000000e-02
5.98400000e+03 5.87607928e-01 1.50000000e-02
5.98600000e+03 6.12957579e-01 1.50000000e-02
5.98800000e+03 5.84799915e-01 1.50000000e-02
5.99000000e+03 6.01472350e-01 1.50000000e-02
5.99200000e+03 6.25328842e-01 1.50000000e-02
5.99400000e+03 5.88898347e-01 1.50000000e-02
5.99600000e+03 6.07355104e-01 1.50000000e-02
5.99800000e+03 5.87901964e-01 1.50000000e-02
6.00000000e+03 6.08109436e-01 1.50000000e-02
6.00200000e+03 5.97975769e-01 1.50000000e-02
6.00400000e+03 6.20160461e-01 1.50000000e-02
6.00600000e+03 6.23220743e-01 1.50000000e-02
6.00800000e+03 6.39481011e-01 1.50000000e-02
6.01000000e+03 6.67939398e-01 1.50000000e-02
6.01200000e+03 6.55530503e-01 1.50000000e-02
6.01400000e+03 6.68675279e-01 1.50000000e-02
6.01600000e+03 6.65932528e-01 1.50000000e-02
6.01800000e+03 6.71255409e-01 1.50000000e-02
6.02000000e+03 6.70949084e-01 1.50000000e-02
6.02200000e+03 6.65251808e-01 1.50000000e-02
6.02400000e+03 7.02334740e-01 1.50000000e-02
6.02600000e+03 7.34982507e-01 1.50000000e-02
6.02800000e+03 7.27094461e-01 1.50000000e-02
6.03000000e+03 7.21473516e-01 1.50000000e-02
6.03200000e+03 7.63852451e-01 1.50000000e-02
6.03400000e+03 7.42310930e-01 1.50000000e-02
6.03600000e+03 7.49234756e-01 1.50000000e-02
6.03800000e+03 7.50040494e-01 1.50000000e-02
6.04000000e+03 7.63479795e-01 1.50000000e-02
6.04200000e+03 7.83831870e-01 1.50000000e-02
6.04400000e+03 8.27039021e-01 1.50000000e-02
6.04600000e+03 8.03371284e-01 1.50000000e-02
6.04800000e+03 8.00261115e-01 1.50000000e-02
6.05000000e+03 8.15759921e-01 1.50000000e-02
6.05200000e+03 8.30422563e-01 1.50000000e-02
6.05400000e+03 8.16811875e-01 1.50000000e-02
6.05600000e+03 8.52891950e-01 1.50000000e-02
6.05800000e+03 8.69773866e-01 1.50000000e-02
6.06000000e+03 8.72101419e-01 1.50000000e-02
6.06200000e+03 8.84068716e-01 1.50000000e-02
6.06400000e+03 8.63216950e-01 1.50000000e-02
6.06600000e+03 8.64310276e-01 1.50000000e-02
6.06800000e+03 9.16022696e-01 1.50000000e-02
6.07000000e+03 9.19820896e-01 1.50000000e-02
6.07200000e+03 8.86683316e-01 1.50000000e-02
6.07400000e+03 9.18977935e-01 1.50000000e-02
6.07600000e+03 9.22074086e-01 1.50000000e-02
6.07800000e+03 9.35389206e-01 1.50000000e-02
6.08000000e+03 9.35588187e-01 1.50000000e-02
6.08200000e+03 9.29893684e-01 1.50000000e-02
6.08400000e+03 9.45048602e-01 1.50000000e-02
6.08600000e+03 9.48903292e-01 1.50000000e-02
6.08800000e+03 9.49986463e-01 1.50000000e-02
6.09000000e+03 9.26845728e-01 1.50000000e-02
6.09200000e+03 9.13375936e-01 1.50000000e-02
6.09400000e+03 9.49887337e-01 1.50000000e-02
6.09600000e+03 9.40427945e-01 1.50000000e-02
6.09800000e+03 9.71729595e-01 1.50000000e-02
6.10000000e+03 9.81465951e-01 1.50000000e-02
6.10200000e+03 9.77255803e-01 1.50000000e-02
6.10400000e+03 9.70161581e-01 1.50000000e-02
6.10600000e+03 9.78977632e-01 1.50000000e-02
6.10800000e+03 9.97476533e-01 1.50000000e-02
6.11000000e+03 9.70919861e-01 1.50000000e-02
6.11200000e+03 9.97420868e-01 1.50000000e-02
6.11400000e+03 9.95793201e-01 1.50000000e-02
6.11600000e+03 9.90563685e-01 1.50000000e-02
6.11800000e+03 1.00975244e+00 1.50000000e-02
6.12000000e+03 9.78425246e-01 1.50000000e-02
6.12200000e+03 1.00444117e+00 1.50000000e-02
6.12400000e+03 9.77380085e-01 1.50000000e-02
6.12600000e+03 9.80726782e-01 1.50000000e-02
6.12800000e+03 9.77168626e-01 1.50000000e-02
6.13000000e+03 1.00050461e+00 1.50000000e-02
6.13200000e+03 9.80400709e-01 1.50000000e-02
6.13400000e+03 9.95892553e-01 1.50000000e-02
6.13600000e+03 9.78611195e-01 1.50000000e-02
6.13800000e+03 1.01215138e+00 1.50000000e-02
6.14000000e+03 1.02414459e+00 1.50000000e-02
6.14200000e+03 1.00039102e+00 1.50000000e-02
6.14400000e+03 1.02200589e+00 1.50000000e-02
6.14600000e+03 1.00608251e+00 1.50000000e-02
6.14800000e+03 1.03049460e+00 1.50000000e-02
6.15000000e+03 9.99701682e-01 1.50000000e-02
6.15200000e+03 9.74872344e-01 1.50000000e-02
6.15400000e+03 1.02098474e+00 1.50000000e-02
6.15600000e+03 9.96904919e-01 1.50000000e-02
6.15800000e+03 9.83416726e-01 1.50000000e-02
6.16000000e+03 9.89246087e-01 1.50000000e-02
6.16200000e+03 9.74814438e-01 1.50000000e-02
6.16400000e+03 9.96798676e-01 1.50000000e-02
6.16600000e+03 9.83337101e-01 1.50000000e-02
6.16800000e+03 1.02174914e+00 1.50000000e-02
6.17000000e+03 1.00952403e+00 1.50000000e-02
6.17200000e+03 9.74711782e-01 1.50000000e-02
6.17400000e+03 9.77030587e-01 1.50000000e-02
6.17600000e+03 9.91212854e-01 1.50000000e-02
6.17800000e+03 9.70882060e-01 1.50000000e-02
6.18000000e+03 9.98145389e-01 1.50000000e-02
6.18200000e+03 9.99170843e-01 1.50000000e-02
6.18400000e+03 9.88256440e-01 1.50000000e-02
6.18600000e+03 9.91673495e-01 1.50000000e-02
6.18800000e+03 1.00737295e+00 1.50000000e-02
6.19000000e+03 1.02123195e+00 1.50000000e-02
6.19200000e+03 1.02235595e+00 1.50000000e-02
6.19400000e+03 1.00044761e+00 1.50000000e-02
6.19600000e+03 1.01278107e+00 1.50000000e-02
6.19800000e+03 9.88876838e-01 1.50000000e-02
6.20000000e+03 1.00613900e+00 1.50000000e-02
6.20200000e+03 9.85571004e-01 1.50000000e-02
6.20400000e+03 1.01091511e+00 1.50000000e-02
6.20600000e+03 9.81400086e-01 1.50000000e-02
6.20800000e+03 9.85503745e-01 1.50000000e-02
6.21000000e+03 9.99858103e-01 1.50000000e-02
6.21200000e+03 1.00834088e+00 1.50000000e-02
6.21400000e+03 9.78415747e-01 1.50000000e-02
6.21600000e+03 9.91940741e-01 1.50000000e-02
6.21800000e+03 1.00201922e+00 1.50000000e-02
6.22000000e+03 1.00342903e+00 1.50000000e-02
6.22200000e+03 9.87412490e-01 1.50000000e-02
6.22400000e+03 1.00144867e+00 1.50000000e-02
6.22600000e+03 9.95987677e-01 1.50000000e-02
6.22800000e+03 1.02105433e+00 1.50000000e-02
6.23000000e+03 1.00835092e+00 1.50000000e-02
6.23200000e+03 9.80136472e-01 1.50000000e-02
6.23400000e+03 9.66974923e-01 1.50000000e-02
6.23600000e+03 1.00149682e+00 1.50000000e-02
6.23800000e+03 1.01773012e+00 1.50000000e-02
6.24000000e+03 1.00260516e+00 1.50000000e-02
6.24200000e+03 1.01323022e+00 1.50000000e-02
6.24400000e+03 9.92729276e-01 1.50000000e-02
6.24600000e+03 9.79540686e-01 1.50000000e-02
6.24800000e+03 1.01122850e+00 1.50000000e-02
6.25000000e+03 1.00148380e+00 1.50000000e-02
6.25200000e+03 1.01025498e+00 1.50000000e-02
6.25400000e+03 9.79276294e-01 1.50000000e-02
6.25600000e+03 1.00272313e+00 1.50000000e-02
6.25800000e+03 9.90617345e-01 1.50000000e-02
6.26000000e+03 1.01209872e+00 1.50000000e-02
6.26200000e+03 9.91289600e-01 1.50000000e-02
6.26400000e+03 9.90889004e-01 1.50000000e-02
6.26600000e+03 9.91214136e-01 1.50000000e-02
6.26800000e+03 1.01895571e+00 1.50000000e-02
6.27000000e+03 1.00043293e+00 1.50000000e-02
6.27200000e+03 9.88600013e-01 1.50000000e-02
6.27400000e+03 9.84661214e-01 1.50000000e-02
6.27600000e+03 9.84338145e-01 1.50000000e-02
6.27800000e+03 1.02193940e+00 1.50000000e-02
6.28000000e+03 9.72778371e-01 1.50000000e-02
6.28200000e+03 9.87244628e-01 1.50000000e-02
6.28400000e+03 1.00956835e+00 1.50000000e-02
6.28600000e+03 1.01767743e+00 1.50000000e-02
6.28800000e+03 9.97775834e-01 1.50000000e-02
6.29000000e+03 1.01178274e+00 1.50000000e-02
6.29200000e+03 1.01139426e+00 1.50000000e-02
6.29400000e+03 1.01479280e+00 1.50000000e-02
6.29600000e+03 1.00069622e+00 1.50000000e-02
6.29800000e+03 1.02482452e+00 1.50000000e-02
6.30000000e+03 1.00324188e+00 1.50000000e-02
6.30200000e+03 1.02322300e+00 1.50000000e-02
6.30400000e+03 9.83758173e-01 1.50000000e-02
6.30600000e+03 1.01440920e+00 1.50000000e-02
6.30800000e+03 9.81474446e-01 1.50000000e-02
6.31000000e+03 9.77866249e-01 1.50000000e-02
6.31200000e+03 1.00788249e+00 1.50000000e-02
6.31400000e+03 9.88003833e-01 1.50000000e-02
6.31600000e+03 1.00715491e+00 1.50000000e-02
6.31800000e+03 9.84411143e-01 1.50000000e-02
6.32000000e+03 1.02460563e+00 1.50000000e-02
6.32200000e+03 1.00068120e+00 1.50000000e-02
6.32400000e+03 9.83585894e-01 1.50000000e-02
6.32600000e+03 1.00323489e+00 1.50000000e-02
6.32800000e+03 1.01386120e+00 1.50000000e-02
6.33000000e+03 9.89096709e-01 1.50000000e-02
6.33200000e+03 1.00842625e+00 1.50000000e-02
6.33400000e+03 1.03140022e+00 1.50000000e-02
6.33600000e+03 1.01373229e+00 1.50000000e-02
6.33800000e+03 1.00058872e+00 1.50000000e-02
6.34000000e+03 9.92207116e-01 1.50000000e-02
6.34200000e+03 1.00943707e+00 1.50000000e-02
6.34400000e+03 9.78033915e-01 1.50000000e-02
6.34600000e+03 9.55202830e-01 1.50000000e-02
6.34800000e+03 9.90799045e-01 1.50000000e-02
6.35000000e+03 9.84573007e-01 1.50000000e-02
6.35200000e+03 1.02699760e+00 1.50000000e-02
6.35400000e+03 1.00293830e+00 1.50000000e-02
6.35600000e+03 9.86073954e-01 1.50000000e-02
6.35800000e+03 9.83421884e-01 1.50000000e-02
6.36000000e+03 1.00837212e+00 1.50000000e-02
6.36200000e+03 9.88431835e-01 1.50000000e-02
6.36400000e+03 9.92165485e-01 1.50000000e-02
6.36600000e+03 9.99544454e-01 1.50000000e-02
6.36800000e+03 1.00225544e+00 1.50000000e-02
6.37000000e+03 1.00240818e+00 1.50000000e-02
6.37200000e+03 1.00269133e+00 1.50000000e-02
6.37400000e+03 1.02051747e+00 1.50000000e-02
6.37600000e+03 1.02653018e+00 1.50000000e-02
6.37800000e+03 9.76226284e-01 1.50000000e-02
6.38000000e+03 1.03969425e+00 1.50000000e-02
6.38200000e+03 1.00298696e+00 1.50000000e-02
6.38400000e+03 1.01972290e+00 1.50000000e-02
6.38600000e+03 9.89976749e-01 1.50000000e-02
6.38800000e+03 1.00595969e+00 1.50000000e-02
6.39000000e+03 1.00431260e+00 1.50000000e-02
6.39200000e+03 1.00279196e+00 1.50000000e-02
6.39400000e+03 1.01388571e+00 1.50000000e-02
6.39600000e+03 1.01058603e+00 1.50000000e-02
6.39800000e+03 9.86028773e-01 1.50000000e-02
6.40000000e+03 9.99348667e-01 1.50000000e-02
6.40200000e+03 1.01205194e+00 1.50000000e-02
6.40400000e+03 1.01142874e+00 1.50000000e-02
6.40600000e+03 9.96085461e-01 1.50000000e-02
6.40800000e+03 9.96915845e-01 1.50000000e-02
6.41000000e+03 9.98819336e-01 1.50000000e-02
6.41200000e+03 9.84563659e-01 1.50000000e-02
6.41400000e+03 9.81816550e-01 1.50000000e-02
6.41600000e+03 1.02466933e+00 1.50000000e-02
6.41800000e+03 9.95202566e-01 1.50000000e-02
6.42000000e+03 1.00256025e+00 1.50000000e-02
6.42200000e+03 9.89909233e-01 1.50000000e-02
6.42400000e+03 1.02059168e+00 1.50000000e-02
6.42600000e+03 1.02741451e+00 1.50000000e-02
6.42800000e+03 9.97831223e-01 1.50000000e-02
6.43000000e+03 1.00884617e+00 1.50000000e-02
6.43200000e+03 9.89805165e-01 1.50000000e-02
6.43400000e+03 1.02760521e+00 1.50000000e-02
6.43600000e+03 1.01501713e+00 1.50000000e-02
6.43800000e+03 9.88530720e-01 1.50000000e-02
6.44000000e+03 1.01984760e+00 1.50000000e-02
6.44200000e+03 1.00652882e+00 1.50000000e-02
6.44400000e+03 1.00733059e+00 1.50000000e-02
6.44600000e+03 1.00648370e+00 1.50000000e-02
6.44800000e+03 9.91085912e-01 1.50000000e-02
6.45000000e+03 9.93039502e-01 1.50000000e-02
6.45200000e+03 1.01044313e+00 1.50000000e-02
6.45400000e+03 1.00035255e+00 1.50000000e-02
6.45600000e+03 9.86862834e-01 1.50000000e-02
6.45800000e+03 1.03155023e+00 1.50000000e-02
6.46000000e+03 9.97928270e-01 1.50000000e-02
6.46200000e+03 9.92673870e-01 1.50000000e-02
6.46400000e+03 9.90592269e-01 1.50000000e-02
6.46600000e+03 1.01140657e+00 1.50000000e-02
6.46800000e+03 1.01566998e+00 1.50000000e-02
6.47000000e+03 1.00473092e+00 1.50000000e-02
6.47200000e+03 1.01407636e+00 1.50000000e-02
6.47400000e+03 9.78547798e-01 1.50000000e-02
6.47600000e+03 9.95452954e-01 1.50000000e-02
6.47800000e+03 9.93964392e-01 1.50000000e-02
6.48000000e+03 1.00109012e+00 1.50000000e-02
6.48200000e+03 1.00832978e+00 1.50000000e-02
6.48400000e+03 9.70398260e-01 1.50000000e-02
6.48600000e+03 1.04786902e+00 1.50000000e-02
6.48800000e+03 9.87960104e-01 1.50000000e-02
6.49000000e+03 1.00612875e+00 1.50000000e-02
6.49200000e+03 1.01335991e+00 1.50000000e-02
6.49400000e+03 1.01369853e+00 1.50000000e-02
6.49600000e+03 1.00452282e+00 1.50000000e-02
6.49800000e+03 9.57234266e-01 1.50000000e-02
6.50000000e+03 9.84558542e-01 1.50000000e-02
6.50200000e+03 1.01222545e+00 1.50000000e-02
6.50400000e+03 9.86990945e-01 1.50000000e-02
6.50600000e+03 9.84948647e-01 1.50000000e-02
6.50800000e+03 9.65425282e-01 1.50000000e-02
6.51000000e+03 1.01899807e+00 1.50000000e-02
6.51200000e+03 1.00834735e+00 1.50000000e-02
6.51400000e+03 9.87264712e-01 1.50000000e-02
6.51600000e+03 9.98635142e-01 1.50000000e-02
6.51800000e+03 9.99083599e-01 1.50000000e-02
6.52000000e+03 9.83811344e-01 1.50000000e-02
6.52200000e+03 9.96412223e-01 1.50000000e-02
6.52400000e+03 1.00430709e+00 1.50000000e-02
6.52600000e+03 1.00875448e+00 1.50000000e-02
6.52800000e+03 1.01943268e+00 1.50000000e-02
6.53000000e+03 1.00085301e+00 1.50000000e-02
6.53200000e+03 9.93460518e-01 1.50000000e-02
6.53400000e+03 1.00641537e+00 1.50000000e-02
6.53600000e+03 9.90913631e-01 1.50000000e-02
6.53800000e+03 9.81568672e-01 1.50000000e-02
6.54000000e+03 1.01748101e+00 1.50000000e-02
6.54200000e+03 9.94597709e-01 1.50000000e-02
6.54400000e+03 1.00211968e+00 1.50000000e-02
6.54600000e+03 1.01004142e+00 1.50000000e-02
6.54800000e+03 9.83675566e-01 1.50000000e-02
6.55000000e+03 1.00990212e+00 1.50000000e-02
6.55200000e+03 1.00703381e+00 1.50000000e-02
6.55400000e+03 9.98800517e-01 1.50000000e-02
6.55600000e+03 1.00618519e+00 1.50000000e-02
6.55800000e+03 9.88910456e-01 1.50000000e-02
6.56000000e+03 9.67170418e-01 1.50000000e-02
6.56200000e+03 9.95998615e-01 1.50000000e-02
6.56400000e+03 9.86570043e-01 1.50000000e-02
6.56600000e+03 1.01325790e+00 1.50000000e-02
6.56800000e+03 1.00418791e+00 1.50000000e-02
6.57000000e+03 9.92262555e-01 1.50000000e-02
6.57200000e+03 1.00091083e+00 1.50000000e-02
6.57400000e+03 1.02048193e+00 1.50000000e-02
6.57600000e+03 1.01719878e+00 1.50000000e-02
6.57800000e+03 1.00569163e+00 1.50000000e-02
6.58000000e+03 1.00659925e+00 1.50000000e-02
6.58200000e+03 9.95946165e-01 1.50000000e-02
6.58400000e+03 9.98137655e-01 1.50000000e-02
6.58600000e+03 1.00890602e+00 1.50000000e-02
6.58800000e+03 9.98245283e-01 1.50000000e-02
6.59000000e+03 1.00448844e+00 1.50000000e-02
6.59200000e+03 9.83226785e-01 1.50000000e-02
6.59400000e+03 9.74885376e-01 1.50000000e-02
6.59600000e+03 9.74384257e-01 1.50000000e-02
6.59800000e+03 9.93254268e-01 1.50000000e-02
6.60000000e+03 1.01967982e+00 1.50000000e-02
6.60200000e+03 1.01744445e+00 1.50000000e-02
6.60400000e+03 9.84656193e-01 1.50000000e-02
6.60600000e+03 9.76183869e-01 1.50000000e-02
6.60800000e+03 1.01133805e+00 1.50000000e-02
6.61000000e+03 1.00628723e+00 1.50000000e-02
6.61200000e+03 9.78689434e-01 1.50000000e-02
6.61400000e+03 1.01496484e+00 1.50000000e-02
6.61600000e+03 1.00157366e+00 1.50000000e-02
6.61800000e+03 1.01865454e+00 1.50000000e-02
6.62000000e+03 1.00375784e+00 1.50000000e-02
6.62200000e+03 1.01178389e+00 1.50000000e-02
6.62400000e+03 1.00303331e+00 1.50000000e-02
6.62600000e+03 9.83679185e-01 1.50000000e-02
6.62800000e+03 9.94214141e-01 1.50000000e-02
6.63000000e+03 9.87249030e-01 1.50000000e-02
6.63200000e+03 1.00955581e+00 1.50000000e-02
6.63400000e+03 9.81801701e-01 1.50000000e-02
6.63600000e+03 9.73353648e-01 1.50000000e-02
6.63800000e+03 1.00617733e+00 1.50000000e-02
6.64000000e+03 1.01267930e+00 1.50000000e-02
6.64200000e+03 1.01666118e+00 1.50000000e-02
6.64400000e+03 1.01081554e+00 1.50000000e-02
6.64600000e+03 9.71197533e-01 1.50000000e-02
6.64800000e+03 9.82706767e-01 1.50000000e-02
6.65000000e+03 9.84221952e-01 1.50000000e-02
6.65200000e+03 9.91334741e-01 1.50000000e-02
6.65400000e+03 9.58521256e-01 1.50000000e-02
6.65600000e+03 9.89784583e-01 1.50000000e-02
6.65800000e+03 9.93103047e-01 1.50000000e-02
6.66000000e+03 9.73631202e-01 1.50000000e-02
6.66200000e+03 9.88524630e-01 1.50000000e-02
6.66400000e+03 1.00340224e+00 1.50000000e-02
6.66600000e+03 9.84904448e-01 1.50000000e-02
6.66800000e+03 9.98655379e-01 1.50000000e-02
6.67000000e+03 9.96497849e-01 1.50000000e-02
6.67200000e+03 9.85821491e-01 1.50000000e-02
6.67400000e+03 9.83689961e-01 1.50000000e-02
6.67600000e+03 9.70511891e-01 1.50000000e-02
6.67800000e+03 9.92737712e-01 1.50000000e-02
6.68000000e+03 9.64961031e-01 1.50000000e-02
6.68200000e+03 9.59342062e-01 1.50000000e-02
6.68400000e+03 9.78033156e-01 1.50000000e-02
6.68600000e+03 9.54052966e-01 1.50000000e-02
6.68800000e+03 9.68691978e-01 1.50000000e-02
6.69000000e+03 9.75370439e-01 1.50000000e-02
6.69200000e+03 9.57784520e-01 1.50000000e-02
6.69400000e+03 9.55065252e-01 1.50000000e-02
6.69600000e+03 9.64008834e-01 1.50000000e-02
6.69800000e+03 9.58127364e-01 1.50000000e-02
6.70000000e+03 9.20143824e-01 1.50000000e-02
6.70200000e+03 9.19848683e-01 1.50000000e-02
6.70400000e+03 9.55579956e-01 1.50000000e-02
6.70600000e+03 9.37394040e-01 1.50000000e-02
6.70800000e+03 8.96084086e-01 1.50000000e-02
6.71000000e+03 9.02673892e-01 1.50000000e-02
6.71200000e+03 9.18717759e-01 1.50000000e-02
6.71400000e+03 8.98914521e-01 1.50000000e-02
6.71600000e+03 9.15769851e-01 1.50000000e-02
6.71800000e+03 9.04870691e-01 1.50000000e-02
6.72000000e+03 9.05860607e-01 1.50000000e-02
6.72200000e+03 8.75635316e-01 1.50000000e-02
6.72400000e+03 8.96996517e-01 1.50000000e-02
6.72600000e+03 9.11458717e-01 1.50000000e-02
6.72800000e+03 8.64396464e-01 1.50000000e-02
6.73000000e+03 8.90174243e-01 1.50000000e-02
6.73200000e+03 8.79222282e-01 1.50000000e-02
6.73400000e+03 8.68090324e-01 1.50000000e-02
6.73600000e+03 8.51284080e-01 1.50000000e-02
6.73800000e+03 8.28605672e-01 1.50000000e-02
6.74000000e+03 8.26569954e-01 1.50000000e-02
6.74200000e+03 8.44852879e-01 1.50000000e-02
6.74400000e+03 8.41697852e-01 1.50000000e-02
6.74600000e+03 8.38950484e-01 1.50000000e-02
6.74800000e+03 8.28604842e-01 1.50000000e-02
6.75000000e+03 8.21346675e-01 1.50000000e-02
6.75200000e+03 7.94904309e-01 1.50000000e-02
6.75400000e+03 7.76975336e-01 1.50000000e-02
6.75600000e+03 7.91887605e-01 1.50000000e-02
6.75800000e+03 7.90141090e-01 1.50000000e-02
6.76000000e+03 7.77831677e-01 1.50000000e-02
6.76200000e+03 7.47761196e-01 1.50000000e-02
6.76400000e+03 7.56918146e-01 1.50000000e-02
6.76600000e+03 7.36872102e-01 1.50000000e-02
6.76800000e+03 7.55692711e-01 1.50000000e-02
6.77000000e+03 7.32417507e-01 1.50000000e-02
6.77200000e+03 7.40535067e-01 1.50000000e-02
6.77400000e+03 7.42969700e-01 1.50000000e-02
6.77600000e+03 7.35519013e-01 1.50000000e-02
6.77800000e+03 7.49572386e-01 1.50000000e-02
6.78000000e+03 7.08322572e-01 1.50000000e-02
6.78200000e+03 6.88281590e-01 1.50000000e-02
6.78400000e+03 7.31647549e-01 1.50000000e-02
6.78600000e+03 7.35253899e-01 1.50000000e-02
6.78800000e+03 7.32771689e-01 1.50000000e-02
6.79000000e+03 7.12964144e-01 1.50000000e-02
6.79200000e+03 7.14526849e-01 1.50000000e-02
6.79400000e+03 7.06373785e-01 1.50000000e-02
6.79600000e+03 6.83560472e-01 1.50000000e-02
6.79800000e+03 6.93234615e-01 1.50000000e-02
6.80000000e+03 7.08433104e-01 1.50000000e-02
6.80200000e+03 6.91878440e-01 1.50000000e-02
6.80400000e+03 7.29073850e-01 1.50000000e-02
6.80600000e+03 6.77643359e-01 1.50000000e-02
6.80800000e+03 6.94915635e-01 1.50000000e-02
6.81000000e+03 7.19113849e-01 1.50000000e-02
6.81200000e+03 6.94745441e-01 1.50000000e-02
6.81400000e+03 6.88633695e-01 1.50000000e-02
6.81600000e+03 6.87345390e-01 1.50000000e-02
6.81800000e+03 6.99290954e-01 1.50000000e-02
6.82000000e+03 7.35643066e-01 1.50000000e-02
6.82200000e+03 7.22251020e-01 1.50000000e-02
6.82400000e+03 7.27304691e-01 1.50000000e-02
6.82600000e+03 7.15511428e-01 1.50000000e-02
6.82800000e+03 7.39998423e-01 1.50000000e-02
6.83000000e+03 7.33245705e-01 1.50000000e-02
6.83200000e+03 7.22396671e-01 1.50000000e-02
6.83400000e+03 7.34241991e-01 1.50000000e-02
6.83600000e+03 7.49107441e-01 1.50000000e-02
6.83800000e+03 7.68885374e-01 1.50000000e-02
6.84000000e+03 7.55900835e-01 1.50000000e-02
6.84200000e+03 7.69899793e-01 1.50000000e-02
6.84400000e+03 7.98479561e-01 1.50000000e-02
6.84600000e+03 7.62130392e-01 1.50000000e-02
6.84800000e+03 7.61550006e-01 1.50000000e-02
6.85000000e+03 8.01063755e-01 1.50000000e-02
6.85200000e+03 7.99129885e-01 1.50000000e-02
6.85400000e+03 7.97392416e-01 1.50000000e-02
6.85600000e+03 8.09187520e-01 1.50000000e-02
6.85800000e+03 8.06679247e-01 1.50000000e-02
6.86000000e+03 8.25775262e-01 1.50000000e-02
6.86200000e+03 8.19412905e-01 1.50000000e-02
6.86400000e+03 8.42849272e-01 1.50000000e-02
6.86600000e+03 8.19661590e-01 1.50000000e-02
6.86800000e+03 8.31297803e-01 1.50000000e-02
6.87000000e+03 8.51562820e-01 1.50000000e-02
6.87200000e+03 8.48968549e-01 1.50000000e-02
6.87400000e+03 8.72566844e-01 1.50000000e-02
6.87600000e+03 8.67523154e-01 1.50000000e-02
6.87800000e+03 8.65940107e-01 1.50000000e-02
6.88000000e+03 8.83026087e-01 1.50000000e-02
6.88200000e+03 8.77642512e-01 1.50000000e-02
6.88400000e+03 8.67748829e-01 1.50000000e-02
6.88600000e+03 8.79485306e-01 1.50000000e-02
6.88800000e+03 8.89772104e-01 1.50000000e-02
6.89000000e+03 8.99866436e-01 1.50000000e-02
6.89200000e+03 9.13349156e-01 1.50000000e-02
6.89400000e+03 9.30358587e-01 1.50000000e-02
6.89600000e+03 9.29618717e-01 1.50000000e-02
6.89800000e+03 9.52533972e-01 1.50000000e-02
6.90000000e+03 9.49276936e-01 1.50000000e-02
6.90200000e+03 9.31481791e-01 1.50000000e-02
6.90400000e+03 9.63062615e-01 1.50000000e-02
6.90600000e+03 9.59834202e-01 1.50000000e-02
6.90800000e+03 9.38972537e-01 1.50000000e-02
6.91000000e+03 9.53934197e-01 1.50000000e-02
6.91200000e+03 9.69008241e-01 1.50000000e-02
6.91400000e+03 9.59387720e-01 1.50000000e-02
6.91600000e+03 9.74017086e-01 1.50000000e-02
6.91800000e+03 9.67564165e-01 1.50000000e-02
6.92000000e+03 9.74893674e-01 1.50000000e-02
6.92200000e+03 9.62130148e-01 1.50000000e-02
6.92400000e+03 9.75009474e-01 1.50000000e-02
6.92600000e+03 9.66150627e-01 1.50000000e-02
6.92800000e+03 9.83897654e-01 1.50000000e-02
6.93000000e+03 9.50447072e-01 1.50000000e-02
6.93200000e+03 9.82700091e-01 1.50000000e-02
6.93400000e+03 9.98211445e-01 1.50000000e-02
6.93600000e+03 9.89827005e-01 1.50000000e-02
6.93800000e+03 9.82294767e-01 1.50000000e-02
6.94000000e+03 9.92213338e-01 1.50000000e-02
6.94200000e+03 9.72796141e-01 1.50000000e-02
6.94400000e+03 9.74265637e-01 1.50000000e-02
6.94600000e+03 9.82522675e-01 1.50000000e-02
6.94800000e+03 9.86770748e-01 1.50000000e-02
6.95000000e+03 1.00448043e+00 1.50000000e-02
6.95200000e+03 9.77503506e-01 1.50000000e-02
6.95400000e+03 1.00677909e+00 1.50000000e-02
6.95600000e+03 9.68960998e-01 1.50000000e-02
6.95800000e+03 9.81470042e-01 1.50000000e-02
6.96000000e+03 9.93384096e-01 1.50000000e-02
6.96200000e+03 1.01190652e+00 1.50000000e-02
6.96400000e+03 9.85887204e-01 1.50000000e-02
6.96600000e+03 9.63440233e-01 1.50000000e-02
6.96800000e+03 1.00234825e+00 1.50000000e-02
6.97000000e+03 9.96023397e-01 1.50000000e-02
6.97200000e+03 9.80596390e-01 1.50000000e-02
6.97400000e+03 9.81502027e-01 1.50000000e-02
6.97600000e+03 9.87019423e-01 1.50000000e-02
6.97800000e+03 9.99187375e-01 1.50000000e-02
6.98000000e+03 1.00789315e+00 1.50000000e-02
6.98200000e+03 9.75961834e-01 1.50000000e-02
6.98400000e+03 1.03263668e+00 1.50000000e-02
6.98600000e+03 9.97874670e-01 1.50000000e-02
6.98800000e+03 9.92960711e-01 1.50000000e-02
6.99000000e+03 1.00873233e+00 1.50000000e-02
6.99200000e+03 1.00033300e+00 1.50000000e-02
6.99400000e+03 1.03378035e+00 1.50000000e-02
6.99600000e+03 1.01519034e+00 1.50000000e-02
6.99800000e+03 9.93209426e-01 1.50000000e-02
7.00000000e+03 9.92843438e-01 1.50000000e-02
7.00200000e+03 9.91173276e-01 1.50000000e-02
7.00400000e+03 9.93435887e-01 1.50000000e-02
7.00600000e+03 1.00854547e+00 1.50000000e-02
7.00800000e+03 9.88632562e-01 1.50000000e-02
7.01000000e+03 1.02235919e+00 1.50000000e-02
7.01200000e+03 9.96749686e-01 1.50000000e-02
7.01400000e+03 9.95582796e-01 1.50000000e-02
7.01600000e+03 1.01176061e+00 1.50000000e-02
7.01800000e+03 9.67566207e-01 1.50000000e-02
7.02000000e+03 9.82913557e-01 1.50000000e-02
7.02200000e+03 1.00559866e+00 1.50000000e-02
7.02400000e+03 9.96415344e-01 1.50000000e-02
7.02600000e+03 9.95652863e-01 1.50000000e-02
7.02800000e+03 1.00133878e+00 1.50000000e-02
7.03000000e+03 9.85877775e-01 1.50000000e-02
7.03200000e+03 9.91794936e-01 1.50000000e-02
7.03400000e+03 9.73357651e-01 1.50000000e-02
7.03600000e+03 9.65011390e-01 1.50000000e-02
7.03800000e+03 1.01142482e+00 1.50000000e-02
7.04000000e+03 9.77716726e-01 1.50000000e-02
7.04200000e+03 9.80165095e-01 1.50000000e-02
7.04400000e+03 1.01098877e+00 1.50000000e-02
7.04600000e+03 1.00500438e+00 1.50000000e-02
7.04800000e+03 9.80214046e-01 1.50000000e-02
7.05000000e+03 9.79072998e-01 1.50000000e-02
7.05200000e+03 9.84658223e-01 1.50000000e-02
7.05400000e+03 9.70332302e-01 1.50000000e-02
7.05600000e+03 9.91567490e-01 1.50000000e-02
7.05800000e+03 9.84117436e-01 1.50000000e-02
7.06000000e+03 9.82392652e-01 1.50000000e-02
7.06200000e+03 9.90161494e-01 1.50000000e-02
7.06400000e+03 9.87954167e-01 1.50000000e-02
7.06600000e+03 1.00301400e+00 1.50000000e-02
7.06800000e+03 9.96238101e-01 1.50000000e-02
7.07000000e+03 9.45829566e-01 1.50000000e-02
7.07200000e+03 9.82826769e-01 1.50000000e-02
7.07400000e+03 9.50341406e-01 1.50000000e-02
7.07600000e+03 9.43338999e-01 1.50000000e-02
7.07800000e+03 9.72944952e-01 1.50000000e-02
7.08000000e+03 9.49134178e-01 1.50000000e-02
7.08200000e+03 9.52190248e-01 1.50000000e-02
7.08400000e+03 9.70109499e-01 1.50000000e-02
7.08600000e+03 9.41104322e-01 1.50000000e-02
7.08800000e+03 9.34486677e-01 1.50000000e-02
7.09000000e+03 9.49541318e-01 1.50000000e-02
7.09200000e+03 9.59573093e-01 1.50000000e-02
7.09400000e+03 9.45604368e-01 1.50000000e-02
7.09600000e+03 9.10676627e-01 1.50000000e-02
7.09800000e+03 9.20385590e-01 1.50000000e-02
7.10000000e+03 9.23902504e-01 1.50000000e-02
7.10200000e+03 9.51034785e-01 1.50000000e-02
7.10400000e+03 9.31242579e-01 1.50000000e-02
7.10600000e+03 9.26244008e-01 1.50000000e-02
7.10800000e+03 9.27016707e-01 1.50000000e-02
7.11000000e+03 8.99712047e-01 1.50000000e-02
7.11200000e+03 9.06797677e-01 1.50000000e-02
7.11400000e+03 9.02094631e-01 1.50000000e-02
7.11600000e+03 8.75112264e-01 1.50000000e-02
7.11800000e+03 8.84435625e-01 1.50000000e-02
7.12000000e+03 8.87972378e-01 1.50000000e-02
7.12200000e+03 8.58045988e-01 1.50000000e-02
7.12400000e+03 8.81013547e-01 1.50000000e-02
7.12600000e+03 8.74846687e-01 1.50000000e-02
7.12800000e+03 8.73481212e-01 1.50000000e-02
7.13000000e+03 8.40806842e-01 1.50000000e-02
7.13200000e+03 8.48447354e-01 1.50000000e-02
7.13400000e+03 8.63012071e-01 1.50000000e-02
7.13600000e+03 8.47455200e-01 1.50000000e-02
7.13800000e+03 8.18082285e-01 1.50000000e-02
7.14000000e+03 8.27626566e-01 1.50000000e-02
7.14200000e+03 8.39914055e-01 1.50000000e-02
7.14400000e+03 8.11847884e-01 1.50000000e-02
7.14600000e+03 8.13132257e-01 1.50000000e-02
7.14800000e+03 8.40427896e-01 1.50000000e-02
7.15000000e+03 7.95894227e-01 1.50000000e-02
7.15200000e+03 7.89461418e-01 1.50000000e-02
7.15400000e+03 7.70721404e-01 1.50000000e-02
7.15600000e+03 7.70765286e-01 1.50000000e-02
7.15800000e+03 7.97892054e-01 1.50000000e-02
7.16000000e+03 7.68625550e-01 1.50000000e-02
7.16200000e+03 7.48172353e-01 1.50000000e-02
7.16400000e+03 7.47423566e-01 1.50000000e-02
7.16600000e+03 7.57091279e-01 1.50000000e-02
7.16800000e+03 7.64282812e-01 1.50000000e-02
7.17000000e+03 7.37649604e-01 1.50000000e-02
7.17200000e+03 7.55738300e-01 1.50000000e-02
7.17400000e+03 7.34167813e-01 1.50000000e-02
7.17600000e+03 7.43526834e-01 1.50000000e-02
7.17800000e+03 7.42926705e-01 1.50000000e-02
7.18000000e+03 7.41454426e-01 1.50000000e-02
7.18200000e+03 7.23346353e-01 1.50000000e-02
7.18400000e+03 7.25044184e-01 1.50000000e-02
7.18600000e+03 7.33218596e-01 1.50000000e-02
7.18800000e+03 7.04553397e-01 1.50000000e-02
7.19000000e+03 7.25176443e-01 1.50000000e-02
7.19200000e+03 7.29233150e-01 1.50000000e-02
7.19400000e+03 7.36427730e-01 1.50000000e-02
7.19600000e+03 7.19764868e-01 1.50000000e-02
7.19800000e+03 7.17422834e-01 1.50000000e-02
7.20000000e+03 7.22488241e-01 1.50000000e-02
7.20200000e+03 7.09859968e-01 1.50000000e-02
7.20400000e+03 7.18515705e-01 1.50000000e-02
7.20600000e+03 7.28887394e-01 1.50000000e-02
7.20800000e+03 7.28382716e-01 1.50000000e-02
7.21000000e+03 7.10204009e-01 1.50000000e-02
7.21200000e+03 7.22966623e-01 1.50000000e-02
7.21400000e+03 6.98428375e-01 1.50000000e-02
7.21600000e+03 7.44705998e-01 1.50000000e-02
7.21800000e+03 7.27539038e-01 1.50000000e-02
7.22000000e+03 7.42190487e-01 1.50000000e-02
7.22200000e+03 7.25453091e-01 1.50000000e-02
7.22400000e+03 7.44244728e-01 1.50000000e-02
7.22600000e+03 7.55999054e-01 1.50000000e-02
7.22800000e+03 7.68050611e-01 1.50000000e-02
7.23000000e+03 7.37140415e-01 1.50000000e-02
7.23200000e+03 7.74610914e-01 1.50000000e-02
7.23400000e+03 7.64097609e-01 1.50000000e-02
7.23600000e+03 7.59700542e-01 1.50000000e-02
7.23800000e+03 7.83388568e-01 1.50000000e-02
7.24000000e+03 7.76879131e-01 1.50000000e-02
7.24200000e+03 7.82024682e-01 1.50000000e-02
7.24400000e+03 7.81200101e-01 1.50000000e-02
7.24600000e+03 8.00476545e-01 1.50000000e-02
7.24800000e+03 8.03137366e-01 1.50000000e-02
7.25000000e+03 8.05505519e-01 1.50000000e-02
7.25200000e+03 7.99359947e-01 1.50000000e-02
7.25400000e+03 8.11628428e-01 1.50000000e-02
7.25600000e+03 8.30978155e-01 1.50000000e-02
7.25800000e+03 8.49771116e-01 1.50000000e-02
7.26000000e+03 8.35847192e-01 1.50000000e-02
7.26200000e+03 8.63085139e-01 1.50000000e-02
7.26400000e+03 8.47340853e-01 1.50000000e-02
7.26600000e+03 8.36731000e-01 1.50000000e-02
7.26800000e+03 8.68076719e-01 1.50000000e-02
7.27000000e+03 8.49604646e-01 1.50000000e-02
7.27200000e+03 8.75518280e-01 1.50000000e-02
7.27400000e+03 8.90865356e-01 1.50000000e-02
7.27600000e+03 8.75444616e-01 1.50000000e-02
7.27800000e+03 8.83890832e-01 1.50000000e-02
7.28000000e+03 9.27255034e-01 1.50000000e-02
7.28200000e+03 8.98798291e-01 1.50000000e-02
7.28400000e+03 9.04006248e-01 1.50000000e-02
7.28600000e+03 9.16467223e-01 1.50000000e-02
7.28800000e+03 9.07882416e-01 1.50000000e-02
7.29000000e+03 9.12498084e-01 1.50000000e-02
7.29200000e+03 9.23869627e-01 1.50000000e-02
7.29400000e+03 8.86515512e-01 1.50000000e-02
7.29600000e+03 9.47641658e-01 1.50000000e-02
7.29800000e+03 9.14368083e-01 1.50000000e-02
7.30000000e+03 9.17998986e-01 1.50000000e-02
7.30200000e+03 9.45886694e-01 1.50000000e-02
7.30400000e+03 9.41730865e-01 1.50000000e-02
7.30600000e+03 9.25977102e-01 1.50000000e-02
7.30800000e+03 9.51119062e-01 1.50000000e-02
7.31000000e+03 9.33966492e-01 1.50000000e-02
7.31200000e+03 9.43582419e-01 1.50000000e-02
7.31400000e+03 9.34334045e-01 1.50000000e-02
7.31600000e+03 9.47166694e-01 1.50000000e-02
7.31800000e+03 9.68079320e-01 1.50000000e-02
7.32000000e+03 9.66419713e-01 1.50000000e-02
7.32200000e+03 9.71534294e-01 1.50000000e-02
7.32400000e+03 9.82914876e-01 1.50000000e-02
7.32600000e+03 9.70553814e-01 1.50000000e-02
7.32800000e+03 9.63286374e-01 1.50000000e-02
7.33000000e+03 9.70847648e-01 1.50000000e-02
7.33200000e+03 1.00147774e+00 1.50000000e-02
7.33400000e+03 9.78958606e-01 1.50000000e-02
7.33600000e+03 9.84799595e-01 1.50000000e-02
7.33800000e+03 9.80042745e-01 1.50000000e-02
7.34000000e+03 9.86530890e-01 1.50000000e-02
7.34200000e+03 9.90607152e-01 1.50000000e-02
7.34400000e+03 9.85219400e-01 1.50000000e-02
7.34600000e+03 9.84163533e-01 1.50000000e-02
7.34800000e+03 9.75834421e-01 1.50000000e-02
7.35000000e+03 9.75851568e-01 1.50000000e-02
7.35200000e+03 9.95524881e-01 1.50000000e-02
7.35400000e+03 1.00148592e+00 1.50000000e-02
7.35600000e+03 1.00489037e+00 1.50000000e-02
7.35800000e+03 9.92610846e-01 1.50000000e-02
7.36000000e+03 9.80133029e-01 1.50000000e-02
7.36200000e+03 1.00254176e+00 1.50000000e-02
7.36400000e+03 1.00290577e+00 1.50000000e-02
7.36600000e+03 9.71731037e-01 1.50000000e-02
7.36800000e+03 1.00673505e+00 1.50000000e-02
7.37000000e+03 1.00389223e+00 1.50000000e-02
7.37200000e+03 1.02053299e+00 1.50000000e-02
7.37400000e+03 9.79109249e-01 1.50000000e-02
7.37600000e+03 9.77173689e-01 1.50000000e-02
7.37800000e+03 1.00842559e+00 1.50000000e-02
7.38000000e+03 9.70083080e-01 1.50000000e-02
7.38200000e+03 9.86295260e-01 1.50000000e-02
7.38400000e+03 9.81142681e-01 1.50000000e-02
7.38600000e+03 9.82553607e-01 1.50000000e-02
7.38800000e+03 9.69391081e-01 1.50000000e-02
7.39000000e+03 9.94549739e-01 1.50000000e-02
7.39200000e+03 1.01286975e+00 1.50000000e-02
7.39400000e+03 1.00504531e+00 1.50000000e-02
7.39600000e+03 1.00524898e+00 1.50000000e-02
7.39800000e+03 9.93369523e-01 1.50000000e-02
7.40000000e+03 1.02047151e+00 1.50000000e-02
7.40200000e+03 1.00683987e+00 1.50000000e-02
7.40400000e+03 1.01476495e+00 1.50000000e-02
7.40600000e+03 9.75957002e-01 1.50000000e-02
7.40800000e+03 1.00438156e+00 1.50000000e-02
7.41000000e+03 9.82203406e-01 1.50000000e-02
7.41200000e+03 1.00458905e+00 1.50000000e-02
7.41400000e+03 1.00240149e+00 1.50000000e-02
7.41600000e+03 9.82643957e-01 1.50000000e-02
7.41800000e+03 1.00218841e+00 1.50000000e-02
7.42000000e+03 1.01695360e+00 1.50000000e-02
7.42200000e+03 1.00714348e+00 1.50000000e-02
7.42400000e+03 1.00852934e+00 1.50000000e-02
7.42600000e+03 9.86831570e-01 1.50000000e-02
7.42800000e+03 9.89609139e-01 1.50000000e-02
7.43000000e+03 9.83167082e-01 1.50000000e-02
7.43200000e+03 1.00179409e+00 1.50000000e-02
7.43400000e+03 1.01761950e+00 1.50000000e-02
7.43600000e+03 1.00637168e+00 1.50000000e-02
7.43800000e+03 9.99855841e-01 1.50000000e-02
7.44000000e+03 9.83170193e-01 1.50000000e-02
7.44200000e+03 1.00655513e+00 1.50000000e-02
7.44400000e+03 9.96371917e-01 1.50000000e-02
7.44600000e+03 9.71481437e-01 1.50000000e-02
7.44800000e+03 9.74126201e-01 1.50000000e-02
7.45000000e+03 9.94892744e-01 1.50000000e-02
7.45200000e+03 9.86603908e-01 1.50000000e-02
7.45400000e+03 1.02465961e+00 1.50000000e-02
7.45600000e+03 1.00051196e+00 1.50000000e-02
7.45800000e+03 9.84488868e-01 1.50000000e-02
7.46000000e+03 9.92713038e-01 1.50000000e-02
7.46200000e+03 1.02380329e+00 1.50000000e-02
7.46400000e+03 9.85855994e-01 1.50000000e-02
7.46600000e+03 1.01153048e+00 1.50000000e-02
7.46800000e+03 1.00657192e+00 1.50000000e-02
7.47000000e+03 1.02196942e+00 1.50000000e-02
7.47200000e+03 1.00797012e+00 1.50000000e-02
7.47400000e+03 9.94034702e-01 1.50000000e-02
7.47600000e+03 1.00792288e+00 1.50000000e-02
7.47800000e+03 1.00104958e+00 1.50000000e-02
7.48000000e+03 1.01461007e+00 1.50000000e-02
7.48200000e+03 9.99144139e-01 1.50000000e-02
7.48400000e+03 1.02962353e+00 1.50000000e-02
7.48600000e+03 9.98573734e-01 1.50000000e-02
7.48800000e+03 1.00666812e+00 1.50000000e-02
7.49000000e+03 9.90307323e-01 1.50000000e-02
7.49200000e+03 1.00200442e+00 1.50000000e-02
7.49400000e+03 1.00054226e+00 1.50000000e-02
7.49600000e+03 1.00268648e+00 1.50000000e-02
7.49800000e+03 1.01360493e+00 1.50000000e-02
7.50000000e+03 9.92139331e-01 1.50000000e-02
7.50200000e+03 9.87526491e-01 1.50000000e-02
7.50400000e+03 1.01672579e+00 1.50000000e-02
7.50600000e+03 9.95912236e-01 1.50000000e-02
7.50800000e+03 9.90197903e-01 1.50000000e-02
7.51000000e+03 1.01742250e+00 1.50000000e-02
7.51200000e+03 1.01181225e+00 1.50000000e-02
7.51400000e+03 9.60726740e-01 1.50000000e-02
7.51600000e+03 9.94571847e-01 1.50000000e-02
7.51800000e+03 1.01194439e+00 1.50000000e-02
7.52000000e+03 1.01268882e+00 1.50000000e-02
7.52200000e+03 9.92581760e-01 1.50000000e-02
7.52400000e+03 1.02359232e+00 1.50000000e-02
7.52600000e+03 9.88431969e-01 1.50000000e-02
7.52800000e+03 9.96819672e-01 1.50000000e-02
7.53000000e+03 1.00219377e+00 1.50000000e-02
7.53200000e+03 1.00021205e+00 1.50000000e-02
7.53400000e+03 1.01233589e+00 1.50000000e-02
7.53600000e+03 1.01554365e+00 1.50000000e-02
7.53800000e+03 9.99653355e-01 1.50000000e-02
7.54000000e+03 1.02119404e+00 1.50000000e-02
7.54200000e+03 9.90110274e-01 1.50000000e-02
7.54400000e+03 9.97158357e-01 1.50000000e-02
7.54600000e+03 1.02602405e+00 1.50000000e-02
7.54800000e+03 1.00181939e+00 1.50000000e-02
7.55000000e+03 1.01630585e+00 1.50000000e-02
7.55200000e+03 9.93956981e-01 1.50000000e-02
7.55400000e+03 9.96439620e-01 1.50000000e-02
7.55600000e+03 9.98827180e-01 1.50000000e-02
7.55800000e+03 1.00297738e+00 1.50000000e-02
7.56000000e+03 9.95379136e-01 1.50000000e-02
7.56200000e+03 1.00068713e+00 1.50000000e-02
7.56400000e+03 1.01043908e+00 1.50000000e-02
7.56600000e+03 1.01844395e+00 1.50000000e-02
7.56800000e+03 1.00208803e+00 1.50000000e-02
7.57000000e+03 1.01015163e+00 1.50000000e-02
7.57200000e+03 1.01408596e+00 1.50000000e-02
7.57400000e+03 9.84415884e-01 1.50000000e-02
7.57600000e+03 9.77012241e-01 1.50000000e-02
7.57800000e+03 1.02461163e+00 1.50000000e-02
7.58000000e+03 1.02018303e+00 1.50000000e-02
7.58200000e+03 1.00135514e+00 1.50000000e-02
7.58400000e+03 1.00574097e+00 1.50000000e-02
7.58600000e+03 9.86443782e-01 1.50000000e-02
7.58800000e+03 9.79859431e-01 1.50000000e-02
7.59000000e+03 1.00521385e+00 1.50000000e-02
7.59200000e+03 9.78319648e-01 1.50000000e-02
7.59400000e+03 1.01412564e+00 1.50000000e-02
7.59600000e+03 9.90342711e-01 1.50000000e-02
7.59800000e+03 1.00482567e+00 1.50000000e-02
7.60000000e+03 1.02935893e+00 1.50000000e-02
7.60200000e+03 1.02865426e+00 1.50000000e-02
7.60400000e+03 9.96420071e-01 1.50000000e-02
7.60600000e+03 1.01640688e+00 1.50000000e-02
7.60800000e+03 9.85082937e-01 1.50000000e-02
7.61000000e+03 9.91724253e-01 1.50000000e-02
7.61200000e+03 1.00598933e+00 1.50000000e-02
7.61400000e+03 1.02116017e+00 1.50000000e-02
7.61600000e+03 9.91880166e-01 1.50000000e-02
7.61800000e+03 1.00853307e+00 1.50000000e-02
7.62000000e+03 1.00195924e+00 1.50000000e-02
7.62200000e+03 9.81574404e-01 1.50000000e-02
7.62400000e+03 9.98427241e-01 1.50000000e-02
7.62600000e+03 1.02281630e+00 1.50000000e-02
7.62800000e+03 9.99043118e-01 1.50000000e-02
7.63000000e+03 1.00791657e+00 1.50000000e-02
7.63200000e+03 1.01279364e+00 1.50000000e-02
7.63400000e+03 9.89410476e-01 1.50000000e-02
7.63600000e+03 1.01879866e+00 1.50000000e-02
7.63800000e+03 1.02286261e+00 1.50000000e-02
7.64000000e+03 1.02426720e+00 1.50000000e-02
7.64200000e+03 1.02001768e+00 1.50000000e-02
7.64400000e+03 9.93446145e-01 1.50000000e-02
7.64600000e+03 9.91631274e-01 1.50000000e-02
7.64800000e+03 9.88641577e-01 1.50000000e-02
7.65000000e+03 9.86814551e-01 1.50000000e-02
7.65200000e+03 9.88478137e-01 1.50000000e-02
7.65400000e+03 1.01518489e+00 1.50000000e-02
7.65600000e+03 1.02221459e+00 1.50000000e-02
7.65800000e+03 9.90769346e-01 1.50000000e-02
7.66000000e+03 1.01245998e+00 1.50000000e-02
7.66200000e+03 9.81413064e-01 1.50000000e-02
7.66400000e+03 9.95444182e-01 1.50000000e-02
7.66600000e+03 9.85419998e-01 1.50000000e-02
7.66800000e+03 9.75950415e-01 1.50000000e-02
7.67000000e+03 1.00109709e+00 1.50000000e-02
7.67200000e+03 1.00144815e+00 1.50000000e-02
7.67400000e+03 9.94173058e-01 1.50000000e-02
7.67600000e+03 9.92429714e-01 1.50000000e-02
7.67800000e+03 9.85498192e-01 1.50000000e-02
7.68000000e+03 9.98250754e-01 1.50000000e-02
7.68200000e+03 9.91238419e-01 1.50000000e-02
7.68400000e+03 1.00381472e+00 1.50000000e-02
7.68600000e+03 9.82161156e-01 1.50000000e-02
7.68800000e+03 1.00359502e+00 1.50000000e-02
7.69000000e+03 1.00784007e+00 1.50000000e-02
7.69200000e+03 1.01878589e+00 1.50000000e-02
7.69400000e+03 1.01590451e+00 1.50000000e-02
7.69600000e+03 1.00302167e+00 1.50000000e-02
7.69800000e+03 9.89936298e-01 1.50000000e-02
7.70000000e+03 9.72747285e-01 1.50000000e-02
7.70200000e+03 1.00004038e+00 1.50000000e-02
7.70400000e+03 1.02131138e+00 1.50000000e-02
7.70600000e+03 1.02497592e+00 1.50000000e-02
7.70800000e+03 9.62060337e-01 1.50000000e-02
7.71000000e+03 9.88790801e-01 1.50000000e-02
7.71200000e+03 9.94869418e-01 1.50000000e-02
7.71400000e+03 9.84521395e-01 1.50000000e-02
7.71600000e+03 1.00290688e+00 1.50000000e-02
7.71800000e+03 1.00068994e+00 1.50000000e-02
7.72000000e+03 9.92361597e-01 1.50000000e-02
7.72200000e+03 9.99569425e-01 1.50000000e-02
7.72400000e+03 9.76246166e-01 1.50000000e-02
7.72600000e+03 9.85543641e-01 1.50000000e-02
7.72800000e+03 9.86675609e-01 1.50000000e-02
7.73000000e+03 1.01354317e+00 1.50000000e-02
7.73200000e+03 9.75712539e-01 1.50000000e-02
7.73400000e+03 9.96903204e-01 1.50000000e-02
7.73600000e+03 1.01175467e+00 1.50000000e-02
7.73800000e+03 9.99280988e-01 1.50000000e-02
7.74000000e+03 1.01225242e+00 1.50000000e-02
7.74200000e+03 9.90307774e-01 1.50000000e-02
7.74400000e+03 1.00661852e+00 1.50000000e-02
7.74600000e+03 1.01364523e+00 1.50000000e-02
7.74800000e+03 1.03356426e+00 1.50000000e-02
7.75000000e+03 1.01100737e+00 1.50000000e-02
7.75200000e+03 1.02151420e+00 1.50000000e-02
7.75400000e+03 1.00029207e+00 1.50000000e-02
7.75600000e+03 1.00160652e+00 1.50000000e-02
7.75800000e+03 1.02366098e+00 1.50000000e-02
7.76000000e+03 1.00889393e+00 1.50000000e-02
7.76200000e+03 1.02142904e+00 1.50000000e-02
7.76400000e+03 1.01081136e+00 1.50000000e-02
7.76600000e+03 1.03199207e+00 1.50000000e-02
7.76800000e+03 1.03592205e+00 1.50000000e-02
7.77000000e+03 9.87671592e-01 1.50000000e-02
7.77200000e+03 1.02809803e+00 1.50000000e-02
7.77400000e+03 1.00675135e+00 1.50000000e-02
7.77600000e+03 1.00740516e+00 1.50000000e-02
7.77800000e+03 9.98536622e-01 1.50000000e-02
7.78000000e+03 1.01105897e+00 1.50000000e-02
7.78200000e+03 9.83624632e-01 1.50000000e-02
7.78400000e+03 9.89406123e-01 1.50000000e-02
7.78600000e+03 9.88856196e-01 1.50000000e-02
7.78800000e+03 1.00467794e+00 1.50000000e-02
7.79000000e+03 1.01416715e+00 1.50000000e-02
7.79200000e+03 1.01141493e+00 1.50000000e-02
7.79400000e+03 1.00590465e+00 1.50000000e-02
7.79600000e+03 9.91500482e-01 1.50000000e-02
7.79800000e+03 9.74000767e-01 1.50000000e-02
7.80000000e+03 1.00646401e+00 1.50000000e-02
7.80200000e+03 1.00260434e+00 1.50000000e-02
7.80400000e+03 1.00578340e+00 1.50000000e-02
7.80600000e+03 1.02184023e+00 1.50000000e-02
7.80800000e+03 9.97701077e-01 1.50000000e-02
7.81000000e+03 9.97407256e-01 1.50000000e-02
7.81200000e+03 9.65699161e-01 1.50000000e-02
7.81400000e+03 1.00882877e+00 1.50000000e-02
7.81600000e+03 9.99710012e-01 1.50000000e-02
7.81800000e+03 9.89357475e-01 1.50000000e-02
7.82000000e+03 1.00622970e+00 1.50000000e-02
7.82200000e+03 9.84780630e-01 1.50000000e-02
7.82400000e+03 9.92314516e-01 1.50000000e-02
7.82600000e+03 1.02987936e+00 1.50000000e-02
7.82800000e+03 1.01171640e+00 1.50000000e-02
7.83000000e+03 1.01432256e+00 1.50000000e-02
7.83200000e+03 1.01166472e+00 1.50000000e-02
7.83400000e+03 1.01006402e+00 1.50000000e-02
7.83600000e+03 1.00332419e+00 1.50000000e-02
7.83800000e+03 1.03469457e+00 1.50000000e-02
7.84000000e+03 9.99299789e-01 1.50000000e-02
7.84200000e+03 1.01142957e+00 1.50000000e-02
7.84400000e+03 9.97110523e-01 1.50000000e-02
7.84600000e+03 9.95111992e-01 1.50000000e-02
7.84800000e+03 9.63802600e-01 1.50000000e-02
7.85000000e+03 9.71508713e-01 1.50000000e-02
7.85200000e+03 1.02357700e+00 1.50000000e-02
7.85400000e+03 1.02267920e+00 1.50000000e-02
7.85600000e+03 9.93782686e-01 1.50000000e-02
7.85800000e+03 9.99839854e-01 1.50000000e-02
7.86000000e+03 1.00950706e+00 1.50000000e-02
7.86200000e+03 9.85388895e-01 1.50000000e-02
7.86400000e+03 1.02683812e+00 1.50000000e-02
7.86600000e+03 9.84684575e-01 1.50000000e-02
7.86800000e+03 9.89470911e-01 1.50000000e-02
7.87000000e+03 9.58816128e-01 1.50000000e-02
7.87200000e+03 1.02298096e+00 1.50000000e-02
7.87400000e+03 1.00112249e+00 1.50000000e-02
7.87600000e+03 1.02459099e+00 1.50000000e-02
7.87800000e+03 9.85209023e-01 1.50000000e-02
7.88000000e+03 1.00530736e+00 1.50000000e-02
7.88200000e+03 1.00135087e+00 1.50000000e-02
7.88400000e+03 1.00321265e+00 1.50000000e-02
7.88600000e+03 1.03134683e+00 1.50000000e-02
7.88800000e+03 1.03421173e+00 1.50000000e-02
7.89000000e+03 1.02090150e+00 1.50000000e-02
7.89200000e+03 9.94192017e-01 1.50000000e-02
7.89400000e+03 1.01360442e+00 1.50000000e-02
7.89600000e+03 1.02038146e+00 1.50000000e-02
7.89800000e+03 1.00856986e+00 1.50000000e-02
7.90000000e+03 1.00873494e+00 1.50000000e-02
7.90200000e+03 1.00741902e+00 1.50000000e-02
7.90400000e+03 9.86665216e-01 1.50000000e-02
7.90600000e+03 1.00385917e+00 1.50000000e-02
7.90800000e+03 1.02423240e+00 1.50000000e-02
7.91000000e+03 9.85236491e-01 1.50000000e-02
7.91200000e+03 1.00139600e+00 1.50000000e-02
7.91400000e+03 1.01269114e+00 1.50000000e-02
7.91600000e+03 9.79691240e-01 1.50000000e-02
7.91800000e+03 9.98090456e-01 1.50000000e-02
7.92000000e+03 9.74695159e-01 1.50000000e-02
7.92200000e+03 9.91051639e-01 1.50000000e-02
7.92400000e+03 9.79029318e-01 1.50000000e-02
7.92600000e+03 9.86684323e-01 1.50000000e-02
7.92800000e+03 9.92766702e-01 1.50000000e-02
7.93000000e+03 9.95952096e-01 1.50000000e-02
7.93200000e+03 9.97023599e-01 1.50000000e-02
7.93400000e+03 9.63982639e-01 1.50000000e-02
7.93600000e+03 1.02389600e+00 1.50000000e-02
7.93800000e+03 9.95928419e-01 1.50000000e-02
7.94000000e+03 9.83599684e-01 1.50000000e-02
7.94200000e+03 9.90599146e-01 1.50000000e-02
7.94400000e+03 1.00467242e+00 1.50000000e-02
7.94600000e+03 9.84982625e-01 1.50000000e-02
7.94800000e+03 9.93796922e-01 1.50000000e-02
7.95000000e+03 9.92952241e-01 1.50000000e-02
7.95200000e+03 1.00809610e+00 1.50000000e-02
7.95400000e+03 9.88771153e-01 1.50000000e-02
7.95600000e+03 1.00680234e+00 1.50000000e-02
7.95800000e+03 1.00523605e+00 1.50000000e-02
7.96000000e+03 9.97773493e-01 1.50000000e-02
7.96200000e+03 1.01861656e+00 1.50000000e-02
7.96400000e+03 1.00030659e+00 1.50000000e-02
7.96600000e+03 9.82335632e-01 1.50000000e-02
7.96800000e+03 1.00446726e+00 1.50000000e-02
7.97000000e+03 1.00184784e+00 1.50000000e-02
7.97200000e+03 9.99392458e-01 1.50000000e-02
7.97400000e+03 1.00348490e+00 1.50000000e-02
7.97600000e+03 1.03524330e+00 1.50000000e-02
7.97800000e+03 1.00350279e+00 1.50000000e-02
7.98000000e+03 1.00686692e+00 1.50000000e-02
7.98200000e+03 9.96303178e-01 1.50000000e-02
7.98400000e+03 1.01965580e+00 1.50000000e-02
7.98600000e+03 9.99151591e-01 1.50000000e-02
7.98800000e+03 9.87968375e-01 1.50000000e-02
7.99000000e+03 9.81660357e-01 1.50000000e-02
7.99200000e+03 1.00790638e+00 1.50000000e-02
7.99400000e+03 1.01116354e+00 1.50000000e-02
7.99600000e+03 9.76171723e-01 1.50000000e-02
7.99800000e+03 9.89144288e-01 1.50000000e-02
8.00000000e+03 1.00962080e+00 1.50000000e-02
8.00200000e+03 1.01540674e+00 1.50000000e-02
8.00400000e+03 9.80181609e-01 1.50000000e-02
8.00600000e+03 9.93869322e-01 1.50000000e-02
8.00800000e+03 1.01247653e+00 1.50000000e-02
8.01000000e+03 9.91976586e-01 1.50000000e-02
8.01200000e+03 9.93223969e-01 1.50000000e-02
8.01400000e+03 9.91873038e-01 1.50000000e-02
8.01600000e+03 9.80376758e-01 1.50000000e-02
8.01800000e+03 1.00068115e+00 1.50000000e-02
8.02000000e+03 1.00454388e+00 1.50000000e-02
8.02200000e+03 9.78946205e-01 1.50000000e-02
8.02400000e+03 1.00147728e+00 1.50000000e-02
8.02600000e+03 1.01659087e+00 1.50000000e-02
8.02800000e+03 1.00308507e+00 1.50000000e-02
8.03000000e+03 1.01418076e+00 1.50000000e-02
8.03200000e+03 9.91730278e-01 1.50000000e-02
8.03400000e+03 1.02050809e+00 1.50000000e-02
8.03600000e+03 9.88177953e-01 1.50000000e-02
8.03800000e+03 1.02825075e+00 1.50000000e-02
8.04000000e+03 9.93233441e-01 1.50000000e-02
8.04200000e+03 9.89188322e-01 1.50000000e-02
8.04400000e+03 9.86575284e-01 1.50000000e-02
8.04600000e+03 9.93774326e-01 1.50000000e-02
8.04800000e+03 9.92566341e-01 1.50000000e-02
8.05000000e+03 9.89623412e-01 1.50000000e-02
8.05200000e+03 9.95023225e-01 1.50000000e-02
8.05400000e+03 1.00993059e+00 1.50000000e-02
8.05600000e+03 1.01319584e+00 1.50000000e-02
8.05800000e+03 9.94899563e-01 1.50000000e-02
8.06000000e+03 1.01848220e+00 1.50000000e-02
8.06200000e+03 9.84989890e-01 1.50000000e-02
8.06400000e+03 9.84530809e-01 1.50000000e-02
8.06600000e+03 9.82992919e-01 1.50000000e-02
8.06800000e+03 1.00897942e+00 1.50000000e-02
8.07000000e+03 9.76692382e-01 1.50000000e-02
8.07200000e+03 9.79002480e-01 1.50000000e-02
8.07400000e+03 1.01912640e+00 1.50000000e-02
8.07600000e+03 1.02563331e+00 1.50000000e-02
8.07800000e+03 1.02008669e+00 1.50000000e-02
8.08000000e+03 9.77554379e-01 1.50000000e-02
8.08200000e+03 1.00009809e+00 1.50000000e-02
8.08400000e+03 1.01239240e+00 1.50000000e-02
8.08600000e+03 1.00136090e+00 1.50000000e-02
8.08800000e+03 9.75636594e-01 1.50000000e-02
8.09000000e+03 9.94769173e-01 1.50000000e-02
8.09200000e+03 9.74422910e-01 1.50000000e-02
8.09400000e+03 9.81408383e-01 1.50000000e-02
8.09600000e+03 1.03217728e+00 1.50000000e-02
8.09800000e+03 1.01007904e+00 1.50000000e-02
8.10000000e+03 9.77873960e-01 1.50000000e-02
8.10200000e+03 9.77370727e-01 1.50000000e-02
8.10400000e+03 1.00672188e+00 1.50000000e-02
8.10600000e+03 9.90730704e-01 1.50000000e-02
8.10800000e+03 1.00853030e+00 1.50000000e-02
8.11000000e+03 9.90154888e-01 1.50000000e-02
8.11200000e+03 9.96862217e-01 1.50000000e-02
8.11400000e+03 1.00343707e+00 1.50000000e-02
8.11600000e+03 9.84361235e-01 1.50000000e-02
8.11800000e+03 9.71047089e-01 1.50000000e-02
8.12000000e+03 9.81932461e-01 1.50000000e-02
8.12200000e+03 9.89367363e-01 1.50000000e-02
8.12400000e+03 9.96773824e-01 1.50000000e-02
8.12600000e+03 9.98939668e-01 1.50000000e-02
8.12800000e+03 9.98811810e-01 1.50000000e-02
8.13000000e+03 1.00752930e+00 1.50000000e-02
8.13200000e+03 9.86424464e-01 1.50000000e-02
8.13400000e+03 1.02073204e+00 1.50000000e-02
8.13600000e+03 1.02982521e+00 1.50000000e-02
8.13800000e+03 1.00528092e+00 1.50000000e-02
8.14000000e+03 1.00260912e+00 1.50000000e-02
8.14200000e+03 1.01849916e+00 1.50000000e-02
8.14400000e+03 1.00950629e+00 1.50000000e-02
8.14600000e+03 1.00259409e+00 1.50000000e-02
8.14800000e+03 9.97258085e-01 1.50000000e-02
8.15000000e+03 9.88688818e-01 1.50000000e-02
8.15200000e+03 9.82234195e-01 1.50000000e-02
8.15400000e+03 1.00974927e+00 1.50000000e-02
8.15600000e+03 1.01758351e+00 1.50000000e-02
8.15800000e+03 9.83911023e-01 1.50000000e-02
8.16000000e+03 9.98681879e-01 1.50000000e-02
8.16200000e+03 1.00303189e+00 1.50000000e-02
8.16400000e+03 9.93377828e-01 1.50000000e-02
8.16600000e+03 9.88338971e-01 1.50000000e-02
8.16800000e+03 9.93869113e-01 1.50000000e-02
8.17000000e+03 9.70201393e-01 1.50000000e-02
8.17200000e+03 9.98840984e-01 1.50000000e-02
8.17400000e+03 9.95340277e-01 1.50000000e-02
8.17600000e+03 1.03150397e+00 1.50000000e-02
8.17800000e+03 1.01379657e+00 1.50000000e-02
8.18000000e+03 9.94564956e-01 1.50000000e-02
8.18200000e+03 9.99625244e-01 1.50000000e-02
8.18400000e+03 1.02548405e+00 1.50000000e-02
8.18600000e+03 1.02383193e+00 1.50000000e-02
8.18800000e+03 1.00251120e+00 1.50000000e-02
8.19000000e+03 9.97813819e-01 1.50000000e-02
8.19200000e+03 9.78065246e-01 1.50000000e-02
8.19400000e+03 9.94832717e-01 1.50000000e-02
8.19600000e+03 9.97205175e-01 1.50000000e-02
8.19800000e+03 9.88702010e-01 1.50000000e-02
8.20000000e+03 1.02568881e+00 1.50000000e-02
8.20200000e+03 9.71604719e-01 1.50000000e-02
8.20400000e+03 9.97703057e-01 1.50000000e-02
8.20600000e+03 1.00584286e+00 1.50000000e-02
8.20800000e+03 1.00628877e+00 1.50000000e-02
8.21000000e+03 1.02503662e+00 1.50000000e-02
8.21200000e+03 9.78757769e-01 1.50000000e-02
8.21400000e+03 9.88516371e-01 1.50000000e-02
8.21600000e+03 1.00119100e+00 1.50000000e-02
8.21800000e+03 1.00171997e+00 1.50000000e-02
8.22000000e+03 9.93948768e-01 1.50000000e-02
8.22200000e+03 9.88271528e-01 1.50000000e-02
8.22400000e+03 1.01582887e+00 1.50000000e-02
8.22600000e+03 9.83984431e-01 1.50000000e-02
8.22800000e+03 9.91105890e-01 1.50000000e-02
8.23000000e+03 1.02129309e+00 1.50000000e-02
8.23200000e+03 1.02574019e+00 1.50000000e-02
8.23400000e+03 1.01280697e+00 1.50000000e-02
8.23600000e+03 9.86825946e-01 1.50000000e-02
8.23800000e+03 9.86935146e-01 1.50000000e-02
8.24000000e+03 9.86241747e-01 1.50000000e-02
8.24200000e+03 9.82712813e-01 1.50000000e-02
8.24400000e+03 9.93488874e-01 1.50000000e-02
8.24600000e+03 1.01878702e+00 1.50000000e-02
8.24800000e+03 1.00306048e+00 1.50000000e-02
8.25000000e+03 9.88381442e-01 1.50000000e-02
8.25200000e+03 9.88044137e-01 1.50000000e-02
8.25400000e+03 9.82071984e-01 1.50000000e-02
8.25600000e+03 1.01779928e+00 1.50000000e-02
8.25800000e+03 9.69392434e-01 1.50000000e-02
8.26000000e+03 1.00377596e+00 1.50000000e-02
8.26200000e+03 9.78065528e-01 1.50000000e-02
8.26400000e+03 9.83758576e-01 1.50000000e-02
8.26600000e+03 9.77306299e-01 1.50000000e-02
8.26800000e+03 1.01406982e+00 1.50000000e-02
8.27000000e+03 9.98382505e-01 1.50000000e-02
8.27200000e+03 1.04074341e+00 1.50000000e-02
8.27400000e+03 9.84025354e-01 1.50000000e-02
8.27600000e+03 9.83149768e-01 1.50000000e-02
8.27800000e+03 1.00841512e+00 1.50000000e-02
8.28000000e+03 1.00798437e+00 1.50000000e-02
8.28200000e+03 9.95308711e-01 1.50000000e-02
8.28400000e+03 9.69207476e-01 1.50000000e-02
8.28600000e+03 1.02117408e+00 1.50000000e-02
8.28800000e+03 1.00801525e+00 1.50000000e-02
8.29000000e+03 1.00545260e+00 1.50000000e-02
8.29200000e+03 9.90553009e-01 1.50000000e-02
8.29400000e+03 1.00905178e+00 1.50000000e-02
8.29600000e+03 9.91011409e-01 1.50000000e-02
8.29800000e+03 1.00004174e+00 1.50000000e-02
8.30000000e+03 9.96545331e-01 1.50000000e-02
8.30200000e+03 1.01823017e+00 1.50000000e-02
8.30400000e+03 9.92286562e-01 1.50000000e-02
8.30600000e+03 9.94143979e-01 1.50000000e-02
8.30800000e+03 1.01589016e+00 1.50000000e-02
8.31000000e+03 1.00269793e+00 1.50000000e-02
8.31200000e+03 9.98986739e-01 1.50000000e-02
8.31400000e+03 9.95649834e-01 1.50000000e-02
8.31600000e+03 1.01351576e+00 1.50000000e-02
8.31800000e+03 9.89482143e-01 1.50000000e-02
8.32000000e+03 1.00629620e+00 1.50000000e-02
8.32200000e+03 1.02967801e+00 1.50000000e-02
8.32400000e+03 1.00519798e+00 1.50000000e-02
8.32600000e+03 9.87409916e-01 1.50000000e-02
8.32800000e+03 9.81143826e-01 1.50000000e-02
8.33000000e+03 1.00137089e+00 1.50000000e-02
8.33200000e+03 9.80736173e-01 1.50000000e-02
8.33400000e+03 9.75222996e-01 1.50000000e-02
8.33600000e+03 9.87732110e-01 1.50000000e-02
8.33800000e+03 9.82676742e-01 1.50000000e-02
8.34000000e+03 1.01222982e+00 1.50000000e-02
8.34200000e+03 9.77306017e-01 1.50000000e-02
8.34400000e+03 1.02281029e+00 1.50000000e-02
8.34600000e+03 9.87772214e-01 1.50000000e-02
8.34800000e+03 1.00081994e+00 1.50000000e-02
8.35000000e+03 1.00911412e+00 1.50000000e-02
8.35200000e+03 1.00237008e+00 1.50000000e-02
8.35400000e+03 1.00982870e+00 1.50000000e-02
8.35600000e+03 9.84184514e-01 1.50000000e-02
8.35800000e+03 9.64883814e-01 1.50000000e-02
8.36000000e+03 9.95938866e-01 1.50000000e-02
8.36200000e+03 9.73706581e-01 1.50000000e-02
8.36400000e+03 9.90212221e-01 1.50000000e-02
8.36600000e+03 1.01308081e+00 1.50000000e-02
8.36800000e+03 9.95929302e-01 1.50000000e-02
8.37000000e+03 9.89977297e-01 1.50000000e-02
8.37200000e+03 9.81912751e-01 1.50000000e-02
8.37400000e+03 9.94469925e-01 1.50000000e-02
8.37600000e+03 9.96237748e-01 1.50000000e-02
8.37800000e+03 9.75084675e-01 1.50000000e-02
8.38000000e+03 1.00323603e+00 1.50000000e-02
8.38200000e+03 9.82666110e-01 1.50000000e-02
8.38400000e+03 1.00207625e+00 1.50000000e-02
8.38600000e+03 9.92011251e-01 1.50000000e-02
8.38800000e+03 1.01364231e+00 1.50000000e-02
8.39000000e+03 1.01163621e+00 1.50000000e-02
8.39200000e+03 9.98921217e-01 1.50000000e-02
8.39400000e+03 9.97158475e-01 1.50000000e-02
8.39600000e+03 1.00537952e+00 1.50000000e-02
8.39800000e+03 1.01958583e+00 1.50000000e-02
8.40000000e+03 1.01486374e+00 1.50000000e-02
8.40200000e+03 1.00132894e+00 1.50000000e-02
8.40400000e+03 1.00373897e+00 1.50000000e-02
8.40600000e+03 1.02273453e+00 1.50000000e-02
8.40800000e+03 9.74567252e-01 1.50000000e-02
8.41000000e+03 1.00727347e+00 1.50000000e-02
8.41200000e+03 9.85649038e-01 1.50000000e-02
8.41400000e+03 1.01955878e+00 1.50000000e-02
8.41600000e+03 9.91845814e-01 1.50000000e-02
8.41800000e+03 9.97628277e-01 1.50000000e-02
8.42000000e+03 9.83040024e-01 1.50000000e-02
8.42200000e+03 9.99637448e-01 1.50000000e-02
8.42400000e+03 1.01135469e+00 1.50000000e-02
8.42600000e+03 1.02459307e+00 1.50000000e-02
8.42800000e+03 9.80568054e-01 1.50000000e-02
8.43000000e+03 9.92950934e-01 1.50000000e-02
8.43200000e+03 1.05829683e+00 1.50000000e-02
8.43400000e+03 1.01382604e+00 1.50000000e-02
8.43600000e+03 9.99615375e-01 1.50000000e-02
8.43800000e+03 1.00760623e+00 1.50000000e-02
8.44000000e+03 9.59771476e-01 1.50000000e-02
8.44200000e+03 1.02405280e+00 1.50000000e-02
8.44400000e+03 1.00221272e+00 1.50000000e-02
8.44600000e+03 9.78315595e-01 1.50000000e-02
8.44800000e+03 1.01743182e+00 1.50000000e-02
8.45000000e+03 9.90444325e-01 1.50000000e-02
8.45200000e+03 9.84486944e-01 1.50000000e-02
8.45400000e+03 1.00779316e+00 1.50000000e-02
8.45600000e+03 1.00598065e+00 1.50000000e-02
8.45800000e+03 9.93067369e-01 1.50000000e-02
8.46000000e+03 9.98862810e-01 1.50000000e-02
8.46200000e+03 9.79799610e-01 1.50000000e-02
8.46400000e+03 9.78274423e-01 1.50000000e-02
8.46600000e+03 1.01348741e+00 1.50000000e-02
8.46800000e+03 1.01975926e+00 1.50000000e-02
8.47000000e+03 1.00646928e+00 1.50000000e-02
8.47200000e+03 1.00560459e+00 1.50000000e-02
8.47400000e+03 9.94058536e-01 1.50000000e-02
8.47600000e+03 9.98047103e-01 1.50000000e-02
8.47800000e+03 9.85940127e-01 1.50000000e-02
8.48000000e+03 1.02637406e+00 1.50000000e-02
8.48200000e+03 9.91479359e-01 1.50000000e-02
8.48400000e+03 1.00615904e+00 1.50000000e-02
8.48600000e+03 1.00000250e+00 1.50000000e-02
8.48800000e+03 9.78995786e-01 1.50000000e-02
8.49000000e+03 1.02908790e+00 1.50000000e-02
8.49200000e+03 9.94362551e-01 1.50000000e-02
8.49400000e+03 9.88469112e-01 1.50000000e-02
8.49600000e+03 1.00171996e+00 1.50000000e-02
8.49800000e+03 9.86525551e-01 1.50000000e-02
8.50000000e+03 1.00044446e+00 1.50000000e-02
8.50200000e+03 9.85595734e-01 1.50000000e-02
8.50400000e+03 1.00848003e+00 1.50000000e-02
8.50600000e+03 1.00083488e+00 1.50000000e-02
8.50800000e+03 9.79475704e-01 1.50000000e-02
8.51000000e+03 1.01556547e+00 1.50000000e-02
8.51200000e+03 1.00291484e+00 1.50000000e-02
8.51400000e+03 9.83456382e-01 1.50000000e-02
8.51600000e+03 1.00542103e+00 1.50000000e-02
8.51800000e+03 1.00649623e+00 1.50000000e-02
8.52000000e+03 1.02798596e+00 1.50000000e-02
8.52200000e+03 9.87096128e-01 1.50000000e-02
8.52400000e+03 1.01291689e+00 1.50000000e-02
8.52600000e+03 9.98668661e-01 1.50000000e-02
8.52800000e+03 1.00934923e+00 1.50000000e-02
8.53000000e+03 9.96165840e-01 1.50000000e-02
8.53200000e+03 9.99242554e-01 1.50000000e-02
8.53400000e+03 1.00758642e+00 1.50000000e-02
8.53600000e+03 9.82238046e-01 1.50000000e-02
8.53800000e+03 9.68521337e-01 1.50000000e-02
8.54000000e+03 9.99997517e-01 1.50000000e-02
8.54200000e+03 9.93448322e-01 1.50000000e-02
8.54400000e+03 1.00147182e+00 1.50000000e-02
8.54600000e+03 1.00983856e+00 1.50000000e-02
8.54800000e+03 9.96949235e-01 1.50000000e-02
8.55000000e+03 1.01816902e+00 1.50000000e-02
8.55200000e+03 9.99639238e-01 1.50000000e-02
8.55400000e+03 1.00198411e+00 1.50000000e-02
8.55600000e+03 1.01282642e+00 1.50000000e-02
8.55800000e+03 1.00917396e+00 1.50000000e-02
8.56000000e+03 9.99031045e-01 1.50000000e-02
8.56200000e+03 1.00227217e+00 1.50000000e-02
8.56400000e+03 9.89012384e-01 1.50000000e-02
8.56600000e+03 9.91171897e-01 1.50000000e-02
8.56800000e+03 1.00196984e+00 1.50000000e-02
8.57000000e+03 1.01269381e+00 1.50000000e-02
8.57200000e+03 9.93910843e-01 1.50000000e-02
8.57400000e+03 1.01310307e+00 1.50000000e-02
8.57600000e+03 1.02969155e+00 1.50000000e-02
8.57800000e+03 1.03281663e+00 1.50000000e-02
8.58000000e+03 1.00095359e+00 1.50000000e-02
8.58200000e+03 1.01643872e+00 1.50000000e-02
8.58400000e+03 1.00979284e+00 1.50000000e-02
8.58600000e+03 1.01246032e+00 1.50000000e-02
8.58800000e+03 1.01326232e+00 1.50000000e-02
8.59000000e+03 1.00855138e+00 1.50000000e-02
8.59200000e+03 1.01313159e+00 1.50000000e-02
8.59400000e+03 1.00361023e+00 1.50000000e-02
8.59600000e+03 9.96852310e-01 1.50000000e-02
8.59800000e+03 1.00458637e+00 1.50000000e-02
8.60000000e+03 1.00820613e+00 1.50000000e-02
8.60200000e+03 1.01920714e+00 1.50000000e-02
8.60400000e+03 1.00639461e+00 1.50000000e-02
8.60600000e+03 1.01198489e+00 1.50000000e-02
8.60800000e+03 1.02225019e+00 1.50000000e-02
8.61000000e+03 9.86802156e-01 1.50000000e-02
8.61200000e+03 9.96889487e-01 1.50000000e-02
8.61400000e+03 1.00895287e+00 1.50000000e-02
8.61600000e+03 1.00122243e+00 1.50000000e-02
8.61800000e+03 9.85591922e-01 1.50000000e-02
8.62000000e+03 1.01569782e+00 1.50000000e-02
8.62200000e+03 9.99760011e-01 1.50000000e-02
8.62400000e+03 9.85772990e-01 1.50000000e-02
8.62600000e+03 1.02929631e+00 1.50000000e-02
8.62800000e+03 9.81515441e-01 1.50000000e-02
8.63000000e+03 1.00057941e+00 1.50000000e-02
8.63200000e+03 9.90689168e-01 1.50000000e-02
8.63400000e+03 1.00241758e+00 1.50000000e-02
8.63600000e+03 1.00924281e+00 1.50000000e-02
8.63800000e+03 9.88470487e-01 1.50000000e-02
8.64000000e+03 9.99179984e-01 1.50000000e-02
8.64200000e+03 9.98769536e-01 1.50000000e-02
8.64400000e+03 9.85644871e-01 1.50000000e-02
8.64600000e+03 1.01825239e+00 1.50000000e-02
8.64800000e+03 1.00330252e+00 1.50000000e-02
8.65000000e+03 9.96367730e-01 1.50000000e-02
8.65200000e+03 9.90684499e-01 1.50000000e-02
8.65400000e+03 9.95664342e-01 1.50000000e-02
8.65600000e+03 1.00282541e+00 1.50000000e-02
8.65800000e+03 9.93737021e-01 1.50000000e-02
8.66000000e+03 1.01945482e+00 1.50000000e-02
8.66200000e+03 9.62419034e-01 1.50000000e-02
8.66400000e+03 9.68456639e-01 1.50000000e-02
8.66600000e+03 9.96806997e-01 1.50000000e-02
8.66800000e+03 9.72931756e-01 1.50000000e-02
8.67000000e+03 9.99637456e-01 1.50000000e-02
8.67200000e+03 9.90764301e-01 1.50000000e-02
8.67400000e+03 1.00938699e+00 1.50000000e-02
8.67600000e+03 1.00688209e+00 1.50000000e-02
8.67800000e+03 1.02032741e+00 1.50000000e-02
8.68000000e+03 1.01450044e+00 1.50000000e-02
8.68200000e+03 1.01951566e+00 1.50000000e-02
8.68400000e+03 1.00863200e+00 1.50000000e-02
8.68600000e+03 1.01672318e+00 1.50000000e-02
8.68800000e+03 1.00821040e+00 1.50000000e-02
8.69000000e+03 9.91798663e-01 1.50000000e-02
8.69200000e+03 9.81881459e-01 1.50000000e-02
8.69400000e+03 9.82484321e-01 1.50000000e-02
8.69600000e+03 1.00793477e+00 1.50000000e-02
8.69800000e+03 9.64833153e-01 1.50000000e-02
8.70000000e+03 1.00331733e+00 1.50000000e-02
8.70200000e+03 9.89371044e-01 1.50000000e-02
8.70400000e+03 1.01172268e+00 1.50000000e-02
8.70600000e+03 1.00367649e+00 1.50000000e-02
8.70800000e+03 9.89403274e-01 1.50000000e-02
8.71000000e+03 1.00088506e+00 1.50000000e-02
8.71200000e+03 9.66499537e-01 1.50000000e-02
8.71400000e+03 1.00472886e+00 1.50000000e-02
8.71600000e+03 1.00768332e+00 1.50000000e-02
8.71800000e+03 9.73050586e-01 1.50000000e-02
8.72000000e+03 1.01357944e+00 1.50000000e-02
8.72200000e+03 9.98896733e-01 1.50000000e-02
8.72400000e+03 1.00328715e+00 1.50000000e-02
8.72600000e+03 9.79355694e-01 1.50000000e-02
8.72800000e+03 1.00979763e+00 1.50000000e-02
8.73000000e+03 1.00945304e+00 1.50000000e-02
8.73200000e+03 1.00050226e+00 1.50000000e-02
8.73400000e+03 9.85943090e-01 1.50000000e-02
8.73600000e+03 1.01220053e+00 1.50000000e-02
8.73800000e+03 1.01948884e+00 1.50000000e-02
8.74000000e+03 1.00678961e+00 1.50000000e-02
8.74200000e+03 1.01583743e+00 1.50000000e-02
8.74400000e+03 9.92039302e-01 1.50000000e-02
8.74600000e+03 1.00318440e+00 1.50000000e-02
8.74800000e+03 1.00653929e+00 1.50000000e-02
8.75000000e+03 1.00310088e+00 1.50000000e-02
8.75200000e+03 1.04329788e+00 1.50000000e-02
8.75400000e+03 1.00730527e+00 1.50000000e-02
8.75600000e+03 9.92609408e-01 1.50000000e-02
8.75800000e+03 1.01350728e+00 1.50000000e-02
8.76000000e+03 9.84794471e-01 1.50000000e-02
8.76200000e+03 1.00666808e+00 1.50000000e-02
8.76400000e+03 1.01273173e+00 1.50000000e-02
8.76600000e+03 9.93812530e-01 1.50000000e-02
8.76800000e+03 9.96425704e-01 1.50000000e-02
8.77000000e+03 9.87170152e-01 1.50000000e-02
8.77200000e+03 1.00326789e+00 1.50000000e-02
8.77400000e+03 9.91177290e-01 1.50000000e-02
8.77600000e+03 1.02739583e+00 1.50000000e-02
8.77800000e+03 1.01109796e+00 1.50000000e-02
8.78000000e+03 9.98050484e-01 1.50000000e-02
8.78200000e+03 9.80166223e-01 1.50000000e-02
8.78400000e+03 1.03200907e+00 1.50000000e-02
8.78600000e+03 1.02103859e+00 1.50000000e-02
8.78800000e+03 1.00860369e+00 1.50000000e-02
8.79000000e+03 1.00448663e+00 1.50000000e-02
8.79200000e+03 1.00411832e+00 1.50000000e-02
8.79400000e+03 9.94517079e-01 1.50000000e-02
8.79600000e+03 1.02979195e+00 1.50000000e-02
8.79800000e+03 1.00463989e+00 1.50000000e-02
8.80000000e+03 9.79961236e-01 1.50000000e-02
8.80200000e+03 9.91702104e-01 1.50000000e-02
8.80400000e+03 9.62809573e-01 1.50000000e-02
8.80600000e+03 1.01146014e+00 1.50000000e-02
8.80800000e+03 1.01303596e+00 1.50000000e-02
8.81000000e+03 1.02814947e+00 1.50000000e-02
8.81200000e+03 1.03306658e+00 1.50000000e-02
8.81400000e+03 9.89819107e-01 1.50000000e-02
8.81600000e+03 1.00830012e+00 1.50000000e-02
8.81800000e+03 1.01650160e+00 1.50000000e-02
8.82000000e+03 1.01344118e+00 1.50000000e-02
8.82200000e+03 9.93881063e-01 1.50000000e-02
8.82400000e+03 1.01357271e+00 1.50000000e-02
8.82600000e+03 1.00893561e+00 1.50000000e-02
8.82800000e+03 1.02193027e+00 1.50000000e-02
8.83000000e+03 1.00104052e+00 1.50000000e-02
8.83200000e+03 9.97868842e-01 1.50000000e-02
8.83400000e+03 9.93777577e-01 1.50000000e-02
8.83600000e+03 9.95743027e-01 1.50000000e-02
8.83800000e+03 9.89899216e-01 1.50000000e-02
8.84000000e+03 9.96270240e-01 1.50000000e-02
8.84200000e+03 1.00890238e+00 1.50000000e-02
8.84400000e+03 1.00824058e+00 1.50000000e-02
8.84600000e+03 1.02112787e+00 1.50000000e-02
8.84800000e+03 1.01773557e+00 1.50000000e-02
8.85000000e+03 1.01068461e+00 1.50000000e-02
8.85200000e+03 9.83967969e-01 1.50000000e-02
8.85400000e+03 1.00979200e+00 1.50000000e-02
8.85600000e+03 1.01869456e+00 1.50000000e-02
8.85800000e+03 9.81623475e-01 1.50000000e-02
8.86000000e+03 9.84403574e-01 1.50000000e-02
8.86200000e+03 9.86808257e-01 1.50000000e-02
8.86400000e+03 9.85493559e-01 1.50000000e-02
8.86600000e+03 9.96718167e-01 1.50000000e-02
8.86800000e+03 9.86986315e-01 1.50000000e-02
8.87000000e+03 1.00681693e+00 1.50000000e-02
8.87200000e+03 9.82771845e-01 1.50000000e-02
8.87400000e+03 9.99032838e-01 1.50000000e-02
8.87600000e+03 9.93428421e-01 1.50000000e-02
8.87800000e+03 9.86352162e-01 1.50000000e-02
8.88000000e+03 1.01642197e+00 1.50000000e-02
8.88200000e+03 1.00130131e+00 1.50000000e-02
8.88400000e+03 1.00900361e+00 1.50000000e-02
8.88600000e+03 9.95863872e-01 1.50000000e-02
8.88800000e+03 1.01141727e+00 1.50000000e-02
8.89000000e+03 1.01008167e+00 1.50000000e-02
8.89200000e+03 9.98569421e-01 1.50000000e-02
8.89400000e+03 9.74231346e-01 1.50000000e-02
8.89600000e+03 1.01316685e+00 1.50000000e-02
8.89800000e+03 1.01124581e+00 1.50000000e-02
8.90000000e+03 1.00357089e+00 1.50000000e-02
8.90200000e+03 1.00449870e+00 1.50000000e-02
8.90400000e+03 1.00271552e+00 1.50000000e-02
8.90600000e+03 1.00375028e+00 1.50000000e-02
8.90800000e+03 9.85782916e-01 1.50000000e-02
8.91000000e+03 1.00002578e+00 1.50000000e-02
8.91200000e+03 1.00563629e+00 1.50000000e-02
8.91400000e+03 9.91678458e-01 1.50000000e-02
8.91600000e+03 9.86305249e-01 1.50000000e-02
8.91800000e+03 1.02876088e+00 1.50000000e-02
8.92000000e+03 1.00997790e+00 1.50000000e-02
8.92200000e+03 9.96268779e-01 1.50000000e-02
8.92400000e+03 9.93484354e-01 1.50000000e-02
8.92600000e+03 9.61224313e-01 1.50000000e-02
8.92800000e+03 9.79486258e-01 1.50000000e-02
8.93000000e+03 9.97130359e-01 1.50000000e-02
8.93200000e+03 1.02020116e+00 1.50000000e-02
8.93400000e+03 9.70002611e-01 1.50000000e-02
8.93600000e+03 9.90374477e-01 1.50000000e-02
8.93800000e+03 1.02959642e+00 1.50000000e-02
8.94000000e+03 1.01092883e+00 1.50000000e-02
8.94200000e+03 1.00710354e+00 1.50000000e-02
8.94400000e+03 1.01880987e+00 1.50000000e-02
8.94600000e+03 9.99085943e-01 1.50000000e-02
8.94800000e+03 9.98226434e-01 1.50000000e-02
8.95000000e+03 1.01161578e+00 1.50000000e-02
8.95200000e+03 1.01366598e+00 1.50000000e-02
8.95400000e+03 9.84891046e-01 1.50000000e-02
8.95600000e+03 1.02382204e+00 1.50000000e-02
8.95800000e+03 9.74743714e-01 1.50000000e-02
8.96000000e+03 9.90479384e-01 1.50000000e-02
8.96200000e+03 1.04703522e+00 1.50000000e-02
8.96400000e+03 9.93240912e-01 1.50000000e-02
8.96600000e+03 1.01076043e+00 1.50000000e-02
8.96800000e+03 9.85892215e-01 1.50000000e-02
8.97000000e+03 9.96117743e-01 1.50000000e-02
8.97200000e+03 9.90124552e-01 1.50000000e-02
8.97400000e+03 9.94951451e-01 1.50000000e-02
8.97600000e+03 1.01078118e+00 1.50000000e-02
8.97800000e+03 1.02717896e+00 1.50000000e-02
8.98000000e+03 1.01404891e+00 1.50000000e-02
8.98200000e+03 1.02430471e+00 1.50000000e-02
8.98400000e+03 9.93344211e-01 1.50000000e-02
8.98600000e+03 1.02294134e+00 1.50000000e-02
8.98800000e+03 1.00941007e+00 1.50000000e-02
8.99000000e+03 1.02152710e+00 1.50000000e-02
8.99200000e+03 9.94666392e-01 1.50000000e-02
8.99400000e+03 9.97443828e-01 1.50000000e-02
8.99600000e+03 1.02142932e+00 1.50000000e-02
8.99800000e+03 1.01006431e+00 1.50000000e-02
9.00000000e+03 1.00249650e+00 1.50000000e-02
9.00200000e+03 9.90598873e-01 1.50000000e-02
9.00400000e+03 9.99342057e-01 1.50000000e-02
9.00600000e+03 1.00809840e+00 1.50000000e-02
9.00800000e+03 1.01162682e+00 1.50000000e-02
9.01000000e+03 9.92443655e-01 1.50000000e-02
9.01200000e+03 9.95626851e-01 1.50000000e-02
9.01400000e+03 1.00714124e+00 1.50000000e-02
9.01600000e+03 9.84047958e-01 1.50000000e-02
9.01800000e+03 1.01469604e+00 1.50000000e-02
9.02000000e+03 1.00044913e+00 1.50000000e-02
9.02200000e+03 9.98462281e-01 1.50000000e-02
9.02400000e+03 9.64205134e-01 1.50000000e-02
9.02600000e+03 9.76398131e-01 1.50000000e-02
9.02800000e+03 9.84675917e-01 1.50000000e-02
9.03000000e+03 9.91427629e-01 1.50000000e-02
9.03200000e+03 9.83664220e-01 1.50000000e-02
9.03400000e+03 1.00567337e+00 1.50000000e-02
9.03600000e+03 1.00204433e+00 1.50000000e-02
9.03800000e+03 9.96005701e-01 1.50000000e-02
9.04000000e+03 9.69484641e-01 1.50000000e-02
9.04200000e+03 1.02096771e+00 1.50000000e-02
9.04400000e+03 9.95818148e-01 1.50000000e-02
9.04600000e+03 1.00885706e+00 1.50000000e-02
9.04800000e+03 9.89932464e-01 1.50000000e-02
9.05000000e+03 9.99955892e-01 1.50000000e-02
9.05200000e+03 1.01041580e+00 1.50000000e-02
9.05400000e+03 1.00349884e+00 1.50000000e-02
9.05600000e+03 1.01438821e+00 1.50000000e-02
9.05800000e+03 9.97233768e-01 1.50000000e-02
9.06000000e+03 1.02982550e+00 1.50000000e-02
9.06200000e+03 9.71537772e-01 1.50000000e-02
9.06400000e+03 9.91654597e-01 1.50000000e-02
9.06600000e+03 1.01461679e+00 1.50000000e-02
9.06800000e+03 9.96144913e-01 1.50000000e-02
9.07000000e+03 9.93254296e-01 1.50000000e-02
9.07200000e+03 9.73267721e-01 1.50000000e-02
9.07400000e+03 1.01786088e+00 1.50000000e-02
9.07600000e+03 9.71399992e-01 1.50000000e-02
9.07800000e+03 1.00746903e+00 1.50000000e-02
9.08000000e+03 1.00276458e+00 1.50000000e-02
9.08200000e+03 1.01295642e+00 1.50000000e-02
9.08400000e+03 1.02170496e+00 1.50000000e-02
9.08600000e+03 9.89261658e-01 1.50000000e-02
9.08800000e+03 9.87642172e-01 1.50000000e-02
9.09000000e+03 9.95010171e-01 1.50000000e-02
9.09200000e+03 9.73974479e-01 1.50000000e-02
9.09400000e+03 1.01204697e+00 1.50000000e-02
9.09600000e+03 9.93748100e-01 1.50000000e-02
9.09800000e+03 1.00207425e+00 1.50000000e-02
9.10000000e+03 9.82717352e-01 1.50000000e-02
9.10200000e+03 9.99780290e-01 1.50000000e-02
9.10400000e+03 9.90277730e-01 1.50000000e-02
9.10600000e+03 9.98446922e-01 1.50000000e-02
9.10800000e+03 9.83162513e-01 1.50000000e-02
9.11000000e+03 1.01491325e+00 1.50000000e-02
9.11200000e+03 9.89762792e-01 1.50000000e-02
9.11400000e+03 9.61184081e-01 1.50000000e-02
9.11600000e+03 1.00914929e+00 1.50000000e-02
9.11800000e+03 9.94958930e-01 1.50000000e-02
9.12000000e+03 9.86180371e-01 1.50000000e-02
9.12200000e+03 1.03700755e+00 1.50000000e-02
9.12400000e+03 9.98630075e-01 1.50000000e-02
9.12600000e+03 9.79320640e-01 1.50000000e-02
9.12800000e+03 9.90163167e-01 1.50000000e-02
9.13000000e+03 1.00507928e+00 1.50000000e-02
9.13200000e+03 9.95979680e-01 1.50000000e-02
9.13400000e+03 1.01798653e+00 1.50000000e-02
9.13600000e+03 1.01532479e+00 1.50000000e-02
9.13800000e+03 9.87491175e-01 1.50000000e-02
9.14000000e+03 9.99931256e-01 1.50000000e-02
9.14200000e+03 1.00898600e+00 1.50000000e-02
9.14400000e+03 9.93170393e-01 1.50000000e-02
9.14600000e+03 9.92404725e-01 1.50000000e-02
9.14800000e+03 1.01255627e+00 1.50000000e-02
9.15000000e+03 1.00612692e+00 1.50000000e-02
9.15200000e+03 9.78327290e-01 1.50000000e-02
9.15400000e+03 9.91132458e-01 1.50000000e-02
9.15600000e+03 9.93165223e-01 1.50000000e-02
9.15800000e+03 9.97594020e-01 1.50000000e-02
9.16000000e+03 9.88601504e-01 1.50000000e-02
9.16200000e+03 1.01950104e+00 1.50000000e-02
9.16400000e+03 9.84823012e-01 1.50000000e-02
9.16600000e+03 9.83083572e-01 1.50000000e-02
9.16800000e+03 1.00253358e+00 1.50000000e-02
9.17000000e+03 9.65573557e-01 1.50000000e-02
9.17200000e+03 9.83911004e-01 1.50000000e-02
9.17400000e+03 1.00877331e+00 1.50000000e-02
9.17600000e+03 9.79510200e-01 1.50000000e-02
9.17800000e+03 9.86724479e-01 1.50000000e-02
9.18000000e+03 1.01569555e+00 1.50000000e-02
9.18200000e+03 1.00626555e+00 1.50000000e-02
9.18400000e+03 1.00028487e+00 1.50000000e-02
9.18600000e+03 1.00310123e+00 1.50000000e-02
9.18800000e+03 9.89301079e-01 1.50000000e-02
9.19000000e+03 1.00411291e+00 1.50000000e-02
9.19200000e+03 9.96443280e-01 1.50000000e-02
9.19400000e+03 1.03700039e+00 1.50000000e-02
9.19600000e+03 1.00760260e+00 1.50000000e-02
9.19800000e+03 9.94466177e-01 1.50000000e-02
