# synthetic supernova Ic-BL host_z=0.05 vacuum file-unit flux
4.50000000e+03 1.00001845e+00 1.50000000e-02
4.50200000e+03 1.00448118e+00 1.50000000e-02
4.50400000e+03 9.95887932e-01 1.50000000e-02
4.50600000e+03 9.86641122e-01 1.50000000e-02
4.50800000e+03 9.93179938e-01 1.50000000e-02
4.51000000e+03 9.85125302e-01 1.50000000e-02
4.51200000e+03 1.00090215e+00 1.50000000e-02
4.51400000e+03 1.02010323e+00 1.50000000e-02
4.51600000e+03 9.92616902e-01 1.50000000e-02
4.51800000e+03 9.90692877e-01 1.50000000e-02
4.52000000e+03 1.00734763e+00 1.50000000e-02
4.52200000e+03 1.00535331e+00 1.50000000e-02
4.52400000e+03 1.00158121e+00 1.50000000e-02
4.52600000e+03 9.86042979e-01 1.50000000e-02
4.52800000e+03 9.99561223e-01 1.50000000e-02
4.53000000e+03 1.01042955e+00 1.50000000e-02
4.53200000e+03 9.79836782e-01 1.50000000e-02
4.53400000e+03 9.93135764e-01 1.50000000e-02
4.53600000e+03 9.71481659e-01 1.50000000e-02
4.53800000e+03 9.80656934e-01 1.50000000e-02
4.54000000e+03 9.72373974e-01 1.50000000e-02
4.54200000e+03 9.96473633e-01 1.50000000e-02
4.54400000e+03 9.80988303e-01 1.50000000e-02
4.54600000e+03 1.00406897e+00 1.50000000e-02
4.54800000e+03 1.00235127e+00 1.50000000e-02
4.55000000e+03 9.97196036e-01 1.50000000e-02
4.55200000e+03 9.62248604e-01 1.50000000e-02
4.55400000e+03 9.91919607e-01 1.50000000e-02
4.55600000e+03 9.99272486e-01 1.50000000e-02
4.55800000e+03 1.00169963e+00 1.50000000e-02
4.56000000e+03 9.77047964e-01 1.50000000e-02
4.56200000e+03 9.92833701e-01 1.50000000e-02
4.56400000e+03 9.85322214e-01 1.50000000e-02
4.56600000e+03 9.87867441e-01 1.50000000e-02
4.56800000e+03 1.01591348e+00 1.50000000e-02
4.57000000e+03 9.87886980e-01 1.50000000e-02
4.57200000e+03 9.99512174e-01 1.50000000e-02
4.57400000e+03 1.01326585e+00 1.50000000e-02
4.57600000e+03 9.91245994e-01 1.50000000e-02
4.57800000e+03 9.98324471e-01 1.50000000e-02
4.58000000e+03 1.00165696e+00 1.50000000e-02
4.58200000e+03 1.00095673e+00 1.50000000e-02
4.58400000e+03 9.81624163e-01 1.50000000e-02
4.58600000e+03 1.00114210e+00 1.50000000e-02
4.58800000e+03 1.02038235e+00 1.50000000e-02
4.59000000e+03 9.76792830e-01 1.50000000e-02
4.59200000e+03 1.01289074e+00 1.50000000e-02
4.59400000e+03 1.00179031e+00 1.50000000e-02
4.59600000e+03 9.90377944e-01 1.50000000e-02
4.59800000e+03 1.03000625e+00 1.50000000e-02
4.60000000e+03 1.01143390e+00 1.50000000e-02
4.60200000e+03 9.82010666e-01 1.50000000e-02
4.60400000e+03 1.00111774e+00 1.50000000e-02
4.60600000e+03 1.00865034e+00 1.50000000e-02
4.60800000e+03 9.97168268e-01 1.50000000e-02
4.61000000e+03 1.01024365e+00 1.50000000e-02
4.61200000e+03 9.99002240e-01 1.50000000e-02
4.61400000e+03 1.01000871e+00 1.50000000e-02
4.61600000e+03 1.02157784e+00 1.50000000e-02
4.61800000e+03 9.89865066e-01 1.50000000e-02
4.62000000e+03 1.00304708e+00 1.50000000e-02
4.62200000e+03 9.93050386e-01 1.50000000e-02
4.62400000e+03 1.00190903e+00 1.50000000e-02
4.62600000e+03 9.82192082e-01 1.50000000e-02
4.62800000e+03 9.91310476e-01 1.50000000e-02
4.63000000e+03 9.97057060e-01 1.50000000e-02
4.63200000e+03 1.01348146e+00 1.50000000e-02
4.63400000e+03 1.01717833e+00 1.50000000e-02
4.63600000e+03 9.80147083e-01 1.50000000e-02
4.63800000e+03 9.88080365e-01 1.50000000e-02
4.64000000e+03 1.00970355e+00 1.50000000e-02
4.64200000e+03 9.70113703e-01 1.50000000e-02
4.64400000e+03 9.93052452e-01 1.50000000e-02
4.64600000e+03 9.98540696e-01 1.50000000e-02
4.64800000e+03 1.01885522e+00 1.50000000e-02
4.65000000e+03 1.01034106e+00 1.50000000e-02
4.65200000e+03 9.95091799e-01 1.50000000e-02
4.65400000e+03 9.94471362e-01 1.50000000e-02
4.65600000e+03 9.96247069e-01 1.50000000e-02
4.65800000e+03 1.02285294e+00 1.50000000e-02
4.66000000e+03 9.93579626e-01 1.50000000e-02
4.66200000e+03 9.95444794e-01 1.50000000e-02
4.66400000e+03 1.00528884e+00 1.50000000e-02
4.66600000e+03 9.98188443e-01 1.50000000e-02
4.66800000e+03 9.97040737e-01 1.50000000e-02
4.67000000e+03 9.83288993e-01 1.50000000e-02
4.67200000e+03 9.99827178e-01 1.50000000e-02
4.67400000e+03 9.93346282e-01 1.50000000e-02
4.67600000e+03 1.01749192e+00 1.50000000e-02
4.67800000e+03 1.00979633e+00 1.50000000e-02
4.68000000e+03 9.99637846e-01 1.50000000e-02
4.68200000e+03 1.01002572e+00 1.50000000e-02
4.68400000e+03 9.94901957e-01 1.50000000e-02
4.68600000e+03 1.01578190e+00 1.50000000e-02
4.68800000e+03 9.99919007e-01 1.50000000e-02
4.69000000e+03 1.00875074e+00 1.50000000e-02
4.69200000e+03 9.80636601e-01 1.50000000e-02
4.69400000e+03 1.00520020e+00 1.50000000e-02
4.69600000e+03 9.74676938e-01 1.50000000e-02
4.69800000e+03 9.69470066e-01 1.50000000e-02
4.70000000e+03 9.95432847e-01 1.50000000e-02
4.70200000e+03 9.86501086e-01 1.50000000e-02
4.70400000e+03 1.00246079e+00 1.50000000e-02
4.70600000e+03 1.03367135e+00 1.50000000e-02
4.70800000e+03 9.87524152e-01 1.50000000e-02
4.71000000e+03 9.90640846e-01 1.50000000e-02
4.71200000e+03 1.00308106e+00 1.50000000e-02
4.71400000e+03 1.00739520e+00 1.50000000e-02
4.71600000e+03 9.97353909e-01 1.50000000e-02
4.71800000e+03 9.96911045e-01 1.50000000e-02
4.72000000e+03 1.01053694e+00 1.50000000e-02
4.72200000e+03 1.00779861e+00 1.50000000e-02
4.72400000e+03 9.84494863e-01 1.50000000e-02
4.72600000e+03 9.98812280e-01 1.50000000e-02
4.72800000e+03 1.00052930e+00 1.50000000e-02
4.73000000e+03 9.84182731e-01 1.50000000e-02
4.73200000e+03 1.00389759e+00 1.50000000e-02
4.73400000e+03 9.87130653e-01 1.50000000e-02
4.73600000e+03 1.01458100e+00 1.50000000e-02
4.73800000e+03 1.00289119e+00 1.50000000e-02
4.74000000e+03 1.00133960e+00 1.50000000e-02
4.74200000e+03 9.91134575e-01 1.50000000e-02
4.74400000e+03 9.98220853e-01 1.50000000e-02
4.74600000e+03 9.70033806e-01 1.50000000e-02
4.74800000e+03 9.83028888e-01 1.50000000e-02
4.75000000e+03 1.00544260e+00 1.50000000e-02
4.75200000e+03 9.68071494e-01 1.50000000e-02
4.75400000e+03 1.01269913e+00 1.50000000e-02
4.75600000e+03 9.73808553e-01 1.50000000e-02
4.75800000e+03 1.01135108e+00 1.50000000e-02
4.76000000e+03 9.87317545e-01 1.50000000e-02
4.76200000e+03 1.01168487e+00 1.50000000e-02
4.76400000e+03 1.00196427e+00 1.50000000e-02
4.76600000e+03 9.76947476e-01 1.50000000e-02
4.76800000e+03 1.01873723e+00 1.50000000e-02
4.77000000e+03 1.02162561e+00 1.50000000e-02
4.77200000e+03 9.99012926e-01 1.50000000e-02
4.77400000e+03 9.95891256e-01 1.50000000e-02
4.77600000e+03 9.97601996e-01 1.50000000e-02
4.77800000e+03 9.85372715e-01 1.50000000e-02
4.78000000e+03 1.01647880e+00 1.50000000e-02
4.78200000e+03 9.91856621e-01 1.50000000e-02
4.78400000e+03 9.99232144e-01 1.50000000e-02
4.78600000e+03 9.88100554e-01 1.50000000e-02
4.78800000e+03 9.90608904e-01 1.50000000e-02
4.79000000e+03 9.80834123e-01 1.50000000e-02
4.79200000e+03 1.01885604e+00 1.50000000e-02
4.79400000e+03 9.97688686e-01 1.50000000e-02
4.79600000e+03 1.01448882e+00 1.50000000e-02
4.79800000e+03 1.00019987e+00 1.50000000e-02
4.80000000e+03 9.89583947e-01 1.50000000e-02
4.80200000e+03 9.95099721e-01 1.50000000e-02
4.80400000e+03 9.91596534e-01 1.50000000e-02
4.80600000e+03 1.00011939e+00 1.50000000e-02
4.80800000e+03 9.94370997e-01 1.50000000e-02
4.81000000e+03 9.95501174e-01 1.50000000e-02
4.81200000e+03 9.79321380e-01 1.50000000e-02
4.81400000e+03 9.87897311e-01 1.50000000e-02
4.81600000e+03 1.02481086e+00 1.50000000e-02
4.81800000e+03 9.89931502e-01 1.50000000e-02
4.82000000e+03 9.84188593e-01 1.50000000e-02
4.82200000e+03 1.00505989e+00 1.50000000e-02
4.82400000e+03 1.02110908e+00 1.50000000e-02
4.82600000e+03 9.78189635e-01 1.50000000e-02
4.82800000e+03 9.96872172e-01 1.50000000e-02
4.83000000e+03 9.90519212e-01 1.50000000e-02
4.83200000e+03 9.73584708e-01 1.50000000e-02
4.83400000e+03 1.01102390e+00 1.50000000e-02
4.83600000e+03 9.99648341e-01 1.50000000e-02
4.83800000e+03 1.00107163e+00 1.50000000e-02
4.84000000e+03 9.88715328e-01 1.50000000e-02
4.84200000e+03 1.00682176e+00 1.50000000e-02
4.84400000e+03 9.91910540e-01 1.50000000e-02
4.84600000e+03 9.97856452e-01 1.50000000e-02
4.84800000e+03 9.83376088e-01 1.50000000e-02
4.85000000e+03 9.81758459e-01 1.50000000e-02
4.85200000e+03 1.02003298e+00 1.50000000e-02
4.85400000e+03 9.92393429e-01 1.50000000e-02
4.85600000e+03 1.00437521e+00 1.50000000e-02
4.85800000e+03 9.99493143e-01 1.50000000e-02
4.86000000e+03 9.93382822e-01 1.50000000e-02
4.86200000e+03 9.92380585e-01 1.50000000e-02
4.86400000e+03 1.00945124e+00 1.50000000e-02
4.86600000e+03 9.95471986e-01 1.50000000e-02
4.86800000e+03 9.97728345e-01 1.50000000e-02
4.87000000e+03 1.00033332e+00 1.50000000e-02
4.87200000e+03 1.01764762e+00 1.50000000e-02
4.87400000e+03 1.01020766e+00 1.50000000e-02
4.87600000e+03 1.00573900e+00 1.50000000e-02
4.87800000e+03 9.91546429e-01 1.50000000e-02
4.88000000e+03 9.79270469e-01 1.50000000e-02
4.88200000e+03 1.01424295e+00 1.50000000e-02
4.88400000e+03 1.01449671e+00 1.50000000e-02
4.88600000e+03 9.97889374e-01 1.50000000e-02
4.88800000e+03 1.00812826e+00 1.50000000e-02
4.89000000e+03 1.01172165e+00 1.50000000e-02
4.89200000e+03 1.01246777e+00 1.50000000e-02
4.89400000e+03 1.01382075e+00 1.50000000e-02
4.89600000e+03 9.93165735e-01 1.50000000e-02
4.89800000e+03 1.02272459e+00 1.50000000e-02
4.90000000e+03 9.81301104e-01 1.50000000e-02
4.90200000e+03 1.01292585e+00 1.50000000e-02
4.90400000e+03 1.00740898e+00 1.50000000e-02
4.90600000e+03 1.01310429e+00 1.50000000e-02
4.90800000e+03 1.02818512e+00 1.50000000e-02
4.91000000e+03 1.02226668e+00 1.50000000e-02
4.91200000e+03 9.82822346e-01 1.50000000e-02
4.91400000e+03 9.74669926e-01 1.50000000e-02
4.91600000e+03 1.01225334e+00 1.50000000e-02
4.91800000e+03 9.84774814e-01 1.50000000e-02
4.92000000e+03 9.99813919e-01 1.50000000e-02
4.92200000e+03 1.01259591e+00 1.50000000e-02
4.92400000e+03 9.75343040e-01 1.50000000e-02
4.92600000e+03 9.68350293e-01 1.50000000e-02
4.92800000e+03 1.00388949e+00 1.50000000e-02
4.93000000e+03 1.00066579e+00 1.50000000e-02
4.93200000e+03 9.96312954e-01 1.50000000e-02
4.93400000e+03 1.00057802e+00 1.50000000e-02
4.93600000e+03 9.87092266e-01 1.50000000e-02
4.93800000e+03 9.77297584e-01 1.50000000e-02
4.94000000e+03 9.97500177e-01 1.50000000e-02
4.94200000e+03 9.85424369e-01 1.50000000e-02
4.94400000e+03 9.75347780e-01 1.50000000e-02
4.94600000e+03 1.00758522e+00 1.50000000e-02
4.94800000e+03 9.99079020e-01 1.50000000e-02
4.95000000e+03 1.00609793e+00 1.50000000e-02
4.95200000e+03 9.85160575e-01 1.50000000e-02
4.95400000e+03 9.90129118e-01 1.50000000e-02
4.95600000e+03 9.85014354e-01 1.50000000e-02
4.95800000e+03 9.86700371e-01 1.50000000e-02
4.96000000e+03 1.00293112e+00 1.50000000e-02
4.96200000e+03 9.88255380e-01 1.50000000e-02
4.96400000e+03 1.00534099e+00 1.50000000e-02
4.96600000e+03 1.00509634e+00 1.50000000e-02
4.96800000e+03 1.03037741e+00 1.50000000e-02
4.97000000e+03 9.79108163e-01 1.50000000e-02
4.97200000e+03 1.01331853e+00 1.50000000e-02
4.97400000e+03 9.98657680e-01 1.50000000e-02
4.97600000e+03 9.99789553e-01 1.50000000e-02
4.97800000e+03 9.78252041e-01 1.50000000e-02
4.98000000e+03 9.93097091e-01 1.50000000e-02
4.98200000e+03 1.01114796e+00 1.50000000e-02
4.98400000e+03 9.98762823e-01 1.50000000e-02
4.98600000e+03 1.00121581e+00 1.50000000e-02
4.98800000e+03 9.95639248e-01 1.50000000e-02
4.99000000e+03 1.01731854e+00 1.50000000e-02
4.99200000e+03 9.99677909e-01 1.50000000e-02
4.99400000e+03 9.66993763e-01 1.50000000e-02
4.99600000e+03 9.89618909e-01 1.50000000e-02
4.99800000e+03 9.70468048e-01 1.50000000e-02
5.00000000e+03 9.51228421e-01 1.50000000e-02
5.00200000e+03 9.92048267e-01 1.50000000e-02
5.00400000e+03 1.02000339e+00 1.50000000e-02
5.00600000e+03 1.00070679e+00 1.50000000e-02
5.00800000e+03 9.82411811e-01 1.50000000e-02
5.01000000e+03 9.85889498e-01 1.50000000e-02
5.01200000e+03 1.01695919e+00 1.50000000e-02
5.01400000e+03 1.00236439e+00 1.50000000e-02
5.01600000e+03 1.00071998e+00 1.50000000e-02
5.01800000e+03 9.99198068e-01 1.50000000e-02
5.02000000e+03 1.00057600e+00 1.50000000e-02
5.02200000e+03 1.01208108e+00 1.50000000e-02
5.02400000e+03 1.00828850e+00 1.50000000e-02
5.02600000e+03 1.00323556e+00 1.50000000e-02
5.02800000e+03 9.84356966e-01 1.50000000e-02
5.03000000e+03 1.00766662e+00 1.50000000e-02
5.03200000e+03 9.89736284e-01 1.50000000e-02
5.03400000e+03 1.01640767e+00 1.50000000e-02
5.03600000e+03 9.80934227e-01 1.50000000e-02
5.03800000e+03 9.97935674e-01 1.50000000e-02
5.04000000e+03 9.99889613e-01 1.50000000e-02
5.04200000e+03 9.80130303e-01 1.50000000e-02
5.04400000e+03 1.02582956e+00 1.50000000e-02
5.04600000e+03 1.02190609e+00 1.50000000e-02
5.04800000e+03 9.93046227e-01 1.50000000e-02
5.05000000e+03 1.01157580e+00 1.50000000e-02
5.05200000e+03 1.00568012e+00 1.50000000e-02
5.05400000e+03 9.60796587e-01 1.50000000e-02
5.05600000e+03 1.00375595e+00 1.50000000e-02
5.05800000e+03 9.99079815e-01 1.50000000e-02
5.06000000e+03 1.00124823e+00 1.50000000e-02
5.06200000e+03 9.83846848e-01 1.50000000e-02
5.06400000e+03 9.95959764e-01 1.50000000e-02
5.06600000e+03 9.97326086e-01 1.50000000e-02
5.06800000e+03 1.01782138e+00 1.50000000e-02
5.07000000e+03 1.00501637e+00 1.50000000e-02
5.07200000e+03 9.99916635e-01 1.50000000e-02
5.07400000e+03 1.02293451e+00 1.50000000e-02
5.07600000e+03 9.91671235e-01 1.50000000e-02
5.07800000e+03 9.94158496e-01 1.50000000e-02
5.08000000e+03 9.72748622e-01 1.50000000e-02
5.08200000e+03 1.02353653e+00 1.50000000e-02
5.08400000e+03 1.01446492e+00 1.50000000e-02
5.08600000e+03 1.01375266e+00 1.50000000e-02
5.08800000e+03 1.01003341e+00 1.50000000e-02
5.09000000e+03 1.00165215e+00 1.50000000e-02
5.09200000e+03 1.00323225e+00 1.50000000e-02
5.09400000e+03 9.96219816e-01 1.50000000e-02
5.09600000e+03 9.96945902e-01 1.50000000e-02
5.09800000e+03 1.00081446e+00 1.50000000e-02
5.10000000e+03 1.02267734e+00 1.50000000e-02
5.10200000e+03 1.00833521e+00 1.50000000e-02
5.10400000e+03 9.99122978e-01 1.50000000e-02
5.10600000e+03 9.91308990e-01 1.50000000e-02
5.10800000e+03 9.90474885e-01 1.50000000e-02
5.11000000e+03 1.02404043e+00 1.50000000e-02
5.11200000e+03 1.00760015e+00 1.50000000e-02
5.11400000e+03 1.00101309e+00 1.50000000e-02
5.11600000e+03 9.94807092e-01 1.50000000e-02
5.11800000e+03 9.83364006e-01 1.50000000e-02
5.12000000e+03 9.98996871e-01 1.50000000e-02
5.12200000e+03 1.01310465e+00 1.50000000e-02
5.12400000e+03 9.94111706e-01 1.50000000e-02
5.12600000e+03 9.96591110e-01 1.50000000e-02
5.12800000e+03 9.96684216e-01 1.50000000e-02
5.13000000e+03 1.00164363e+00 1.50000000e-02
5.13200000e+03 9.76104531e-01 1.50000000e-02
5.13400000e+03 9.96468698e-01 1.50000000e-02
5.13600000e+03 9.87183718e-01 1.50000000e-02
5.13800000e+03 1.01326840e+00 1.50000000e-02
5.14000000e+03 9.88440622e-01 1.50000000e-02
5.14200000e+03 1.00865528e+00 1.50000000e-02
5.14400000e+03 1.02286611e+00 1.50000000e-02
5.14600000e+03 9.95295573e-01 1.50000000e-02
5.14800000e+03 9.90975841e-01 1.50000000e-02
5.15000000e+03 1.00287093e+00 1.50000000e-02
5.15200000e+03 9.99968979e-01 1.50000000e-02
5.15400000e+03 9.85095131e-01 1.50000000e-02
5.15600000e+03 1.00691313e+00 1.50000000e-02
5.15800000e+03 1.03023203e+00 1.50000000e-02
5.16000000e+03 9.96127565e-01 1.50000000e-02
5.16200000e+03 9.96956052e-01 1.50000000e-02
5.16400000e+03 9.84325162e-01 1.50000000e-02
5.16600000e+03 1.00478541e+00 1.50000000e-02
5.16800000e+03 9.81294384e-01 1.50000000e-02
5.17000000e+03 9.83395000e-01 1.50000000e-02
5.17200000e+03 1.01919391e+00 1.50000000e-02
5.17400000e+03 9.86417031e-01 1.50000000e-02
5.17600000e+03 1.01621912e+00 1.50000000e-02
5.17800000e+03 1.02286404e+00 1.50000000e-02
5.18000000e+03 1.00388848e+00 1.50000000e-02
5.18200000e+03 1.00829937e+00 1.50000000e-02
5.18400000e+03 1.02928217e+00 1.50000000e-02
5.18600000e+03 9.97047375e-01 1.50000000e-02
5.18800000e+03 9.91103107e-01 1.50000000e-02
5.19000000e+03 9.79699614e-01 1.50000000e-02
5.19200000e+03 1.00062357e+00 1.50000000e-02
5.19400000e+03 1.02218499e+00 1.50000000e-02
5.19600000e+03 1.01439163e+00 1.50000000e-02
5.19800000e+03 9.85866183e-01 1.50000000e-02
5.20000000e+03 9.87166769e-01 1.50000000e-02
5.20200000e+03 9.92434670e-01 1.50000000e-02
5.20400000e+03 1.00438109e+00 1.50000000e-02
5.20600000e+03 9.96917216e-01 1.50000000e-02
5.20800000e+03 1.00321351e+00 1.50000000e-02
5.21000000e+03 1.00444758e+00 1.50000000e-02
5.21200000e+03 9.95514675e-01 1.50000000e-02
5.21400000e+03 9.99393443e-01 1.50000000e-02
5.21600000e+03 1.00309470e+00 1.50000000e-02
5.21800000e+03 9.98736012e-01 1.50000000e-02
5.22000000e+03 1.00754810e+00 1.50000000e-02
5.22200000e+03 1.02805814e+00 1.50000000e-02
5.22400000e+03 1.00887429e+00 1.50000000e-02
5.22600000e+03 1.00083155e+00 1.50000000e-02
5.22800000e+03 9.74702272e-01 1.50000000e-02
5.23000000e+03 1.00581305e+00 1.50000000e-02
5.23200000e+03 9.70793146e-01 1.50000000e-02
5.23400000e+03 9.78857415e-01 1.50000000e-02
5.23600000e+03 1.01281210e+00 1.50000000e-02
5.23800000e+03 1.01058559e+00 1.50000000e-02
5.24000000e+03 9.97742514e-01 1.50000000e-02
5.24200000e+03 9.74340940e-01 1.50000000e-02
5.24400000e+03 9.94420359e-01 1.50000000e-02
5.24600000e+03 9.89808963e-01 1.50000000e-02
5.24800000e+03 1.00954207e+00 1.50000000e-02
5.25000000e+03 1.03385481e+00 1.50000000e-02
5.25200000e+03 1.00324216e+00 1.50000000e-02
5.25400000e+03 9.88297857e-01 1.50000000e-02
5.25600000e+03 9.82428534e-01 1.50000000e-02
5.25800000e+03 9.99144637e-01 1.50000000e-02
5.26000000e+03 9.97333356e-01 1.50000000e-02
5.26200000e+03 9.82711627e-01 1.50000000e-02
5.26400000e+03 1.00172886e+00 1.50000000e-02
5.26600000e+03 9.82718893e-01 1.50000000e-02
5.26800000e+03 1.01666322e+00 1.50000000e-02
5.27000000e+03 1.01592034e+00 1.50000000e-02
5.27200000e+03 1.01625076e+00 1.50000000e-02
5.27400000e+03 9.92867583e-01 1.50000000e-02
5.27600000e+03 1.00769494e+00 1.50000000e-02
5.27800000e+03 9.97994817e-01 1.50000000e-02
5.28000000e+03 9.94142340e-01 1.50000000e-02
5.28200000e+03 9.94885928e-01 1.50000000e-02
5.28400000e+03 9.80475901e-01 1.50000000e-02
5.28600000e+03 9.78312116e-01 1.50000000e-02
5.28800000e+03 1.01188315e+00 1.50000000e-02
5.29000000e+03 9.97098176e-01 1.50000000e-02
5.29200000e+03 1.00321127e+00 1.50000000e-02
5.29400000e+03 1.01498864e+00 1.50000000e-02
5.29600000e+03 9.73963997e-01 1.50000000e-02
5.29800000e+03 9.88196928e-01 1.50000000e-02
5.30000000e+03 1.00258669e+00 1.50000000e-02
5.30200000e+03 1.00583576e+00 1.50000000e-02
5.30400000e+03 9.94295786e-01 1.50000000e-02
5.30600000e+03 1.01538703e+00 1.50000000e-02
5.30800000e+03 1.00310257e+00 1.50000000e-02
5.31000000e+03 9.81743090e-01 1.50000000e-02
5.31200000e+03 9.85979400e-01 1.50000000e-02
5.31400000e+03 1.01201981e+00 1.50000000e-02
5.31600000e+03 1.00689195e+00 1.50000000e-02
5.31800000e+03 9.71445133e-01 1.50000000e-02
5.32000000e+03 1.02014314e+00 1.50000000e-02
5.32200000e+03 1.00889409e+00 1.50000000e-02
5.32400000e+03 1.02006988e+00 1.50000000e-02
5.32600000e+03 9.94160077e-01 1.50000000e-02
5.32800000e+03 9.95475653e-01 1.50000000e-02
5.33000000e+03 9.83009837e-01 1.50000000e-02
5.33200000e+03 1.03795587e+00 1.50000000e-02
5.33400000e+03 9.97265111e-01 1.50000000e-02
5.33600000e+03 1.02370469e+00 1.50000000e-02
5.33800000e+03 9.90176817e-01 1.50000000e-02
5.34000000e+03 1.00233808e+00 1.50000000e-02
5.34200000e+03 9.74804161e-01 1.50000000e-02
5.34400000e+03 9.94125146e-01 1.50000000e-02
5.34600000e+03 1.01461789e+00 1.50000000e-02
5.34800000e+03 9.81078513e-01 1.50000000e-02
5.35000000e+03 1.01593087e+00 1.50000000e-02
5.35200000e+03 1.00489848e+00 1.50000000e-02
5.35400000e+03 9.84172753e-01 1.50000000e-02
5.35600000e+03 9.92299803e-01 1.50000000e-02
5.35800000e+03 9.92929145e-01 1.50000000e-02
5.36000000e+03 9.99063317e-01 1.50000000e-02
5.36200000e+03 9.91754516e-01 1.50000000e-02
5.36400000e+03 9.87377501e-01 1.50000000e-02
5.36600000e+03 9.95207705e-01 1.50000000e-02
5.36800000e+03 9.84362414e-01 1.50000000e-02
5.37000000e+03 9.80411623e-01 1.50000000e-02
5.37200000e+03 9.99020137e-01 1.50000000e-02
5.37400000e+03 1.01297364e+00 1.50000000e-02
5.37600000e+03 9.76777157e-01 1.50000000e-02
5.37800000e+03 9.99756998e-01 1.50000000e-02
5.38000000e+03 9.89941094e-01 1.50000000e-02
5.38200000e+03 9.85018709e-01 1.50000000e-02
5.38400000e+03 1.01246228e+00 1.50000000e-02
5.38600000e+03 9.91872340e-01 1.50000000e-02
5.38800000e+03 1.02210290e+00 1.50000000e-02
5.39000000e+03 9.87913570e-01 1.50000000e-02
5.39200000e+03 1.00539074e+00 1.50000000e-02
5.39400000e+03 9.96165256e-01 1.50000000e-02
5.39600000e+03 9.88244674e-01 1.50000000e-02
5.39800000e+03 1.00834981e+00 1.50000000e-02
5.40000000e+03 9.97188770e-01 1.50000000e-02
5.40200000e+03 1.00853961e+00 1.50000000e-02
5.40400000e+03 9.98759111e-01 1.50000000e-02
5.40600000e+03 9.83157319e-01 1.50000000e-02
5.40800000e+03 9.97888619e-01 1.50000000e-02
5.41000000e+03 1.00017306e+00 1.50000000e-02
5.41200000e+03 1.01374369e+00 1.50000000e-02
5.41400000e+03 9.85744632e-01 1.50000000e-02
5.41600000e+03 9.98719503e-01 1.50000000e-02
5.41800000e+03 9.73450876e-01 1.50000000e-02
5.42000000e+03 1.00901984e+00 1.50000000e-02
5.42200000e+03 9.82992326e-01 1.50000000e-02
5.42400000e+03 9.72084997e-01 1.50000000e-02
5.42600000e+03 9.98256604e-01 1.50000000e-02
5.42800000e+03 1.01569320e+00 1.50000000e-02
5.43000000e+03 9.76202839e-01 1.50000000e-02
5.43200000e+03 9.82709131e-01 1.50000000e-02
5.43400000e+03 9.87839114e-01 1.50000000e-02
5.43600000e+03 9.82002757e-01 1.50000000e-02
5.43800000e+03 1.00459194e+00 1.50000000e-02
5.44000000e+03 9.86743611e-01 1.50000000e-02
5.44200000e+03 9.87983234e-01 1.50000000e-02
5.44400000e+03 1.00750554e+00 1.50000000e-02
5.44600000e+03 9.87371355e-01 1.50000000e-02
5.44800000e+03 1.00514194e+00 1.50000000e-02
5.45000000e+03 9.84023613e-01 1.50000000e-02
5.45200000e+03 9.80354384e-01 1.50000000e-02
5.45400000e+03 9.70944647e-01 1.50000000e-02
5.45600000e+03 1.02633214e+00 1.50000000e-02
5.45800000e+03 9.93545633e-01 1.50000000e-02
5.46000000e+03 1.00194158e+00 1.50000000e-02
5.46200000e+03 9.97747475e-01 1.50000000e-02
5.46400000e+03 1.00054077e+00 1.50000000e-02
5.46600000e+03 9.98812179e-01 1.50000000e-02
5.46800000e+03 1.02661301e+00 1.50000000e-02
5.47000000e+03 9.82325984e-01 1.50000000e-02
5.47200000e+03 9.74465249e-01 1.50000000e-02
5.47400000e+03 9.82562167e-01 1.50000000e-02
5.47600000e+03 9.77632305e-01 1.50000000e-02
5.47800000e+03 1.00876566e+00 1.50000000e-02
5.48000000e+03 1.00977200e+00 1.50000000e-02
5.48200000e+03 9.82948424e-01 1.50000000e-02
5.48400000e+03 9.76410075e-01 1.50000000e-02
5.48600000e+03 9.91839647e-01 1.50000000e-02
5.48800000e+03 1.01791987e+00 1.50000000e-02
5.49000000e+03 9.54647218e-01 1.50000000e-02
5.49200000e+03 1.00472413e+00 1.50000000e-02
5.49400000e+03 9.80568495e-01 1.50000000e-02
5.49600000e+03 1.01218643e+00 1.50000000e-02
5.49800000e+03 9.80284075e-01 1.50000000e-02
5.50000000e+03 9.92039493e-01 1.50000000e-02
5.50200000e+03 9.73590016e-01 1.50000000e-02
5.50400000e+03 9.81384366e-01 1.50000000e-02
5.50600000e+03 1.01668529e+00 1.50000000e-02
5.50800000e+03 1.00805618e+00 1.50000000e-02
5.51000000e+03 9.89567461e-01 1.50000000e-02
5.51200000e+03 9.82379957e-01 1.50000000e-02
5.51400000e+03 9.66860438e-01 1.50000000e-02
5.51600000e+03 9.89192512e-01 1.50000000e-02
5.51800000e+03 9.94458314e-01 1.50000000e-02
5.52000000e+03 9.93480096e-01 1.50000000e-02
5.52200000e+03 9.93147493e-01 1.50000000e-02
5.52400000e+03 9.77534963e-01 1.50000000e-02
5.52600000e+03 9.93169869e-01 1.50000000e-02
5.52800000e+03 9.93379739e-01 1.50000000e-02
5.53000000e+03 1.01310798e+00 1.50000000e-02
5.53200000e+03 1.02153396e+00 1.50000000e-02
5.53400000e+03 9.91255084e-01 1.50000000e-02
5.53600000e+03 9.81585692e-01 1.50000000e-02
5.53800000e+03 9.91869161e-01 1.50000000e-02
5.54000000e+03 9.83486279e-01 1.50000000e-02
5.54200000e+03 9.81213733e-01 1.50000000e-02
5.54400000e+03 9.91212910e-01 1.50000000e-02
5.54600000e+03 9.76178135e-01 1.50000000e-02
5.54800000e+03 1.00064680e+00 1.50000000e-02
5.55000000e+03 9.89716253e-01 1.50000000e-02
5.55200000e+03 9.94737026e-01 1.50000000e-02
5.55400000e+03 9.87946674e-01 1.50000000e-02
5.55600000e+03 9.79477622e-01 1.50000000e-02
5.55800000e+03 9.75854329e-01 1.50000000e-02
5.56000000e+03 9.86193313e-01 1.50000000e-02
5.56200000e+03 9.81191052e-01 1.50000000e-02
5.56400000e+03 9.92592079e-01 1.50000000e-02
5.56600000e+03 9.88669109e-01 1.50000000e-02
5.56800000e+03 9.67943752e-01 1.50000000e-02
5.57000000e+03 9.89018508e-01 1.50000000e-02
5.57200000e+03 9.67492502e-01 1.50000000e-02
5.57400000e+03 9.78002169e-01 1.50000000e-02
5.57600000e+03 9.82437977e-01 1.50000000e-02
5.57800000e+03 9.55317970e-01 1.50000000e-02
5.58000000e+03 9.87403125e-01 1.50000000e-02
5.58200000e+03 9.87868180e-01 1.50000000e-02
5.58400000e+03 9.82795270e-01 1.50000000e-02
5.58600000e+03 9.78352179e-01 1.50000000e-02
5.58800000e+03 9.78653105e-01 1.50000000e-02
5.59000000e+03 9.69138020e-01 1.50000000e-02
5.59200000e+03 9.79258103e-01 1.50000000e-02
5.59400000e+03 9.74520286e-01 1.50000000e-02
5.59600000e+03 9.83678770e-01 1.50000000e-02
5.59800000e+03 9.63723460e-01 1.50000000e-02
5.60000000e+03 9.84789162e-01 1.50000000e-02
5.60200000e+03 9.82861025e-01 1.50000000e-02
5.60400000e+03 9.78034158e-01 1.50000000e-02
5.60600000e+03 9.73001634e-01 1.50000000e-02
5.60800000e+03 9.87293974e-01 1.50000000e-02
5.61000000e+03 9.53445902e-01 1.50000000e-02
5.61200000e+03 9.84714481e-01 1.50000000e-02
5.61400000e+03 9.80832518e-01 1.50000000e-02
5.61600000e+03 9.80803219e-01 1.50000000e-02
5.61800000e+03 9.81654049e-01 1.50000000e-02
5.62000000e+03 9.65437473e-01 1.50000000e-02
5.62200000e+03 9.70673836e-01 1.50000000e-02
5.62400000e+03 9.83430858e-01 1.50000000e-02
5.62600000e+03 9.79629299e-01 1.50000000e-02
5.62800000e+03 9.75550443e-01 1.50000000e-02
5.63000000e+03 9.49000140e-01 1.50000000e-02
5.63200000e+03 9.79033432e-01 1.50000000e-02
5.63400000e+03 9.87742205e-01 1.50000000e-02
5.63600000e+03 9.84564904e-01 1.50000000e-02
5.63800000e+03 9.72132220e-01 1.50000000e-02
5.64000000e+03 9.44447467e-01 1.50000000e-02
5.64200000e+03 9.81123648e-01 1.50000000e-02
5.64400000e+03 9.63933580e-01 1.50000000e-02
5.64600000e+03 9.27295485e-01 1.50000000e-02
5.64800000e+03 9.70066097e-01 1.50000000e-02
5.65000000e+03 9.41133813e-01 1.50000000e-02
5.65200000e+03 9.43161758e-01 1.50000000e-02
5.65400000e+03 9.52159417e-01 1.50000000e-02
5.65600000e+03 9.79831444e-01 1.50000000e-02
5.65800000e+03 9.54221906e-01 1.50000000e-02
5.66000000e+03 9.62874603e-01 1.50000000e-02
5.66200000e+03 9.84037426e-01 1.50000000e-02
5.66400000e+03 9.80719473e-01 1.50000000e-02
5.66600000e+03 9.54232705e-01 1.50000000e-02
5.66800000e+03 9.51116949e-01 1.50000000e-02
5.67000000e+03 9.34766169e-01 1.50000000e-02
5.67200000e+03 9.42184462e-01 1.50000000e-02
5.67400000e+03 9.57886393e-01 1.50000000e-02
5.67600000e+03 9.56329193e-01 1.50000000e-02
5.67800000e+03 9.50916502e-01 1.50000000e-02
5.68000000e+03 9.63037096e-01 1.50000000e-02
5.68200000e+03 9.35364108e-01 1.50000000e-02
5.68400000e+03 9.44925430e-01 1.50000000e-02
5.68600000e+03 9.55534550e-01 1.50000000e-02
5.68800000e+03 9.52109793e-01 1.50000000e-02
5.69000000e+03 9.58175863e-01 1.50000000e-02
5.69200000e+03 9.46813438e-01 1.50000000e-02
5.69400000e+03 9.34945952e-01 1.50000000e-02
5.69600000e+03 9.43731162e-01 1.50000000e-02
5.69800000e+03 9.21953106e-01 1.50000000e-02
5.70000000e+03 9.11076412e-01 1.50000000e-02
5.70200000e+03 9.43037215e-01 1.50000000e-02
5.70400000e+03 9.32141503e-01 1.50000000e-02
5.70600000e+03 9.36218929e-01 1.50000000e-02
5.70800000e+03 9.04734489e-01 1.50000000e-02
5.71000000e+03 9.23312899e-01 1.50000000e-02
5.71200000e+03 9.18364599e-01 1.50000000e-02
5.71400000e+03 9.12955226e-01 1.50000000e-02
5.71600000e+03 8.90632364e-01 1.50000000e-02
5.71800000e+03 9.17957034e-01 1.50000000e-02
5.72000000e+03 9.34945760e-01 1.50000000e-02
5.72200000e+03 9.25690890e-01 1.50000000e-02
5.72400000e+03 9.09435290e-01 1.50000000e-02
5.72600000e+03 9.16683930e-01 1.50000000e-02
5.72800000e+03 9.26700856e-01 1.50000000e-02
5.73000000e+03 8.72368778e-01 1.50000000e-02
5.73200000e+03 9.10317806e-01 1.50000000e-02
5.73400000e+03 9.18729506e-01 1.50000000e-02
5.73600000e+03 9.19194159e-01 1.50000000e-02
5.73800000e+03 9.32839231e-01 1.50000000e-02
5.74000000e+03 9.22705590e-01 1.50000000e-02
5.74200000e+03 9.08705823e-01 1.50000000e-02
5.74400000e+03 9.06870625e-01 1.50000000e-02
5.74600000e+03 9.12455191e-01 1.50000000e-02
5.74800000e+03 8.90857857e-01 1.50000000e-02
5.75000000e+03 8.96628733e-01 1.50000000e-02
5.75200000e+03 9.09096297e-01 1.50000000e-02
5.75400000e+03 9.23123254e-01 1.50000000e-02
5.75600000e+03 8.89619485e-01 1.50000000e-02
5.75800000e+03 8.89517821e-01 1.50000000e-02
5.76000000e+03 8.91445160e-01 1.50000000e-02
5.76200000e+03 9.06829313e-01 1.50000000e-02
5.76400000e+03 8.84429429e-01 1.50000000e-02
5.76600000e+03 9.05117361e-01 1.50000000e-02
5.76800000e+03 8.66760360e-01 1.50000000e-02
5.77000000e+03 8.76643742e-01 1.50000000e-02
5.77200000e+03 8.74627141e-01 1.50000000e-02
5.77400000e+03 8.87554253e-01 1.50000000e-02
5.77600000e+03 8.89584799e-01 1.50000000e-02
5.77800000e+03 8.49406106e-01 1.50000000e-02
5.78000000e+03 8.56456020e-01 1.50000000e-02
5.78200000e+03 8.73364211e-01 1.50000000e-02
5.78400000e+03 8.56553791e-01 1.50000000e-02
5.78600000e+03 8.41715196e-01 1.50000000e-02
5.78800000e+03 8.78241399e-01 1.50000000e-02
5.79000000e+03 8.68182039e-01 1.50000000e-02
5.79200000e+03 8.66274684e-01 1.50000000e-02
5.79400000e+03 8.49846666e-01 1.50000000e-02
5.79600000e+03 8.70511118e-01 1.50000000e-02
5.79800000e+03 8.49574258e-01 1.50000000e-02
5.80000000e+03 8.67715310e-01 1.50000000e-02
5.80200000e+03 8.35688019e-01 1.50000000e-02
5.80400000e+03 8.34644866e-01 1.50000000e-02
5.80600000e+03 8.48621038e-01 1.50000000e-02
5.80800000e+03 8.33111198e-01 1.50000000e-02
5.81000000e+03 8.51874552e-01 1.50000000e-02
5.81200000e+03 8.43742847e-01 1.50000000e-02
5.81400000e+03 8.24098477e-01 1.50000000e-02
5.81600000e+03 8.37140950e-01 1.50000000e-02
5.81800000e+03 8.28887769e-01 1.50000000e-02
5.82000000e+03 8.46008091e-01 1.50000000e-02
5.82200000e+03 8.20901316e-01 1.50000000e-02
5.82400000e+03 8.21927034e-01 1.50000000e-02
5.82600000e+03 8.44814871e-01 1.50000000e-02
5.82800000e+03 8.58364241e-01 1.50000000e-02
5.83000000e+03 8.52917497e-01 1.50000000e-02
5.83200000e+03 8.22036418e-01 1.50000000e-02
5.83400000e+03 8.22535953e-01 1.50000000e-02
5.83600000e+03 8.40430106e-01 1.50000000e-02
5.83800000e+03 8.13747511e-01 1.50000000e-02
5.84000000e+03 7.99166000e-01 1.50000000e-02
5.84200000e+03 8.13773655e-01 1.50000000e-02
5.84400000e+03 8.17015323e-01 1.50000000e-02
5.84600000e+03 7.96040828e-01 1.50000000e-02
5.84800000e+03 7.82034242e-01 1.50000000e-02
5.85000000e+03 7.83441224e-01 1.50000000e-02
5.85200000e+03 8.13253569e-01 1.50000000e-02
5.85400000e+03 7.90192632e-01 1.50000000e-02
5.85600000e+03 7.97761092e-01 1.50000000e-02
5.85800000e+03 8.01400245e-01 1.50000000e-02
5.86000000e+03 8.05847768e-01 1.50000000e-02
5.86200000e+03 7.89904800e-01 1.50000000e-02
5.86400000e+03 8.00796330e-01 1.50000000e-02
5.86600000e+03 7.78372174e-01 1.50000000e-02
5.86800000e+03 7.84725746e-01 1.50000000e-02
5.87000000e+03 7.73235148e-01 1.50000000e-02
5.87200000e+03 8.04050016e-01 1.50000000e-02
5.87400000e+03 7.85162230e-01 1.50000000e-02
5.87600000e+03 7.72997321e-01 1.50000000e-02
5.87800000e+03 7.77343926e-01 1.50000000e-02
5.88000000e+03 7.77870887e-01 1.50000000e-02
5.88200000e+03 7.90297279e-01 1.50000000e-02
5.88400000e+03 7.54473576e-01 1.50000000e-02
5.88600000e+03 7.61495234e-01 1.50000000e-02
5.88800000e+03 7.70054077e-01 1.50000000e-02
5.89000000e+03 8.12410379e-01 1.50000000e-02
5.89200000e+03 7.87489396e-01 1.50000000e-02
5.89400000e+03 7.70239736e-01 1.50000000e-02
5.89600000e+03 7.81378234e-01 1.50000000e-02
5.89800000e+03 8.00376482e-01 1.50000000e-02
5.90000000e+03 7.64855980e-01 1.50000000e-02
5.90200000e+03 7.61744157e-01 1.50000000e-02
5.90400000e+03 7.84329251e-01 1.50000000e-02
5.90600000e+03 7.72504489e-01 1.50000000e-02
5.90800000e+03 7.74136108e-01 1.50000000e-02
5.91000000e+03 7.55449993e-01 1.50000000e-02
5.91200000e+03 7.90977011e-01 1.50000000e-02
5.91400000e+03 7.86832316e-01 1.50000000e-02
5.91600000e+03 7.68786442e-01 1.50000000e-02
5.91800000e+03 7.69705034e-01 1.50000000e-02
5.92000000e+03 7.28210321e-01 1.50000000e-02
5.92200000e+03 7.67398893e-01 1.50000000e-02
5.92400000e+03 7.54171460e-01 1.50000000e-02
5.92600000e+03 7.62877695e-01 1.50000000e-02
5.92800000e+03 7.65928532e-01 1.50000000e-02
5.93000000e+03 7.49931622e-01 1.50000000e-02
5.93200000e+03 7.29090255e-01 1.50000000e-02
5.93400000e+03 7.59399492e-01 1.50000000e-02
5.93600000e+03 7.42232183e-01 1.50000000e-02
5.93800000e+03 7.47909513e-01 1.50000000e-02
5.94000000e+03 7.43342416e-01 1.50000000e-02
5.94200000e+03 7.46872453e-01 1.50000000e-02
5.94400000e+03 7.16977817e-01 1.50000000e-02
5.94600000e+03 7.69538139e-01 1.50000000e-02
5.94800000e+03 7.54786321e-01 1.50000000e-02
5.95000000e+03 7.67398353e-01 1.50000000e-02
5.95200000e+03 7.80205385e-01 1.50000000e-02
5.95400000e+03 7.50666312e-01 1.50000000e-02
5.95600000e+03 7.23149877e-01 1.50000000e-02
5.95800000e+03 7.36676539e-01 1.50000000e-02
5.96000000e+03 7.31919159e-01 1.50000000e-02
5.96200000e+03 7.42471985e-01 1.50000000e-02
5.96400000e+03 7.51211706e-01 1.50000000e-02
5.96600000e+03 7.20040554e-01 1.50000000e-02
5.96800000e+03 7.55306342e-01 1.50000000e-02
5.97000000e+03 7.27649130e-01 1.50000000e-02
5.97200000e+03 7.54939588e-01 1.50000000e-02
5.97400000e+03 7.49050649e-01 1.50000000e-02
5.97600000e+03 7.46241630e-01 1.50000000e-02
5.97800000e+03 7.50142590e-01 1.50000000e-02
5.98000000e+03 7.43472622e-01 1.50000000e-02
5.98200000e+03 7.42752038e-01 1.50000000e-02
5.98400000e+03 7.27106168e-01 1.50000000e-02
5.98600000e+03 7.52349903e-01 1.50000000e-02
5.98800000e+03 7.80962301e-01 1.50000000e-02
5.99000000e+03 7.83509661e-01 1.50000000e-02
5.99200000e+03 7.74190149e-01 1.50000000e-02
5.99400000e+03 7.65548006e-01 1.50000000e-02
5.99600000e+03 7.45449046e-01 1.50000000e-02
5.99800000e+03 7.77909646e-01 1.50000000e-02
6.00000000e+03 7.56135165e-01 1.50000000e-02
6.00200000e+03 7.56688867e-01 1.50000000e-02
6.00400000e+03 7.54134395e-01 1.50000000e-02
6.00600000e+03 7.60698553e-01 1.50000000e-02
6.00800000e+03 7.53642365e-01 1.50000000e-02
6.01000000e+03 7.59800069e-01 1.50000000e-02
6.01200000e+03 7.45708368e-01 1.50000000e-02
6.01400000e+03 7.57326872e-01 1.50000000e-02
6.01600000e+03 7.98128128e-01 1.50000000e-02
6.01800000e+03 7.63896854e-01 1.50000000e-02
6.02000000e+03 7.62414405e-01 1.50000000e-02
6.02200000e+03 7.75065564e-01 1.50000000e-02
6.02400000e+03 7.78819009e-01 1.50000000e-02
6.02600000e+03 7.52638974e-01 1.50000000e-02
6.02800000e+03 7.67417026e-01 1.50000000e-02
6.03000000e+03 7.85507495e-01 1.50000000e-02
6.03200000e+03 7.77019380e-01 1.50000000e-02
6.03400000e+03 7.76068543e-01 1.50000000e-02
6.03600000e+03 7.98845312e-01 1.50000000e-02
6.03800000e+03 7.66692096e-01 1.50000000e-02
6.04000000e+03 7.79450762e-01 1.50000000e-02
6.04200000e+03 7.71786234e-01 1.50000000e-02
6.04400000e+03 8.03345333e-01 1.50000000e-02
6.04600000e+03 7.53141846e-01 1.50000000e-02
6.04800000e+03 7.73821500e-01 1.50000000e-02
6.05000000e+03 7.77414351e-01 1.50000000e-02
6.05200000e+03 7.96806456e-01 1.50000000e-02
6.05400000e+03 7.97472088e-01 1.50000000e-02
6.05600000e+03 8.10852757e-01 1.50000000e-02
6.05800000e+03 7.67882883e-01 1.50000000e-02
6.06000000e+03 8.04340021e-01 1.50000000e-02
6.06200000e+03 7.90293546e-01 1.50000000e-02
6.06400000e+03 7.86337877e-01 1.50000000e-02
6.06600000e+03 8.06064289e-01 1.50000000e-02
6.06800000e+03 7.85835495e-01 1.50000000e-02
6.07000000e+03 7.70168362e-01 1.50000000e-02
6.07200000e+03 7.97470225e-01 1.50000000e-02
6.07400000e+03 7.82274667e-01 1.50000000e-02
6.07600000e+03 7.96740824e-01 1.50000000e-02
6.07800000e+03 8.13796134e-01 1.50000000e-02
6.08000000e+03 8.14665296e-01 1.50000000e-02
6.08200000e+03 8.35564830e-01 1.50000000e-02
6.08400000e+03 8.10555419e-01 1.50000000e-02
6.08600000e+03 7.92351350e-01 1.50000000e-02
6.08800000e+03 8.05822450e-01 1.50000000e-02
6.09000000e+03 8.05196532e-01 1.50000000e-02
6.09200000e+03 8.02553442e-01 1.50000000e-02
6.09400000e+03 8.29194304e-01 1.50000000e-02
6.09600000e+03 8.14837065e-01 1.50000000e-02
6.09800000e+03 7.96714813e-01 1.50000000e-02
6.10000000e+03 8.38696536e-01 1.50000000e-02
6.10200000e+03 8.28445348e-01 1.50000000e-02
6.10400000e+03 8.37349461e-01 1.50000000e-02
6.10600000e+03 8.35468324e-01 1.50000000e-02
6.10800000e+03 8.45247712e-01 1.50000000e-02
6.11000000e+03 8.38237703e-01 1.50000000e-02
6.11200000e+03 8.58108489e-01 1.50000000e-02
6.11400000e+03 8.47841085e-01 1.50000000e-02
6.11600000e+03 8.49250479e-01 1.50000000e-02
6.11800000e+03 8.51422197e-01 1.50000000e-02
6.12000000e+03 8.25330342e-01 1.50000000e-02
6.12200000e+03 8.46616465e-01 1.50000000e-02
6.12400000e+03 8.47102121e-01 1.50000000e-02
6.12600000e+03 8.56010115e-01 1.50000000e-02
6.12800000e+03 8.34420138e-01 1.50000000e-02
6.13000000e+03 8.81213920e-01 1.50000000e-02
6.13200000e+03 8.60167116e-01 1.50000000e-02
6.13400000e+03 8.42327489e-01 1.50000000e-02
6.13600000e+03 8.36756238e-01 1.50000000e-02
6.13800000e+03 8.60058304e-01 1.50000000e-02
6.14000000e+03 8.64815800e-01 1.50000000e-02
6.14200000e+03 8.57264588e-01 1.50000000e-02
6.14400000e+03 8.71292921e-01 1.50000000e-02
6.14600000e+03 8.62159521e-01 1.50000000e-02
6.14800000e+03 8.81911181e-01 1.50000000e-02
6.15000000e+03 8.64620050e-01 1.50000000e-02
6.15200000e+03 8.76754791e-01 1.50000000e-02
6.15400000e+03 8.93850781e-01 1.50000000e-02
6.15600000e+03 9.19570455e-01 1.50000000e-02
6.15800000e+03 8.67698891e-01 1.50000000e-02
6.16000000e+03 8.77654497e-01 1.50000000e-02
6.16200000e+03 8.73823189e-01 1.50000000e-02
6.16400000e+03 8.99973888e-01 1.50000000e-02
6.16600000e+03 8.72764944e-01 1.50000000e-02
6.16800000e+03 8.84487393e-01 1.50000000e-02
6.17000000e+03 8.93063516e-01 1.50000000e-02
6.17200000e+03 8.80570250e-01 1.50000000e-02
6.17400000e+03 8.82621201e-01 1.50000000e-02
6.17600000e+03 8.91564797e-01 1.50000000e-02
6.17800000e+03 8.68897688e-01 1.50000000e-02
6.18000000e+03 8.80414040e-01 1.50000000e-02
6.18200000e+03 8.97579087e-01 1.50000000e-02
6.18400000e+03 9.07662615e-01 1.50000000e-02
6.18600000e+03 9.04303200e-01 1.50000000e-02
6.18800000e+03 8.82116133e-01 1.50000000e-02
6.19000000e+03 9.03390290e-01 1.50000000e-02
6.19200000e+03 9.23930181e-01 1.50000000e-02
6.19400000e+03 9.21883006e-01 1.50000000e-02
6.19600000e+03 9.13939862e-01 1.50000000e-02
6.19800000e+03 9.03371023e-01 1.50000000e-02
6.20000000e+03 9.27694542e-01 1.50000000e-02
6.20200000e+03 9.11071129e-01 1.50000000e-02
6.20400000e+03 9.03728967e-01 1.50000000e-02
6.20600000e+03 9.10731221e-01 1.50000000e-02
6.20800000e+03 9.45969049e-01 1.50000000e-02
6.21000000e+03 9.29009812e-01 1.50000000e-02
6.21200000e+03 9.44542308e-01 1.50000000e-02
6.21400000e+03 9.21393171e-01 1.50000000e-02
6.21600000e+03 9.44068076e-01 1.50000000e-02
6.21800000e+03 9.22368796e-01 1.50000000e-02
6.22000000e+03 9.30408271e-01 1.50000000e-02
6.22200000e+03 9.71425980e-01 1.50000000e-02
6.22400000e+03 9.46981644e-01 1.50000000e-02
6.22600000e+03 9.29283123e-01 1.50000000e-02
6.22800000e+03 9.36837178e-01 1.50000000e-02
6.23000000e+03 9.44294073e-01 1.50000000e-02
6.23200000e+03 9.58831278e-01 1.50000000e-02
6.23400000e+03 9.34593516e-01 1.50000000e-02
6.23600000e+03 9.17049209e-01 1.50000000e-02
6.23800000e+03 9.40195226e-01 1.50000000e-02
6.24000000e+03 9.45823863e-01 1.50000000e-02
6.24200000e+03 9.48421755e-01 1.50000000e-02
6.24400000e+03 9.67697031e-01 1.50000000e-02
6.24600000e+03 9.53847390e-01 1.50000000e-02
6.24800000e+03 9.62423683e-01 1.50000000e-02
6.25000000e+03 9.34828544e-01 1.50000000e-02
6.25200000e+03 9.65461614e-01 1.50000000e-02
6.25400000e+03 9.84966804e-01 1.50000000e-02
6.25600000e+03 9.66180192e-01 1.50000000e-02
6.25800000e+03 9.59435629e-01 1.50000000e-02
6.26000000e+03 9.58970625e-01 1.50000000e-02
6.26200000e+03 9.84479291e-01 1.50000000e-02
6.26400000e+03 9.44758720e-01 1.50000000e-02
6.26600000e+03 9.57977212e-01 1.50000000e-02
6.26800000e+03 9.67507283e-01 1.50000000e-02
6.27000000e+03 9.72707827e-01 1.50000000e-02
6.27200000e+03 9.55914858e-01 1.50000000e-02
6.27400000e+03 9.67995003e-01 1.50000000e-02
6.27600000e+03 9.60110321e-01 1.50000000e-02
6.27800000e+03 9.66963849e-01 1.50000000e-02
6.28000000e+03 9.64036854e-01 1.50000000e-02
6.28200000e+03 9.49739703e-01 1.50000000e-02
6.28400000e+03 9.67376359e-01 1.50000000e-02
6.28600000e+03 9.81664002e-01 1.50000000e-02
6.28800000e+03 9.54799477e-01 1.50000000e-02
6.29000000e+03 9.66470901e-01 1.50000000e-02
6.29200000e+03 9.80826158e-01 1.50000000e-02
6.29400000e+03 9.55558469e-01 1.50000000e-02
6.29600000e+03 9.75082974e-01 1.50000000e-02
6.29800000e+03 9.57163532e-01 1.50000000e-02
6.30000000e+03 9.90792305e-01 1.50000000e-02
6.30200000e+03 1.00915799e+00 1.50000000e-02
6.30400000e+03 1.00547795e+00 1.50000000e-02
6.30600000e+03 9.72520646e-01 1.50000000e-02
6.30800000e+03 9.87561548e-01 1.50000000e-02
6.31000000e+03 9.78909871e-01 1.50000000e-02
6.31200000e+03 9.79249154e-01 1.50000000e-02
6.31400000e+03 1.00154308e+00 1.50000000e-02
6.31600000e+03 9.59134854e-01 1.50000000e-02
6.31800000e+03 9.95334648e-01 1.50000000e-02
6.32000000e+03 9.79340305e-01 1.50000000e-02
6.32200000e+03 1.00175999e+00 1.50000000e-02
6.32400000e+03 9.83984716e-01 1.50000000e-02
6.32600000e+03 9.71618057e-01 1.50000000e-02
6.32800000e+03 9.86384935e-01 1.50000000e-02
6.33000000e+03 9.93774985e-01 1.50000000e-02
6.33200000e+03 9.83767725e-01 1.50000000e-02
6.33400000e+03 9.91035962e-01 1.50000000e-02
6.33600000e+03 9.76362893e-01 1.50000000e-02
6.33800000e+03 9.52641095e-01 1.50000000e-02
6.34000000e+03 9.98599925e-01 1.50000000e-02
6.34200000e+03 9.96026257e-01 1.50000000e-02
6.34400000e+03 9.88190082e-01 1.50000000e-02
6.34600000e+03 9.87411552e-01 1.50000000e-02
6.34800000e+03 1.00233744e+00 1.50000000e-02
6.35000000e+03 9.80333826e-01 1.50000000e-02
6.35200000e+03 9.76979829e-01 1.50000000e-02
6.35400000e+03 9.85127178e-01 1.50000000e-02
6.35600000e+03 1.00615982e+00 1.50000000e-02
6.35800000e+03 9.67875147e-01 1.50000000e-02
6.36000000e+03 1.00690848e+00 1.50000000e-02
6.36200000e+03 9.79782313e-01 1.50000000e-02
6.36400000e+03 9.73191098e-01 1.50000000e-02
6.36600000e+03 1.00892556e+00 1.50000000e-02
6.36800000e+03 9.88885088e-01 1.50000000e-02
6.37000000e+03 9.71140313e-01 1.50000000e-02
6.37200000e+03 9.85559980e-01 1.50000000e-02
6.37400000e+03 1.00519584e+00 1.50000000e-02
6.37600000e+03 1.00939233e+00 1.50000000e-02
6.37800000e+03 9.85378166e-01 1.50000000e-02
6.38000000e+03 9.98145310e-01 1.50000000e-02
6.38200000e+03 1.00302021e+00 1.50000000e-02
6.38400000e+03 9.82890723e-01 1.50000000e-02
6.38600000e+03 9.98129750e-01 1.50000000e-02
6.38800000e+03 9.92563189e-01 1.50000000e-02
6.39000000e+03 9.85231357e-01 1.50000000e-02
6.39200000e+03 9.86113236e-01 1.50000000e-02
6.39400000e+03 9.94718223e-01 1.50000000e-02
6.39600000e+03 9.94371426e-01 1.50000000e-02
6.39800000e+03 9.85646005e-01 1.50000000e-02
6.40000000e+03 9.87937866e-01 1.50000000e-02
6.40200000e+03 1.01121989e+00 1.50000000e-02
6.40400000e+03 9.97914264e-01 1.50000000e-02
6.40600000e+03 1.00816468e+00 1.50000000e-02
6.40800000e+03 1.01309151e+00 1.50000000e-02
6.41000000e+03 1.00406738e+00 1.50000000e-02
6.41200000e+03 1.02946338e+00 1.50000000e-02
6.41400000e+03 9.83180775e-01 1.50000000e-02
6.41600000e+03 1.00784176e+00 1.50000000e-02
6.41800000e+03 9.91093901e-01 1.50000000e-02
6.42000000e+03 1.02384853e+00 1.50000000e-02
6.42200000e+03 1.02165951e+00 1.50000000e-02
6.42400000e+03 9.66976386e-01 1.50000000e-02
6.42600000e+03 9.81888840e-01 1.50000000e-02
6.42800000e+03 1.00651456e+00 1.50000000e-02
6.43000000e+03 1.00852176e+00 1.50000000e-02
6.43200000e+03 1.00784208e+00 1.50000000e-02
6.43400000e+03 9.95846572e-01 1.50000000e-02
6.43600000e+03 1.00384848e+00 1.50000000e-02
6.43800000e+03 1.00692540e+00 1.50000000e-02
6.44000000e+03 9.96066798e-01 1.50000000e-02
6.44200000e+03 1.01274567e+00 1.50000000e-02
6.44400000e+03 9.63541538e-01 1.50000000e-02
6.44600000e+03 1.00703543e+00 1.50000000e-02
6.44800000e+03 9.82109034e-01 1.50000000e-02
6.45000000e+03 1.01208814e+00 1.50000000e-02
6.45200000e+03 9.94362810e-01 1.50000000e-02
6.45400000e+03 9.84543397e-01 1.50000000e-02
6.45600000e+03 1.00356298e+00 1.50000000e-02
6.45800000e+03 9.84360891e-01 1.50000000e-02
6.46000000e+03 9.84413094e-01 1.50000000e-02
6.46200000e+03 9.74666272e-01 1.50000000e-02
6.46400000e+03 9.97843576e-01 1.50000000e-02
6.46600000e+03 1.00576256e+00 1.50000000e-02
6.46800000e+03 1.01371918e+00 1.50000000e-02
6.47000000e+03 9.96309111e-01 1.50000000e-02
6.47200000e+03 1.01421181e+00 1.50000000e-02
6.47400000e+03 9.98820133e-01 1.50000000e-02
6.47600000e+03 9.97205976e-01 1.50000000e-02
6.47800000e+03 1.00726124e+00 1.50000000e-02
6.48000000e+03 1.01458416e+00 1.50000000e-02
6.48200000e+03 9.93635253e-01 1.50000000e-02
6.48400000e+03 9.95146938e-01 1.50000000e-02
6.48600000e+03 9.96435630e-01 1.50000000e-02
6.48800000e+03 1.00013258e+00 1.50000000e-02
6.49000000e+03 9.85426112e-01 1.50000000e-02
6.49200000e+03 1.01439183e+00 1.50000000e-02
6.49400000e+03 9.93003446e-01 1.50000000e-02
6.49600000e+03 1.00598250e+00 1.50000000e-02
6.49800000e+03 9.86698471e-01 1.50000000e-02
6.50000000e+03 1.00449582e+00 1.50000000e-02
6.50200000e+03 1.00501941e+00 1.50000000e-02
6.50400000e+03 9.92865615e-01 1.50000000e-02
6.50600000e+03 1.02951813e+00 1.50000000e-02
6.50800000e+03 1.00479800e+00 1.50000000e-02
6.51000000e+03 1.02591264e+00 1.50000000e-02
6.51200000e+03 1.01367084e+00 1.50000000e-02
6.51400000e+03 9.89373449e-01 1.50000000e-02
6.51600000e+03 9.93597393e-01 1.50000000e-02
6.51800000e+03 1.00589319e+00 1.50000000e-02
6.52000000e+03 1.00028958e+00 1.50000000e-02
6.52200000e+03 1.00013314e+00 1.50000000e-02
6.52400000e+03 9.95116308e-01 1.50000000e-02
6.52600000e+03 9.72299354e-01 1.50000000e-02
6.52800000e+03 9.96061110e-01 1.50000000e-02
6.53000000e+03 9.66185885e-01 1.50000000e-02
6.53200000e+03 1.00504914e+00 1.50000000e-02
6.53400000e+03 9.88594176e-01 1.50000000e-02
6.53600000e+03 9.88766064e-01 1.50000000e-02
6.53800000e+03 9.96219129e-01 1.50000000e-02
6.54000000e+03 1.00360926e+00 1.50000000e-02
6.54200000e+03 9.78048705e-01 1.50000000e-02
6.54400000e+03 9.73308558e-01 1.50000000e-02
6.54600000e+03 9.83554536e-01 1.50000000e-02
6.54800000e+03 9.68926746e-01 1.50000000e-02
6.55000000e+03 9.85056249e-01 1.50000000e-02
6.55200000e+03 1.02342779e+00 1.50000000e-02
6.55400000e+03 9.83720528e-01 1.50000000e-02
6.55600000e+03 1.00934441e+00 1.50000000e-02
6.55800000e+03 9.79002071e-01 1.50000000e-02
6.56000000e+03 1.00406592e+00 1.50000000e-02
6.56200000e+03 9.94784894e-01 1.50000000e-02
6.56400000e+03 9.98684773e-01 1.50000000e-02
6.56600000e+03 1.00811397e+00 1.50000000e-02
6.56800000e+03 1.02592555e+00 1.50000000e-02
6.57000000e+03 1.00250147e+00 1.50000000e-02
6.57200000e+03 1.00144448e+00 1.50000000e-02
6.57400000e+03 9.84976112e-01 1.50000000e-02
6.57600000e+03 1.00832356e+00 1.50000000e-02
6.57800000e+03 9.95878514e-01 1.50000000e-02
6.58000000e+03 1.01204515e+00 1.50000000e-02
6.58200000e+03 9.98904203e-01 1.50000000e-02
6.58400000e+03 1.02566670e+00 1.50000000e-02
6.58600000e+03 9.69803480e-01 1.50000000e-02
6.58800000e+03 9.95090907e-01 1.50000000e-02
6.59000000e+03 1.01275409e+00 1.50000000e-02
6.59200000e+03 9.94262753e-01 1.50000000e-02
6.59400000e+03 9.87631100e-01 1.50000000e-02
6.59600000e+03 9.95515333e-01 1.50000000e-02
6.59800000e+03 9.78793739e-01 1.50000000e-02
6.60000000e+03 1.00126538e+00 1.50000000e-02
6.60200000e+03 1.03607567e+00 1.50000000e-02
6.60400000e+03 1.01663114e+00 1.50000000e-02
6.60600000e+03 9.82806704e-01 1.50000000e-02
6.60800000e+03 9.86327139e-01 1.50000000e-02
6.61000000e+03 9.93340980e-01 1.50000000e-02
6.61200000e+03 1.01446200e+00 1.50000000e-02
6.61400000e+03 9.87056515e-01 1.50000000e-02
6.61600000e+03 9.89007605e-01 1.50000000e-02
6.61800000e+03 1.01261375e+00 1.50000000e-02
6.62000000e+03 1.01229290e+00 1.50000000e-02
6.62200000e+03 9.93695634e-01 1.50000000e-02
6.62400000e+03 9.82515281e-01 1.50000000e-02
6.62600000e+03 9.76013555e-01 1.50000000e-02
6.62800000e+03 9.88751968e-01 1.50000000e-02
6.63000000e+03 9.65755060e-01 1.50000000e-02
6.63200000e+03 1.01043553e+00 1.50000000e-02
6.63400000e+03 9.89712044e-01 1.50000000e-02
6.63600000e+03 1.00635521e+00 1.50000000e-02
6.63800000e+03 1.02713297e+00 1.50000000e-02
6.64000000e+03 1.01667431e+00 1.50000000e-02
6.64200000e+03 9.81782581e-01 1.50000000e-02
6.64400000e+03 1.01205750e+00 1.50000000e-02
6.64600000e+03 1.01635469e+00 1.50000000e-02
6.64800000e+03 9.87758434e-01 1.50000000e-02
6.65000000e+03 9.84620133e-01 1.50000000e-02
6.65200000e+03 9.97238843e-01 1.50000000e-02
6.65400000e+03 9.74826307e-01 1.50000000e-02
6.65600000e+03 1.02087089e+00 1.50000000e-02
6.65800000e+03 9.62690362e-01 1.50000000e-02
6.66000000e+03 9.82128374e-01 1.50000000e-02
6.66200000e+03 9.94645357e-01 1.50000000e-02
6.66400000e+03 9.95239529e-01 1.50000000e-02
6.66600000e+03 1.00109332e+00 1.50000000e-02
6.66800000e+03 1.00262739e+00 1.50000000e-02
6.67000000e+03 9.95304236e-01 1.50000000e-02
6.67200000e+03 1.01551298e+00 1.50000000e-02
6.67400000e+03 9.66318800e-01 1.50000000e-02
6.67600000e+03 9.98355172e-01 1.50000000e-02
6.67800000e+03 9.87585476e-01 1.50000000e-02
6.68000000e+03 1.00023691e+00 1.50000000e-02
6.68200000e+03 1.00150391e+00 1.50000000e-02
6.68400000e+03 9.84456665e-01 1.50000000e-02
6.68600000e+03 9.88459696e-01 1.50000000e-02
6.68800000e+03 1.00990077e+00 1.50000000e-02
6.69000000e+03 1.00318401e+00 1.50000000e-02
6.69200000e+03 9.87678760e-01 1.50000000e-02
6.69400000e+03 1.02841324e+00 1.50000000e-02
6.69600000e+03 1.03238296e+00 1.50000000e-02
6.69800000e+03 9.75736757e-01 1.50000000e-02
6.70000000e+03 1.00212695e+00 1.50000000e-02
6.70200000e+03 1.03515916e+00 1.50000000e-02
6.70400000e+03 1.00920477e+00 1.50000000e-02
6.70600000e+03 1.00068203e+00 1.50000000e-02
6.70800000e+03 9.94162850e-01 1.50000000e-02
6.71000000e+03 9.89081040e-01 1.50000000e-02
6.71200000e+03 9.93924113e-01 1.50000000e-02
6.71400000e+03 9.88761345e-01 1.50000000e-02
6.71600000e+03 1.00810388e+00 1.50000000e-02
6.71800000e+03 9.90863387e-01 1.50000000e-02
6.72000000e+03 9.90121258e-01 1.50000000e-02
6.72200000e+03 9.78606306e-01 1.50000000e-02
6.72400000e+03 9.95792342e-01 1.50000000e-02
6.72600000e+03 9.83019067e-01 1.50000000e-02
6.72800000e+03 9.93611508e-01 1.50000000e-02
6.73000000e+03 1.01183897e+00 1.50000000e-02
6.73200000e+03 1.00158662e+00 1.50000000e-02
6.73400000e+03 1.00355162e+00 1.50000000e-02
6.73600000e+03 1.00120201e+00 1.50000000e-02
6.73800000e+03 9.96625031e-01 1.50000000e-02
6.74000000e+03 9.93701002e-01 1.50000000e-02
6.74200000e+03 9.90864073e-01 1.50000000e-02
6.74400000e+03 1.00673481e+00 1.50000000e-02
6.74600000e+03 9.78947909e-01 1.50000000e-02
6.74800000e+03 1.01518230e+00 1.50000000e-02
6.75000000e+03 9.95439022e-01 1.50000000e-02
6.75200000e+03 9.83550088e-01 1.50000000e-02
6.75400000e+03 9.87292428e-01 1.50000000e-02
6.75600000e+03 9.84319997e-01 1.50000000e-02
6.75800000e+03 9.96719315e-01 1.50000000e-02
6.76000000e+03 9.83385992e-01 1.50000000e-02
6.76200000e+03 1.01111900e+00 1.50000000e-02
6.76400000e+03 9.82091745e-01 1.50000000e-02
6.76600000e+03 9.59553616e-01 1.50000000e-02
6.76800000e+03 9.82497320e-01 1.50000000e-02
6.77000000e+03 9.63150989e-01 1.50000000e-02
6.77200000e+03 9.92492857e-01 1.50000000e-02
6.77400000e+03 1.00878583e+00 1.50000000e-02
6.77600000e+03 1.00241784e+00 1.50000000e-02
6.77800000e+03 9.72435907e-01 1.50000000e-02
6.78000000e+03 9.80859459e-01 1.50000000e-02
6.78200000e+03 1.01876148e+00 1.50000000e-02
6.78400000e+03 9.96643396e-01 1.50000000e-02
6.78600000e+03 9.91706227e-01 1.50000000e-02
6.78800000e+03 1.00725899e+00 1.50000000e-02
6.79000000e+03 1.02797757e+00 1.50000000e-02
6.79200000e+03 1.01039815e+00 1.50000000e-02
6.79400000e+03 9.92798494e-01 1.50000000e-02
6.79600000e+03 9.95779820e-01 1.50000000e-02
6.79800000e+03 9.99462351e-01 1.50000000e-02
6.80000000e+03 9.80756666e-01 1.50000000e-02
6.80200000e+03 9.73801579e-01 1.50000000e-02
6.80400000e+03 9.90198477e-01 1.50000000e-02
6.80600000e+03 9.74926989e-01 1.50000000e-02
6.80800000e+03 9.87930588e-01 1.50000000e-02
6.81000000e+03 9.90005591e-01 1.50000000e-02
6.81200000e+03 1.02338428e+00 1.50000000e-02
6.81400000e+03 9.75201610e-01 1.50000000e-02
6.81600000e+03 9.85832722e-01 1.50000000e-02
6.81800000e+03 9.84880671e-01 1.50000000e-02
6.82000000e+03 9.93583892e-01 1.50000000e-02
6.82200000e+03 1.00239738e+00 1.50000000e-02
6.82400000e+03 9.79004709e-01 1.50000000e-02
6.82600000e+03 9.73700187e-01 1.50000000e-02
6.82800000e+03 9.61061276e-01 1.50000000e-02
6.83000000e+03 9.71423197e-01 1.50000000e-02
6.83200000e+03 9.92999964e-01 1.50000000e-02
6.83400000e+03 9.85267803e-01 1.50000000e-02
6.83600000e+03 9.68973889e-01 1.50000000e-02
6.83800000e+03 9.78228644e-01 1.50000000e-02
6.84000000e+03 9.83899360e-01 1.50000000e-02
6.84200000e+03 9.90581811e-01 1.50000000e-02
6.84400000e+03 9.73717223e-01 1.50000000e-02
6.84600000e+03 9.78445097e-01 1.50000000e-02
6.84800000e+03 9.54500684e-01 1.50000000e-02
6.85000000e+03 9.64073769e-01 1.50000000e-02
6.85200000e+03 1.00516939e+00 1.50000000e-02
6.85400000e+03 9.47632281e-01 1.50000000e-02
6.85600000e+03 9.74929635e-01 1.50000000e-02
6.85800000e+03 9.82818372e-01 1.50000000e-02
6.86000000e+03 9.73440227e-01 1.50000000e-02
6.86200000e+03 9.66449414e-01 1.50000000e-02
6.86400000e+03 9.77163054e-01 1.50000000e-02
6.86600000e+03 9.77503252e-01 1.50000000e-02
6.86800000e+03 9.75835422e-01 1.50000000e-02
6.87000000e+03 9.48381802e-01 1.50000000e-02
6.87200000e+03 9.73807486e-01 1.50000000e-02
6.87400000e+03 9.62653565e-01 1.50000000e-02
6.87600000e+03 9.66716498e-01 1.50000000e-02
6.87800000e+03 9.77779909e-01 1.50000000e-02
6.88000000e+03 9.83419349e-01 1.50000000e-02
6.88200000e+03 9.86683494e-01 1.50000000e-02
6.88400000e+03 9.65199250e-01 1.50000000e-02
6.88600000e+03 9.85909205e-01 1.50000000e-02
6.88800000e+03 9.89048812e-01 1.50000000e-02
6.89000000e+03 9.87876134e-01 1.50000000e-02
6.89200000e+03 9.91046595e-01 1.50000000e-02
6.89400000e+03 9.67378110e-01 1.50000000e-02
6.89600000e+03 9.66304319e-01 1.50000000e-02
6.89800000e+03 9.80634605e-01 1.50000000e-02
6.90000000e+03 9.47093040e-01 1.50000000e-02
6.90200000e+03 9.70053842e-01 1.50000000e-02
6.90400000e+03 9.58264884e-01 1.50000000e-02
6.90600000e+03 9.59991584e-01 1.50000000e-02
6.90800000e+03 9.38690069e-01 1.50000000e-02
6.91000000e+03 9.50733131e-01 1.50000000e-02
6.91200000e+03 9.63051473e-01 1.50000000e-02
6.91400000e+03 9.75942275e-01 1.50000000e-02
6.91600000e+03 9.76711416e-01 1.50000000e-02
6.91800000e+03 9.59890543e-01 1.50000000e-02
6.92000000e+03 9.57479360e-01 1.50000000e-02
6.92200000e+03 9.47070508e-01 1.50000000e-02
6.92400000e+03 9.64766764e-01 1.50000000e-02
6.92600000e+03 9.54207126e-01 1.50000000e-02
6.92800000e+03 9.66187050e-01 1.50000000e-02
6.93000000e+03 9.82540632e-01 1.50000000e-02
6.93200000e+03 9.54934769e-01 1.50000000e-02
6.93400000e+03 9.32103614e-01 1.50000000e-02
6.93600000e+03 9.40783147e-01 1.50000000e-02
6.93800000e+03 9.30944065e-01 1.50000000e-02
6.94000000e+03 9.33968372e-01 1.50000000e-02
6.94200000e+03 9.70601155e-01 1.50000000e-02
6.94400000e+03 9.53507375e-01 1.50000000e-02
6.94600000e+03 9.26378540e-01 1.50000000e-02
6.94800000e+03 9.58047581e-01 1.50000000e-02
6.95000000e+03 9.66198914e-01 1.50000000e-02
6.95200000e+03 9.40933603e-01 1.50000000e-02
6.95400000e+03 9.35218516e-01 1.50000000e-02
6.95600000e+03 9.39312592e-01 1.50000000e-02
6.95800000e+03 9.47645454e-01 1.50000000e-02
6.96000000e+03 9.51967228e-01 1.50000000e-02
6.96200000e+03 9.59080473e-01 1.50000000e-02
6.96400000e+03 9.58502172e-01 1.50000000e-02
6.96600000e+03 9.57052083e-01 1.50000000e-02
6.96800000e+03 9.58644138e-01 1.50000000e-02
6.97000000e+03 9.47068709e-01 1.50000000e-02
6.97200000e+03 9.13105179e-01 1.50000000e-02
6.97400000e+03 9.33013539e-01 1.50000000e-02
6.97600000e+03 9.38584408e-01 1.50000000e-02
6.97800000e+03 9.27014714e-01 1.50000000e-02
6.98000000e+03 9.45304980e-01 1.50000000e-02
6.98200000e+03 9.25095817e-01 1.50000000e-02
6.98400000e+03 9.15464329e-01 1.50000000e-02
6.98600000e+03 9.49855132e-01 1.50000000e-02
6.98800000e+03 9.37009489e-01 1.50000000e-02
6.99000000e+03 9.29125737e-01 1.50000000e-02
6.99200000e+03 9.38543871e-01 1.50000000e-02
6.99400000e+03 9.39376425e-01 1.50000000e-02
6.99600000e+03 9.27338076e-01 1.50000000e-02
6.99800000e+03 8.84130779e-01 1.50000000e-02
7.00000000e+03 9.09624142e-01 1.50000000e-02
7.00200000e+03 9.11660795e-01 1.50000000e-02
7.00400000e+03 9.02487280e-01 1.50000000e-02
7.00600000e+03 9.18960683e-01 1.50000000e-02
7.00800000e+03 9.32583304e-01 1.50000000e-02
7.01000000e+03 9.06136076e-01 1.50000000e-02
7.01200000e+03 8.95086312e-01 1.50000000e-02
7.01400000e+03 9.41218343e-01 1.50000000e-02
7.01600000e+03 9.02705281e-01 1.50000000e-02
7.01800000e+03 8.89651534e-01 1.50000000e-02
7.02000000e+03 9.10370606e-01 1.50000000e-02
7.02200000e+03 9.11840544e-01 1.50000000e-02
7.02400000e+03 8.93519980e-01 1.50000000e-02
7.02600000e+03 9.14583683e-01 1.50000000e-02
7.02800000e+03 8.94039116e-01 1.50000000e-02
7.03000000e+03 8.86117716e-01 1.50000000e-02
7.03200000e+03 9.01245128e-01 1.50000000e-02
7.03400000e+03 9.08723472e-01 1.50000000e-02
7.03600000e+03 8.86241404e-01 1.50000000e-02
7.03800000e+03 8.99287551e-01 1.50000000e-02
7.04000000e+03 8.91496724e-01 1.50000000e-02
7.04200000e+03 9.33828671e-01 1.50000000e-02
7.04400000e+03 8.79389175e-01 1.50000000e-02
7.04600000e+03 9.09328088e-01 1.50000000e-02
7.04800000e+03 8.86321016e-01 1.50000000e-02
7.05000000e+03 8.83738442e-01 1.50000000e-02
7.05200000e+03 8.94991697e-01 1.50000000e-02
7.05400000e+03 8.96096840e-01 1.50000000e-02
7.05600000e+03 9.00206120e-01 1.50000000e-02
7.05800000e+03 8.84638442e-01 1.50000000e-02
7.06000000e+03 8.69204619e-01 1.50000000e-02
7.06200000e+03 8.68642136e-01 1.50000000e-02
7.06400000e+03 8.82842500e-01 1.50000000e-02
7.06600000e+03 8.82396943e-01 1.50000000e-02
7.06800000e+03 8.93135079e-01 1.50000000e-02
7.07000000e+03 8.76917033e-01 1.50000000e-02
7.07200000e+03 8.85015021e-01 1.50000000e-02
7.07400000e+03 8.90331918e-01 1.50000000e-02
7.07600000e+03 8.68516427e-01 1.50000000e-02
7.07800000e+03 8.42221598e-01 1.50000000e-02
7.08000000e+03 8.45273162e-01 1.50000000e-02
7.08200000e+03 8.39849686e-01 1.50000000e-02
7.08400000e+03 8.83742363e-01 1.50000000e-02
7.08600000e+03 8.45606822e-01 1.50000000e-02
7.08800000e+03 8.75242987e-01 1.50000000e-02
7.09000000e+03 8.63997032e-01 1.50000000e-02
7.09200000e+03 8.79384368e-01 1.50000000e-02
7.09400000e+03 8.67144919e-01 1.50000000e-02
7.09600000e+03 8.49005361e-01 1.50000000e-02
7.09800000e+03 8.45982405e-01 1.50000000e-02
7.10000000e+03 8.48702196e-01 1.50000000e-02
7.10200000e+03 8.48495612e-01 1.50000000e-02
7.10400000e+03 8.36348094e-01 1.50000000e-02
7.10600000e+03 8.42263244e-01 1.50000000e-02
7.10800000e+03 8.65337096e-01 1.50000000e-02
7.11000000e+03 8.14111398e-01 1.50000000e-02
7.11200000e+03 8.41968866e-01 1.50000000e-02
7.11400000e+03 8.22937566e-01 1.50000000e-02
7.11600000e+03 8.37800321e-01 1.50000000e-02
7.11800000e+03 8.46048453e-01 1.50000000e-02
7.12000000e+03 8.31045617e-01 1.50000000e-02
7.12200000e+03 8.41967385e-01 1.50000000e-02
7.12400000e+03 8.04991818e-01 1.50000000e-02
7.12600000e+03 8.43915454e-01 1.50000000e-02
7.12800000e+03 8.16739629e-01 1.50000000e-02
7.13000000e+03 8.33603748e-01 1.50000000e-02
7.13200000e+03 8.25490881e-01 1.50000000e-02
7.13400000e+03 7.82463102e-01 1.50000000e-02
7.13600000e+03 8.08404161e-01 1.50000000e-02
7.13800000e+03 8.21557919e-01 1.50000000e-02
7.14000000e+03 8.40072059e-01 1.50000000e-02
7.14200000e+03 8.19590894e-01 1.50000000e-02
7.14400000e+03 8.17674459e-01 1.50000000e-02
7.14600000e+03 7.91153985e-01 1.50000000e-02
7.14800000e+03 8.32355119e-01 1.50000000e-02
7.15000000e+03 8.36546568e-01 1.50000000e-02
7.15200000e+03 8.08430729e-01 1.50000000e-02
7.15400000e+03 8.03277009e-01 1.50000000e-02
7.15600000e+03 7.80868825e-01 1.50000000e-02
7.15800000e+03 8.16995911e-01 1.50000000e-02
7.16000000e+03 8.42882501e-01 1.50000000e-02
7.16200000e+03 8.11718287e-01 1.50000000e-02
7.16400000e+03 8.18541859e-01 1.50000000e-02
7.16600000e+03 8.06354137e-01 1.50000000e-02
7.16800000e+03 7.82096285e-01 1.50000000e-02
7.17000000e+03 8.15582852e-01 1.50000000e-02
7.17200000e+03 7.75688288e-01 1.50000000e-02
7.17400000e+03 7.89734360e-01 1.50000000e-02
7.17600000e+03 7.95778169e-01 1.50000000e-02
7.17800000e+03 8.03554094e-01 1.50000000e-02
7.18000000e+03 7.95279646e-01 1.50000000e-02
7.18200000e+03 7.93586503e-01 1.50000000e-02
7.18400000e+03 7.75120854e-01 1.50000000e-02
7.18600000e+03 7.65977210e-01 1.50000000e-02
7.18800000e+03 7.85030362e-01 1.50000000e-02
7.19000000e+03 7.72261711e-01 1.50000000e-02
7.19200000e+03 7.62120779e-01 1.50000000e-02
7.19400000e+03 7.61588088e-01 1.50000000e-02
7.19600000e+03 7.72082204e-01 1.50000000e-02
7.19800000e+03 7.50519751e-01 1.50000000e-02
7.20000000e+03 7.56988489e-01 1.50000000e-02
7.20200000e+03 7.51583658e-01 1.50000000e-02
7.20400000e+03 7.77773222e-01 1.50000000e-02
7.20600000e+03 7.80106453e-01 1.50000000e-02
7.20800000e+03 8.03060216e-01 1.50000000e-02
7.21000000e+03 7.49475923e-01 1.50000000e-02
7.21200000e+03 7.60750343e-01 1.50000000e-02
7.21400000e+03 7.83658851e-01 1.50000000e-02
7.21600000e+03 7.65763702e-01 1.50000000e-02
7.21800000e+03 7.63176500e-01 1.50000000e-02
7.22000000e+03 7.92805988e-01 1.50000000e-02
7.22200000e+03 7.61200411e-01 1.50000000e-02
7.22400000e+03 7.48062999e-01 1.50000000e-02
7.22600000e+03 7.44802862e-01 1.50000000e-02
7.22800000e+03 7.68765295e-01 1.50000000e-02
7.23000000e+03 7.67503553e-01 1.50000000e-02
7.23200000e+03 7.41566819e-01 1.50000000e-02
7.23400000e+03 7.46601453e-01 1.50000000e-02
7.23600000e+03 7.68665976e-01 1.50000000e-02
7.23800000e+03 7.68590254e-01 1.50000000e-02
7.24000000e+03 7.49592182e-01 1.50000000e-02
7.24200000e+03 7.67906526e-01 1.50000000e-02
7.24400000e+03 7.66507585e-01 1.50000000e-02
7.24600000e+03 7.30563938e-01 1.50000000e-02
7.24800000e+03 7.52033711e-01 1.50000000e-02
7.25000000e+03 7.62370346e-01 1.50000000e-02
7.25200000e+03 7.47000591e-01 1.50000000e-02
7.25400000e+03 7.22990652e-01 1.50000000e-02
7.25600000e+03 7.50332115e-01 1.50000000e-02
7.25800000e+03 7.65386396e-01 1.50000000e-02
7.26000000e+03 7.77363852e-01 1.50000000e-02
7.26200000e+03 7.20374044e-01 1.50000000e-02
7.26400000e+03 7.92038998e-01 1.50000000e-02
7.26600000e+03 7.35561030e-01 1.50000000e-02
7.26800000e+03 7.66477154e-01 1.50000000e-02
7.27000000e+03 7.70315807e-01 1.50000000e-02
7.27200000e+03 7.66254170e-01 1.50000000e-02
7.27400000e+03 7.53485185e-01 1.50000000e-02
7.27600000e+03 7.33577645e-01 1.50000000e-02
7.27800000e+03 7.60181378e-01 1.50000000e-02
7.28000000e+03 7.39864736e-01 1.50000000e-02
7.28200000e+03 7.12589258e-01 1.50000000e-02
7.28400000e+03 7.92725874e-01 1.50000000e-02
7.28600000e+03 7.60802942e-01 1.50000000e-02
7.28800000e+03 7.77367929e-01 1.50000000e-02
7.29000000e+03 7.36364158e-01 1.50000000e-02
7.29200000e+03 7.72019157e-01 1.50000000e-02
7.29400000e+03 7.73849164e-01 1.50000000e-02
7.29600000e+03 7.73340280e-01 1.50000000e-02
7.29800000e+03 7.49751244e-01 1.50000000e-02
7.30000000e+03 7.32106088e-01 1.50000000e-02
7.30200000e+03 7.47583360e-01 1.50000000e-02
7.30400000e+03 7.17327871e-01 1.50000000e-02
7.30600000e+03 7.24991859e-01 1.50000000e-02
7.30800000e+03 7.52079998e-01 1.50000000e-02
7.31000000e+03 7.36034988e-01 1.50000000e-02
7.31200000e+03 7.48670423e-01 1.50000000e-02
7.31400000e+03 7.49759329e-01 1.50000000e-02
7.31600000e+03 7.80638390e-01 1.50000000e-02
7.31800000e+03 7.71450910e-01 1.50000000e-02
7.32000000e+03 7.51648221e-01 1.50000000e-02
7.32200000e+03 7.70815267e-01 1.50000000e-02
7.32400000e+03 7.41372094e-01 1.50000000e-02
7.32600000e+03 7.48425784e-01 1.50000000e-02
7.32800000e+03 7.67569354e-01 1.50000000e-02
7.33000000e+03 7.35752996e-01 1.50000000e-02
7.33200000e+03 7.50680130e-01 1.50000000e-02
7.33400000e+03 7.35563956e-01 1.50000000e-02
7.33600000e+03 7.57675242e-01 1.50000000e-02
7.33800000e+03 7.80961945e-01 1.50000000e-02
7.34000000e+03 7.45778174e-01 1.50000000e-02
7.34200000e+03 7.61057422e-01 1.50000000e-02
7.34400000e+03 7.44842998e-01 1.50000000e-02
7.34600000e+03 7.41716987e-01 1.50000000e-02
7.34800000e+03 7.41103469e-01 1.50000000e-02
7.35000000e+03 7.82166868e-01 1.50000000e-02
7.35200000e+03 7.96509661e-01 1.50000000e-02
7.35400000e+03 7.69069271e-01 1.50000000e-02
7.35600000e+03 7.51852420e-01 1.50000000e-02
7.35800000e+03 7.73965866e-01 1.50000000e-02
7.36000000e+03 7.59195549e-01 1.50000000e-02
7.36200000e+03 7.77071271e-01 1.50000000e-02
7.36400000e+03 7.70276824e-01 1.50000000e-02
7.36600000e+03 7.70990573e-01 1.50000000e-02
7.36800000e+03 7.76808444e-01 1.50000000e-02
7.37000000e+03 7.59932118e-01 1.50000000e-02
7.37200000e+03 7.63504874e-01 1.50000000e-02
7.37400000e+03 7.44717942e-01 1.50000000e-02
7.37600000e+03 7.64894895e-01 1.50000000e-02
7.37800000e+03 7.51194040e-01 1.50000000e-02
7.38000000e+03 7.71384390e-01 1.50000000e-02
7.38200000e+03 7.60234900e-01 1.50000000e-02
7.38400000e+03 7.77181507e-01 1.50000000e-02
7.38600000e+03 7.83543765e-01 1.50000000e-02
7.38800000e+03 7.56543762e-01 1.50000000e-02
7.39000000e+03 7.66764758e-01 1.50000000e-02
7.39200000e+03 7.65950201e-01 1.50000000e-02
7.39400000e+03 7.92450480e-01 1.50000000e-02
7.39600000e+03 8.08018637e-01 1.50000000e-02
7.39800000e+03 7.96382977e-01 1.50000000e-02
7.40000000e+03 7.79571617e-01 1.50000000e-02
7.40200000e+03 8.08006878e-01 1.50000000e-02
7.40400000e+03 7.64554609e-01 1.50000000e-02
7.40600000e+03 8.11006250e-01 1.50000000e-02
7.40800000e+03 7.79937180e-01 1.50000000e-02
7.41000000e+03 7.49355013e-01 1.50000000e-02
7.41200000e+03 8.32114647e-01 1.50000000e-02
7.41400000e+03 8.17329874e-01 1.50000000e-02
7.41600000e+03 7.79501648e-01 1.50000000e-02
7.41800000e+03 7.98848472e-01 1.50000000e-02
7.42000000e+03 7.94441984e-01 1.50000000e-02
7.42200000e+03 8.00551249e-01 1.50000000e-02
7.42400000e+03 7.78139061e-01 1.50000000e-02
7.42600000e+03 7.91547959e-01 1.50000000e-02
7.42800000e+03 8.10183017e-01 1.50000000e-02
7.43000000e+03 8.07908116e-01 1.50000000e-02
7.43200000e+03 8.23970800e-01 1.50000000e-02
7.43400000e+03 8.08603125e-01 1.50000000e-02
7.43600000e+03 8.44079572e-01 1.50000000e-02
7.43800000e+03 7.99549001e-01 1.50000000e-02
7.44000000e+03 8.15627665e-01 1.50000000e-02
7.44200000e+03 7.84454219e-01 1.50000000e-02
7.44400000e+03 7.95871527e-01 1.50000000e-02
7.44600000e+03 8.36073806e-01 1.50000000e-02
7.44800000e+03 8.03488749e-01 1.50000000e-02
7.45000000e+03 8.27082902e-01 1.50000000e-02
7.45200000e+03 8.19694931e-01 1.50000000e-02
7.45400000e+03 8.06458346e-01 1.50000000e-02
7.45600000e+03 8.18413924e-01 1.50000000e-02
7.45800000e+03 8.17440869e-01 1.50000000e-02
7.46000000e+03 8.19365855e-01 1.50000000e-02
7.46200000e+03 8.39507331e-01 1.50000000e-02
7.46400000e+03 8.39519770e-01 1.50000000e-02
7.46600000e+03 8.22608779e-01 1.50000000e-02
7.46800000e+03 8.19202992e-01 1.50000000e-02
7.47000000e+03 8.38587413e-01 1.50000000e-02
7.47200000e+03 8.34398033e-01 1.50000000e-02
7.47400000e+03 8.52871152e-01 1.50000000e-02
7.47600000e+03 8.78827357e-01 1.50000000e-02
7.47800000e+03 8.53194897e-01 1.50000000e-02
7.48000000e+03 8.41584847e-01 1.50000000e-02
7.48200000e+03 8.41081261e-01 1.50000000e-02
7.48400000e+03 8.32368638e-01 1.50000000e-02
7.48600000e+03 8.33176759e-01 1.50000000e-02
7.48800000e+03 8.33283757e-01 1.50000000e-02
7.49000000e+03 8.43963108e-01 1.50000000e-02
7.49200000e+03 8.45043810e-01 1.50000000e-02
7.49400000e+03 8.64164104e-01 1.50000000e-02
7.49600000e+03 8.48579375e-01 1.50000000e-02
7.49800000e+03 8.53157550e-01 1.50000000e-02
7.50000000e+03 8.39398526e-01 1.50000000e-02
7.50200000e+03 8.83892709e-01 1.50000000e-02
7.50400000e+03 8.68378100e-01 1.50000000e-02
7.50600000e+03 8.89153121e-01 1.50000000e-02
7.50800000e+03 8.75817224e-01 1.50000000e-02
7.51000000e+03 8.87749291e-01 1.50000000e-02
7.51200000e+03 8.63214865e-01 1.50000000e-02
7.51400000e+03 8.79233344e-01 1.50000000e-02
7.51600000e+03 9.10588331e-01 1.50000000e-02
7.51800000e+03 8.53178294e-01 1.50000000e-02
7.52000000e+03 8.90696424e-01 1.50000000e-02
7.52200000e+03 9.00037868e-01 1.50000000e-02
7.52400000e+03 8.82396909e-01 1.50000000e-02
7.52600000e+03 8.89064190e-01 1.50000000e-02
7.52800000e+03 8.98280995e-01 1.50000000e-02
7.53000000e+03 8.70526745e-01 1.50000000e-02
7.53200000e+03 8.88331019e-01 1.50000000e-02
7.53400000e+03 8.70232180e-01 1.50000000e-02
7.53600000e+03 8.74659467e-01 1.50000000e-02
7.53800000e+03 8.77023929e-01 1.50000000e-02
7.54000000e+03 8.85765601e-01 1.50000000e-02
7.54200000e+03 8.91661355e-01 1.50000000e-02
7.54400000e+03 8.97807941e-01 1.50000000e-02
7.54600000e+03 8.70538957e-01 1.50000000e-02
7.54800000e+03 9.24136581e-01 1.50000000e-02
7.55000000e+03 9.12912267e-01 1.50000000e-02
7.55200000e+03 9.07728988e-01 1.50000000e-02
7.55400000e+03 8.92485446e-01 1.50000000e-02
7.55600000e+03 8.98013119e-01 1.50000000e-02
7.55800000e+03 9.09190818e-01 1.50000000e-02
7.56000000e+03 9.08476637e-01 1.50000000e-02
7.56200000e+03 8.77711764e-01 1.50000000e-02
7.56400000e+03 9.16280340e-01 1.50000000e-02
7.56600000e+03 9.51068947e-01 1.50000000e-02
7.56800000e+03 8.79190446e-01 1.50000000e-02
7.57000000e+03 9.24219857e-01 1.50000000e-02
7.57200000e+03 9.15927315e-01 1.50000000e-02
7.57400000e+03 9.09848710e-01 1.50000000e-02
7.57600000e+03 9.33975256e-01 1.50000000e-02
7.57800000e+03 8.95960962e-01 1.50000000e-02
7.58000000e+03 9.17955904e-01 1.50000000e-02
7.58200000e+03 9.39252940e-01 1.50000000e-02
7.58400000e+03 9.14955744e-01 1.50000000e-02
7.58600000e+03 9.12801234e-01 1.50000000e-02
7.58800000e+03 9.22252050e-01 1.50000000e-02
7.59000000e+03 9.14862434e-01 1.50000000e-02
7.59200000e+03 9.46771738e-01 1.50000000e-02
7.59400000e+03 9.10165918e-01 1.50000000e-02
7.59600000e+03 9.38795935e-01 1.50000000e-02
7.59800000e+03 9.07228869e-01 1.50000000e-02
7.60000000e+03 9.38018629e-01 1.50000000e-02
7.60200000e+03 9.27252659e-01 1.50000000e-02
7.60400000e+03 8.90195458e-01 1.50000000e-02
7.60600000e+03 9.31072550e-01 1.50000000e-02
7.60800000e+03 9.15843269e-01 1.50000000e-02
7.61000000e+03 9.26562101e-01 1.50000000e-02
7.61200000e+03 9.58244327e-01 1.50000000e-02
7.61400000e+03 9.18387948e-01 1.50000000e-02
7.61600000e+03 9.20351374e-01 1.50000000e-02
7.61800000e+03 9.59986162e-01 1.50000000e-02
7.62000000e+03 9.40621456e-01 1.50000000e-02
7.62200000e+03 9.63653321e-01 1.50000000e-02
7.62400000e+03 9.45908577e-01 1.50000000e-02
7.62600000e+03 9.28338845e-01 1.50000000e-02
7.62800000e+03 9.41935882e-01 1.50000000e-02
7.63000000e+03 9.62922119e-01 1.50000000e-02
7.63200000e+03 9.59462790e-01 1.50000000e-02
7.63400000e+03 9.45942124e-01 1.50000000e-02
7.63600000e+03 9.47647070e-01 1.50000000e-02
7.63800000e+03 9.46114105e-01 1.50000000e-02
7.64000000e+03 9.39872545e-01 1.50000000e-02
7.64200000e+03 9.79511951e-01 1.50000000e-02
7.64400000e+03 9.50754132e-01 1.50000000e-02
7.64600000e+03 9.34107378e-01 1.50000000e-02
7.64800000e+03 9.45090857e-01 1.50000000e-02
7.65000000e+03 9.64533879e-01 1.50000000e-02
7.65200000e+03 9.64097818e-01 1.50000000e-02
7.65400000e+03 9.52950707e-01 1.50000000e-02
7.65600000e+03 9.45606563e-01 1.50000000e-02
7.65800000e+03 9.57122371e-01 1.50000000e-02
7.66000000e+03 9.31770090e-01 1.50000000e-02
7.66200000e+03 9.38319108e-01 1.50000000e-02
7.66400000e+03 9.71520739e-01 1.50000000e-02
7.66600000e+03 9.52600890e-01 1.50000000e-02
7.66800000e+03 9.66556100e-01 1.50000000e-02
7.67000000e+03 9.80332947e-01 1.50000000e-02
7.67200000e+03 9.72321821e-01 1.50000000e-02
7.67400000e+03 9.63368973e-01 1.50000000e-02
7.67600000e+03 9.96607832e-01 1.50000000e-02
7.67800000e+03 9.74811610e-01 1.50000000e-02
7.68000000e+03 9.59762363e-01 1.50000000e-02
7.68200000e+03 9.77224044e-01 1.50000000e-02
7.68400000e+03 9.72917373e-01 1.50000000e-02
7.68600000e+03 9.54110300e-01 1.50000000e-02
7.68800000e+03 9.69107637e-01 1.50000000e-02
7.69000000e+03 9.66099851e-01 1.50000000e-02
7.69200000e+03 9.38972296e-01 1.50000000e-02
7.69400000e+03 9.67277820e-01 1.50000000e-02
7.69600000e+03 9.66201498e-01 1.50000000e-02
7.69800000e+03 9.64428285e-01 1.50000000e-02
7.70000000e+03 9.46431865e-01 1.50000000e-02
7.70200000e+03 9.66928989e-01 1.50000000e-02
7.70400000e+03 9.72377200e-01 1.50000000e-02
7.70600000e+03 9.75141815e-01 1.50000000e-02
7.70800000e+03 9.56630387e-01 1.50000000e-02
7.71000000e+03 9.84455420e-01 1.50000000e-02
7.71200000e+03 9.56508621e-01 1.50000000e-02
7.71400000e+03 9.72345270e-01 1.50000000e-02
7.71600000e+03 9.96453587e-01 1.50000000e-02
7.71800000e+03 9.66175879e-01 1.50000000e-02
7.72000000e+03 9.69491557e-01 1.50000000e-02
7.72200000e+03 9.94422131e-01 1.50000000e-02
7.72400000e+03 9.72447390e-01 1.50000000e-02
7.72600000e+03 9.74276608e-01 1.50000000e-02
7.72800000e+03 9.82744398e-01 1.50000000e-02
7.73000000e+03 9.95980169e-01 1.50000000e-02
7.73200000e+03 9.46295760e-01 1.50000000e-02
7.73400000e+03 9.67950349e-01 1.50000000e-02
7.73600000e+03 9.65638584e-01 1.50000000e-02
7.73800000e+03 9.64882155e-01 1.50000000e-02
7.74000000e+03 9.68859480e-01 1.50000000e-02
7.74200000e+03 9.69522788e-01 1.50000000e-02
7.74400000e+03 9.87496039e-01 1.50000000e-02
7.74600000e+03 9.69579777e-01 1.50000000e-02
7.74800000e+03 9.85541561e-01 1.50000000e-02
7.75000000e+03 9.90217520e-01 1.50000000e-02
7.75200000e+03 9.73206241e-01 1.50000000e-02
7.75400000e+03 9.86808524e-01 1.50000000e-02
7.75600000e+03 1.01032913e+00 1.50000000e-02
7.75800000e+03 9.90475825e-01 1.50000000e-02
7.76000000e+03 9.76081819e-01 1.50000000e-02
7.76200000e+03 9.85223116e-01 1.50000000e-02
7.76400000e+03 9.72489229e-01 1.50000000e-02
7.76600000e+03 9.91045959e-01 1.50000000e-02
7.76800000e+03 1.00044943e+00 1.50000000e-02
7.77000000e+03 9.74960628e-01 1.50000000e-02
7.77200000e+03 9.84631155e-01 1.50000000e-02
7.77400000e+03 1.00520379e+00 1.50000000e-02
7.77600000e+03 9.80814724e-01 1.50000000e-02
7.77800000e+03 9.91614921e-01 1.50000000e-02
7.78000000e+03 9.73326610e-01 1.50000000e-02
7.78200000e+03 9.76745885e-01 1.50000000e-02
7.78400000e+03 9.81718832e-01 1.50000000e-02
7.78600000e+03 1.02248279e+00 1.50000000e-02
7.78800000e+03 9.83963650e-01 1.50000000e-02
7.79000000e+03 9.82405727e-01 1.50000000e-02
7.79200000e+03 9.82157297e-01 1.50000000e-02
7.79400000e+03 9.88365739e-01 1.50000000e-02
7.79600000e+03 1.00092787e+00 1.50000000e-02
7.79800000e+03 9.94165093e-01 1.50000000e-02
7.80000000e+03 1.02241853e+00 1.50000000e-02
7.80200000e+03 9.94981644e-01 1.50000000e-02
7.80400000e+03 1.01370415e+00 1.50000000e-02
7.80600000e+03 9.96357133e-01 1.50000000e-02
7.80800000e+03 1.00149869e+00 1.50000000e-02
7.81000000e+03 9.70964664e-01 1.50000000e-02
7.81200000e+03 9.90911758e-01 1.50000000e-02
7.81400000e+03 9.91977794e-01 1.50000000e-02
7.81600000e+03 9.89557474e-01 1.50000000e-02
7.81800000e+03 9.61094011e-01 1.50000000e-02
7.82000000e+03 1.00677754e+00 1.50000000e-02
7.82200000e+03 9.87937616e-01 1.50000000e-02
7.82400000e+03 9.87346282e-01 1.50000000e-02
7.82600000e+03 9.90258131e-01 1.50000000e-02
7.82800000e+03 9.90828813e-01 1.50000000e-02
7.83000000e+03 1.00051680e+00 1.50000000e-02
7.83200000e+03 9.75501269e-01 1.50000000e-02
7.83400000e+03 9.80753729e-01 1.50000000e-02
7.83600000e+03 9.99227723e-01 1.50000000e-02
7.83800000e+03 9.97197159e-01 1.50000000e-02
7.84000000e+03 9.89505192e-01 1.50000000e-02
7.84200000e+03 9.86684401e-01 1.50000000e-02
7.84400000e+03 9.82911338e-01 1.50000000e-02
7.84600000e+03 9.94683621e-01 1.50000000e-02
7.84800000e+03 1.01339786e+00 1.50000000e-02
7.85000000e+03 9.79940802e-01 1.50000000e-02
7.85200000e+03 1.01878284e+00 1.50000000e-02
7.85400000e+03 1.00871120e+00 1.50000000e-02
7.85600000e+03 9.89372380e-01 1.50000000e-02
7.85800000e+03 1.00802534e+00 1.50000000e-02
7.86000000e+03 9.74400137e-01 1.50000000e-02
7.86200000e+03 9.70521683e-01 1.50000000e-02
7.86400000e+03 9.77252404e-01 1.50000000e-02
7.86600000e+03 9.90554043e-01 1.50000000e-02
7.86800000e+03 9.91917525e-01 1.50000000e-02
7.87000000e+03 9.89167365e-01 1.50000000e-02
7.87200000e+03 9.98479118e-01 1.50000000e-02
7.87400000e+03 9.65051252e-01 1.50000000e-02
7.87600000e+03 1.00459715e+00 1.50000000e-02
7.87800000e+03 9.75963363e-01 1.50000000e-02
7.88000000e+03 9.87423750e-01 1.50000000e-02
7.88200000e+03 9.91225116e-01 1.50000000e-02
7.88400000e+03 9.80153856e-01 1.50000000e-02
7.88600000e+03 9.77008994e-01 1.50000000e-02
7.88800000e+03 9.82557618e-01 1.50000000e-02
7.89000000e+03 9.97542774e-01 1.50000000e-02
7.89200000e+03 1.00664213e+00 1.50000000e-02
7.89400000e+03 1.00632471e+00 1.50000000e-02
7.89600000e+03 9.83010689e-01 1.50000000e-02
7.89800000e+03 9.86119387e-01 1.50000000e-02
7.90000000e+03 9.84247153e-01 1.50000000e-02
7.90200000e+03 1.00486475e+00 1.50000000e-02
7.90400000e+03 9.67615889e-01 1.50000000e-02
7.90600000e+03 1.01681020e+00 1.50000000e-02
7.90800000e+03 9.91019300e-01 1.50000000e-02
7.91000000e+03 9.86593142e-01 1.50000000e-02
7.91200000e+03 1.00349089e+00 1.50000000e-02
7.91400000e+03 1.01393989e+00 1.50000000e-02
7.91600000e+03 1.00363938e+00 1.50000000e-02
7.91800000e+03 1.01434036e+00 1.50000000e-02
7.92000000e+03 1.00061171e+00 1.50000000e-02
7.92200000e+03 1.01708666e+00 1.50000000e-02
7.92400000e+03 1.01736388e+00 1.50000000e-02
7.92600000e+03 9.97237375e-01 1.50000000e-02
7.92800000e+03 1.02035944e+00 1.50000000e-02
7.93000000e+03 1.00128291e+00 1.50000000e-02
7.93200000e+03 1.00015463e+00 1.50000000e-02
7.93400000e+03 9.85067272e-01 1.50000000e-02
7.93600000e+03 9.94594670e-01 1.50000000e-02
7.93800000e+03 1.01062598e+00 1.50000000e-02
7.94000000e+03 9.79307314e-01 1.50000000e-02
7.94200000e+03 1.00877509e+00 1.50000000e-02
7.94400000e+03 1.00429265e+00 1.50000000e-02
7.94600000e+03 1.00325851e+00 1.50000000e-02
7.94800000e+03 9.66028398e-01 1.50000000e-02
7.95000000e+03 9.97606880e-01 1.50000000e-02
7.95200000e+03 1.00890824e+00 1.50000000e-02
7.95400000e+03 9.87767933e-01 1.50000000e-02
7.95600000e+03 1.00059390e+00 1.50000000e-02
7.95800000e+03 9.63594391e-01 1.50000000e-02
7.96000000e+03 1.00936175e+00 1.50000000e-02
7.96200000e+03 9.89378923e-01 1.50000000e-02
7.96400000e+03 1.01240955e+00 1.50000000e-02
7.96600000e+03 9.71720422e-01 1.50000000e-02
7.96800000e+03 1.00976851e+00 1.50000000e-02
7.97000000e+03 9.95851979e-01 1.50000000e-02
7.97200000e+03 1.01154100e+00 1.50000000e-02
7.97400000e+03 9.85561492e-01 1.50000000e-02
7.97600000e+03 9.90189826e-01 1.50000000e-02
7.97800000e+03 1.03312236e+00 1.50000000e-02
7.98000000e+03 9.87054593e-01 1.50000000e-02
7.98200000e+03 9.88931155e-01 1.50000000e-02
7.98400000e+03 9.95389939e-01 1.50000000e-02
7.98600000e+03 9.84216831e-01 1.50000000e-02
7.98800000e+03 1.01742806e+00 1.50000000e-02
7.99000000e+03 1.02546187e+00 1.50000000e-02
7.99200000e+03 9.89040024e-01 1.50000000e-02
7.99400000e+03 9.73725579e-01 1.50000000e-02
7.99600000e+03 1.01720968e+00 1.50000000e-02
7.99800000e+03 1.01626937e+00 1.50000000e-02
8.00000000e+03 1.01198144e+00 1.50000000e-02
8.00200000e+03 1.01701682e+00 1.50000000e-02
8.00400000e+03 9.86668434e-01 1.50000000e-02
8.00600000e+03 9.97165618e-01 1.50000000e-02
8.00800000e+03 9.78942770e-01 1.50000000e-02
8.01000000e+03 9.78442931e-01 1.50000000e-02
8.01200000e+03 1.01444248e+00 1.50000000e-02
8.01400000e+03 9.89657473e-01 1.50000000e-02
8.01600000e+03 1.03393961e+00 1.50000000e-02
8.01800000e+03 1.00086826e+00 1.50000000e-02
8.02000000e+03 9.90158370e-01 1.50000000e-02
8.02200000e+03 1.01174189e+00 1.50000000e-02
8.02400000e+03 1.02680110e+00 1.50000000e-02
8.02600000e+03 1.00708238e+00 1.50000000e-02
8.02800000e+03 9.81541202e-01 1.50000000e-02
8.03000000e+03 1.00537110e+00 1.50000000e-02
8.03200000e+03 1.02044744e+00 1.50000000e-02
8.03400000e+03 9.92421998e-01 1.50000000e-02
8.03600000e+03 9.88222871e-01 1.50000000e-02
8.03800000e+03 1.01508086e+00 1.50000000e-02
8.04000000e+03 1.00194006e+00 1.50000000e-02
8.04200000e+03 9.83308584e-01 1.50000000e-02
8.04400000e+03 9.94156464e-01 1.50000000e-02
8.04600000e+03 9.88523458e-01 1.50000000e-02
8.04800000e+03 1.00430795e+00 1.50000000e-02
8.05000000e+03 1.00151451e+00 1.50000000e-02
8.05200000e+03 1.01713107e+00 1.50000000e-02
8.05400000e+03 1.01052428e+00 1.50000000e-02
8.05600000e+03 9.76431054e-01 1.50000000e-02
8.05800000e+03 1.00599350e+00 1.50000000e-02
8.06000000e+03 1.01334704e+00 1.50000000e-02
8.06200000e+03 1.00673549e+00 1.50000000e-02
8.06400000e+03 1.01535229e+00 1.50000000e-02
8.06600000e+03 9.91661675e-01 1.50000000e-02
8.06800000e+03 9.85646642e-01 1.50000000e-02
8.07000000e+03 1.01386382e+00 1.50000000e-02
8.07200000e+03 9.83934304e-01 1.50000000e-02
8.07400000e+03 9.67526588e-01 1.50000000e-02
8.07600000e+03 1.01530240e+00 1.50000000e-02
8.07800000e+03 9.89063250e-01 1.50000000e-02
8.08000000e+03 9.95338036e-01 1.50000000e-02
8.08200000e+03 9.78962230e-01 1.50000000e-02
8.08400000e+03 9.80051786e-01 1.50000000e-02
8.08600000e+03 9.82588540e-01 1.50000000e-02
8.08800000e+03 9.94530195e-01 1.50000000e-02
8.09000000e+03 1.00549240e+00 1.50000000e-02
8.09200000e+03 9.65477620e-01 1.50000000e-02
8.09400000e+03 1.01122967e+00 1.50000000e-02
8.09600000e+03 9.82219292e-01 1.50000000e-02
8.09800000e+03 9.83956695e-01 1.50000000e-02
8.10000000e+03 1.01012123e+00 1.50000000e-02
8.10200000e+03 9.98835833e-01 1.50000000e-02
8.10400000e+03 9.76910704e-01 1.50000000e-02
8.10600000e+03 1.02762790e+00 1.50000000e-02
8.10800000e+03 9.87051405e-01 1.50000000e-02
8.11000000e+03 1.00367212e+00 1.50000000e-02
8.11200000e+03 1.00296233e+00 1.50000000e-02
8.11400000e+03 1.02113541e+00 1.50000000e-02
8.11600000e+03 9.93131932e-01 1.50000000e-02
8.11800000e+03 1.01508972e+00 1.50000000e-02
8.12000000e+03 9.88841376e-01 1.50000000e-02
8.12200000e+03 1.01680295e+00 1.50000000e-02
8.12400000e+03 9.88527486e-01 1.50000000e-02
8.12600000e+03 9.94540311e-01 1.50000000e-02
8.12800000e+03 1.02841409e+00 1.50000000e-02
8.13000000e+03 1.00473026e+00 1.50000000e-02
8.13200000e+03 1.00162312e+00 1.50000000e-02
8.13400000e+03 1.03360849e+00 1.50000000e-02
8.13600000e+03 1.00539907e+00 1.50000000e-02
8.13800000e+03 9.87737583e-01 1.50000000e-02
8.14000000e+03 1.01099995e+00 1.50000000e-02
8.14200000e+03 9.82256170e-01 1.50000000e-02
8.14400000e+03 1.01690695e+00 1.50000000e-02
8.14600000e+03 1.01807265e+00 1.50000000e-02
8.14800000e+03 9.91389345e-01 1.50000000e-02
8.15000000e+03 9.90565923e-01 1.50000000e-02
8.15200000e+03 1.00263270e+00 1.50000000e-02
8.15400000e+03 1.00019813e+00 1.50000000e-02
8.15600000e+03 9.85321116e-01 1.50000000e-02
8.15800000e+03 1.00850835e+00 1.50000000e-02
8.16000000e+03 9.69359479e-01 1.50000000e-02
8.16200000e+03 9.93495277e-01 1.50000000e-02
8.16400000e+03 9.93929585e-01 1.50000000e-02
8.16600000e+03 9.95890225e-01 1.50000000e-02
8.16800000e+03 1.00459805e+00 1.50000000e-02
8.17000000e+03 9.81569824e-01 1.50000000e-02
8.17200000e+03 1.00881833e+00 1.50000000e-02
8.17400000e+03 9.97288722e-01 1.50000000e-02
8.17600000e+03 9.90238198e-01 1.50000000e-02
8.17800000e+03 9.79489438e-01 1.50000000e-02
8.18000000e+03 9.82245564e-01 1.50000000e-02
8.18200000e+03 1.00539743e+00 1.50000000e-02
8.18400000e+03 9.85535165e-01 1.50000000e-02
8.18600000e+03 1.00095621e+00 1.50000000e-02
8.18800000e+03 1.01592328e+00 1.50000000e-02
8.19000000e+03 1.01548348e+00 1.50000000e-02
8.19200000e+03 1.02340008e+00 1.50000000e-02
8.19400000e+03 9.95549996e-01 1.50000000e-02
8.19600000e+03 9.83717421e-01 1.50000000e-02
8.19800000e+03 1.01530279e+00 1.50000000e-02
8.20000000e+03 1.00463920e+00 1.50000000e-02
8.20200000e+03 1.01685463e+00 1.50000000e-02
8.20400000e+03 1.00016143e+00 1.50000000e-02
8.20600000e+03 1.01793049e+00 1.50000000e-02
8.20800000e+03 1.01269180e+00 1.50000000e-02
8.21000000e+03 1.01074250e+00 1.50000000e-02
8.21200000e+03 1.00754921e+00 1.50000000e-02
8.21400000e+03 1.00596202e+00 1.50000000e-02
8.21600000e+03 1.00349224e+00 1.50000000e-02
8.21800000e+03 1.00338545e+00 1.50000000e-02
8.22000000e+03 1.01484993e+00 1.50000000e-02
8.22200000e+03 9.92317455e-01 1.50000000e-02
8.22400000e+03 1.02603256e+00 1.50000000e-02
8.22600000e+03 9.98403778e-01 1.50000000e-02
8.22800000e+03 1.01477827e+00 1.50000000e-02
8.23000000e+03 9.98644042e-01 1.50000000e-02
8.23200000e+03 9.96297782e-01 1.50000000e-02
8.23400000e+03 1.03048150e+00 1.50000000e-02
8.23600000e+03 9.95357811e-01 1.50000000e-02
8.23800000e+03 9.80839830e-01 1.50000000e-02
8.24000000e+03 9.89286942e-01 1.50000000e-02
8.24200000e+03 9.95239844e-01 1.50000000e-02
8.24400000e+03 1.03232623e+00 1.50000000e-02
8.24600000e+03 1.00309977e+00 1.50000000e-02
8.24800000e+03 1.01401921e+00 1.50000000e-02
8.25000000e+03 9.84974581e-01 1.50000000e-02
8.25200000e+03 1.00528777e+00 1.50000000e-02
8.25400000e+03 1.01007089e+00 1.50000000e-02
8.25600000e+03 1.02702318e+00 1.50000000e-02
8.25800000e+03 9.89554784e-01 1.50000000e-02
8.26000000e+03 1.00905124e+00 1.50000000e-02
8.26200000e+03 1.00453771e+00 1.50000000e-02
8.26400000e+03 9.84673285e-01 1.50000000e-02
8.26600000e+03 9.99707212e-01 1.50000000e-02
8.26800000e+03 9.96046979e-01 1.50000000e-02
8.27000000e+03 9.65118666e-01 1.50000000e-02
8.27200000e+03 1.00897923e+00 1.50000000e-02
8.27400000e+03 1.00810288e+00 1.50000000e-02
8.27600000e+03 9.93415248e-01 1.50000000e-02
8.27800000e+03 9.79920878e-01 1.50000000e-02
8.28000000e+03 1.02219756e+00 1.50000000e-02
8.28200000e+03 1.00398936e+00 1.50000000e-02
8.28400000e+03 1.01524993e+00 1.50000000e-02
8.28600000e+03 1.02115426e+00 1.50000000e-02
8.28800000e+03 9.92185865e-01 1.50000000e-02
8.29000000e+03 1.01218181e+00 1.50000000e-02
8.29200000e+03 9.96382284e-01 1.50000000e-02
8.29400000e+03 9.99061315e-01 1.50000000e-02
8.29600000e+03 9.98715334e-01 1.50000000e-02
8.29800000e+03 9.99979806e-01 1.50000000e-02
8.30000000e+03 1.01670901e+00 1.50000000e-02
8.30200000e+03 1.00185704e+00 1.50000000e-02
8.30400000e+03 9.97693659e-01 1.50000000e-02
8.30600000e+03 9.95851610e-01 1.50000000e-02
8.30800000e+03 1.00511940e+00 1.50000000e-02
8.31000000e+03 9.86576681e-01 1.50000000e-02
8.31200000e+03 9.92459842e-01 1.50000000e-02
8.31400000e+03 9.99215524e-01 1.50000000e-02
8.31600000e+03 9.91512022e-01 1.50000000e-02
8.31800000e+03 9.98222618e-01 1.50000000e-02
8.32000000e+03 9.90838120e-01 1.50000000e-02
8.32200000e+03 1.03005915e+00 1.50000000e-02
8.32400000e+03 1.01993571e+00 1.50000000e-02
8.32600000e+03 1.00674909e+00 1.50000000e-02
8.32800000e+03 9.99195539e-01 1.50000000e-02
8.33000000e+03 1.03286129e+00 1.50000000e-02
8.33200000e+03 1.00484413e+00 1.50000000e-02
8.33400000e+03 9.98697162e-01 1.50000000e-02
8.33600000e+03 1.00454675e+00 1.50000000e-02
8.33800000e+03 1.00458901e+00 1.50000000e-02
8.34000000e+03 1.02115463e+00 1.50000000e-02
8.34200000e+03 9.99715405e-01 1.50000000e-02
8.34400000e+03 1.03148975e+00 1.50000000e-02
8.34600000e+03 9.86769570e-01 1.50000000e-02
8.34800000e+03 1.01041065e+00 1.50000000e-02
8.35000000e+03 9.84972499e-01 1.50000000e-02
8.35200000e+03 1.02725642e+00 1.50000000e-02
8.35400000e+03 9.95041429e-01 1.50000000e-02
8.35600000e+03 9.99127077e-01 1.50000000e-02
8.35800000e+03 1.01386347e+00 1.50000000e-02
8.36000000e+03 1.01883004e+00 1.50000000e-02
8.36200000e+03 9.83321776e-01 1.50000000e-02
8.36400000e+03 9.94807548e-01 1.50000000e-02
8.36600000e+03 9.79076087e-01 1.50000000e-02
8.36800000e+03 1.00205952e+00 1.50000000e-02
8.37000000e+03 9.98479355e-01 1.50000000e-02
8.37200000e+03 9.94765936e-01 1.50000000e-02
8.37400000e+03 9.89733029e-01 1.50000000e-02
8.37600000e+03 9.94211355e-01 1.50000000e-02
8.37800000e+03 9.88804025e-01 1.50000000e-02
8.38000000e+03 1.00793439e+00 1.50000000e-02
8.38200000e+03 1.02273921e+00 1.50000000e-02
8.38400000e+03 9.71039100e-01 1.50000000e-02
8.38600000e+03 9.98260451e-01 1.50000000e-02
8.38800000e+03 9.93727390e-01 1.50000000e-02
8.39000000e+03 1.00738550e+00 1.50000000e-02
8.39200000e+03 9.85723465e-01 1.50000000e-02
8.39400000e+03 9.97803434e-01 1.50000000e-02
8.39600000e+03 9.84406090e-01 1.50000000e-02
8.39800000e+03 1.01045044e+00 1.50000000e-02
8.40000000e+03 1.00148910e+00 1.50000000e-02
8.40200000e+03 9.97577859e-01 1.50000000e-02
8.40400000e+03 1.00555280e+00 1.50000000e-02
8.40600000e+03 9.96302730e-01 1.50000000e-02
8.40800000e+03 9.76692666e-01 1.50000000e-02
8.41000000e+03 1.00893594e+00 1.50000000e-02
8.41200000e+03 1.00432404e+00 1.50000000e-02
8.41400000e+03 9.97688790e-01 1.50000000e-02
8.41600000e+03 1.01477386e+00 1.50000000e-02
8.41800000e+03 1.01827742e+00 1.50000000e-02
8.42000000e+03 9.83615747e-01 1.50000000e-02
8.42200000e+03 9.88283846e-01 1.50000000e-02
8.42400000e+03 1.02320926e+00 1.50000000e-02
8.42600000e+03 1.02128277e+00 1.50000000e-02
8.42800000e+03 9.88924093e-01 1.50000000e-02
8.43000000e+03 9.82289339e-01 1.50000000e-02
8.43200000e+03 9.90436477e-01 1.50000000e-02
8.43400000e+03 9.92528245e-01 1.50000000e-02
8.43600000e+03 9.76239004e-01 1.50000000e-02
8.43800000e+03 1.00046750e+00 1.50000000e-02
8.44000000e+03 9.80797309e-01 1.50000000e-02
8.44200000e+03 9.81844148e-01 1.50000000e-02
8.44400000e+03 1.01374159e+00 1.50000000e-02
8.44600000e+03 9.89752155e-01 1.50000000e-02
8.44800000e+03 9.98927927e-01 1.50000000e-02
8.45000000e+03 1.00943644e+00 1.50000000e-02
8.45200000e+03 1.01219836e+00 1.50000000e-02
8.45400000e+03 9.94944693e-01 1.50000000e-02
8.45600000e+03 1.00066176e+00 1.50000000e-02
8.45800000e+03 9.87618906e-01 1.50000000e-02
8.46000000e+03 1.02621069e+00 1.50000000e-02
8.46200000e+03 1.00974924e+00 1.50000000e-02
8.46400000e+03 9.83451400e-01 1.50000000e-02
8.46600000e+03 1.00006087e+00 1.50000000e-02
8.46800000e+03 1.01070327e+00 1.50000000e-02
8.47000000e+03 1.00719116e+00 1.50000000e-02
8.47200000e+03 1.02743755e+00 1.50000000e-02
8.47400000e+03 1.02058478e+00 1.50000000e-02
8.47600000e+03 9.91910401e-01 1.50000000e-02
8.47800000e+03 9.98662290e-01 1.50000000e-02
8.48000000e+03 9.80776877e-01 1.50000000e-02
8.48200000e+03 1.00374179e+00 1.50000000e-02
8.48400000e+03 1.00226531e+00 1.50000000e-02
8.48600000e+03 1.04055224e+00 1.50000000e-02
8.48800000e+03 1.00146362e+00 1.50000000e-02
8.49000000e+03 9.68601213e-01 1.50000000e-02
8.49200000e+03 9.89918701e-01 1.50000000e-02
8.49400000e+03 1.00168524e+00 1.50000000e-02
8.49600000e+03 9.81159769e-01 1.50000000e-02
8.49800000e+03 9.86991884e-01 1.50000000e-02
8.50000000e+03 9.94515462e-01 1.50000000e-02
8.50200000e+03 1.00512717e+00 1.50000000e-02
8.50400000e+03 9.97519869e-01 1.50000000e-02
8.50600000e+03 9.86661512e-01 1.50000000e-02
8.50800000e+03 1.01181522e+00 1.50000000e-02
8.51000000e+03 9.91905437e-01 1.50000000e-02
8.51200000e+03 9.92510367e-01 1.50000000e-02
8.51400000e+03 9.79305225e-01 1.50000000e-02
8.51600000e+03 9.88209763e-01 1.50000000e-02
8.51800000e+03 1.00977657e+00 1.50000000e-02
8.52000000e+03 9.75735172e-01 1.50000000e-02
8.52200000e+03 9.98932394e-01 1.50000000e-02
8.52400000e+03 1.01076587e+00 1.50000000e-02
8.52600000e+03 9.94343370e-01 1.50000000e-02
8.52800000e+03 1.00359686e+00 1.50000000e-02
8.53000000e+03 9.83248089e-01 1.50000000e-02
8.53200000e+03 1.01965417e+00 1.50000000e-02
8.53400000e+03 1.01651575e+00 1.50000000e-02
8.53600000e+03 1.00353249e+00 1.50000000e-02
8.53800000e+03 9.73673817e-01 1.50000000e-02
8.54000000e+03 9.84310565e-01 1.50000000e-02
8.54200000e+03 1.01465055e+00 1.50000000e-02
8.54400000e+03 1.02569682e+00 1.50000000e-02
8.54600000e+03 1.00444923e+00 1.50000000e-02
8.54800000e+03 1.01870978e+00 1.50000000e-02
8.55000000e+03 9.90883574e-01 1.50000000e-02
8.55200000e+03 9.97159192e-01 1.50000000e-02
8.55400000e+03 1.00001722e+00 1.50000000e-02
8.55600000e+03 1.00634645e+00 1.50000000e-02
8.55800000e+03 9.77067856e-01 1.50000000e-02
8.56000000e+03 1.01411000e+00 1.50000000e-02
8.56200000e+03 1.01983820e+00 1.50000000e-02
8.56400000e+03 9.82768973e-01 1.50000000e-02
8.56600000e+03 9.79669905e-01 1.50000000e-02
8.56800000e+03 1.00525840e+00 1.50000000e-02
8.57000000e+03 9.90185321e-01 1.50000000e-02
8.57200000e+03 9.64437555e-01 1.50000000e-02
8.57400000e+03 1.01212875e+00 1.50000000e-02
8.57600000e+03 1.00233392e+00 1.50000000e-02
8.57800000e+03 9.92850295e-01 1.50000000e-02
8.58000000e+03 1.03170166e+00 1.50000000e-02
8.58200000e+03 1.00208356e+00 1.50000000e-02
8.58400000e+03 9.88698549e-01 1.50000000e-02
8.58600000e+03 1.00151728e+00 1.50000000e-02
8.58800000e+03 9.84398961e-01 1.50000000e-02
8.59000000e+03 9.88574398e-01 1.50000000e-02
8.59200000e+03 1.00579544e+00 1.50000000e-02
8.59400000e+03 9.91687027e-01 1.50000000e-02
8.59600000e+03 9.93235389e-01 1.50000000e-02
8.59800000e+03 1.02503417e+00 1.50000000e-02
8.60000000e+03 1.01289473e+00 1.50000000e-02
8.60200000e+03 1.01204239e+00 1.50000000e-02
8.60400000e+03 1.00793225e+00 1.50000000e-02
8.60600000e+03 1.00726302e+00 1.50000000e-02
8.60800000e+03 1.02184877e+00 1.50000000e-02
8.61000000e+03 9.99706810e-01 1.50000000e-02
8.61200000e+03 1.02783271e+00 1.50000000e-02
8.61400000e+03 9.85728975e-01 1.50000000e-02
8.61600000e+03 9.96174435e-01 1.50000000e-02
8.61800000e+03 9.79321055e-01 1.50000000e-02
8.62000000e+03 9.94843405e-01 1.50000000e-02
8.62200000e+03 1.00777664e+00 1.50000000e-02
8.62400000e+03 1.02176870e+00 1.50000000e-02
8.62600000e+03 9.90050087e-01 1.50000000e-02
8.62800000e+03 1.00007957e+00 1.50000000e-02
8.63000000e+03 9.94611844e-01 1.50000000e-02
8.63200000e+03 9.88921001e-01 1.50000000e-02
8.63400000e+03 9.82159308e-01 1.50000000e-02
8.63600000e+03 1.00090992e+00 1.50000000e-02
8.63800000e+03 9.74019025e-01 1.50000000e-02
8.64000000e+03 1.00165815e+00 1.50000000e-02
8.64200000e+03 1.00031428e+00 1.50000000e-02
8.64400000e+03 9.90133746e-01 1.50000000e-02
8.64600000e+03 9.84836446e-01 1.50000000e-02
8.64800000e+03 9.79235391e-01 1.50000000e-02
8.65000000e+03 1.02806993e+00 1.50000000e-02
8.65200000e+03 9.79870419e-01 1.50000000e-02
8.65400000e+03 1.02336554e+00 1.50000000e-02
8.65600000e+03 1.00900247e+00 1.50000000e-02
8.65800000e+03 9.94539685e-01 1.50000000e-02
8.66000000e+03 9.82643847e-01 1.50000000e-02
8.66200000e+03 1.01563740e+00 1.50000000e-02
8.66400000e+03 1.02594477e+00 1.50000000e-02
8.66600000e+03 9.85989634e-01 1.50000000e-02
8.66800000e+03 9.95518822e-01 1.50000000e-02
8.67000000e+03 1.01577436e+00 1.50000000e-02
8.67200000e+03 1.00503675e+00 1.50000000e-02
8.67400000e+03 1.02999941e+00 1.50000000e-02
8.67600000e+03 9.91447833e-01 1.50000000e-02
8.67800000e+03 1.00813437e+00 1.50000000e-02
8.68000000e+03 9.81236080e-01 1.50000000e-02
8.68200000e+03 1.03143838e+00 1.50000000e-02
8.68400000e+03 9.89044888e-01 1.50000000e-02
8.68600000e+03 9.66880495e-01 1.50000000e-02
8.68800000e+03 9.98113540e-01 1.50000000e-02
8.69000000e+03 9.97908541e-01 1.50000000e-02
8.69200000e+03 1.02873357e+00 1.50000000e-02
8.69400000e+03 9.94917705e-01 1.50000000e-02
8.69600000e+03 9.99810344e-01 1.50000000e-02
8.69800000e+03 1.00890158e+00 1.50000000e-02
8.70000000e+03 1.02379406e+00 1.50000000e-02
8.70200000e+03 9.99051556e-01 1.50000000e-02
8.70400000e+03 1.01559217e+00 1.50000000e-02
8.70600000e+03 1.00777127e+00 1.50000000e-02
8.70800000e+03 9.95556470e-01 1.50000000e-02
8.71000000e+03 1.00116332e+00 1.50000000e-02
8.71200000e+03 1.00043011e+00 1.50000000e-02
8.71400000e+03 9.86259630e-01 1.50000000e-02
8.71600000e+03 1.01820521e+00 1.50000000e-02
8.71800000e+03 9.79215696e-01 1.50000000e-02
8.72000000e+03 1.01756753e+00 1.50000000e-02
8.72200000e+03 1.01431629e+00 1.50000000e-02
8.72400000e+03 9.98604261e-01 1.50000000e-02
8.72600000e+03 9.88518335e-01 1.50000000e-02
8.72800000e+03 9.96603624e-01 1.50000000e-02
8.73000000e+03 1.00709162e+00 1.50000000e-02
8.73200000e+03 1.01114588e+00 1.50000000e-02
8.73400000e+03 1.00430378e+00 1.50000000e-02
8.73600000e+03 1.01488205e+00 1.50000000e-02
8.73800000e+03 9.91638481e-01 1.50000000e-02
8.74000000e+03 1.00351865e+00 1.50000000e-02
8.74200000e+03 9.76474813e-01 1.50000000e-02
8.74400000e+03 1.01145440e+00 1.50000000e-02
8.74600000e+03 1.00229764e+00 1.50000000e-02
8.74800000e+03 9.93766387e-01 1.50000000e-02
8.75000000e+03 1.01742314e+00 1.50000000e-02
8.75200000e+03 1.01037289e+00 1.50000000e-02
8.75400000e+03 9.57754086e-01 1.50000000e-02
8.75600000e+03 1.00059825e+00 1.50000000e-02
8.75800000e+03 9.78174640e-01 1.50000000e-02
8.76000000e+03 1.01599990e+00 1.50000000e-02
8.76200000e+03 1.03733612e+00 1.50000000e-02
8.76400000e+03 9.92221997e-01 1.50000000e-02
8.76600000e+03 1.00111869e+00 1.50000000e-02
8.76800000e+03 9.96234496e-01 1.50000000e-02
8.77000000e+03 1.00526220e+00 1.50000000e-02
8.77200000e+03 1.00966824e+00 1.50000000e-02
8.77400000e+03 1.01930791e+00 1.50000000e-02
8.77600000e+03 9.85188680e-01 1.50000000e-02
8.77800000e+03 1.02357452e+00 1.50000000e-02
8.78000000e+03 9.86027292e-01 1.50000000e-02
8.78200000e+03 1.00415633e+00 1.50000000e-02
8.78400000e+03 1.01737865e+00 1.50000000e-02
8.78600000e+03 1.01069798e+00 1.50000000e-02
8.78800000e+03 9.85921376e-01 1.50000000e-02
8.79000000e+03 9.89471146e-01 1.50000000e-02
8.79200000e+03 9.93065036e-01 1.50000000e-02
8.79400000e+03 9.99232461e-01 1.50000000e-02
8.79600000e+03 1.01720430e+00 1.50000000e-02
8.79800000e+03 9.80622828e-01 1.50000000e-02
8.80000000e+03 1.00700052e+00 1.50000000e-02
8.80200000e+03 1.00914959e+00 1.50000000e-02
8.80400000e+03 1.00837433e+00 1.50000000e-02
8.80600000e+03 1.00699460e+00 1.50000000e-02
8.80800000e+03 1.02277477e+00 1.50000000e-02
8.81000000e+03 1.00731713e+00 1.50000000e-02
8.81200000e+03 1.01285439e+00 1.50000000e-02
8.81400000e+03 1.00845320e+00 1.50000000e-02
8.81600000e+03 1.02689669e+00 1.50000000e-02
8.81800000e+03 9.71502929e-01 1.50000000e-02
8.82000000e+03 1.01923163e+00 1.50000000e-02
8.82200000e+03 9.96084538e-01 1.50000000e-02
8.82400000e+03 9.95789247e-01 1.50000000e-02
8.82600000e+03 9.85457849e-01 1.50000000e-02
8.82800000e+03 9.71969568e-01 1.50000000e-02
8.83000000e+03 9.94271577e-01 1.50000000e-02
8.83200000e+03 9.89690600e-01 1.50000000e-02
8.83400000e+03 1.00741261e+00 1.50000000e-02
8.83600000e+03 9.77916063e-01 1.50000000e-02
8.83800000e+03 1.02147420e+00 1.50000000e-02
8.84000000e+03 1.00407901e+00 1.50000000e-02
8.84200000e+03 9.96281460e-01 1.50000000e-02
8.84400000e+03 9.89358650e-01 1.50000000e-02
8.84600000e+03 9.88191894e-01 1.50000000e-02
8.84800000e+03 9.83048693e-01 1.50000000e-02
8.85000000e+03 9.91834589e-01 1.50000000e-02
8.85200000e+03 1.00009076e+00 1.50000000e-02
8.85400000e+03 9.97339548e-01 1.50000000e-02
8.85600000e+03 9.78782682e-01 1.50000000e-02
8.85800000e+03 9.96012576e-01 1.50000000e-02
8.86000000e+03 9.86602256e-01 1.50000000e-02
8.86200000e+03 1.00239823e+00 1.50000000e-02
8.86400000e+03 1.02796978e+00 1.50000000e-02
8.86600000e+03 1.00937534e+00 1.50000000e-02
8.86800000e+03 9.95303201e-01 1.50000000e-02
8.87000000e+03 9.75626752e-01 1.50000000e-02
8.87200000e+03 9.78779135e-01 1.50000000e-02
8.87400000e+03 9.74699150e-01 1.50000000e-02
8.87600000e+03 1.01088953e+00 1.50000000e-02
8.87800000e+03 9.88523960e-01 1.50000000e-02
8.88000000e+03 1.00093900e+00 1.50000000e-02
8.88200000e+03 9.90669787e-01 1.50000000e-02
8.88400000e+03 1.00136795e+00 1.50000000e-02
8.88600000e+03 1.02102516e+00 1.50000000e-02
8.88800000e+03 9.89725811e-01 1.50000000e-02
8.89000000e+03 9.94885670e-01 1.50000000e-02
8.89200000e+03 9.87904841e-01 1.50000000e-02
8.89400000e+03 1.01311862e+00 1.50000000e-02
8.89600000e+03 9.84614242e-01 1.50000000e-02
8.89800000e+03 9.83005251e-01 1.50000000e-02
8.90000000e+03 9.79185056e-01 1.50000000e-02
8.90200000e+03 9.78872897e-01 1.50000000e-02
8.90400000e+03 1.00706342e+00 1.50000000e-02
8.90600000e+03 1.03853688e+00 1.50000000e-02
8.90800000e+03 9.85069355e-01 1.50000000e-02
8.91000000e+03 1.01427319e+00 1.50000000e-02
8.91200000e+03 1.00376661e+00 1.50000000e-02
8.91400000e+03 9.83469662e-01 1.50000000e-02
8.91600000e+03 9.95849507e-01 1.50000000e-02
8.91800000e+03 9.96506250e-01 1.50000000e-02
8.92000000e+03 9.89639472e-01 1.50000000e-02
8.92200000e+03 1.02895910e+00 1.50000000e-02
8.92400000e+03 9.71408191e-01 1.50000000e-02
8.92600000e+03 1.00571555e+00 1.50000000e-02
8.92800000e+03 1.00497287e+00 1.50000000e-02
8.93000000e+03 9.91305757e-01 1.50000000e-02
8.93200000e+03 1.00224254e+00 1.50000000e-02
8.93400000e+03 1.01316407e+00 1.50000000e-02
8.93600000e+03 1.00229103e+00 1.50000000e-02
8.93800000e+03 1.00625988e+00 1.50000000e-02
8.94000000e+03 1.01039368e+00 1.50000000e-02
8.94200000e+03 9.69519160e-01 1.50000000e-02
8.94400000e+03 1.02217567e+00 1.50000000e-02
8.94600000e+03 1.03417456e+00 1.50000000e-02
8.94800000e+03 1.01471193e+00 1.50000000e-02
8.95000000e+03 1.01520497e+00 1.50000000e-02
8.95200000e+03 9.78876295e-01 1.50000000e-02
8.95400000e+03 9.98223574e-01 1.50000000e-02
8.95600000e+03 9.87819343e-01 1.50000000e-02
8.95800000e+03 9.91192086e-01 1.50000000e-02
8.96000000e+03 1.01450555e+00 1.50000000e-02
8.96200000e+03 9.87941491e-01 1.50000000e-02
8.96400000e+03 9.98048481e-01 1.50000000e-02
8.96600000e+03 9.71371289e-01 1.50000000e-02
8.96800000e+03 9.97623520e-01 1.50000000e-02
8.97000000e+03 1.00135025e+00 1.50000000e-02
8.97200000e+03 9.89428147e-01 1.50000000e-02
8.97400000e+03 9.89201698e-01 1.50000000e-02
8.97600000e+03 1.02829634e+00 1.50000000e-02
8.97800000e+03 9.81853836e-01 1.50000000e-02
8.98000000e+03 9.84240744e-01 1.50000000e-02
8.98200000e+03 9.87864843e-01 1.50000000e-02
8.98400000e+03 1.01798229e+00 1.50000000e-02
8.98600000e+03 1.03152314e+00 1.50000000e-02
8.98800000e+03 1.00498264e+00 1.50000000e-02
8.99000000e+03 9.89240230e-01 1.50000000e-02
8.99200000e+03 9.93584015e-01 1.50000000e-02
8.99400000e+03 1.01597218e+00 1.50000000e-02
8.99600000e+03 9.86333982e-01 1.50000000e-02
8.99800000e+03 1.02179420e+00 1.50000000e-02
9.00000000e+03 1.02124867e+00 1.50000000e-02
9.00200000e+03 1.00105312e+00 1.50000000e-02
9.00400000e+03 1.00969195e+00 1.50000000e-02
9.00600000e+03 1.01124619e+00 1.50000000e-02
9.00800000e+03 1.02331315e+00 1.50000000e-02
9.01000000e+03 9.84228224e-01 1.50000000e-02
9.01200000e+03 1.01771807e+00 1.50000000e-02
9.01400000e+03 9.94371580e-01 1.50000000e-02
9.01600000e+03 9.88483585e-01 1.50000000e-02
9.01800000e+03 1.00154009e+00 1.50000000e-02
9.02000000e+03 9.96784836e-01 1.50000000e-02
9.02200000e+03 9.85187605e-01 1.50000000e-02
9.02400000e+03 9.76040044e-01 1.50000000e-02
9.02600000e+03 9.85868577e-01 1.50000000e-02
9.02800000e+03 1.02178536e+00 1.50000000e-02
9.03000000e+03 1.02943854e+00 1.50000000e-02
9.03200000e+03 1.00975175e+00 1.50000000e-02
9.03400000e+03 1.01778888e+00 1.50000000e-02
9.03600000e+03 9.92247506e-01 1.50000000e-02
9.03800000e+03 9.98842725e-01 1.50000000e-02
9.04000000e+03 1.00424147e+00 1.50000000e-02
9.04200000e+03 9.83780656e-01 1.50000000e-02
9.04400000e+03 9.85150837e-01 1.50000000e-02
9.04600000e+03 1.00145766e+00 1.50000000e-02
9.04800000e+03 9.95195441e-01 1.50000000e-02
9.05000000e+03 9.84046648e-01 1.50000000e-02
9.05200000e+03 1.00579798e+00 1.50000000e-02
9.05400000e+03 9.96050810e-01 1.50000000e-02
9.05600000e+03 1.01532031e+00 1.50000000e-02
9.05800000e+03 9.99922283e-01 1.50000000e-02
9.06000000e+03 9.95495403e-01 1.50000000e-02
9.06200000e+03 1.00191510e+00 1.50000000e-02
9.06400000e+03 9.97420248e-01 1.50000000e-02
9.06600000e+03 9.89979309e-01 1.50000000e-02
9.06800000e+03 9.93970659e-01 1.50000000e-02
9.07000000e+03 1.01124129e+00 1.50000000e-02
9.07200000e+03 1.00969775e+00 1.50000000e-02
9.07400000e+03 1.01929342e+00 1.50000000e-02
9.07600000e+03 9.74605091e-01 1.50000000e-02
9.07800000e+03 9.94103640e-01 1.50000000e-02
9.08000000e+03 9.93781370e-01 1.50000000e-02
9.08200000e+03 1.00257659e+00 1.50000000e-02
9.08400000e+03 9.93217641e-01 1.50000000e-02
9.08600000e+03 9.92302255e-01 1.50000000e-02
9.08800000e+03 1.01174462e+00 1.50000000e-02
9.09000000e+03 1.00267131e+00 1.50000000e-02
9.09200000e+03 9.82504540e-01 1.50000000e-02
9.09400000e+03 1.02001759e+00 1.50000000e-02
9.09600000e+03 1.01495128e+00 1.50000000e-02
9.09800000e+03 9.91390605e-01 1.50000000e-02
9.10000000e+03 1.01246921e+00 1.50000000e-02
9.10200000e+03 9.88972551e-01 1.50000000e-02
9.10400000e+03 1.01688548e+00 1.50000000e-02
9.10600000e+03 9.96732531e-01 1.50000000e-02
9.10800000e+03 9.87957364e-01 1.50000000e-02
9.11000000e+03 9.94403434e-01 1.50000000e-02
9.11200000e+03 9.88512544e-01 1.50000000e-02
9.11400000e+03 1.00288209e+00 1.50000000e-02
9.11600000e+03 1.00262658e+00 1.50000000e-02
9.11800000e+03 1.00053704e+00 1.50000000e-02
9.12000000e+03 9.91650768e-01 1.50000000e-02
9.12200000e+03 9.45083773e-01 1.50000000e-02
9.12400000e+03 1.00139253e+00 1.50000000e-02
9.12600000e+03 9.71556484e-01 1.50000000e-02
9.12800000e+03 1.00366283e+00 1.50000000e-02
9.13000000e+03 1.01696191e+00 1.50000000e-02
9.13200000e+03 1.00410828e+00 1.50000000e-02
9.13400000e+03 9.94158451e-01 1.50000000e-02
9.13600000e+03 9.97301836e-01 1.50000000e-02
9.13800000e+03 9.98004061e-01 1.50000000e-02
9.14000000e+03 9.91761376e-01 1.50000000e-02
9.14200000e+03 9.91243158e-01 1.50000000e-02
9.14400000e+03 9.86141561e-01 1.50000000e-02
9.14600000e+03 1.01782243e+00 1.50000000e-02
9.14800000e+03 9.99766701e-01 1.50000000e-02
9.15000000e+03 1.01434407e+00 1.50000000e-02
9.15200000e+03 9.96249234e-01 1.50000000e-02
9.15400000e+03 1.00108252e+00 1.50000000e-02
9.15600000e+03 9.97444260e-01 1.50000000e-02
9.15800000e+03 1.00694254e+00 1.50000000e-02
9.16000000e+03 1.01239953e+00 1.50000000e-02
9.16200000e+03 1.00359557e+00 1.50000000e-02
9.16400000e+03 9.89892758e-01 1.50000000e-02
9.16600000e+03 9.88300693e-01 1.50000000e-02
9.16800000e+03 1.02488756e+00 1.50000000e-02
9.17000000e+03 9.95799435e-01 1.50000000e-02
9.17200000e+03 9.95633468e-01 1.50000000e-02
9.17400000e+03 1.02197511e+00 1.50000000e-02
9.17600000e+03 1.01631792e+00 1.50000000e-02
9.17800000e+03 1.00800757e+00 1.50000000e-02
9.18000000e+03 9.94009052e-01 1.50000000e-02
9.18200000e+03 1.03529796e+00 1.50000000e-02
9.18400000e+03 1.00589461e+00 1.50000000e-02
9.18600000e+03 1.00820478e+00 1.50000000e-02
9.18800000e+03 9.97433408e-01 1.50000000e-02
9.19000000e+03 9.78785388e-01 1.50000000e-02
9.19200000e+03 9.79978569e-01 1.50000000e-02
9.19400000e+03 1.00610467e+00 1.50000000e-02
9.19600000e+03 1.00587744e+00 1.50000000e-02
9.19800000e+03 9.96400025e-01 1.50000000e-02
