# synthetic supernova IIn host_z=0.05 vacuum file-unit flux
4.50000000e+03 1.01579674e+00 1.50000000e-02
4.50200000e+03 1.02664737e+00 1.50000000e-02
4.50400000e+03 9.61700622e-01 1.50000000e-02
4.50600000e+03 9.97930524e-01 1.50000000e-02
4.50800000e+03 1.01520579e+00 1.50000000e-02
4.51000000e+03 1.02028213e+00 1.50000000e-02
4.51200000e+03 1.00980683e+00 1.50000000e-02
4.51400000e+03 1.02245677e+00 1.50000000e-02
4.51600000e+03 1.00434936e+00 1.50000000e-02
4.51800000e+03 1.00826901e+00 1.50000000e-02
4.52000000e+03 1.00268107e+00 1.50000000e-02
4.52200000e+03 9.83892119e-01 1.50000000e-02
4.52400000e+03 9.87300566e-01 1.50000000e-02
4.52600000e+03 1.00569376e+00 1.50000000e-02
4.52800000e+03 9.91297072e-01 1.50000000e-02
4.53000000e+03 1.01907327e+00 1.50000000e-02
4.53200000e+03 1.01938580e+00 1.50000000e-02
4.53400000e+03 1.02698180e+00 1.50000000e-02
4.53600000e+03 9.99608892e-01 1.50000000e-02
4.53800000e+03 1.02075565e+00 1.50000000e-02
4.54000000e+03 9.86412353e-01 1.50000000e-02
4.54200000e+03 9.87755279e-01 1.50000000e-02
4.54400000e+03 1.00121955e+00 1.50000000e-02
4.54600000e+03 1.00422146e+00 1.50000000e-02
4.54800000e+03 9.76015175e-01 1.50000000e-02
4.55000000e+03 9.74039137e-01 1.50000000e-02
4.55200000e+03 1.00532618e+00 1.50000000e-02
4.55400000e+03 9.87067179e-01 1.50000000e-02
4.55600000e+03 1.01812536e+00 1.50000000e-02
4.55800000e+03 1.00591819e+00 1.50000000e-02
4.56000000e+03 1.00460777e+00 1.50000000e-02
4.56200000e+03 1.00312664e+00 1.50000000e-02
4.56400000e+03 1.01343213e+00 1.50000000e-02
4.56600000e+03 9.97704308e-01 1.50000000e-02
4.56800000e+03 1.01628446e+00 1.50000000e-02
4.57000000e+03 9.92111285e-01 1.50000000e-02
4.57200000e+03 9.96625034e-01 1.50000000e-02
4.57400000e+03 9.89792422e-01 1.50000000e-02
4.57600000e+03 1.00896493e+00 1.50000000e-02
4.57800000e+03 1.00053826e+00 1.50000000e-02
4.58000000e+03 9.87065994e-01 1.50000000e-02
4.58200000e+03 1.03002820e+00 1.50000000e-02
4.58400000e+03 9.94544290e-01 1.50000000e-02
4.58600000e+03 9.98255503e-01 1.50000000e-02
4.58800000e+03 1.00591247e+00 1.50000000e-02
4.59000000e+03 1.02621476e+00 1.50000000e-02
4.59200000e+03 9.97774245e-01 1.50000000e-02
4.59400000e+03 1.01054775e+00 1.50000000e-02
4.59600000e+03 1.00148193e+00 1.50000000e-02
4.59800000e+03 9.78043095e-01 1.50000000e-02
4.60000000e+03 1.01187966e+00 1.50000000e-02
4.60200000e+03 1.01530959e+00 1.50000000e-02
4.60400000e+03 9.96400206e-01 1.50000000e-02
4.60600000e+03 9.99768455e-01 1.50000000e-02
4.60800000e+03 9.77480258e-01 1.50000000e-02
4.61000000e+03 9.77155720e-01 1.50000000e-02
4.61200000e+03 9.94127201e-01 1.50000000e-02
4.61400000e+03 1.00938900e+00 1.50000000e-02
4.61600000e+03 9.92956381e-01 1.50000000e-02
4.61800000e+03 1.00438034e+00 1.50000000e-02
4.62000000e+03 1.01451651e+00 1.50000000e-02
4.62200000e+03 1.00143644e+00 1.50000000e-02
4.62400000e+03 1.00861703e+00 1.50000000e-02
4.62600000e+03 1.02171810e+00 1.50000000e-02
4.62800000e+03 9.81309578e-01 1.50000000e-02
4.63000000e+03 1.01116113e+00 1.50000000e-02
4.63200000e+03 9.71729731e-01 1.50000000e-02
4.63400000e+03 1.00647464e+00 1.50000000e-02
4.63600000e+03 1.00304492e+00 1.50000000e-02
4.63800000e+03 9.91849979e-01 1.50000000e-02
4.64000000e+03 9.83840304e-01 1.50000000e-02
4.64200000e+03 9.99072534e-01 1.50000000e-02
4.64400000e+03 9.93846420e-01 1.50000000e-02
4.64600000e+03 1.00146432e+00 1.50000000e-02
4.64800000e+03 9.86382974e-01 1.50000000e-02
4.65000000e+03 1.00818291e+00 1.50000000e-02
4.65200000e+03 9.84462246e-01 1.50000000e-02
4.65400000e+03 9.95436471e-01 1.50000000e-02
4.65600000e+03 9.94120179e-01 1.50000000e-02
4.65800000e+03 1.01901831e+00 1.50000000e-02
4.66000000e+03 9.77564593e-01 1.50000000e-02
4.66200000e+03 9.93789643e-01 1.50000000e-02
4.66400000e+03 1.01773691e+00 1.50000000e-02
4.66600000e+03 9.90124881e-01 1.50000000e-02
4.66800000e+03 9.81407933e-01 1.50000000e-02
4.67000000e+03 1.00424262e+00 1.50000000e-02
4.67200000e+03 9.95649544e-01 1.50000000e-02
4.67400000e+03 1.01252132e+00 1.50000000e-02
4.67600000e+03 9.86194148e-01 1.50000000e-02
4.67800000e+03 1.00286379e+00 1.50000000e-02
4.68000000e+03 1.00999191e+00 1.50000000e-02
4.68200000e+03 1.01553583e+00 1.50000000e-02
4.68400000e+03 9.83407821e-01 1.50000000e-02
4.68600000e+03 1.02135683e+00 1.50000000e-02
4.68800000e+03 9.86489550e-01 1.50000000e-02
4.69000000e+03 9.77311742e-01 1.50000000e-02
4.69200000e+03 9.85681462e-01 1.50000000e-02
4.69400000e+03 1.00232274e+00 1.50000000e-02
4.69600000e+03 9.95173239e-01 1.50000000e-02
4.69800000e+03 1.00660683e+00 1.50000000e-02
4.70000000e+03 1.00743405e+00 1.50000000e-02
4.70200000e+03 1.00477217e+00 1.50000000e-02
4.70400000e+03 9.96182081e-01 1.50000000e-02
4.70600000e+03 1.02721117e+00 1.50000000e-02
4.70800000e+03 9.66759497e-01 1.50000000e-02
4.71000000e+03 9.73984764e-01 1.50000000e-02
4.71200000e+03 9.92396711e-01 1.50000000e-02
4.71400000e+03 9.81171741e-01 1.50000000e-02
4.71600000e+03 9.61661120e-01 1.50000000e-02
4.71800000e+03 9.88073972e-01 1.50000000e-02
4.72000000e+03 9.88761084e-01 1.50000000e-02
4.72200000e+03 9.63271760e-01 1.50000000e-02
4.72400000e+03 1.01288039e+00 1.50000000e-02
4.72600000e+03 1.01948668e+00 1.50000000e-02
4.72800000e+03 1.01851452e+00 1.50000000e-02
4.73000000e+03 9.92374890e-01 1.50000000e-02
4.73200000e+03 1.00221418e+00 1.50000000e-02
4.73400000e+03 9.83187846e-01 1.50000000e-02
4.73600000e+03 1.00309656e+00 1.50000000e-02
4.73800000e+03 9.89887370e-01 1.50000000e-02
4.74000000e+03 1.00614825e+00 1.50000000e-02
4.74200000e+03 9.94855416e-01 1.50000000e-02
4.74400000e+03 1.01550636e+00 1.50000000e-02
4.74600000e+03 1.01239912e+00 1.50000000e-02
4.74800000e+03 1.01858417e+00 1.50000000e-02
4.75000000e+03 9.75920564e-01 1.50000000e-02
4.75200000e+03 9.72705892e-01 1.50000000e-02
4.75400000e+03 1.00607113e+00 1.50000000e-02
4.75600000e+03 9.91342597e-01 1.50000000e-02
4.75800000e+03 1.00596743e+00 1.50000000e-02
4.76000000e+03 1.00448321e+00 1.50000000e-02
4.76200000e+03 1.00270322e+00 1.50000000e-02
4.76400000e+03 1.01378880e+00 1.50000000e-02
4.76600000e+03 1.00834925e+00 1.50000000e-02
4.76800000e+03 1.00708669e+00 1.50000000e-02
4.77000000e+03 9.86592702e-01 1.50000000e-02
4.77200000e+03 1.02586998e+00 1.50000000e-02
4.77400000e+03 1.00189920e+00 1.50000000e-02
4.77600000e+03 1.01660574e+00 1.50000000e-02
4.77800000e+03 1.00490601e+00 1.50000000e-02
4.78000000e+03 1.01904048e+00 1.50000000e-02
4.78200000e+03 1.00230303e+00 1.50000000e-02
4.78400000e+03 1.00326416e+00 1.50000000e-02
4.78600000e+03 1.00206720e+00 1.50000000e-02
4.78800000e+03 9.89369810e-01 1.50000000e-02
4.79000000e+03 9.91419753e-01 1.50000000e-02
4.79200000e+03 9.97795768e-01 1.50000000e-02
4.79400000e+03 9.98245278e-01 1.50000000e-02
4.79600000e+03 9.85259585e-01 1.50000000e-02
4.79800000e+03 1.03534850e+00 1.50000000e-02
4.80000000e+03 9.85279444e-01 1.50000000e-02
4.80200000e+03 9.95410021e-01 1.50000000e-02
4.80400000e+03 1.03667931e+00 1.50000000e-02
4.80600000e+03 9.90104681e-01 1.50000000e-02
4.80800000e+03 1.01148907e+00 1.50000000e-02
4.81000000e+03 1.00991326e+00 1.50000000e-02
4.81200000e+03 9.96879690e-01 1.50000000e-02
4.81400000e+03 9.78566065e-01 1.50000000e-02
4.81600000e+03 9.76704634e-01 1.50000000e-02
4.81800000e+03 9.99881242e-01 1.50000000e-02
4.82000000e+03 1.00631224e+00 1.50000000e-02
4.82200000e+03 9.67658208e-01 1.50000000e-02
4.82400000e+03 1.00229272e+00 1.50000000e-02
4.82600000e+03 9.90188154e-01 1.50000000e-02
4.82800000e+03 1.01342806e+00 1.50000000e-02
4.83000000e+03 1.00264543e+00 1.50000000e-02
4.83200000e+03 9.87978538e-01 1.50000000e-02
4.83400000e+03 9.93646972e-01 1.50000000e-02
4.83600000e+03 1.00072728e+00 1.50000000e-02
4.83800000e+03 1.02024725e+00 1.50000000e-02
4.84000000e+03 1.04576470e+00 1.50000000e-02
4.84200000e+03 1.00549623e+00 1.50000000e-02
4.84400000e+03 1.00195044e+00 1.50000000e-02
4.84600000e+03 1.01069070e+00 1.50000000e-02
4.84800000e+03 1.00068885e+00 1.50000000e-02
4.85000000e+03 1.01065642e+00 1.50000000e-02
4.85200000e+03 1.00703574e+00 1.50000000e-02
4.85400000e+03 1.00131184e+00 1.50000000e-02
4.85600000e+03 9.89402955e-01 1.50000000e-02
4.85800000e+03 1.00374572e+00 1.50000000e-02
4.86000000e+03 1.01491519e+00 1.50000000e-02
4.86200000e+03 1.00251860e+00 1.50000000e-02
4.86400000e+03 1.02412110e+00 1.50000000e-02
4.86600000e+03 1.01556032e+00 1.50000000e-02
4.86800000e+03 9.99478857e-01 1.50000000e-02
4.87000000e+03 1.02753697e+00 1.50000000e-02
4.87200000e+03 9.84607121e-01 1.50000000e-02
4.87400000e+03 1.01906351e+00 1.50000000e-02
4.87600000e+03 1.02936151e+00 1.50000000e-02
4.87800000e+03 9.97736289e-01 1.50000000e-02
4.88000000e+03 1.00002708e+00 1.50000000e-02
4.88200000e+03 1.01565973e+00 1.50000000e-02
4.88400000e+03 1.02308874e+00 1.50000000e-02
4.88600000e+03 1.00829253e+00 1.50000000e-02
4.88800000e+03 1.00532603e+00 1.50000000e-02
4.89000000e+03 1.01550692e+00 1.50000000e-02
4.89200000e+03 1.00567294e+00 1.50000000e-02
4.89400000e+03 9.83656646e-01 1.50000000e-02
4.89600000e+03 9.98964876e-01 1.50000000e-02
4.89800000e+03 1.00156317e+00 1.50000000e-02
4.90000000e+03 9.79289926e-01 1.50000000e-02
4.90200000e+03 1.00777928e+00 1.50000000e-02
4.90400000e+03 9.90651934e-01 1.50000000e-02
4.90600000e+03 1.01292074e+00 1.50000000e-02
4.90800000e+03 9.79434969e-01 1.50000000e-02
4.91000000e+03 9.88093584e-01 1.50000000e-02
4.91200000e+03 9.79904672e-01 1.50000000e-02
4.91400000e+03 1.02103340e+00 1.50000000e-02
4.91600000e+03 1.02087662e+00 1.50000000e-02
4.91800000e+03 1.02379323e+00 1.50000000e-02
4.92000000e+03 1.02389851e+00 1.50000000e-02
4.92200000e+03 1.01532944e+00 1.50000000e-02
4.92400000e+03 1.01517995e+00 1.50000000e-02
4.92600000e+03 9.76285294e-01 1.50000000e-02
4.92800000e+03 1.00669937e+00 1.50000000e-02
4.93000000e+03 9.94267490e-01 1.50000000e-02
4.93200000e+03 9.96950841e-01 1.50000000e-02
4.93400000e+03 9.83343678e-01 1.50000000e-02
4.93600000e+03 1.02147566e+00 1.50000000e-02
4.93800000e+03 1.00415721e+00 1.50000000e-02
4.94000000e+03 9.79482525e-01 1.50000000e-02
4.94200000e+03 1.00938884e+00 1.50000000e-02
4.94400000e+03 1.00046484e+00 1.50000000e-02
4.94600000e+03 9.85817863e-01 1.50000000e-02
4.94800000e+03 9.96780466e-01 1.50000000e-02
4.95000000e+03 9.89491382e-01 1.50000000e-02
4.95200000e+03 9.66511716e-01 1.50000000e-02
4.95400000e+03 9.77896265e-01 1.50000000e-02
4.95600000e+03 1.00819226e+00 1.50000000e-02
4.95800000e+03 1.00559441e+00 1.50000000e-02
4.96000000e+03 1.00434369e+00 1.50000000e-02
4.96200000e+03 9.82498601e-01 1.50000000e-02
4.96400000e+03 9.91082486e-01 1.50000000e-02
4.96600000e+03 1.00098532e+00 1.50000000e-02
4.96800000e+03 1.01035918e+00 1.50000000e-02
4.97000000e+03 9.87354820e-01 1.50000000e-02
4.97200000e+03 9.84100741e-01 1.50000000e-02
4.97400000e+03 1.01709706e+00 1.50000000e-02
4.97600000e+03 1.00099835e+00 1.50000000e-02
4.97800000e+03 9.94286075e-01 1.50000000e-02
4.98000000e+03 9.88897411e-01 1.50000000e-02
4.98200000e+03 9.90135614e-01 1.50000000e-02
4.98400000e+03 1.02376908e+00 1.50000000e-02
4.98600000e+03 1.01454068e+00 1.50000000e-02
4.98800000e+03 9.93733441e-01 1.50000000e-02
4.99000000e+03 9.81191859e-01 1.50000000e-02
4.99200000e+03 1.02510231e+00 1.50000000e-02
4.99400000e+03 1.02355372e+00 1.50000000e-02
4.99600000e+03 1.01806218e+00 1.50000000e-02
4.99800000e+03 1.01262319e+00 1.50000000e-02
5.00000000e+03 9.71693618e-01 1.50000000e-02
5.00200000e+03 9.80633206e-01 1.50000000e-02
5.00400000e+03 1.00847409e+00 1.50000000e-02
5.00600000e+03 9.95726272e-01 1.50000000e-02
5.00800000e+03 1.00383198e+00 1.50000000e-02
5.01000000e+03 9.92118288e-01 1.50000000e-02
5.01200000e+03 9.90144846e-01 1.50000000e-02
5.01400000e+03 1.00830011e+00 1.50000000e-02
5.01600000e+03 9.93989704e-01 1.50000000e-02
5.01800000e+03 9.99958748e-01 1.50000000e-02
5.02000000e+03 1.00383061e+00 1.50000000e-02
5.02200000e+03 1.00347472e+00 1.50000000e-02
5.02400000e+03 1.01737947e+00 1.50000000e-02
5.02600000e+03 1.02052413e+00 1.50000000e-02
5.02800000e+03 9.79473356e-01 1.50000000e-02
5.03000000e+03 9.95957831e-01 1.50000000e-02
5.03200000e+03 9.90267544e-01 1.50000000e-02
5.03400000e+03 1.01129931e+00 1.50000000e-02
5.03600000e+03 9.83945883e-01 1.50000000e-02
5.03800000e+03 1.01159833e+00 1.50000000e-02
5.04000000e+03 1.01047558e+00 1.50000000e-02
5.04200000e+03 1.00863497e+00 1.50000000e-02
5.04400000e+03 9.85359184e-01 1.50000000e-02
5.04600000e+03 9.96734696e-01 1.50000000e-02
5.04800000e+03 9.83749859e-01 1.50000000e-02
5.05000000e+03 1.00590860e+00 1.50000000e-02
5.05200000e+03 1.01428113e+00 1.50000000e-02
5.05400000e+03 9.77140941e-01 1.50000000e-02
5.05600000e+03 9.87550185e-01 1.50000000e-02
5.05800000e+03 9.97502426e-01 1.50000000e-02
5.06000000e+03 9.91986368e-01 1.50000000e-02
5.06200000e+03 1.02235052e+00 1.50000000e-02
5.06400000e+03 9.97774485e-01 1.50000000e-02
5.06600000e+03 1.00374423e+00 1.50000000e-02
5.06800000e+03 9.83279746e-01 1.50000000e-02
5.07000000e+03 1.02310272e+00 1.50000000e-02
5.07200000e+03 1.00244277e+00 1.50000000e-02
5.07400000e+03 1.01156665e+00 1.50000000e-02
5.07600000e+03 1.00126189e+00 1.50000000e-02
5.07800000e+03 9.68147564e-01 1.50000000e-02
5.08000000e+03 9.75990418e-01 1.50000000e-02
5.08200000e+03 9.80639967e-01 1.50000000e-02
5.08400000e+03 1.00703109e+00 1.50000000e-02
5.08600000e+03 9.92317341e-01 1.50000000e-02
5.08800000e+03 1.00639506e+00 1.50000000e-02
5.09000000e+03 1.00427165e+00 1.50000000e-02
5.09200000e+03 1.00371194e+00 1.50000000e-02
5.09400000e+03 1.01375721e+00 1.50000000e-02
5.09600000e+03 1.00270807e+00 1.50000000e-02
5.09800000e+03 9.75345123e-01 1.50000000e-02
5.10000000e+03 9.89786954e-01 1.50000000e-02
5.10200000e+03 1.02488901e+00 1.50000000e-02
5.10400000e+03 9.83895025e-01 1.50000000e-02
5.10600000e+03 1.02042997e+00 1.50000000e-02
5.10800000e+03 1.02478629e+00 1.50000000e-02
5.11000000e+03 9.91073413e-01 1.50000000e-02
5.11200000e+03 1.00516373e+00 1.50000000e-02
5.11400000e+03 9.78964205e-01 1.50000000e-02
5.11600000e+03 1.01158420e+00 1.50000000e-02
5.11800000e+03 9.88332590e-01 1.50000000e-02
5.12000000e+03 9.80343266e-01 1.50000000e-02
5.12200000e+03 9.94104421e-01 1.50000000e-02
5.12400000e+03 9.93139183e-01 1.50000000e-02
5.12600000e+03 9.91220162e-01 1.50000000e-02
5.12800000e+03 1.00294394e+00 1.50000000e-02
5.13000000e+03 9.97465191e-01 1.50000000e-02
5.13200000e+03 9.90047794e-01 1.50000000e-02
5.13400000e+03 1.01423197e+00 1.50000000e-02
5.13600000e+03 1.03632271e+00 1.50000000e-02
5.13800000e+03 1.00097565e+00 1.50000000e-02
5.14000000e+03 9.89433951e-01 1.50000000e-02
5.14200000e+03 9.85108375e-01 1.50000000e-02
5.14400000e+03 1.00884937e+00 1.50000000e-02
5.14600000e+03 9.96151688e-01 1.50000000e-02
5.14800000e+03 1.00022585e+00 1.50000000e-02
5.15000000e+03 9.70079378e-01 1.50000000e-02
5.15200000e+03 9.83019038e-01 1.50000000e-02
5.15400000e+03 9.82566278e-01 1.50000000e-02
5.15600000e+03 1.01415502e+00 1.50000000e-02
5.15800000e+03 9.95944828e-01 1.50000000e-02
5.16000000e+03 9.62717030e-01 1.50000000e-02
5.16200000e+03 1.00722845e+00 1.50000000e-02
5.16400000e+03 1.01698747e+00 1.50000000e-02
5.16600000e+03 1.01956256e+00 1.50000000e-02
5.16800000e+03 9.57972522e-01 1.50000000e-02
5.17000000e+03 1.00229109e+00 1.50000000e-02
5.17200000e+03 1.01216793e+00 1.50000000e-02
5.17400000e+03 1.00908463e+00 1.50000000e-02
5.17600000e+03 9.96459929e-01 1.50000000e-02
5.17800000e+03 9.72979920e-01 1.50000000e-02
5.18000000e+03 9.93495865e-01 1.50000000e-02
5.18200000e+03 9.95148037e-01 1.50000000e-02
5.18400000e+03 1.00860807e+00 1.50000000e-02
5.18600000e+03 1.00959587e+00 1.50000000e-02
5.18800000e+03 9.96360160e-01 1.50000000e-02
5.19000000e+03 1.01270651e+00 1.50000000e-02
5.19200000e+03 9.84150709e-01 1.50000000e-02
5.19400000e+03 9.89760434e-01 1.50000000e-02
5.19600000e+03 9.99534257e-01 1.50000000e-02
5.19800000e+03 1.00860387e+00 1.50000000e-02
5.20000000e+03 9.95167717e-01 1.50000000e-02
5.20200000e+03 1.01845970e+00 1.50000000e-02
5.20400000e+03 1.00616360e+00 1.50000000e-02
5.20600000e+03 9.85762813e-01 1.50000000e-02
5.20800000e+03 1.00128382e+00 1.50000000e-02
5.21000000e+03 9.86687444e-01 1.50000000e-02
5.21200000e+03 9.85561542e-01 1.50000000e-02
5.21400000e+03 9.78589039e-01 1.50000000e-02
5.21600000e+03 1.02096357e+00 1.50000000e-02
5.21800000e+03 1.01364121e+00 1.50000000e-02
5.22000000e+03 9.75991338e-01 1.50000000e-02
5.22200000e+03 1.01669373e+00 1.50000000e-02
5.22400000e+03 1.01441435e+00 1.50000000e-02
5.22600000e+03 9.94549695e-01 1.50000000e-02
5.22800000e+03 1.00760783e+00 1.50000000e-02
5.23000000e+03 1.03367446e+00 1.50000000e-02
5.23200000e+03 1.00429346e+00 1.50000000e-02
5.23400000e+03 1.00632847e+00 1.50000000e-02
5.23600000e+03 1.01683531e+00 1.50000000e-02
5.23800000e+03 9.84480089e-01 1.50000000e-02
5.24000000e+03 9.81011158e-01 1.50000000e-02
5.24200000e+03 9.78858852e-01 1.50000000e-02
5.24400000e+03 9.98842425e-01 1.50000000e-02
5.24600000e+03 1.01309145e+00 1.50000000e-02
5.24800000e+03 9.87118706e-01 1.50000000e-02
5.25000000e+03 9.79462197e-01 1.50000000e-02
5.25200000e+03 1.00325866e+00 1.50000000e-02
5.25400000e+03 9.94758779e-01 1.50000000e-02
5.25600000e+03 1.00944568e+00 1.50000000e-02
5.25800000e+03 9.98527551e-01 1.50000000e-02
5.26000000e+03 9.97766480e-01 1.50000000e-02
5.26200000e+03 9.99304955e-01 1.50000000e-02
5.26400000e+03 1.00113255e+00 1.50000000e-02
5.26600000e+03 9.86166074e-01 1.50000000e-02
5.26800000e+03 9.83774549e-01 1.50000000e-02
5.27000000e+03 1.02447789e+00 1.50000000e-02
5.27200000e+03 1.04700936e+00 1.50000000e-02
5.27400000e+03 1.01748204e+00 1.50000000e-02
5.27600000e+03 9.76249496e-01 1.50000000e-02
5.27800000e+03 1.00116892e+00 1.50000000e-02
5.28000000e+03 1.01858101e+00 1.50000000e-02
5.28200000e+03 9.76442078e-01 1.50000000e-02
5.28400000e+03 9.93458649e-01 1.50000000e-02
5.28600000e+03 9.94644661e-01 1.50000000e-02
5.28800000e+03 9.87046656e-01 1.50000000e-02
5.29000000e+03 9.88233907e-01 1.50000000e-02
5.29200000e+03 1.01602050e+00 1.50000000e-02
5.29400000e+03 9.94039077e-01 1.50000000e-02
5.29600000e+03 9.97411547e-01 1.50000000e-02
5.29800000e+03 1.02660471e+00 1.50000000e-02
5.30000000e+03 9.88090718e-01 1.50000000e-02
5.30200000e+03 9.72106361e-01 1.50000000e-02
5.30400000e+03 1.01057536e+00 1.50000000e-02
5.30600000e+03 1.03106448e+00 1.50000000e-02
5.30800000e+03 1.00401797e+00 1.50000000e-02
5.31000000e+03 1.00545193e+00 1.50000000e-02
5.31200000e+03 9.81519219e-01 1.50000000e-02
5.31400000e+03 9.86769500e-01 1.50000000e-02
5.31600000e+03 1.02283476e+00 1.50000000e-02
5.31800000e+03 1.01974106e+00 1.50000000e-02
5.32000000e+03 1.00965441e+00 1.50000000e-02
5.32200000e+03 9.91155812e-01 1.50000000e-02
5.32400000e+03 9.82882814e-01 1.50000000e-02
5.32600000e+03 9.85024947e-01 1.50000000e-02
5.32800000e+03 9.83075160e-01 1.50000000e-02
5.33000000e+03 1.00983698e+00 1.50000000e-02
5.33200000e+03 9.88751215e-01 1.50000000e-02
5.33400000e+03 9.93075863e-01 1.50000000e-02
5.33600000e+03 1.01087217e+00 1.50000000e-02
5.33800000e+03 1.01051309e+00 1.50000000e-02
5.34000000e+03 1.00108325e+00 1.50000000e-02
5.34200000e+03 1.00747070e+00 1.50000000e-02
5.34400000e+03 1.00030759e+00 1.50000000e-02
5.34600000e+03 9.71117451e-01 1.50000000e-02
5.34800000e+03 9.98960657e-01 1.50000000e-02
5.35000000e+03 9.93733637e-01 1.50000000e-02
5.35200000e+03 9.94725400e-01 1.50000000e-02
5.35400000e+03 1.00367908e+00 1.50000000e-02
5.35600000e+03 9.91532714e-01 1.50000000e-02
5.35800000e+03 1.01840987e+00 1.50000000e-02
5.36000000e+03 9.97457476e-01 1.50000000e-02
5.36200000e+03 1.00252371e+00 1.50000000e-02
5.36400000e+03 1.00498041e+00 1.50000000e-02
5.36600000e+03 9.97430278e-01 1.50000000e-02
5.36800000e+03 1.00975253e+00 1.50000000e-02
5.37000000e+03 1.01139227e+00 1.50000000e-02
5.37200000e+03 1.00950623e+00 1.50000000e-02
5.37400000e+03 9.89324682e-01 1.50000000e-02
5.37600000e+03 9.86319671e-01 1.50000000e-02
5.37800000e+03 9.90755705e-01 1.50000000e-02
5.38000000e+03 9.99898005e-01 1.50000000e-02
5.38200000e+03 9.71647011e-01 1.50000000e-02
5.38400000e+03 9.87029164e-01 1.50000000e-02
5.38600000e+03 9.82404611e-01 1.50000000e-02
5.38800000e+03 9.89542265e-01 1.50000000e-02
5.39000000e+03 9.85783527e-01 1.50000000e-02
5.39200000e+03 1.01188738e+00 1.50000000e-02
5.39400000e+03 1.00636550e+00 1.50000000e-02
5.39600000e+03 1.01403359e+00 1.50000000e-02
5.39800000e+03 9.84791005e-01 1.50000000e-02
5.40000000e+03 9.87931277e-01 1.50000000e-02
5.40200000e+03 9.95164901e-01 1.50000000e-02
5.40400000e+03 1.02457225e+00 1.50000000e-02
5.40600000e+03 1.02491819e+00 1.50000000e-02
5.40800000e+03 9.90417681e-01 1.50000000e-02
5.41000000e+03 1.00920033e+00 1.50000000e-02
5.41200000e+03 1.03203220e+00 1.50000000e-02
5.41400000e+03 9.84339142e-01 1.50000000e-02
5.41600000e+03 9.96955571e-01 1.50000000e-02
5.41800000e+03 1.01934930e+00 1.50000000e-02
5.42000000e+03 1.01071899e+00 1.50000000e-02
5.42200000e+03 9.84914339e-01 1.50000000e-02
5.42400000e+03 1.02270987e+00 1.50000000e-02
5.42600000e+03 1.01466305e+00 1.50000000e-02
5.42800000e+03 1.01030605e+00 1.50000000e-02
5.43000000e+03 9.81264792e-01 1.50000000e-02
5.43200000e+03 9.97434952e-01 1.50000000e-02
5.43400000e+03 1.01972726e+00 1.50000000e-02
5.43600000e+03 1.00731155e+00 1.50000000e-02
5.43800000e+03 1.01193910e+00 1.50000000e-02
5.44000000e+03 9.95930085e-01 1.50000000e-02
5.44200000e+03 1.02265557e+00 1.50000000e-02
5.44400000e+03 9.96330416e-01 1.50000000e-02
5.44600000e+03 1.01381849e+00 1.50000000e-02
5.44800000e+03 1.00481958e+00 1.50000000e-02
5.45000000e+03 9.85474916e-01 1.50000000e-02
5.45200000e+03 1.02226184e+00 1.50000000e-02
5.45400000e+03 9.81034382e-01 1.50000000e-02
5.45600000e+03 9.88898297e-01 1.50000000e-02
5.45800000e+03 1.00208320e+00 1.50000000e-02
5.46000000e+03 9.78845926e-01 1.50000000e-02
5.46200000e+03 9.72819770e-01 1.50000000e-02
5.46400000e+03 9.98148245e-01 1.50000000e-02
5.46600000e+03 9.93488701e-01 1.50000000e-02
5.46800000e+03 9.95758386e-01 1.50000000e-02
5.47000000e+03 1.00741477e+00 1.50000000e-02
5.47200000e+03 1.03380116e+00 1.50000000e-02
5.47400000e+03 9.93589404e-01 1.50000000e-02
5.47600000e+03 1.03659453e+00 1.50000000e-02
5.47800000e+03 1.00344830e+00 1.50000000e-02
5.48000000e+03 9.98356066e-01 1.50000000e-02
5.48200000e+03 9.59201498e-01 1.50000000e-02
5.48400000e+03 9.76747988e-01 1.50000000e-02
5.48600000e+03 1.00362308e+00 1.50000000e-02
5.48800000e+03 1.00801636e+00 1.50000000e-02
5.49000000e+03 9.87106747e-01 1.50000000e-02
5.49200000e+03 1.00412330e+00 1.50000000e-02
5.49400000e+03 1.01303986e+00 1.50000000e-02
5.49600000e+03 9.91036296e-01 1.50000000e-02
5.49800000e+03 9.75143480e-01 1.50000000e-02
5.50000000e+03 9.84728072e-01 1.50000000e-02
5.50200000e+03 9.94905058e-01 1.50000000e-02
5.50400000e+03 1.00371102e+00 1.50000000e-02
5.50600000e+03 1.01107733e+00 1.50000000e-02
5.50800000e+03 9.85496379e-01 1.50000000e-02
5.51000000e+03 9.99933694e-01 1.50000000e-02
5.51200000e+03 9.95510265e-01 1.50000000e-02
5.51400000e+03 9.99927780e-01 1.50000000e-02
5.51600000e+03 1.01594317e+00 1.50000000e-02
5.51800000e+03 1.01888440e+00 1.50000000e-02
5.52000000e+03 9.92260275e-01 1.50000000e-02
5.52200000e+03 9.90294053e-01 1.50000000e-02
5.52400000e+03 9.89051270e-01 1.50000000e-02
5.52600000e+03 9.91518477e-01 1.50000000e-02
5.52800000e+03 9.93218987e-01 1.50000000e-02
5.53000000e+03 9.96896301e-01 1.50000000e-02
5.53200000e+03 9.91877660e-01 1.50000000e-02
5.53400000e+03 9.83352147e-01 1.50000000e-02
5.53600000e+03 9.81904576e-01 1.50000000e-02
5.53800000e+03 1.00032616e+00 1.50000000e-02
5.54000000e+03 1.03612679e+00 1.50000000e-02
5.54200000e+03 1.00786046e+00 1.50000000e-02
5.54400000e+03 1.00923894e+00 1.50000000e-02
5.54600000e+03 1.00475920e+00 1.50000000e-02
5.54800000e+03 9.97087527e-01 1.50000000e-02
5.55000000e+03 1.02955300e+00 1.50000000e-02
5.55200000e+03 9.94797379e-01 1.50000000e-02
5.55400000e+03 9.84878699e-01 1.50000000e-02
5.55600000e+03 9.80964094e-01 1.50000000e-02
5.55800000e+03 1.00229453e+00 1.50000000e-02
5.56000000e+03 9.84536507e-01 1.50000000e-02
5.56200000e+03 9.86396446e-01 1.50000000e-02
5.56400000e+03 9.86450403e-01 1.50000000e-02
5.56600000e+03 9.79753276e-01 1.50000000e-02
5.56800000e+03 1.00201973e+00 1.50000000e-02
5.57000000e+03 9.74296375e-01 1.50000000e-02
5.57200000e+03 1.03376371e+00 1.50000000e-02
5.57400000e+03 9.58047566e-01 1.50000000e-02
5.57600000e+03 9.78594619e-01 1.50000000e-02
5.57800000e+03 1.00049132e+00 1.50000000e-02
5.58000000e+03 1.00584674e+00 1.50000000e-02
5.58200000e+03 9.94451318e-01 1.50000000e-02
5.58400000e+03 1.00391878e+00 1.50000000e-02
5.58600000e+03 1.00231577e+00 1.50000000e-02
5.58800000e+03 1.00163458e+00 1.50000000e-02
5.59000000e+03 1.00856695e+00 1.50000000e-02
5.59200000e+03 1.00347878e+00 1.50000000e-02
5.59400000e+03 9.98369625e-01 1.50000000e-02
5.59600000e+03 9.97783397e-01 1.50000000e-02
5.59800000e+03 1.01319848e+00 1.50000000e-02
5.60000000e+03 9.97191255e-01 1.50000000e-02
5.60200000e+03 1.00854334e+00 1.50000000e-02
5.60400000e+03 1.02373159e+00 1.50000000e-02
5.60600000e+03 1.00583345e+00 1.50000000e-02
5.60800000e+03 1.01819386e+00 1.50000000e-02
5.61000000e+03 9.93618713e-01 1.50000000e-02
5.61200000e+03 1.00420016e+00 1.50000000e-02
5.61400000e+03 1.00777824e+00 1.50000000e-02
5.61600000e+03 1.00359504e+00 1.50000000e-02
5.61800000e+03 1.00733677e+00 1.50000000e-02
5.62000000e+03 1.02123475e+00 1.50000000e-02
5.62200000e+03 9.95391054e-01 1.50000000e-02
5.62400000e+03 9.90056510e-01 1.50000000e-02
5.62600000e+03 1.00501320e+00 1.50000000e-02
5.62800000e+03 9.78208775e-01 1.50000000e-02
5.63000000e+03 9.99844396e-01 1.50000000e-02
5.63200000e+03 1.01791350e+00 1.50000000e-02
5.63400000e+03 9.99839868e-01 1.50000000e-02
5.63600000e+03 1.00820827e+00 1.50000000e-02
5.63800000e+03 1.00576330e+00 1.50000000e-02
5.64000000e+03 1.01804022e+00 1.50000000e-02
5.64200000e+03 1.00759413e+00 1.50000000e-02
5.64400000e+03 1.00304669e+00 1.50000000e-02
5.64600000e+03 9.50036253e-01 1.50000000e-02
5.64800000e+03 9.92117179e-01 1.50000000e-02
5.65000000e+03 1.01058372e+00 1.50000000e-02
5.65200000e+03 9.97732754e-01 1.50000000e-02
5.65400000e+03 9.88603494e-01 1.50000000e-02
5.65600000e+03 1.01336668e+00 1.50000000e-02
5.65800000e+03 9.86492271e-01 1.50000000e-02
5.66000000e+03 9.94562852e-01 1.50000000e-02
5.66200000e+03 1.00988699e+00 1.50000000e-02
5.66400000e+03 9.91852133e-01 1.50000000e-02
5.66600000e+03 1.00212023e+00 1.50000000e-02
5.66800000e+03 9.99221997e-01 1.50000000e-02
5.67000000e+03 9.81442840e-01 1.50000000e-02
5.67200000e+03 9.91481589e-01 1.50000000e-02
5.67400000e+03 9.93846571e-01 1.50000000e-02
5.67600000e+03 9.89564083e-01 1.50000000e-02
5.67800000e+03 1.01563151e+00 1.50000000e-02
5.68000000e+03 9.98844007e-01 1.50000000e-02
5.68200000e+03 9.89553889e-01 1.50000000e-02
5.68400000e+03 9.78260900e-01 1.50000000e-02
5.68600000e+03 9.94231935e-01 1.50000000e-02
5.68800000e+03 1.01869867e+00 1.50000000e-02
5.69000000e+03 9.94435999e-01 1.50000000e-02
5.69200000e+03 1.01031954e+00 1.50000000e-02
5.69400000e+03 1.00576199e+00 1.50000000e-02
5.69600000e+03 9.91190094e-01 1.50000000e-02
5.69800000e+03 9.84690379e-01 1.50000000e-02
5.70000000e+03 1.00704680e+00 1.50000000e-02
5.70200000e+03 9.73712862e-01 1.50000000e-02
5.70400000e+03 1.00752943e+00 1.50000000e-02
5.70600000e+03 9.81180089e-01 1.50000000e-02
5.70800000e+03 1.01185367e+00 1.50000000e-02
5.71000000e+03 9.93167334e-01 1.50000000e-02
5.71200000e+03 9.97753522e-01 1.50000000e-02
5.71400000e+03 1.01486374e+00 1.50000000e-02
5.71600000e+03 9.84120669e-01 1.50000000e-02
5.71800000e+03 9.99910188e-01 1.50000000e-02
5.72000000e+03 9.94414395e-01 1.50000000e-02
5.72200000e+03 1.00683108e+00 1.50000000e-02
5.72400000e+03 1.00999560e+00 1.50000000e-02
5.72600000e+03 1.00353947e+00 1.50000000e-02
5.72800000e+03 1.00235235e+00 1.50000000e-02
5.73000000e+03 9.93200104e-01 1.50000000e-02
5.73200000e+03 1.00835176e+00 1.50000000e-02
5.73400000e+03 9.95765377e-01 1.50000000e-02
5.73600000e+03 1.00125104e+00 1.50000000e-02
5.73800000e+03 1.00209638e+00 1.50000000e-02
5.74000000e+03 9.78962668e-01 1.50000000e-02
5.74200000e+03 9.82413741e-01 1.50000000e-02
5.74400000e+03 1.00266632e+00 1.50000000e-02
5.74600000e+03 9.99105462e-01 1.50000000e-02
5.74800000e+03 1.01816794e+00 1.50000000e-02
5.75000000e+03 9.63004172e-01 1.50000000e-02
5.75200000e+03 1.00257184e+00 1.50000000e-02
5.75400000e+03 1.01574871e+00 1.50000000e-02
5.75600000e+03 1.00082931e+00 1.50000000e-02
5.75800000e+03 1.01116074e+00 1.50000000e-02
5.76000000e+03 9.99799988e-01 1.50000000e-02
5.76200000e+03 9.98664087e-01 1.50000000e-02
5.76400000e+03 1.01302059e+00 1.50000000e-02
5.76600000e+03 9.80175273e-01 1.50000000e-02
5.76800000e+03 9.66017930e-01 1.50000000e-02
5.77000000e+03 1.00666079e+00 1.50000000e-02
5.77200000e+03 1.00136933e+00 1.50000000e-02
5.77400000e+03 1.00124153e+00 1.50000000e-02
5.77600000e+03 1.00382831e+00 1.50000000e-02
5.77800000e+03 1.00890139e+00 1.50000000e-02
5.78000000e+03 9.92624955e-01 1.50000000e-02
5.78200000e+03 1.00660617e+00 1.50000000e-02
5.78400000e+03 1.00426034e+00 1.50000000e-02
5.78600000e+03 9.82450470e-01 1.50000000e-02
5.78800000e+03 9.97340274e-01 1.50000000e-02
5.79000000e+03 1.00366259e+00 1.50000000e-02
5.79200000e+03 9.87822706e-01 1.50000000e-02
5.79400000e+03 1.01517166e+00 1.50000000e-02
5.79600000e+03 9.95146786e-01 1.50000000e-02
5.79800000e+03 1.01164005e+00 1.50000000e-02
5.80000000e+03 1.02136996e+00 1.50000000e-02
5.80200000e+03 9.77633763e-01 1.50000000e-02
5.80400000e+03 9.79913443e-01 1.50000000e-02
5.80600000e+03 1.00848796e+00 1.50000000e-02
5.80800000e+03 9.96905234e-01 1.50000000e-02
5.81000000e+03 1.00744557e+00 1.50000000e-02
5.81200000e+03 1.02556939e+00 1.50000000e-02
5.81400000e+03 9.92553829e-01 1.50000000e-02
5.81600000e+03 1.01267005e+00 1.50000000e-02
5.81800000e+03 9.95981329e-01 1.50000000e-02
5.82000000e+03 9.90215806e-01 1.50000000e-02
5.82200000e+03 1.00690635e+00 1.50000000e-02
5.82400000e+03 1.00371168e+00 1.50000000e-02
5.82600000e+03 1.01596430e+00 1.50000000e-02
5.82800000e+03 1.00455285e+00 1.50000000e-02
5.83000000e+03 1.01294416e+00 1.50000000e-02
5.83200000e+03 1.00773180e+00 1.50000000e-02
5.83400000e+03 9.74476590e-01 1.50000000e-02
5.83600000e+03 9.94535290e-01 1.50000000e-02
5.83800000e+03 9.95140113e-01 1.50000000e-02
5.84000000e+03 1.01328907e+00 1.50000000e-02
5.84200000e+03 9.84304917e-01 1.50000000e-02
5.84400000e+03 1.00280260e+00 1.50000000e-02
5.84600000e+03 9.93830383e-01 1.50000000e-02
5.84800000e+03 9.72840102e-01 1.50000000e-02
5.85000000e+03 9.97740785e-01 1.50000000e-02
5.85200000e+03 1.00954429e+00 1.50000000e-02
5.85400000e+03 9.94544810e-01 1.50000000e-02
5.85600000e+03 1.01388429e+00 1.50000000e-02
5.85800000e+03 1.00580424e+00 1.50000000e-02
5.86000000e+03 1.00470375e+00 1.50000000e-02
5.86200000e+03 9.92405190e-01 1.50000000e-02
5.86400000e+03 9.97605094e-01 1.50000000e-02
5.86600000e+03 1.00701860e+00 1.50000000e-02
5.86800000e+03 1.00038588e+00 1.50000000e-02
5.87000000e+03 9.81650150e-01 1.50000000e-02
5.87200000e+03 9.97442665e-01 1.50000000e-02
5.87400000e+03 1.00599929e+00 1.50000000e-02
5.87600000e+03 1.01685183e+00 1.50000000e-02
5.87800000e+03 1.01261673e+00 1.50000000e-02
5.88000000e+03 9.85382822e-01 1.50000000e-02
5.88200000e+03 1.01046327e+00 1.50000000e-02
5.88400000e+03 9.76018584e-01 1.50000000e-02
5.88600000e+03 9.90339929e-01 1.50000000e-02
5.88800000e+03 9.87877160e-01 1.50000000e-02
5.89000000e+03 1.02280700e+00 1.50000000e-02
5.89200000e+03 1.01029810e+00 1.50000000e-02
5.89400000e+03 1.00449434e+00 1.50000000e-02
5.89600000e+03 9.90773234e-01 1.50000000e-02
5.89800000e+03 1.01859722e+00 1.50000000e-02
5.90000000e+03 9.96381929e-01 1.50000000e-02
5.90200000e+03 1.00713857e+00 1.50000000e-02
5.90400000e+03 1.01660576e+00 1.50000000e-02
5.90600000e+03 9.95609591e-01 1.50000000e-02
5.90800000e+03 1.00819481e+00 1.50000000e-02
5.91000000e+03 9.70486564e-01 1.50000000e-02
5.91200000e+03 1.00879010e+00 1.50000000e-02
5.91400000e+03 9.74748255e-01 1.50000000e-02
5.91600000e+03 1.00630787e+00 1.50000000e-02
5.91800000e+03 1.00450536e+00 1.50000000e-02
5.92000000e+03 1.00732957e+00 1.50000000e-02
5.92200000e+03 1.03483020e+00 1.50000000e-02
5.92400000e+03 9.62929887e-01 1.50000000e-02
5.92600000e+03 1.00706554e+00 1.50000000e-02
5.92800000e+03 9.94284733e-01 1.50000000e-02
5.93000000e+03 1.01154085e+00 1.50000000e-02
5.93200000e+03 1.00493385e+00 1.50000000e-02
5.93400000e+03 1.00182412e+00 1.50000000e-02
5.93600000e+03 9.92729468e-01 1.50000000e-02
5.93800000e+03 9.89623127e-01 1.50000000e-02
5.94000000e+03 1.00557894e+00 1.50000000e-02
5.94200000e+03 9.77682549e-01 1.50000000e-02
5.94400000e+03 1.01637240e+00 1.50000000e-02
5.94600000e+03 9.91689395e-01 1.50000000e-02
5.94800000e+03 1.00720387e+00 1.50000000e-02
5.95000000e+03 9.82582414e-01 1.50000000e-02
5.95200000e+03 1.00721634e+00 1.50000000e-02
5.95400000e+03 9.96868139e-01 1.50000000e-02
5.95600000e+03 1.01192631e+00 1.50000000e-02
5.95800000e+03 1.01872444e+00 1.50000000e-02
5.96000000e+03 9.92258021e-01 1.50000000e-02
5.96200000e+03 1.00195799e+00 1.50000000e-02
5.96400000e+03 1.00402529e+00 1.50000000e-02
5.96600000e+03 1.02220770e+00 1.50000000e-02
5.96800000e+03 9.80972574e-01 1.50000000e-02
5.97000000e+03 1.00933331e+00 1.50000000e-02
5.97200000e+03 1.00012696e+00 1.50000000e-02
5.97400000e+03 9.82428247e-01 1.50000000e-02
5.97600000e+03 9.95488109e-01 1.50000000e-02
5.97800000e+03 9.90434017e-01 1.50000000e-02
5.98000000e+03 1.01702932e+00 1.50000000e-02
5.98200000e+03 9.86350172e-01 1.50000000e-02
5.98400000e+03 1.01576419e+00 1.50000000e-02
5.98600000e+03 9.93615107e-01 1.50000000e-02
5.98800000e+03 1.01069508e+00 1.50000000e-02
5.99000000e+03 9.74920153e-01 1.50000000e-02
5.99200000e+03 9.89118135e-01 1.50000000e-02
5.99400000e+03 1.00295639e+00 1.50000000e-02
5.99600000e+03 9.86828835e-01 1.50000000e-02
5.99800000e+03 9.77224226e-01 1.50000000e-02
6.00000000e+03 1.00085426e+00 1.50000000e-02
6.00200000e+03 1.01228193e+00 1.50000000e-02
6.00400000e+03 1.00071329e+00 1.50000000e-02
6.00600000e+03 9.97386704e-01 1.50000000e-02
6.00800000e+03 1.00663957e+00 1.50000000e-02
6.01000000e+03 9.94181259e-01 1.50000000e-02
6.01200000e+03 1.01439726e+00 1.50000000e-02
6.01400000e+03 1.01710306e+00 1.50000000e-02
6.01600000e+03 9.81477953e-01 1.50000000e-02
6.01800000e+03 1.01625478e+00 1.50000000e-02
6.02000000e+03 1.01080643e+00 1.50000000e-02
6.02200000e+03 1.00492547e+00 1.50000000e-02
6.02400000e+03 1.01095201e+00 1.50000000e-02
6.02600000e+03 1.02205138e+00 1.50000000e-02
6.02800000e+03 1.02949748e+00 1.50000000e-02
6.03000000e+03 1.02498616e+00 1.50000000e-02
6.03200000e+03 9.97075110e-01 1.50000000e-02
6.03400000e+03 1.02080076e+00 1.50000000e-02
6.03600000e+03 9.75723492e-01 1.50000000e-02
6.03800000e+03 1.01426646e+00 1.50000000e-02
6.04000000e+03 1.01139137e+00 1.50000000e-02
6.04200000e+03 1.01553153e+00 1.50000000e-02
6.04400000e+03 9.87427428e-01 1.50000000e-02
6.04600000e+03 1.02247656e+00 1.50000000e-02
6.04800000e+03 1.02003836e+00 1.50000000e-02
6.05000000e+03 1.00403142e+00 1.50000000e-02
6.05200000e+03 9.79624834e-01 1.50000000e-02
6.05400000e+03 1.00582282e+00 1.50000000e-02
6.05600000e+03 9.88189660e-01 1.50000000e-02
6.05800000e+03 9.77443511e-01 1.50000000e-02
6.06000000e+03 9.90120032e-01 1.50000000e-02
6.06200000e+03 1.03597605e+00 1.50000000e-02
6.06400000e+03 9.78672690e-01 1.50000000e-02
6.06600000e+03 9.95555476e-01 1.50000000e-02
6.06800000e+03 1.00343115e+00 1.50000000e-02
6.07000000e+03 1.01464193e+00 1.50000000e-02
6.07200000e+03 9.85481278e-01 1.50000000e-02
6.07400000e+03 9.85671071e-01 1.50000000e-02
6.07600000e+03 1.01360015e+00 1.50000000e-02
6.07800000e+03 1.00430467e+00 1.50000000e-02
6.08000000e+03 1.01866079e+00 1.50000000e-02
6.08200000e+03 9.82755666e-01 1.50000000e-02
6.08400000e+03 9.98466490e-01 1.50000000e-02
6.08600000e+03 1.01394182e+00 1.50000000e-02
6.08800000e+03 1.00186720e+00 1.50000000e-02
6.09000000e+03 9.83158148e-01 1.50000000e-02
6.09200000e+03 1.00180400e+00 1.50000000e-02
6.09400000e+03 9.71606239e-01 1.50000000e-02
6.09600000e+03 9.88426941e-01 1.50000000e-02
6.09800000e+03 1.01145894e+00 1.50000000e-02
6.10000000e+03 1.01322721e+00 1.50000000e-02
6.10200000e+03 1.00589711e+00 1.50000000e-02
6.10400000e+03 1.01018259e+00 1.50000000e-02
6.10600000e+03 9.77265146e-01 1.50000000e-02
6.10800000e+03 9.90041460e-01 1.50000000e-02
6.11000000e+03 1.01541973e+00 1.50000000e-02
6.11200000e+03 1.03407668e+00 1.50000000e-02
6.11400000e+03 1.00655272e+00 1.50000000e-02
6.11600000e+03 9.86042185e-01 1.50000000e-02
6.11800000e+03 9.85419585e-01 1.50000000e-02
6.12000000e+03 1.01780384e+00 1.50000000e-02
6.12200000e+03 1.01608209e+00 1.50000000e-02
6.12400000e+03 9.81707701e-01 1.50000000e-02
6.12600000e+03 1.00187978e+00 1.50000000e-02
6.12800000e+03 1.02053709e+00 1.50000000e-02
6.13000000e+03 1.02086804e+00 1.50000000e-02
6.13200000e+03 9.92029646e-01 1.50000000e-02
6.13400000e+03 9.97183176e-01 1.50000000e-02
6.13600000e+03 1.00680749e+00 1.50000000e-02
6.13800000e+03 9.83448691e-01 1.50000000e-02
6.14000000e+03 9.75473057e-01 1.50000000e-02
6.14200000e+03 9.89615959e-01 1.50000000e-02
6.14400000e+03 1.01792245e+00 1.50000000e-02
6.14600000e+03 1.01609430e+00 1.50000000e-02
6.14800000e+03 1.00691811e+00 1.50000000e-02
6.15000000e+03 9.82221445e-01 1.50000000e-02
6.15200000e+03 9.70319175e-01 1.50000000e-02
6.15400000e+03 9.84044871e-01 1.50000000e-02
6.15600000e+03 1.00004286e+00 1.50000000e-02
6.15800000e+03 1.01480878e+00 1.50000000e-02
6.16000000e+03 9.86080912e-01 1.50000000e-02
6.16200000e+03 1.00032278e+00 1.50000000e-02
6.16400000e+03 9.72301140e-01 1.50000000e-02
6.16600000e+03 9.67470086e-01 1.50000000e-02
6.16800000e+03 9.98880738e-01 1.50000000e-02
6.17000000e+03 9.81079314e-01 1.50000000e-02
6.17200000e+03 9.83253409e-01 1.50000000e-02
6.17400000e+03 9.64693580e-01 1.50000000e-02
6.17600000e+03 1.01074500e+00 1.50000000e-02
6.17800000e+03 9.71589547e-01 1.50000000e-02
6.18000000e+03 9.98735632e-01 1.50000000e-02
6.18200000e+03 9.75828594e-01 1.50000000e-02
6.18400000e+03 9.92421088e-01 1.50000000e-02
6.18600000e+03 1.01815609e+00 1.50000000e-02
6.18800000e+03 1.00167217e+00 1.50000000e-02
6.19000000e+03 9.99810374e-01 1.50000000e-02
6.19200000e+03 1.01141817e+00 1.50000000e-02
6.19400000e+03 1.00600238e+00 1.50000000e-02
6.19600000e+03 1.01886915e+00 1.50000000e-02
6.19800000e+03 9.76205446e-01 1.50000000e-02
6.20000000e+03 1.01845973e+00 1.50000000e-02
6.20200000e+03 9.99156110e-01 1.50000000e-02
6.20400000e+03 9.82622204e-01 1.50000000e-02
6.20600000e+03 1.00720669e+00 1.50000000e-02
6.20800000e+03 1.00630152e+00 1.50000000e-02
6.21000000e+03 9.98163145e-01 1.50000000e-02
6.21200000e+03 1.01116580e+00 1.50000000e-02
6.21400000e+03 9.78706933e-01 1.50000000e-02
6.21600000e+03 9.73543936e-01 1.50000000e-02
6.21800000e+03 9.89503633e-01 1.50000000e-02
6.22000000e+03 1.01480362e+00 1.50000000e-02
6.22200000e+03 1.00646175e+00 1.50000000e-02
6.22400000e+03 9.98614710e-01 1.50000000e-02
6.22600000e+03 9.89144115e-01 1.50000000e-02
6.22800000e+03 9.98520904e-01 1.50000000e-02
6.23000000e+03 1.01615585e+00 1.50000000e-02
6.23200000e+03 9.90408921e-01 1.50000000e-02
6.23400000e+03 9.89996897e-01 1.50000000e-02
6.23600000e+03 1.00536922e+00 1.50000000e-02
6.23800000e+03 1.00864384e+00 1.50000000e-02
6.24000000e+03 1.00108927e+00 1.50000000e-02
6.24200000e+03 1.02057864e+00 1.50000000e-02
6.24400000e+03 1.00217027e+00 1.50000000e-02
6.24600000e+03 9.84669900e-01 1.50000000e-02
6.24800000e+03 9.66279508e-01 1.50000000e-02
6.25000000e+03 1.01693942e+00 1.50000000e-02
6.25200000e+03 9.96943130e-01 1.50000000e-02
6.25400000e+03 1.00437947e+00 1.50000000e-02
6.25600000e+03 1.00635258e+00 1.50000000e-02
6.25800000e+03 1.01983386e+00 1.50000000e-02
6.26000000e+03 1.01532900e+00 1.50000000e-02
6.26200000e+03 1.01468433e+00 1.50000000e-02
6.26400000e+03 1.00417947e+00 1.50000000e-02
6.26600000e+03 9.96628989e-01 1.50000000e-02
6.26800000e+03 1.00411006e+00 1.50000000e-02
6.27000000e+03 9.87898311e-01 1.50000000e-02
6.27200000e+03 1.00568255e+00 1.50000000e-02
6.27400000e+03 1.01624271e+00 1.50000000e-02
6.27600000e+03 1.01105130e+00 1.50000000e-02
6.27800000e+03 1.00253993e+00 1.50000000e-02
6.28000000e+03 9.87187540e-01 1.50000000e-02
6.28200000e+03 9.87077798e-01 1.50000000e-02
6.28400000e+03 9.89435582e-01 1.50000000e-02
6.28600000e+03 9.94222753e-01 1.50000000e-02
6.28800000e+03 1.00691717e+00 1.50000000e-02
6.29000000e+03 1.00761011e+00 1.50000000e-02
6.29200000e+03 1.00886267e+00 1.50000000e-02
6.29400000e+03 1.01538990e+00 1.50000000e-02
6.29600000e+03 9.85657723e-01 1.50000000e-02
6.29800000e+03 9.97076355e-01 1.50000000e-02
6.30000000e+03 1.00815419e+00 1.50000000e-02
6.30200000e+03 1.01212312e+00 1.50000000e-02
6.30400000e+03 9.90142158e-01 1.50000000e-02
6.30600000e+03 9.89783835e-01 1.50000000e-02
6.30800000e+03 1.01733380e+00 1.50000000e-02
6.31000000e+03 1.01046688e+00 1.50000000e-02
6.31200000e+03 1.00694153e+00 1.50000000e-02
6.31400000e+03 9.95995953e-01 1.50000000e-02
6.31600000e+03 9.85971948e-01 1.50000000e-02
6.31800000e+03 9.99812422e-01 1.50000000e-02
6.32000000e+03 1.00488598e+00 1.50000000e-02
6.32200000e+03 1.00770055e+00 1.50000000e-02
6.32400000e+03 1.01313868e+00 1.50000000e-02
6.32600000e+03 1.00192675e+00 1.50000000e-02
6.32800000e+03 1.01893867e+00 1.50000000e-02
6.33000000e+03 9.95240527e-01 1.50000000e-02
6.33200000e+03 1.00530619e+00 1.50000000e-02
6.33400000e+03 1.00124514e+00 1.50000000e-02
6.33600000e+03 9.73534630e-01 1.50000000e-02
6.33800000e+03 9.80735745e-01 1.50000000e-02
6.34000000e+03 9.92322375e-01 1.50000000e-02
6.34200000e+03 1.00240051e+00 1.50000000e-02
6.34400000e+03 1.00507252e+00 1.50000000e-02
6.34600000e+03 1.01921947e+00 1.50000000e-02
6.34800000e+03 9.99901946e-01 1.50000000e-02
6.35000000e+03 9.95226680e-01 1.50000000e-02
6.35200000e+03 1.00488295e+00 1.50000000e-02
6.35400000e+03 9.81921940e-01 1.50000000e-02
6.35600000e+03 9.97175154e-01 1.50000000e-02
6.35800000e+03 9.84949113e-01 1.50000000e-02
6.36000000e+03 1.00085764e+00 1.50000000e-02
6.36200000e+03 9.89500412e-01 1.50000000e-02
6.36400000e+03 9.93643003e-01 1.50000000e-02
6.36600000e+03 1.02832375e+00 1.50000000e-02
6.36800000e+03 1.01635856e+00 1.50000000e-02
6.37000000e+03 1.03704484e+00 1.50000000e-02
6.37200000e+03 1.00267170e+00 1.50000000e-02
6.37400000e+03 9.97169654e-01 1.50000000e-02
6.37600000e+03 9.88065862e-01 1.50000000e-02
6.37800000e+03 9.99295270e-01 1.50000000e-02
6.38000000e+03 9.73614448e-01 1.50000000e-02
6.38200000e+03 1.00110766e+00 1.50000000e-02
6.38400000e+03 9.91377172e-01 1.50000000e-02
6.38600000e+03 9.79754274e-01 1.50000000e-02
6.38800000e+03 9.72817580e-01 1.50000000e-02
6.39000000e+03 9.86209289e-01 1.50000000e-02
6.39200000e+03 9.93586974e-01 1.50000000e-02
6.39400000e+03 9.99107876e-01 1.50000000e-02
6.39600000e+03 9.75341784e-01 1.50000000e-02
6.39800000e+03 9.98878523e-01 1.50000000e-02
6.40000000e+03 1.00425819e+00 1.50000000e-02
6.40200000e+03 1.03265501e+00 1.50000000e-02
6.40400000e+03 1.00508167e+00 1.50000000e-02
6.40600000e+03 1.01340673e+00 1.50000000e-02
6.40800000e+03 9.89039271e-01 1.50000000e-02
6.41000000e+03 9.99708934e-01 1.50000000e-02
6.41200000e+03 9.88893771e-01 1.50000000e-02
6.41400000e+03 9.87329528e-01 1.50000000e-02
6.41600000e+03 1.00716631e+00 1.50000000e-02
6.41800000e+03 9.96389115e-01 1.50000000e-02
6.42000000e+03 1.02152228e+00 1.50000000e-02
6.42200000e+03 9.99382415e-01 1.50000000e-02
6.42400000e+03 1.00616756e+00 1.50000000e-02
6.42600000e+03 9.81704811e-01 1.50000000e-02
6.42800000e+03 9.84920379e-01 1.50000000e-02
6.43000000e+03 1.00976892e+00 1.50000000e-02
6.43200000e+03 9.89650150e-01 1.50000000e-02
6.43400000e+03 1.01884872e+00 1.50000000e-02
6.43600000e+03 9.87640454e-01 1.50000000e-02
6.43800000e+03 9.86651676e-01 1.50000000e-02
6.44000000e+03 1.02865337e+00 1.50000000e-02
6.44200000e+03 9.74500692e-01 1.50000000e-02
6.44400000e+03 9.92266451e-01 1.50000000e-02
6.44600000e+03 1.00768567e+00 1.50000000e-02
6.44800000e+03 1.00883965e+00 1.50000000e-02
6.45000000e+03 9.82979071e-01 1.50000000e-02
6.45200000e+03 1.03200557e+00 1.50000000e-02
6.45400000e+03 9.93137210e-01 1.50000000e-02
6.45600000e+03 9.71293497e-01 1.50000000e-02
6.45800000e+03 1.01350482e+00 1.50000000e-02
6.46000000e+03 9.92768382e-01 1.50000000e-02
6.46200000e+03 1.00088250e+00 1.50000000e-02
6.46400000e+03 1.01141060e+00 1.50000000e-02
6.46600000e+03 9.86473181e-01 1.50000000e-02
6.46800000e+03 9.89200612e-01 1.50000000e-02
6.47000000e+03 9.98420361e-01 1.50000000e-02
6.47200000e+03 1.01251143e+00 1.50000000e-02
6.47400000e+03 9.80265913e-01 1.50000000e-02
6.47600000e+03 1.02153758e+00 1.50000000e-02
6.47800000e+03 1.00541642e+00 1.50000000e-02
6.48000000e+03 9.83141530e-01 1.50000000e-02
6.48200000e+03 1.00056573e+00 1.50000000e-02
6.48400000e+03 1.00841776e+00 1.50000000e-02
6.48600000e+03 1.01831999e+00 1.50000000e-02
6.48800000e+03 1.01285431e+00 1.50000000e-02
6.49000000e+03 1.01677286e+00 1.50000000e-02
6.49200000e+03 9.97836277e-01 1.50000000e-02
6.49400000e+03 1.01091285e+00 1.50000000e-02
6.49600000e+03 9.60198285e-01 1.50000000e-02
6.49800000e+03 1.01508467e+00 1.50000000e-02
6.50000000e+03 9.99375944e-01 1.50000000e-02
6.50200000e+03 1.02382408e+00 1.50000000e-02
6.50400000e+03 9.91135939e-01 1.50000000e-02
6.50600000e+03 9.92880893e-01 1.50000000e-02
6.50800000e+03 1.00066737e+00 1.50000000e-02
6.51000000e+03 1.01221720e+00 1.50000000e-02
6.51200000e+03 1.00498663e+00 1.50000000e-02
6.51400000e+03 1.01548334e+00 1.50000000e-02
6.51600000e+03 1.00083524e+00 1.50000000e-02
6.51800000e+03 1.01570032e+00 1.50000000e-02
6.52000000e+03 1.04202911e+00 1.50000000e-02
6.52200000e+03 1.01870881e+00 1.50000000e-02
6.52400000e+03 1.00941907e+00 1.50000000e-02
6.52600000e+03 9.78330748e-01 1.50000000e-02
6.52800000e+03 1.00962282e+00 1.50000000e-02
6.53000000e+03 1.01643309e+00 1.50000000e-02
6.53200000e+03 9.97572023e-01 1.50000000e-02
6.53400000e+03 1.01583609e+00 1.50000000e-02
6.53600000e+03 9.67501035e-01 1.50000000e-02
6.53800000e+03 9.90077673e-01 1.50000000e-02
6.54000000e+03 9.86306082e-01 1.50000000e-02
6.54200000e+03 1.00824283e+00 1.50000000e-02
6.54400000e+03 9.88120801e-01 1.50000000e-02
6.54600000e+03 9.85860313e-01 1.50000000e-02
6.54800000e+03 1.02228927e+00 1.50000000e-02
6.55000000e+03 9.78532960e-01 1.50000000e-02
6.55200000e+03 1.00780244e+00 1.50000000e-02
6.55400000e+03 1.01667012e+00 1.50000000e-02
6.55600000e+03 9.96161914e-01 1.50000000e-02
6.55800000e+03 9.86627238e-01 1.50000000e-02
6.56000000e+03 9.97368156e-01 1.50000000e-02
6.56200000e+03 9.91528653e-01 1.50000000e-02
6.56400000e+03 9.88284929e-01 1.50000000e-02
6.56600000e+03 1.00354018e+00 1.50000000e-02
6.56800000e+03 9.99535730e-01 1.50000000e-02
6.57000000e+03 1.04694673e+00 1.50000000e-02
6.57200000e+03 1.01964217e+00 1.50000000e-02
6.57400000e+03 1.00303181e+00 1.50000000e-02
6.57600000e+03 1.00872535e+00 1.50000000e-02
6.57800000e+03 1.02549806e+00 1.50000000e-02
6.58000000e+03 1.01792170e+00 1.50000000e-02
6.58200000e+03 1.00114720e+00 1.50000000e-02
6.58400000e+03 9.88646660e-01 1.50000000e-02
6.58600000e+03 1.02693830e+00 1.50000000e-02
6.58800000e+03 1.00026339e+00 1.50000000e-02
6.59000000e+03 1.00403753e+00 1.50000000e-02
6.59200000e+03 1.02084303e+00 1.50000000e-02
6.59400000e+03 1.00325394e+00 1.50000000e-02
6.59600000e+03 1.01987270e+00 1.50000000e-02
6.59800000e+03 9.96098566e-01 1.50000000e-02
6.60000000e+03 1.00325237e+00 1.50000000e-02
6.60200000e+03 9.97517626e-01 1.50000000e-02
6.60400000e+03 1.03188263e+00 1.50000000e-02
6.60600000e+03 9.78597789e-01 1.50000000e-02
6.60800000e+03 9.97475381e-01 1.50000000e-02
6.61000000e+03 9.87054312e-01 1.50000000e-02
6.61200000e+03 9.89250637e-01 1.50000000e-02
6.61400000e+03 9.80869644e-01 1.50000000e-02
6.61600000e+03 9.87863758e-01 1.50000000e-02
6.61800000e+03 1.01827996e+00 1.50000000e-02
6.62000000e+03 1.02178827e+00 1.50000000e-02
6.62200000e+03 9.90193829e-01 1.50000000e-02
6.62400000e+03 9.81587581e-01 1.50000000e-02
6.62600000e+03 9.92699823e-01 1.50000000e-02
6.62800000e+03 1.02445447e+00 1.50000000e-02
6.63000000e+03 9.98773027e-01 1.50000000e-02
6.63200000e+03 9.67837838e-01 1.50000000e-02
6.63400000e+03 1.01254234e+00 1.50000000e-02
6.63600000e+03 9.97950103e-01 1.50000000e-02
6.63800000e+03 1.00900309e+00 1.50000000e-02
6.64000000e+03 1.00587569e+00 1.50000000e-02
6.64200000e+03 9.80284923e-01 1.50000000e-02
6.64400000e+03 1.01507848e+00 1.50000000e-02
6.64600000e+03 1.00977557e+00 1.50000000e-02
6.64800000e+03 9.89617148e-01 1.50000000e-02
6.65000000e+03 9.65611058e-01 1.50000000e-02
6.65200000e+03 9.82212867e-01 1.50000000e-02
6.65400000e+03 9.82608990e-01 1.50000000e-02
6.65600000e+03 1.00998877e+00 1.50000000e-02
6.65800000e+03 9.90803910e-01 1.50000000e-02
6.66000000e+03 9.92986452e-01 1.50000000e-02
6.66200000e+03 1.00013203e+00 1.50000000e-02
6.66400000e+03 9.92976393e-01 1.50000000e-02
6.66600000e+03 1.00547085e+00 1.50000000e-02
6.66800000e+03 1.00434673e+00 1.50000000e-02
6.67000000e+03 1.01375340e+00 1.50000000e-02
6.67200000e+03 9.81125012e-01 1.50000000e-02
6.67400000e+03 1.00493568e+00 1.50000000e-02
6.67600000e+03 9.95559615e-01 1.50000000e-02
6.67800000e+03 1.03133146e+00 1.50000000e-02
6.68000000e+03 1.02168513e+00 1.50000000e-02
6.68200000e+03 9.93651954e-01 1.50000000e-02
6.68400000e+03 1.01403984e+00 1.50000000e-02
6.68600000e+03 9.73375420e-01 1.50000000e-02
6.68800000e+03 9.83898953e-01 1.50000000e-02
6.69000000e+03 9.95749491e-01 1.50000000e-02
6.69200000e+03 1.00375140e+00 1.50000000e-02
6.69400000e+03 9.83195866e-01 1.50000000e-02
6.69600000e+03 1.00027437e+00 1.50000000e-02
6.69800000e+03 1.01848503e+00 1.50000000e-02
6.70000000e+03 9.75621189e-01 1.50000000e-02
6.70200000e+03 9.79437305e-01 1.50000000e-02
6.70400000e+03 9.70988667e-01 1.50000000e-02
6.70600000e+03 1.01686203e+00 1.50000000e-02
6.70800000e+03 9.83544501e-01 1.50000000e-02
6.71000000e+03 9.93822153e-01 1.50000000e-02
6.71200000e+03 9.86286201e-01 1.50000000e-02
6.71400000e+03 9.98203872e-01 1.50000000e-02
6.71600000e+03 9.94545752e-01 1.50000000e-02
6.71800000e+03 1.00230064e+00 1.50000000e-02
6.72000000e+03 1.00208178e+00 1.50000000e-02
6.72200000e+03 1.02348602e+00 1.50000000e-02
6.72400000e+03 9.85360970e-01 1.50000000e-02
6.72600000e+03 1.00212273e+00 1.50000000e-02
6.72800000e+03 9.98275609e-01 1.50000000e-02
6.73000000e+03 9.85762128e-01 1.50000000e-02
6.73200000e+03 1.01199253e+00 1.50000000e-02
6.73400000e+03 1.02671488e+00 1.50000000e-02
6.73600000e+03 9.82754421e-01 1.50000000e-02
6.73800000e+03 1.03594235e+00 1.50000000e-02
6.74000000e+03 9.97042191e-01 1.50000000e-02
6.74200000e+03 9.97982050e-01 1.50000000e-02
6.74400000e+03 9.60151506e-01 1.50000000e-02
6.74600000e+03 1.00015932e+00 1.50000000e-02
6.74800000e+03 9.97320748e-01 1.50000000e-02
6.75000000e+03 9.95313543e-01 1.50000000e-02
6.75200000e+03 1.00918194e+00 1.50000000e-02
6.75400000e+03 9.96559596e-01 1.50000000e-02
6.75600000e+03 1.00469949e+00 1.50000000e-02
6.75800000e+03 9.89351396e-01 1.50000000e-02
6.76000000e+03 9.82163383e-01 1.50000000e-02
6.76200000e+03 1.00087174e+00 1.50000000e-02
6.76400000e+03 1.00794724e+00 1.50000000e-02
6.76600000e+03 1.00959347e+00 1.50000000e-02
6.76800000e+03 1.00079333e+00 1.50000000e-02
6.77000000e+03 9.88098114e-01 1.50000000e-02
6.77200000e+03 9.99872355e-01 1.50000000e-02
6.77400000e+03 9.95362217e-01 1.50000000e-02
6.77600000e+03 9.80375847e-01 1.50000000e-02
6.77800000e+03 1.00419208e+00 1.50000000e-02
6.78000000e+03 9.96534527e-01 1.50000000e-02
6.78200000e+03 9.82692617e-01 1.50000000e-02
6.78400000e+03 9.94740774e-01 1.50000000e-02
6.78600000e+03 1.00821419e+00 1.50000000e-02
6.78800000e+03 1.02179805e+00 1.50000000e-02
6.79000000e+03 9.71913215e-01 1.50000000e-02
6.79200000e+03 9.93779650e-01 1.50000000e-02
6.79400000e+03 1.00752294e+00 1.50000000e-02
6.79600000e+03 1.01665996e+00 1.50000000e-02
6.79800000e+03 1.00504586e+00 1.50000000e-02
6.80000000e+03 9.83941687e-01 1.50000000e-02
6.80200000e+03 9.91852803e-01 1.50000000e-02
6.80400000e+03 9.98710036e-01 1.50000000e-02
6.80600000e+03 9.87397613e-01 1.50000000e-02
6.80800000e+03 9.83319817e-01 1.50000000e-02
6.81000000e+03 9.79931317e-01 1.50000000e-02
6.81200000e+03 1.03765233e+00 1.50000000e-02
6.81400000e+03 9.99662932e-01 1.50000000e-02
6.81600000e+03 9.95642624e-01 1.50000000e-02
6.81800000e+03 1.00968296e+00 1.50000000e-02
6.82000000e+03 1.00016237e+00 1.50000000e-02
6.82200000e+03 9.97148487e-01 1.50000000e-02
6.82400000e+03 1.00279982e+00 1.50000000e-02
6.82600000e+03 9.88014329e-01 1.50000000e-02
6.82800000e+03 9.93424834e-01 1.50000000e-02
6.83000000e+03 1.01325435e+00 1.50000000e-02
6.83200000e+03 1.00882012e+00 1.50000000e-02
6.83400000e+03 9.83265707e-01 1.50000000e-02
6.83600000e+03 1.02212647e+00 1.50000000e-02
6.83800000e+03 9.93706240e-01 1.50000000e-02
6.84000000e+03 9.75798876e-01 1.50000000e-02
6.84200000e+03 1.01041529e+00 1.50000000e-02
6.84400000e+03 1.00951730e+00 1.50000000e-02
6.84600000e+03 1.00457201e+00 1.50000000e-02
6.84800000e+03 9.85177001e-01 1.50000000e-02
6.85000000e+03 1.01788183e+00 1.50000000e-02
6.85200000e+03 1.00781158e+00 1.50000000e-02
6.85400000e+03 1.00550949e+00 1.50000000e-02
6.85600000e+03 1.00408558e+00 1.50000000e-02
6.85800000e+03 1.00709346e+00 1.50000000e-02
6.86000000e+03 1.03680532e+00 1.50000000e-02
6.86200000e+03 9.99790718e-01 1.50000000e-02
6.86400000e+03 1.01926556e+00 1.50000000e-02
6.86600000e+03 1.04545184e+00 1.50000000e-02
6.86800000e+03 1.06416240e+00 1.50000000e-02
6.87000000e+03 1.08029143e+00 1.50000000e-02
6.87200000e+03 1.15216264e+00 1.50000000e-02
6.87400000e+03 1.24007885e+00 1.50000000e-02
6.87600000e+03 1.35273921e+00 1.50000000e-02
6.87800000e+03 1.54155796e+00 1.50000000e-02
6.88000000e+03 1.76948535e+00 1.50000000e-02
6.88200000e+03 2.00320028e+00 1.50000000e-02
6.88400000e+03 2.27716156e+00 1.50000000e-02
6.88600000e+03 2.52380480e+00 1.50000000e-02
6.88800000e+03 2.73114946e+00 1.50000000e-02
6.89000000e+03 2.91536369e+00 1.50000000e-02
6.89200000e+03 2.96610833e+00 1.50000000e-02
6.89400000e+03 3.00335996e+00 1.50000000e-02
6.89600000e+03 2.88002188e+00 1.50000000e-02
6.89800000e+03 2.73393409e+00 1.50000000e-02
6.90000000e+03 2.45684962e+00 1.50000000e-02
6.90200000e+03 2.20363702e+00 1.50000000e-02
6.90400000e+03 1.95142055e+00 1.50000000e-02
6.90600000e+03 1.71463666e+00 1.50000000e-02
6.90800000e+03 1.49026316e+00 1.50000000e-02
6.91000000e+03 1.33166566e+00 1.50000000e-02
6.91200000e+03 1.23548335e+00 1.50000000e-02
6.91400000e+03 1.12940357e+00 1.50000000e-02
6.91600000e+03 1.09688470e+00 1.50000000e-02
6.91800000e+03 1.07188162e+00 1.50000000e-02
6.92000000e+03 1.00319586e+00 1.50000000e-02
6.92200000e+03 1.00709264e+00 1.50000000e-02
6.92400000e+03 1.03240153e+00 1.50000000e-02
6.92600000e+03 1.01916103e+00 1.50000000e-02
6.92800000e+03 9.80931503e-01 1.50000000e-02
6.93000000e+03 1.00613277e+00 1.50000000e-02
6.93200000e+03 1.02518871e+00 1.50000000e-02
6.93400000e+03 9.67689891e-01 1.50000000e-02
6.93600000e+03 1.00549316e+00 1.50000000e-02
6.93800000e+03 1.01627295e+00 1.50000000e-02
6.94000000e+03 9.92613100e-01 1.50000000e-02
6.94200000e+03 9.90412323e-01 1.50000000e-02
6.94400000e+03 1.01138595e+00 1.50000000e-02
6.94600000e+03 9.76068148e-01 1.50000000e-02
6.94800000e+03 1.00854194e+00 1.50000000e-02
6.95000000e+03 1.01863839e+00 1.50000000e-02
6.95200000e+03 1.00153455e+00 1.50000000e-02
6.95400000e+03 9.76562244e-01 1.50000000e-02
6.95600000e+03 1.02400206e+00 1.50000000e-02
6.95800000e+03 9.99698671e-01 1.50000000e-02
6.96000000e+03 1.00861267e+00 1.50000000e-02
6.96200000e+03 9.86876522e-01 1.50000000e-02
6.96400000e+03 9.98771920e-01 1.50000000e-02
6.96600000e+03 1.01668250e+00 1.50000000e-02
6.96800000e+03 9.77203484e-01 1.50000000e-02
6.97000000e+03 9.80019661e-01 1.50000000e-02
6.97200000e+03 9.68591782e-01 1.50000000e-02
6.97400000e+03 1.00660855e+00 1.50000000e-02
6.97600000e+03 1.00662233e+00 1.50000000e-02
6.97800000e+03 9.86958454e-01 1.50000000e-02
6.98000000e+03 1.00494844e+00 1.50000000e-02
6.98200000e+03 1.00021656e+00 1.50000000e-02
6.98400000e+03 1.02915216e+00 1.50000000e-02
6.98600000e+03 9.81789761e-01 1.50000000e-02
6.98800000e+03 1.00358949e+00 1.50000000e-02
6.99000000e+03 9.93137079e-01 1.50000000e-02
6.99200000e+03 1.02747149e+00 1.50000000e-02
6.99400000e+03 1.00661662e+00 1.50000000e-02
6.99600000e+03 9.81750603e-01 1.50000000e-02
6.99800000e+03 1.00637663e+00 1.50000000e-02
7.00000000e+03 9.97371006e-01 1.50000000e-02
7.00200000e+03 9.85358187e-01 1.50000000e-02
7.00400000e+03 1.00578677e+00 1.50000000e-02
7.00600000e+03 1.00172351e+00 1.50000000e-02
7.00800000e+03 9.81882679e-01 1.50000000e-02
7.01000000e+03 9.92714938e-01 1.50000000e-02
7.01200000e+03 1.01693910e+00 1.50000000e-02
7.01400000e+03 1.01465430e+00 1.50000000e-02
7.01600000e+03 9.97590356e-01 1.50000000e-02
7.01800000e+03 9.94269327e-01 1.50000000e-02
7.02000000e+03 1.00375383e+00 1.50000000e-02
7.02200000e+03 9.97831625e-01 1.50000000e-02
7.02400000e+03 9.81340797e-01 1.50000000e-02
7.02600000e+03 1.00910234e+00 1.50000000e-02
7.02800000e+03 9.87409629e-01 1.50000000e-02
7.03000000e+03 1.02157996e+00 1.50000000e-02
7.03200000e+03 1.00842761e+00 1.50000000e-02
7.03400000e+03 1.01049305e+00 1.50000000e-02
7.03600000e+03 9.94842662e-01 1.50000000e-02
7.03800000e+03 1.00218662e+00 1.50000000e-02
7.04000000e+03 9.90805980e-01 1.50000000e-02
7.04200000e+03 9.93683627e-01 1.50000000e-02
7.04400000e+03 9.84098744e-01 1.50000000e-02
7.04600000e+03 1.02113784e+00 1.50000000e-02
7.04800000e+03 9.82751215e-01 1.50000000e-02
7.05000000e+03 1.02527632e+00 1.50000000e-02
7.05200000e+03 1.01099160e+00 1.50000000e-02
7.05400000e+03 9.86113311e-01 1.50000000e-02
7.05600000e+03 1.01962844e+00 1.50000000e-02
7.05800000e+03 1.00617587e+00 1.50000000e-02
7.06000000e+03 9.87911768e-01 1.50000000e-02
7.06200000e+03 1.00371303e+00 1.50000000e-02
7.06400000e+03 9.94957287e-01 1.50000000e-02
7.06600000e+03 9.88520061e-01 1.50000000e-02
7.06800000e+03 9.99072487e-01 1.50000000e-02
7.07000000e+03 1.00408248e+00 1.50000000e-02
7.07200000e+03 9.95070981e-01 1.50000000e-02
7.07400000e+03 9.99423934e-01 1.50000000e-02
7.07600000e+03 1.01187616e+00 1.50000000e-02
7.07800000e+03 9.98201062e-01 1.50000000e-02
7.08000000e+03 9.94321631e-01 1.50000000e-02
7.08200000e+03 9.80584715e-01 1.50000000e-02
7.08400000e+03 9.99031110e-01 1.50000000e-02
7.08600000e+03 9.92968916e-01 1.50000000e-02
7.08800000e+03 9.96692431e-01 1.50000000e-02
7.09000000e+03 1.01203149e+00 1.50000000e-02
7.09200000e+03 1.01305573e+00 1.50000000e-02
7.09400000e+03 1.00061369e+00 1.50000000e-02
7.09600000e+03 9.91413657e-01 1.50000000e-02
7.09800000e+03 1.00220804e+00 1.50000000e-02
7.10000000e+03 1.00492920e+00 1.50000000e-02
7.10200000e+03 1.00382174e+00 1.50000000e-02
7.10400000e+03 9.78741989e-01 1.50000000e-02
7.10600000e+03 1.00484895e+00 1.50000000e-02
7.10800000e+03 9.85004549e-01 1.50000000e-02
7.11000000e+03 1.00480473e+00 1.50000000e-02
7.11200000e+03 1.00626145e+00 1.50000000e-02
7.11400000e+03 1.00244780e+00 1.50000000e-02
7.11600000e+03 1.01811783e+00 1.50000000e-02
7.11800000e+03 1.00022186e+00 1.50000000e-02
7.12000000e+03 1.00489227e+00 1.50000000e-02
7.12200000e+03 9.86785433e-01 1.50000000e-02
7.12400000e+03 9.98499584e-01 1.50000000e-02
7.12600000e+03 9.96701074e-01 1.50000000e-02
7.12800000e+03 1.00097352e+00 1.50000000e-02
7.13000000e+03 9.97470976e-01 1.50000000e-02
7.13200000e+03 9.64658839e-01 1.50000000e-02
7.13400000e+03 1.01208110e+00 1.50000000e-02
7.13600000e+03 1.01041455e+00 1.50000000e-02
7.13800000e+03 9.68808412e-01 1.50000000e-02
7.14000000e+03 1.00390370e+00 1.50000000e-02
7.14200000e+03 1.01520639e+00 1.50000000e-02
7.14400000e+03 1.01103217e+00 1.50000000e-02
7.14600000e+03 1.01072666e+00 1.50000000e-02
7.14800000e+03 9.97341685e-01 1.50000000e-02
7.15000000e+03 9.92430597e-01 1.50000000e-02
7.15200000e+03 1.02868242e+00 1.50000000e-02
7.15400000e+03 1.00659771e+00 1.50000000e-02
7.15600000e+03 1.02475242e+00 1.50000000e-02
7.15800000e+03 9.99215513e-01 1.50000000e-02
7.16000000e+03 1.01415914e+00 1.50000000e-02
7.16200000e+03 1.01261886e+00 1.50000000e-02
7.16400000e+03 1.01228319e+00 1.50000000e-02
7.16600000e+03 9.82169611e-01 1.50000000e-02
7.16800000e+03 1.03588672e+00 1.50000000e-02
7.17000000e+03 1.00503272e+00 1.50000000e-02
7.17200000e+03 9.95536552e-01 1.50000000e-02
7.17400000e+03 1.00487195e+00 1.50000000e-02
7.17600000e+03 9.74035368e-01 1.50000000e-02
7.17800000e+03 1.02128287e+00 1.50000000e-02
7.18000000e+03 9.94795430e-01 1.50000000e-02
7.18200000e+03 1.00480831e+00 1.50000000e-02
7.18400000e+03 1.00338407e+00 1.50000000e-02
7.18600000e+03 9.74377781e-01 1.50000000e-02
7.18800000e+03 9.95802388e-01 1.50000000e-02
7.19000000e+03 1.01950279e+00 1.50000000e-02
7.19200000e+03 9.89045854e-01 1.50000000e-02
7.19400000e+03 1.00455066e+00 1.50000000e-02
7.19600000e+03 1.01598486e+00 1.50000000e-02
7.19800000e+03 1.02460701e+00 1.50000000e-02
7.20000000e+03 9.88462241e-01 1.50000000e-02
7.20200000e+03 1.01652445e+00 1.50000000e-02
7.20400000e+03 1.01117872e+00 1.50000000e-02
7.20600000e+03 1.00916186e+00 1.50000000e-02
7.20800000e+03 1.01558454e+00 1.50000000e-02
7.21000000e+03 1.01230290e+00 1.50000000e-02
7.21200000e+03 9.86498075e-01 1.50000000e-02
7.21400000e+03 1.00842941e+00 1.50000000e-02
7.21600000e+03 9.92154727e-01 1.50000000e-02
7.21800000e+03 1.00617238e+00 1.50000000e-02
7.22000000e+03 9.95029832e-01 1.50000000e-02
7.22200000e+03 1.02348892e+00 1.50000000e-02
7.22400000e+03 1.01525553e+00 1.50000000e-02
7.22600000e+03 1.00872343e+00 1.50000000e-02
7.22800000e+03 9.91288226e-01 1.50000000e-02
7.23000000e+03 1.00770776e+00 1.50000000e-02
7.23200000e+03 9.84946078e-01 1.50000000e-02
7.23400000e+03 9.88427307e-01 1.50000000e-02
7.23600000e+03 9.76423525e-01 1.50000000e-02
7.23800000e+03 1.01445447e+00 1.50000000e-02
7.24000000e+03 9.93963063e-01 1.50000000e-02
7.24200000e+03 1.01504530e+00 1.50000000e-02
7.24400000e+03 1.01827364e+00 1.50000000e-02
7.24600000e+03 1.01659508e+00 1.50000000e-02
7.24800000e+03 9.95383068e-01 1.50000000e-02
7.25000000e+03 1.02306949e+00 1.50000000e-02
7.25200000e+03 1.01897500e+00 1.50000000e-02
7.25400000e+03 9.82683179e-01 1.50000000e-02
7.25600000e+03 1.00702356e+00 1.50000000e-02
7.25800000e+03 9.89572774e-01 1.50000000e-02
7.26000000e+03 9.99655951e-01 1.50000000e-02
7.26200000e+03 1.01955505e+00 1.50000000e-02
7.26400000e+03 1.00633690e+00 1.50000000e-02
7.26600000e+03 1.02524982e+00 1.50000000e-02
7.26800000e+03 1.01091042e+00 1.50000000e-02
7.27000000e+03 1.01275005e+00 1.50000000e-02
7.27200000e+03 1.02646395e+00 1.50000000e-02
7.27400000e+03 1.02015120e+00 1.50000000e-02
7.27600000e+03 1.01367431e+00 1.50000000e-02
7.27800000e+03 1.02209288e+00 1.50000000e-02
7.28000000e+03 1.01995468e+00 1.50000000e-02
7.28200000e+03 9.81343685e-01 1.50000000e-02
7.28400000e+03 9.86421091e-01 1.50000000e-02
7.28600000e+03 1.00319985e+00 1.50000000e-02
7.28800000e+03 1.01811672e+00 1.50000000e-02
7.29000000e+03 9.90708659e-01 1.50000000e-02
7.29200000e+03 9.76906306e-01 1.50000000e-02
7.29400000e+03 1.00082563e+00 1.50000000e-02
7.29600000e+03 9.92825157e-01 1.50000000e-02
7.29800000e+03 1.02362659e+00 1.50000000e-02
7.30000000e+03 9.66281917e-01 1.50000000e-02
7.30200000e+03 1.01361867e+00 1.50000000e-02
7.30400000e+03 1.01120855e+00 1.50000000e-02
7.30600000e+03 9.61589631e-01 1.50000000e-02
7.30800000e+03 9.86158361e-01 1.50000000e-02
7.31000000e+03 9.97490059e-01 1.50000000e-02
7.31200000e+03 1.00674940e+00 1.50000000e-02
7.31400000e+03 1.00145794e+00 1.50000000e-02
7.31600000e+03 1.01034942e+00 1.50000000e-02
7.31800000e+03 1.00412366e+00 1.50000000e-02
7.32000000e+03 9.89269605e-01 1.50000000e-02
7.32200000e+03 1.02605289e+00 1.50000000e-02
7.32400000e+03 1.00546351e+00 1.50000000e-02
7.32600000e+03 9.88393255e-01 1.50000000e-02
7.32800000e+03 1.00845907e+00 1.50000000e-02
7.33000000e+03 9.99082355e-01 1.50000000e-02
7.33200000e+03 9.94827256e-01 1.50000000e-02
7.33400000e+03 9.91628212e-01 1.50000000e-02
7.33600000e+03 9.78823495e-01 1.50000000e-02
7.33800000e+03 9.87884831e-01 1.50000000e-02
7.34000000e+03 9.82090284e-01 1.50000000e-02
7.34200000e+03 9.71530567e-01 1.50000000e-02
7.34400000e+03 1.00826418e+00 1.50000000e-02
7.34600000e+03 1.00544206e+00 1.50000000e-02
7.34800000e+03 9.97737156e-01 1.50000000e-02
7.35000000e+03 9.84388650e-01 1.50000000e-02
7.35200000e+03 9.89248480e-01 1.50000000e-02
7.35400000e+03 1.02444903e+00 1.50000000e-02
7.35600000e+03 9.88060570e-01 1.50000000e-02
7.35800000e+03 1.01367917e+00 1.50000000e-02
7.36000000e+03 1.00624374e+00 1.50000000e-02
7.36200000e+03 1.00851862e+00 1.50000000e-02
7.36400000e+03 9.94005810e-01 1.50000000e-02
7.36600000e+03 9.97631114e-01 1.50000000e-02
7.36800000e+03 1.00005005e+00 1.50000000e-02
7.37000000e+03 9.84716520e-01 1.50000000e-02
7.37200000e+03 1.02146804e+00 1.50000000e-02
7.37400000e+03 9.88739848e-01 1.50000000e-02
7.37600000e+03 1.00359683e+00 1.50000000e-02
7.37800000e+03 1.02734716e+00 1.50000000e-02
7.38000000e+03 1.02310497e+00 1.50000000e-02
7.38200000e+03 9.92032741e-01 1.50000000e-02
7.38400000e+03 1.00860732e+00 1.50000000e-02
7.38600000e+03 1.01631127e+00 1.50000000e-02
7.38800000e+03 9.71634815e-01 1.50000000e-02
7.39000000e+03 1.03166080e+00 1.50000000e-02
7.39200000e+03 1.00907399e+00 1.50000000e-02
7.39400000e+03 9.96758589e-01 1.50000000e-02
7.39600000e+03 9.99766916e-01 1.50000000e-02
7.39800000e+03 9.67537703e-01 1.50000000e-02
7.40000000e+03 1.01156880e+00 1.50000000e-02
7.40200000e+03 1.02480394e+00 1.50000000e-02
7.40400000e+03 9.98331511e-01 1.50000000e-02
7.40600000e+03 1.02517223e+00 1.50000000e-02
7.40800000e+03 1.01127019e+00 1.50000000e-02
7.41000000e+03 9.81012949e-01 1.50000000e-02
7.41200000e+03 1.00944687e+00 1.50000000e-02
7.41400000e+03 9.70697813e-01 1.50000000e-02
7.41600000e+03 9.72900142e-01 1.50000000e-02
7.41800000e+03 1.01070762e+00 1.50000000e-02
7.42000000e+03 1.00945760e+00 1.50000000e-02
7.42200000e+03 9.99628534e-01 1.50000000e-02
7.42400000e+03 9.99396638e-01 1.50000000e-02
7.42600000e+03 9.78004418e-01 1.50000000e-02
7.42800000e+03 1.01617068e+00 1.50000000e-02
7.43000000e+03 1.00072842e+00 1.50000000e-02
7.43200000e+03 9.97996139e-01 1.50000000e-02
7.43400000e+03 1.05504178e+00 1.50000000e-02
7.43600000e+03 1.00529141e+00 1.50000000e-02
7.43800000e+03 1.00079116e+00 1.50000000e-02
7.44000000e+03 1.03139025e+00 1.50000000e-02
7.44200000e+03 1.00580402e+00 1.50000000e-02
7.44400000e+03 9.94234819e-01 1.50000000e-02
7.44600000e+03 1.02458567e+00 1.50000000e-02
7.44800000e+03 9.99486190e-01 1.50000000e-02
7.45000000e+03 9.89694212e-01 1.50000000e-02
7.45200000e+03 9.96441401e-01 1.50000000e-02
7.45400000e+03 1.00205122e+00 1.50000000e-02
7.45600000e+03 1.01572965e+00 1.50000000e-02
7.45800000e+03 1.02115419e+00 1.50000000e-02
7.46000000e+03 9.83781639e-01 1.50000000e-02
7.46200000e+03 1.02092364e+00 1.50000000e-02
7.46400000e+03 9.92474628e-01 1.50000000e-02
7.46600000e+03 9.95064691e-01 1.50000000e-02
7.46800000e+03 9.62651105e-01 1.50000000e-02
7.47000000e+03 1.02664650e+00 1.50000000e-02
7.47200000e+03 1.01082144e+00 1.50000000e-02
7.47400000e+03 9.98656807e-01 1.50000000e-02
7.47600000e+03 9.99307948e-01 1.50000000e-02
7.47800000e+03 1.01666939e+00 1.50000000e-02
7.48000000e+03 1.00228657e+00 1.50000000e-02
7.48200000e+03 9.57172201e-01 1.50000000e-02
7.48400000e+03 1.00606851e+00 1.50000000e-02
7.48600000e+03 1.00156412e+00 1.50000000e-02
7.48800000e+03 1.00386045e+00 1.50000000e-02
7.49000000e+03 1.00269338e+00 1.50000000e-02
7.49200000e+03 1.01493106e+00 1.50000000e-02
7.49400000e+03 9.90940664e-01 1.50000000e-02
7.49600000e+03 1.03673570e+00 1.50000000e-02
7.49800000e+03 1.00396725e+00 1.50000000e-02
7.50000000e+03 9.90916071e-01 1.50000000e-02
7.50200000e+03 1.00339499e+00 1.50000000e-02
7.50400000e+03 9.76023368e-01 1.50000000e-02
7.50600000e+03 9.99459791e-01 1.50000000e-02
7.50800000e+03 9.90611676e-01 1.50000000e-02
7.51000000e+03 9.86959576e-01 1.50000000e-02
7.51200000e+03 1.01416958e+00 1.50000000e-02
7.51400000e+03 1.00620594e+00 1.50000000e-02
7.51600000e+03 9.87154559e-01 1.50000000e-02
7.51800000e+03 9.92326265e-01 1.50000000e-02
7.52000000e+03 1.00675055e+00 1.50000000e-02
7.52200000e+03 1.03630932e+00 1.50000000e-02
7.52400000e+03 9.99866415e-01 1.50000000e-02
7.52600000e+03 9.99350651e-01 1.50000000e-02
7.52800000e+03 1.00895411e+00 1.50000000e-02
7.53000000e+03 9.82731546e-01 1.50000000e-02
7.53200000e+03 1.00014644e+00 1.50000000e-02
7.53400000e+03 1.01256158e+00 1.50000000e-02
7.53600000e+03 1.00761670e+00 1.50000000e-02
7.53800000e+03 1.00683515e+00 1.50000000e-02
7.54000000e+03 9.83364970e-01 1.50000000e-02
7.54200000e+03 1.00224112e+00 1.50000000e-02
7.54400000e+03 1.02338026e+00 1.50000000e-02
7.54600000e+03 1.04225815e+00 1.50000000e-02
7.54800000e+03 1.01677358e+00 1.50000000e-02
7.55000000e+03 9.93772431e-01 1.50000000e-02
7.55200000e+03 9.95163424e-01 1.50000000e-02
7.55400000e+03 9.99301335e-01 1.50000000e-02
7.55600000e+03 1.03432187e+00 1.50000000e-02
7.55800000e+03 9.81662407e-01 1.50000000e-02
7.56000000e+03 9.98640610e-01 1.50000000e-02
7.56200000e+03 9.76825464e-01 1.50000000e-02
7.56400000e+03 9.95723156e-01 1.50000000e-02
7.56600000e+03 9.97465030e-01 1.50000000e-02
7.56800000e+03 1.01567842e+00 1.50000000e-02
7.57000000e+03 1.01409793e+00 1.50000000e-02
7.57200000e+03 1.00521791e+00 1.50000000e-02
7.57400000e+03 9.97763392e-01 1.50000000e-02
7.57600000e+03 9.95690478e-01 1.50000000e-02
7.57800000e+03 1.02676113e+00 1.50000000e-02
7.58000000e+03 1.00017081e+00 1.50000000e-02
7.58200000e+03 9.85131600e-01 1.50000000e-02
7.58400000e+03 9.90510850e-01 1.50000000e-02
7.58600000e+03 1.00235464e+00 1.50000000e-02
7.58800000e+03 9.89852368e-01 1.50000000e-02
7.59000000e+03 9.77974706e-01 1.50000000e-02
7.59200000e+03 1.01592526e+00 1.50000000e-02
7.59400000e+03 9.91160927e-01 1.50000000e-02
7.59600000e+03 9.99668880e-01 1.50000000e-02
7.59800000e+03 1.00301535e+00 1.50000000e-02
7.60000000e+03 9.97574793e-01 1.50000000e-02
7.60200000e+03 9.99002858e-01 1.50000000e-02
7.60400000e+03 9.62512206e-01 1.50000000e-02
7.60600000e+03 1.00208991e+00 1.50000000e-02
7.60800000e+03 9.97892263e-01 1.50000000e-02
7.61000000e+03 9.95136361e-01 1.50000000e-02
7.61200000e+03 1.00028329e+00 1.50000000e-02
7.61400000e+03 1.03484098e+00 1.50000000e-02
7.61600000e+03 1.02651887e+00 1.50000000e-02
7.61800000e+03 1.01257350e+00 1.50000000e-02
7.62000000e+03 1.02496545e+00 1.50000000e-02
7.62200000e+03 9.95009830e-01 1.50000000e-02
7.62400000e+03 1.00052794e+00 1.50000000e-02
7.62600000e+03 1.00856032e+00 1.50000000e-02
7.62800000e+03 1.01502029e+00 1.50000000e-02
7.63000000e+03 1.01396941e+00 1.50000000e-02
7.63200000e+03 1.02933077e+00 1.50000000e-02
7.63400000e+03 9.99531883e-01 1.50000000e-02
7.63600000e+03 1.02197120e+00 1.50000000e-02
7.63800000e+03 9.92017089e-01 1.50000000e-02
7.64000000e+03 1.00988818e+00 1.50000000e-02
7.64200000e+03 9.86824005e-01 1.50000000e-02
7.64400000e+03 1.02046021e+00 1.50000000e-02
7.64600000e+03 9.93478833e-01 1.50000000e-02
7.64800000e+03 1.02146268e+00 1.50000000e-02
7.65000000e+03 9.72675434e-01 1.50000000e-02
7.65200000e+03 1.02898379e+00 1.50000000e-02
7.65400000e+03 1.00119221e+00 1.50000000e-02
7.65600000e+03 1.00825337e+00 1.50000000e-02
7.65800000e+03 1.00587988e+00 1.50000000e-02
7.66000000e+03 9.76090356e-01 1.50000000e-02
7.66200000e+03 9.92345778e-01 1.50000000e-02
7.66400000e+03 9.92050107e-01 1.50000000e-02
7.66600000e+03 9.99918008e-01 1.50000000e-02
7.66800000e+03 9.77612736e-01 1.50000000e-02
7.67000000e+03 9.91464553e-01 1.50000000e-02
7.67200000e+03 1.00235931e+00 1.50000000e-02
7.67400000e+03 1.01823623e+00 1.50000000e-02
7.67600000e+03 1.01209742e+00 1.50000000e-02
7.67800000e+03 9.83255103e-01 1.50000000e-02
7.68000000e+03 1.01418792e+00 1.50000000e-02
7.68200000e+03 1.02522109e+00 1.50000000e-02
7.68400000e+03 1.01286052e+00 1.50000000e-02
7.68600000e+03 9.95964374e-01 1.50000000e-02
7.68800000e+03 9.87627027e-01 1.50000000e-02
7.69000000e+03 9.94795443e-01 1.50000000e-02
7.69200000e+03 1.02586414e+00 1.50000000e-02
7.69400000e+03 9.86080707e-01 1.50000000e-02
7.69600000e+03 9.63707808e-01 1.50000000e-02
7.69800000e+03 1.01487662e+00 1.50000000e-02
7.70000000e+03 9.91367853e-01 1.50000000e-02
7.70200000e+03 1.00015645e+00 1.50000000e-02
7.70400000e+03 9.95169503e-01 1.50000000e-02
7.70600000e+03 1.01794142e+00 1.50000000e-02
7.70800000e+03 9.95291977e-01 1.50000000e-02
7.71000000e+03 9.90148903e-01 1.50000000e-02
7.71200000e+03 9.89161409e-01 1.50000000e-02
7.71400000e+03 1.02780187e+00 1.50000000e-02
7.71600000e+03 1.02395531e+00 1.50000000e-02
7.71800000e+03 9.95832406e-01 1.50000000e-02
7.72000000e+03 9.93874712e-01 1.50000000e-02
7.72200000e+03 9.99834303e-01 1.50000000e-02
7.72400000e+03 1.01002454e+00 1.50000000e-02
7.72600000e+03 9.88771628e-01 1.50000000e-02
7.72800000e+03 1.02477815e+00 1.50000000e-02
7.73000000e+03 1.00573250e+00 1.50000000e-02
7.73200000e+03 9.61818300e-01 1.50000000e-02
7.73400000e+03 9.85513835e-01 1.50000000e-02
7.73600000e+03 9.96947605e-01 1.50000000e-02
7.73800000e+03 1.03791034e+00 1.50000000e-02
7.74000000e+03 1.02564927e+00 1.50000000e-02
7.74200000e+03 1.00468507e+00 1.50000000e-02
7.74400000e+03 9.84071021e-01 1.50000000e-02
7.74600000e+03 1.00019076e+00 1.50000000e-02
7.74800000e+03 1.00175086e+00 1.50000000e-02
7.75000000e+03 9.94336593e-01 1.50000000e-02
7.75200000e+03 1.00298620e+00 1.50000000e-02
7.75400000e+03 1.01161926e+00 1.50000000e-02
7.75600000e+03 9.93495230e-01 1.50000000e-02
7.75800000e+03 9.83423723e-01 1.50000000e-02
7.76000000e+03 1.00278915e+00 1.50000000e-02
7.76200000e+03 9.76903242e-01 1.50000000e-02
7.76400000e+03 9.93202272e-01 1.50000000e-02
7.76600000e+03 1.01787805e+00 1.50000000e-02
7.76800000e+03 1.00267065e+00 1.50000000e-02
7.77000000e+03 9.81339294e-01 1.50000000e-02
7.77200000e+03 9.98711137e-01 1.50000000e-02
7.77400000e+03 9.95145134e-01 1.50000000e-02
7.77600000e+03 1.00095428e+00 1.50000000e-02
7.77800000e+03 1.01443057e+00 1.50000000e-02
7.78000000e+03 9.91136107e-01 1.50000000e-02
7.78200000e+03 9.80182089e-01 1.50000000e-02
7.78400000e+03 1.02263819e+00 1.50000000e-02
7.78600000e+03 9.85984897e-01 1.50000000e-02
7.78800000e+03 1.00809841e+00 1.50000000e-02
7.79000000e+03 1.00513257e+00 1.50000000e-02
7.79200000e+03 9.94098237e-01 1.50000000e-02
7.79400000e+03 1.00762731e+00 1.50000000e-02
7.79600000e+03 1.00417543e+00 1.50000000e-02
7.79800000e+03 1.00202445e+00 1.50000000e-02
7.80000000e+03 1.01070603e+00 1.50000000e-02
7.80200000e+03 9.88534169e-01 1.50000000e-02
7.80400000e+03 1.01348946e+00 1.50000000e-02
7.80600000e+03 9.86528872e-01 1.50000000e-02
7.80800000e+03 1.01424457e+00 1.50000000e-02
7.81000000e+03 1.01970105e+00 1.50000000e-02
7.81200000e+03 9.87262704e-01 1.50000000e-02
7.81400000e+03 1.02931606e+00 1.50000000e-02
7.81600000e+03 9.89798910e-01 1.50000000e-02
7.81800000e+03 9.98496657e-01 1.50000000e-02
7.82000000e+03 9.86868365e-01 1.50000000e-02
7.82200000e+03 9.94884322e-01 1.50000000e-02
7.82400000e+03 1.00030837e+00 1.50000000e-02
7.82600000e+03 9.89983016e-01 1.50000000e-02
7.82800000e+03 1.01388417e+00 1.50000000e-02
7.83000000e+03 9.87237567e-01 1.50000000e-02
7.83200000e+03 1.00394502e+00 1.50000000e-02
7.83400000e+03 9.82886343e-01 1.50000000e-02
7.83600000e+03 9.84970860e-01 1.50000000e-02
7.83800000e+03 1.00053697e+00 1.50000000e-02
7.84000000e+03 1.00342474e+00 1.50000000e-02
7.84200000e+03 9.93264806e-01 1.50000000e-02
7.84400000e+03 1.00373275e+00 1.50000000e-02
7.84600000e+03 1.00578461e+00 1.50000000e-02
7.84800000e+03 9.88735256e-01 1.50000000e-02
7.85000000e+03 9.99433320e-01 1.50000000e-02
7.85200000e+03 9.85935093e-01 1.50000000e-02
7.85400000e+03 9.79185264e-01 1.50000000e-02
7.85600000e+03 9.89849671e-01 1.50000000e-02
7.85800000e+03 9.95566997e-01 1.50000000e-02
7.86000000e+03 1.01677213e+00 1.50000000e-02
7.86200000e+03 1.00680889e+00 1.50000000e-02
7.86400000e+03 1.00085073e+00 1.50000000e-02
7.86600000e+03 9.66609508e-01 1.50000000e-02
7.86800000e+03 9.85325989e-01 1.50000000e-02
7.87000000e+03 1.00668627e+00 1.50000000e-02
7.87200000e+03 1.00811711e+00 1.50000000e-02
7.87400000e+03 9.99343371e-01 1.50000000e-02
7.87600000e+03 9.81389299e-01 1.50000000e-02
7.87800000e+03 9.70091930e-01 1.50000000e-02
7.88000000e+03 9.74331471e-01 1.50000000e-02
7.88200000e+03 1.00195632e+00 1.50000000e-02
7.88400000e+03 1.00550423e+00 1.50000000e-02
7.88600000e+03 1.02659205e+00 1.50000000e-02
7.88800000e+03 9.89709624e-01 1.50000000e-02
7.89000000e+03 1.00471712e+00 1.50000000e-02
7.89200000e+03 9.88110966e-01 1.50000000e-02
7.89400000e+03 9.96811065e-01 1.50000000e-02
7.89600000e+03 1.00135415e+00 1.50000000e-02
7.89800000e+03 9.91998705e-01 1.50000000e-02
7.90000000e+03 1.02128375e+00 1.50000000e-02
7.90200000e+03 9.83663356e-01 1.50000000e-02
7.90400000e+03 1.01200199e+00 1.50000000e-02
7.90600000e+03 9.96875454e-01 1.50000000e-02
7.90800000e+03 9.92673421e-01 1.50000000e-02
7.91000000e+03 1.01570353e+00 1.50000000e-02
7.91200000e+03 9.91286330e-01 1.50000000e-02
7.91400000e+03 1.00469588e+00 1.50000000e-02
7.91600000e+03 1.00021481e+00 1.50000000e-02
7.91800000e+03 1.01094398e+00 1.50000000e-02
7.92000000e+03 9.82456755e-01 1.50000000e-02
7.92200000e+03 1.00455195e+00 1.50000000e-02
7.92400000e+03 1.00757614e+00 1.50000000e-02
7.92600000e+03 9.90602986e-01 1.50000000e-02
7.92800000e+03 9.85211874e-01 1.50000000e-02
7.93000000e+03 9.84909521e-01 1.50000000e-02
7.93200000e+03 9.99814315e-01 1.50000000e-02
7.93400000e+03 9.88710196e-01 1.50000000e-02
7.93600000e+03 1.00839670e+00 1.50000000e-02
7.93800000e+03 9.98502998e-01 1.50000000e-02
7.94000000e+03 9.96439863e-01 1.50000000e-02
7.94200000e+03 9.99689967e-01 1.50000000e-02
7.94400000e+03 1.00134916e+00 1.50000000e-02
7.94600000e+03 1.00197477e+00 1.50000000e-02
7.94800000e+03 1.00903064e+00 1.50000000e-02
7.95000000e+03 1.01761563e+00 1.50000000e-02
7.95200000e+03 1.00682855e+00 1.50000000e-02
7.95400000e+03 1.00810335e+00 1.50000000e-02
7.95600000e+03 1.02324012e+00 1.50000000e-02
7.95800000e+03 1.02337817e+00 1.50000000e-02
7.96000000e+03 1.00184754e+00 1.50000000e-02
7.96200000e+03 9.84819571e-01 1.50000000e-02
7.96400000e+03 1.01846455e+00 1.50000000e-02
7.96600000e+03 9.88863557e-01 1.50000000e-02
7.96800000e+03 9.89555401e-01 1.50000000e-02
7.97000000e+03 9.88806086e-01 1.50000000e-02
7.97200000e+03 9.95583077e-01 1.50000000e-02
7.97400000e+03 9.65856325e-01 1.50000000e-02
7.97600000e+03 9.93141313e-01 1.50000000e-02
7.97800000e+03 1.01768929e+00 1.50000000e-02
7.98000000e+03 1.03931337e+00 1.50000000e-02
7.98200000e+03 1.00808703e+00 1.50000000e-02
7.98400000e+03 1.01315327e+00 1.50000000e-02
7.98600000e+03 1.01454124e+00 1.50000000e-02
7.98800000e+03 9.92598134e-01 1.50000000e-02
7.99000000e+03 9.87066184e-01 1.50000000e-02
7.99200000e+03 1.00700910e+00 1.50000000e-02
7.99400000e+03 1.01841635e+00 1.50000000e-02
7.99600000e+03 1.00358199e+00 1.50000000e-02
7.99800000e+03 1.00681687e+00 1.50000000e-02
8.00000000e+03 1.00128230e+00 1.50000000e-02
8.00200000e+03 9.99684157e-01 1.50000000e-02
8.00400000e+03 9.93968977e-01 1.50000000e-02
8.00600000e+03 1.01804997e+00 1.50000000e-02
8.00800000e+03 1.01452169e+00 1.50000000e-02
8.01000000e+03 9.99979951e-01 1.50000000e-02
8.01200000e+03 1.00610461e+00 1.50000000e-02
8.01400000e+03 1.01127085e+00 1.50000000e-02
8.01600000e+03 1.01877197e+00 1.50000000e-02
8.01800000e+03 1.03127266e+00 1.50000000e-02
8.02000000e+03 1.02836278e+00 1.50000000e-02
8.02200000e+03 1.00247957e+00 1.50000000e-02
8.02400000e+03 1.00608818e+00 1.50000000e-02
8.02600000e+03 9.98407219e-01 1.50000000e-02
8.02800000e+03 1.01417127e+00 1.50000000e-02
8.03000000e+03 1.01893451e+00 1.50000000e-02
8.03200000e+03 9.78254837e-01 1.50000000e-02
8.03400000e+03 1.00423949e+00 1.50000000e-02
8.03600000e+03 1.02400529e+00 1.50000000e-02
8.03800000e+03 9.81091820e-01 1.50000000e-02
8.04000000e+03 1.02532986e+00 1.50000000e-02
8.04200000e+03 1.01931786e+00 1.50000000e-02
8.04400000e+03 9.94769093e-01 1.50000000e-02
8.04600000e+03 9.87332339e-01 1.50000000e-02
8.04800000e+03 1.02821320e+00 1.50000000e-02
8.05000000e+03 9.96681511e-01 1.50000000e-02
8.05200000e+03 9.83329932e-01 1.50000000e-02
8.05400000e+03 1.00319028e+00 1.50000000e-02
8.05600000e+03 9.81303148e-01 1.50000000e-02
8.05800000e+03 9.86842651e-01 1.50000000e-02
8.06000000e+03 1.02818065e+00 1.50000000e-02
8.06200000e+03 9.95201927e-01 1.50000000e-02
8.06400000e+03 9.99308857e-01 1.50000000e-02
8.06600000e+03 9.76627583e-01 1.50000000e-02
8.06800000e+03 9.88174804e-01 1.50000000e-02
8.07000000e+03 1.01656696e+00 1.50000000e-02
8.07200000e+03 1.00712596e+00 1.50000000e-02
8.07400000e+03 1.01674725e+00 1.50000000e-02
8.07600000e+03 1.01554193e+00 1.50000000e-02
8.07800000e+03 1.00426334e+00 1.50000000e-02
8.08000000e+03 9.94542541e-01 1.50000000e-02
8.08200000e+03 9.68128390e-01 1.50000000e-02
8.08400000e+03 1.01713000e+00 1.50000000e-02
8.08600000e+03 1.00231883e+00 1.50000000e-02
8.08800000e+03 1.03933998e+00 1.50000000e-02
8.09000000e+03 9.98649024e-01 1.50000000e-02
8.09200000e+03 9.98902599e-01 1.50000000e-02
8.09400000e+03 9.93494322e-01 1.50000000e-02
8.09600000e+03 9.82354583e-01 1.50000000e-02
8.09800000e+03 1.00094882e+00 1.50000000e-02
8.10000000e+03 1.00546142e+00 1.50000000e-02
8.10200000e+03 1.00385785e+00 1.50000000e-02
8.10400000e+03 9.96187615e-01 1.50000000e-02
8.10600000e+03 9.88842639e-01 1.50000000e-02
8.10800000e+03 1.01767083e+00 1.50000000e-02
8.11000000e+03 1.01541929e+00 1.50000000e-02
8.11200000e+03 9.91007081e-01 1.50000000e-02
8.11400000e+03 9.81486246e-01 1.50000000e-02
8.11600000e+03 9.90759885e-01 1.50000000e-02
8.11800000e+03 9.90592162e-01 1.50000000e-02
8.12000000e+03 1.01621472e+00 1.50000000e-02
8.12200000e+03 9.87946169e-01 1.50000000e-02
8.12400000e+03 1.00648654e+00 1.50000000e-02
8.12600000e+03 9.85756938e-01 1.50000000e-02
8.12800000e+03 9.99404125e-01 1.50000000e-02
8.13000000e+03 1.04062019e+00 1.50000000e-02
8.13200000e+03 9.91251874e-01 1.50000000e-02
8.13400000e+03 1.00754619e+00 1.50000000e-02
8.13600000e+03 9.94317254e-01 1.50000000e-02
8.13800000e+03 1.01851550e+00 1.50000000e-02
8.14000000e+03 1.00665434e+00 1.50000000e-02
8.14200000e+03 1.00170439e+00 1.50000000e-02
8.14400000e+03 1.02322298e+00 1.50000000e-02
8.14600000e+03 1.01406591e+00 1.50000000e-02
8.14800000e+03 1.01136751e+00 1.50000000e-02
8.15000000e+03 9.83904081e-01 1.50000000e-02
8.15200000e+03 9.88075114e-01 1.50000000e-02
8.15400000e+03 1.02305968e+00 1.50000000e-02
8.15600000e+03 9.83756008e-01 1.50000000e-02
8.15800000e+03 1.02552710e+00 1.50000000e-02
8.16000000e+03 1.02522906e+00 1.50000000e-02
8.16200000e+03 9.97766365e-01 1.50000000e-02
8.16400000e+03 9.87992283e-01 1.50000000e-02
8.16600000e+03 9.82310822e-01 1.50000000e-02
8.16800000e+03 1.01260296e+00 1.50000000e-02
8.17000000e+03 1.00862757e+00 1.50000000e-02
8.17200000e+03 9.88612838e-01 1.50000000e-02
8.17400000e+03 9.84485486e-01 1.50000000e-02
8.17600000e+03 1.00723715e+00 1.50000000e-02
8.17800000e+03 9.90388018e-01 1.50000000e-02
8.18000000e+03 9.99516868e-01 1.50000000e-02
8.18200000e+03 9.77050958e-01 1.50000000e-02
8.18400000e+03 1.00603013e+00 1.50000000e-02
8.18600000e+03 1.00182793e+00 1.50000000e-02
8.18800000e+03 9.92533580e-01 1.50000000e-02
8.19000000e+03 9.82033343e-01 1.50000000e-02
8.19200000e+03 9.98505356e-01 1.50000000e-02
8.19400000e+03 1.00499765e+00 1.50000000e-02
8.19600000e+03 1.00574428e+00 1.50000000e-02
8.19800000e+03 1.00136380e+00 1.50000000e-02
8.20000000e+03 9.88310945e-01 1.50000000e-02
8.20200000e+03 1.00947357e+00 1.50000000e-02
8.20400000e+03 1.01681414e+00 1.50000000e-02
8.20600000e+03 9.90617074e-01 1.50000000e-02
8.20800000e+03 9.80702741e-01 1.50000000e-02
8.21000000e+03 1.02137866e+00 1.50000000e-02
8.21200000e+03 1.00244951e+00 1.50000000e-02
8.21400000e+03 9.70900586e-01 1.50000000e-02
8.21600000e+03 1.01176404e+00 1.50000000e-02
8.21800000e+03 1.00185809e+00 1.50000000e-02
8.22000000e+03 9.88828503e-01 1.50000000e-02
8.22200000e+03 1.00041711e+00 1.50000000e-02
8.22400000e+03 9.82769797e-01 1.50000000e-02
8.22600000e+03 9.86038493e-01 1.50000000e-02
8.22800000e+03 9.74168624e-01 1.50000000e-02
8.23000000e+03 1.01593168e+00 1.50000000e-02
8.23200000e+03 9.90509527e-01 1.50000000e-02
8.23400000e+03 1.00127540e+00 1.50000000e-02
8.23600000e+03 1.00325435e+00 1.50000000e-02
8.23800000e+03 9.59014086e-01 1.50000000e-02
8.24000000e+03 1.00021122e+00 1.50000000e-02
8.24200000e+03 9.80568254e-01 1.50000000e-02
8.24400000e+03 1.01595864e+00 1.50000000e-02
8.24600000e+03 9.79293585e-01 1.50000000e-02
8.24800000e+03 1.00988176e+00 1.50000000e-02
8.25000000e+03 1.02207738e+00 1.50000000e-02
8.25200000e+03 1.00130048e+00 1.50000000e-02
8.25400000e+03 1.01287687e+00 1.50000000e-02
8.25600000e+03 1.01792160e+00 1.50000000e-02
8.25800000e+03 1.00041887e+00 1.50000000e-02
8.26000000e+03 9.94164996e-01 1.50000000e-02
8.26200000e+03 9.76165278e-01 1.50000000e-02
8.26400000e+03 1.02542799e+00 1.50000000e-02
8.26600000e+03 1.01299839e+00 1.50000000e-02
8.26800000e+03 1.00759465e+00 1.50000000e-02
8.27000000e+03 9.72347593e-01 1.50000000e-02
8.27200000e+03 1.01463090e+00 1.50000000e-02
8.27400000e+03 9.92357613e-01 1.50000000e-02
8.27600000e+03 1.00064150e+00 1.50000000e-02
8.27800000e+03 1.00337921e+00 1.50000000e-02
8.28000000e+03 1.01508682e+00 1.50000000e-02
8.28200000e+03 9.93700601e-01 1.50000000e-02
8.28400000e+03 9.88145894e-01 1.50000000e-02
8.28600000e+03 1.00709813e+00 1.50000000e-02
8.28800000e+03 1.00239604e+00 1.50000000e-02
8.29000000e+03 9.89510099e-01 1.50000000e-02
8.29200000e+03 1.03011116e+00 1.50000000e-02
8.29400000e+03 1.01565132e+00 1.50000000e-02
8.29600000e+03 9.74989849e-01 1.50000000e-02
8.29800000e+03 9.65484950e-01 1.50000000e-02
8.30000000e+03 9.70063034e-01 1.50000000e-02
8.30200000e+03 9.92096852e-01 1.50000000e-02
8.30400000e+03 1.00528390e+00 1.50000000e-02
8.30600000e+03 1.02442438e+00 1.50000000e-02
8.30800000e+03 1.00122871e+00 1.50000000e-02
8.31000000e+03 9.88979354e-01 1.50000000e-02
8.31200000e+03 1.00081605e+00 1.50000000e-02
8.31400000e+03 9.99374606e-01 1.50000000e-02
8.31600000e+03 9.84969247e-01 1.50000000e-02
8.31800000e+03 1.00104652e+00 1.50000000e-02
8.32000000e+03 9.71009886e-01 1.50000000e-02
8.32200000e+03 9.93452739e-01 1.50000000e-02
8.32400000e+03 1.00575624e+00 1.50000000e-02
8.32600000e+03 9.95734069e-01 1.50000000e-02
8.32800000e+03 1.00700286e+00 1.50000000e-02
8.33000000e+03 1.01534795e+00 1.50000000e-02
8.33200000e+03 1.00823972e+00 1.50000000e-02
8.33400000e+03 1.00934306e+00 1.50000000e-02
8.33600000e+03 1.00927616e+00 1.50000000e-02
8.33800000e+03 9.96723630e-01 1.50000000e-02
8.34000000e+03 1.01473736e+00 1.50000000e-02
8.34200000e+03 1.00382770e+00 1.50000000e-02
8.34400000e+03 9.85535170e-01 1.50000000e-02
8.34600000e+03 1.01432353e+00 1.50000000e-02
8.34800000e+03 9.99992753e-01 1.50000000e-02
8.35000000e+03 9.54008822e-01 1.50000000e-02
8.35200000e+03 1.02603143e+00 1.50000000e-02
8.35400000e+03 1.00128912e+00 1.50000000e-02
8.35600000e+03 9.89374264e-01 1.50000000e-02
8.35800000e+03 1.01238638e+00 1.50000000e-02
8.36000000e+03 1.00681302e+00 1.50000000e-02
8.36200000e+03 1.00495752e+00 1.50000000e-02
8.36400000e+03 1.02742221e+00 1.50000000e-02
8.36600000e+03 1.01850795e+00 1.50000000e-02
8.36800000e+03 9.97902210e-01 1.50000000e-02
8.37000000e+03 9.91832707e-01 1.50000000e-02
8.37200000e+03 9.83368945e-01 1.50000000e-02
8.37400000e+03 1.00855549e+00 1.50000000e-02
8.37600000e+03 1.00391262e+00 1.50000000e-02
8.37800000e+03 1.01846601e+00 1.50000000e-02
8.38000000e+03 1.00537586e+00 1.50000000e-02
8.38200000e+03 1.01315521e+00 1.50000000e-02
8.38400000e+03 1.02254891e+00 1.50000000e-02
8.38600000e+03 9.95328493e-01 1.50000000e-02
8.38800000e+03 9.88684168e-01 1.50000000e-02
8.39000000e+03 1.00280090e+00 1.50000000e-02
8.39200000e+03 9.83832420e-01 1.50000000e-02
8.39400000e+03 1.00020081e+00 1.50000000e-02
8.39600000e+03 9.98945122e-01 1.50000000e-02
8.39800000e+03 1.02402776e+00 1.50000000e-02
8.40000000e+03 9.97814759e-01 1.50000000e-02
8.40200000e+03 1.02065574e+00 1.50000000e-02
8.40400000e+03 9.97011495e-01 1.50000000e-02
8.40600000e+03 1.00214276e+00 1.50000000e-02
8.40800000e+03 9.95725168e-01 1.50000000e-02
8.41000000e+03 1.00150818e+00 1.50000000e-02
8.41200000e+03 9.93831942e-01 1.50000000e-02
8.41400000e+03 9.86339270e-01 1.50000000e-02
8.41600000e+03 9.83834565e-01 1.50000000e-02
8.41800000e+03 1.01578422e+00 1.50000000e-02
8.42000000e+03 1.00499131e+00 1.50000000e-02
8.42200000e+03 1.02630820e+00 1.50000000e-02
8.42400000e+03 1.02476483e+00 1.50000000e-02
8.42600000e+03 9.87450318e-01 1.50000000e-02
8.42800000e+03 1.03055708e+00 1.50000000e-02
8.43000000e+03 9.95708648e-01 1.50000000e-02
8.43200000e+03 9.78756428e-01 1.50000000e-02
8.43400000e+03 9.85031023e-01 1.50000000e-02
8.43600000e+03 9.94134668e-01 1.50000000e-02
8.43800000e+03 9.66196770e-01 1.50000000e-02
8.44000000e+03 1.00901356e+00 1.50000000e-02
8.44200000e+03 9.96839410e-01 1.50000000e-02
8.44400000e+03 1.01144324e+00 1.50000000e-02
8.44600000e+03 1.00713362e+00 1.50000000e-02
8.44800000e+03 1.00606003e+00 1.50000000e-02
8.45000000e+03 1.01280649e+00 1.50000000e-02
8.45200000e+03 1.00946300e+00 1.50000000e-02
8.45400000e+03 9.81282633e-01 1.50000000e-02
8.45600000e+03 1.02527342e+00 1.50000000e-02
8.45800000e+03 9.95187236e-01 1.50000000e-02
8.46000000e+03 1.00267508e+00 1.50000000e-02
8.46200000e+03 1.01268145e+00 1.50000000e-02
8.46400000e+03 9.91399349e-01 1.50000000e-02
8.46600000e+03 9.94051685e-01 1.50000000e-02
8.46800000e+03 9.75036449e-01 1.50000000e-02
8.47000000e+03 1.01160540e+00 1.50000000e-02
8.47200000e+03 1.01166296e+00 1.50000000e-02
8.47400000e+03 9.95511540e-01 1.50000000e-02
8.47600000e+03 9.89839217e-01 1.50000000e-02
8.47800000e+03 9.62275621e-01 1.50000000e-02
8.48000000e+03 1.00806790e+00 1.50000000e-02
8.48200000e+03 9.87238069e-01 1.50000000e-02
8.48400000e+03 9.93619332e-01 1.50000000e-02
8.48600000e+03 9.95549015e-01 1.50000000e-02
8.48800000e+03 9.95303781e-01 1.50000000e-02
8.49000000e+03 1.00280586e+00 1.50000000e-02
8.49200000e+03 1.00945001e+00 1.50000000e-02
8.49400000e+03 1.00298793e+00 1.50000000e-02
8.49600000e+03 9.84322978e-01 1.50000000e-02
8.49800000e+03 9.99692363e-01 1.50000000e-02
8.50000000e+03 9.98701619e-01 1.50000000e-02
8.50200000e+03 9.86442045e-01 1.50000000e-02
8.50400000e+03 9.96680688e-01 1.50000000e-02
8.50600000e+03 1.01362285e+00 1.50000000e-02
8.50800000e+03 1.01177997e+00 1.50000000e-02
8.51000000e+03 1.00844999e+00 1.50000000e-02
8.51200000e+03 1.00999168e+00 1.50000000e-02
8.51400000e+03 9.73131111e-01 1.50000000e-02
8.51600000e+03 1.00397724e+00 1.50000000e-02
8.51800000e+03 1.02317668e+00 1.50000000e-02
8.52000000e+03 9.96738608e-01 1.50000000e-02
8.52200000e+03 9.96800780e-01 1.50000000e-02
8.52400000e+03 9.90587541e-01 1.50000000e-02
8.52600000e+03 1.00595661e+00 1.50000000e-02
8.52800000e+03 1.00114944e+00 1.50000000e-02
8.53000000e+03 9.87206091e-01 1.50000000e-02
8.53200000e+03 1.00303573e+00 1.50000000e-02
8.53400000e+03 1.00198890e+00 1.50000000e-02
8.53600000e+03 1.00708621e+00 1.50000000e-02
8.53800000e+03 1.00776391e+00 1.50000000e-02
8.54000000e+03 9.90934090e-01 1.50000000e-02
8.54200000e+03 1.00787478e+00 1.50000000e-02
8.54400000e+03 1.00125001e+00 1.50000000e-02
8.54600000e+03 1.00046822e+00 1.50000000e-02
8.54800000e+03 9.96007182e-01 1.50000000e-02
8.55000000e+03 1.00283327e+00 1.50000000e-02
8.55200000e+03 9.92645044e-01 1.50000000e-02
8.55400000e+03 9.85645315e-01 1.50000000e-02
8.55600000e+03 1.01761040e+00 1.50000000e-02
8.55800000e+03 9.83462870e-01 1.50000000e-02
8.56000000e+03 1.00496727e+00 1.50000000e-02
8.56200000e+03 1.01208725e+00 1.50000000e-02
8.56400000e+03 1.00435356e+00 1.50000000e-02
8.56600000e+03 9.96451265e-01 1.50000000e-02
8.56800000e+03 9.98537922e-01 1.50000000e-02
8.57000000e+03 9.78692810e-01 1.50000000e-02
8.57200000e+03 1.00542959e+00 1.50000000e-02
8.57400000e+03 9.87307120e-01 1.50000000e-02
8.57600000e+03 9.98753915e-01 1.50000000e-02
8.57800000e+03 9.87549539e-01 1.50000000e-02
8.58000000e+03 1.01293283e+00 1.50000000e-02
8.58200000e+03 9.94699933e-01 1.50000000e-02
8.58400000e+03 9.99797754e-01 1.50000000e-02
8.58600000e+03 1.02092851e+00 1.50000000e-02
8.58800000e+03 9.86663796e-01 1.50000000e-02
8.59000000e+03 9.96774293e-01 1.50000000e-02
8.59200000e+03 9.68575448e-01 1.50000000e-02
8.59400000e+03 9.95436239e-01 1.50000000e-02
8.59600000e+03 9.93657937e-01 1.50000000e-02
8.59800000e+03 9.90871135e-01 1.50000000e-02
8.60000000e+03 1.00975087e+00 1.50000000e-02
8.60200000e+03 1.02183084e+00 1.50000000e-02
8.60400000e+03 1.01179885e+00 1.50000000e-02
8.60600000e+03 1.01081819e+00 1.50000000e-02
8.60800000e+03 1.01520620e+00 1.50000000e-02
8.61000000e+03 9.91905382e-01 1.50000000e-02
8.61200000e+03 9.89065692e-01 1.50000000e-02
8.61400000e+03 1.00491288e+00 1.50000000e-02
8.61600000e+03 1.02531682e+00 1.50000000e-02
8.61800000e+03 9.92404591e-01 1.50000000e-02
8.62000000e+03 9.79265185e-01 1.50000000e-02
8.62200000e+03 1.00136149e+00 1.50000000e-02
8.62400000e+03 1.01513230e+00 1.50000000e-02
8.62600000e+03 1.01054793e+00 1.50000000e-02
8.62800000e+03 1.00737619e+00 1.50000000e-02
8.63000000e+03 9.99264850e-01 1.50000000e-02
8.63200000e+03 1.01165565e+00 1.50000000e-02
8.63400000e+03 9.95148153e-01 1.50000000e-02
8.63600000e+03 1.01851984e+00 1.50000000e-02
8.63800000e+03 1.02012393e+00 1.50000000e-02
8.64000000e+03 1.01273141e+00 1.50000000e-02
8.64200000e+03 1.02995101e+00 1.50000000e-02
8.64400000e+03 1.03611680e+00 1.50000000e-02
8.64600000e+03 9.89781768e-01 1.50000000e-02
8.64800000e+03 9.98520746e-01 1.50000000e-02
8.65000000e+03 9.87448767e-01 1.50000000e-02
8.65200000e+03 9.76912772e-01 1.50000000e-02
8.65400000e+03 9.85007998e-01 1.50000000e-02
8.65600000e+03 9.98542831e-01 1.50000000e-02
8.65800000e+03 1.00842240e+00 1.50000000e-02
8.66000000e+03 1.00699324e+00 1.50000000e-02
8.66200000e+03 9.63699996e-01 1.50000000e-02
8.66400000e+03 9.99762538e-01 1.50000000e-02
8.66600000e+03 9.83742315e-01 1.50000000e-02
8.66800000e+03 1.00989023e+00 1.50000000e-02
8.67000000e+03 9.88372260e-01 1.50000000e-02
8.67200000e+03 1.01466101e+00 1.50000000e-02
8.67400000e+03 1.02550790e+00 1.50000000e-02
8.67600000e+03 1.02790317e+00 1.50000000e-02
8.67800000e+03 9.97672992e-01 1.50000000e-02
8.68000000e+03 1.00391365e+00 1.50000000e-02
8.68200000e+03 9.95662396e-01 1.50000000e-02
8.68400000e+03 1.00003261e+00 1.50000000e-02
8.68600000e+03 1.02574820e+00 1.50000000e-02
8.68800000e+03 9.74303739e-01 1.50000000e-02
8.69000000e+03 9.91640339e-01 1.50000000e-02
8.69200000e+03 1.00141523e+00 1.50000000e-02
8.69400000e+03 9.93205733e-01 1.50000000e-02
8.69600000e+03 9.83707366e-01 1.50000000e-02
8.69800000e+03 1.01574337e+00 1.50000000e-02
8.70000000e+03 9.98986282e-01 1.50000000e-02
8.70200000e+03 9.93666517e-01 1.50000000e-02
8.70400000e+03 9.80192933e-01 1.50000000e-02
8.70600000e+03 9.98053476e-01 1.50000000e-02
8.70800000e+03 1.01357313e+00 1.50000000e-02
8.71000000e+03 9.97507836e-01 1.50000000e-02
8.71200000e+03 1.01657530e+00 1.50000000e-02
8.71400000e+03 9.95293496e-01 1.50000000e-02
8.71600000e+03 9.87609805e-01 1.50000000e-02
8.71800000e+03 1.00064939e+00 1.50000000e-02
8.72000000e+03 9.86518876e-01 1.50000000e-02
8.72200000e+03 9.77904880e-01 1.50000000e-02
8.72400000e+03 1.00785221e+00 1.50000000e-02
8.72600000e+03 1.01447750e+00 1.50000000e-02
8.72800000e+03 1.02487711e+00 1.50000000e-02
8.73000000e+03 9.72326413e-01 1.50000000e-02
8.73200000e+03 1.01422375e+00 1.50000000e-02
8.73400000e+03 1.00981881e+00 1.50000000e-02
8.73600000e+03 1.00249805e+00 1.50000000e-02
8.73800000e+03 1.00735024e+00 1.50000000e-02
8.74000000e+03 1.01038863e+00 1.50000000e-02
8.74200000e+03 1.00802110e+00 1.50000000e-02
8.74400000e+03 1.00879296e+00 1.50000000e-02
8.74600000e+03 9.96232498e-01 1.50000000e-02
8.74800000e+03 1.02596071e+00 1.50000000e-02
8.75000000e+03 1.00024645e+00 1.50000000e-02
8.75200000e+03 1.01652928e+00 1.50000000e-02
8.75400000e+03 9.94930863e-01 1.50000000e-02
8.75600000e+03 9.99776025e-01 1.50000000e-02
8.75800000e+03 9.98652668e-01 1.50000000e-02
8.76000000e+03 1.00381161e+00 1.50000000e-02
8.76200000e+03 1.02066757e+00 1.50000000e-02
8.76400000e+03 9.78147038e-01 1.50000000e-02
8.76600000e+03 1.01848908e+00 1.50000000e-02
8.76800000e+03 9.90015349e-01 1.50000000e-02
8.77000000e+03 1.03126962e+00 1.50000000e-02
8.77200000e+03 9.86198878e-01 1.50000000e-02
8.77400000e+03 1.00271908e+00 1.50000000e-02
8.77600000e+03 1.00985411e+00 1.50000000e-02
8.77800000e+03 9.76732470e-01 1.50000000e-02
8.78000000e+03 1.00027760e+00 1.50000000e-02
8.78200000e+03 1.00139090e+00 1.50000000e-02
8.78400000e+03 1.00609664e+00 1.50000000e-02
8.78600000e+03 9.97588908e-01 1.50000000e-02
8.78800000e+03 9.85009368e-01 1.50000000e-02
8.79000000e+03 9.72764466e-01 1.50000000e-02
8.79200000e+03 9.92007707e-01 1.50000000e-02
8.79400000e+03 9.94419901e-01 1.50000000e-02
8.79600000e+03 9.94740434e-01 1.50000000e-02
8.79800000e+03 1.01255837e+00 1.50000000e-02
8.80000000e+03 1.00183757e+00 1.50000000e-02
8.80200000e+03 9.74947968e-01 1.50000000e-02
8.80400000e+03 9.87568339e-01 1.50000000e-02
8.80600000e+03 1.01706182e+00 1.50000000e-02
8.80800000e+03 1.00996626e+00 1.50000000e-02
8.81000000e+03 1.00255789e+00 1.50000000e-02
8.81200000e+03 9.95360263e-01 1.50000000e-02
8.81400000e+03 1.01633079e+00 1.50000000e-02
8.81600000e+03 9.88897830e-01 1.50000000e-02
8.81800000e+03 9.90409430e-01 1.50000000e-02
8.82000000e+03 1.01667484e+00 1.50000000e-02
8.82200000e+03 9.73179399e-01 1.50000000e-02
8.82400000e+03 1.01700694e+00 1.50000000e-02
8.82600000e+03 9.93581488e-01 1.50000000e-02
8.82800000e+03 1.00638283e+00 1.50000000e-02
8.83000000e+03 9.94091658e-01 1.50000000e-02
8.83200000e+03 9.72902776e-01 1.50000000e-02
8.83400000e+03 1.00599359e+00 1.50000000e-02
8.83600000e+03 9.90226344e-01 1.50000000e-02
8.83800000e+03 9.99125431e-01 1.50000000e-02
8.84000000e+03 1.00645660e+00 1.50000000e-02
8.84200000e+03 1.00311636e+00 1.50000000e-02
8.84400000e+03 1.00250135e+00 1.50000000e-02
8.84600000e+03 1.01000720e+00 1.50000000e-02
8.84800000e+03 9.79726172e-01 1.50000000e-02
8.85000000e+03 1.03145667e+00 1.50000000e-02
8.85200000e+03 9.77739636e-01 1.50000000e-02
8.85400000e+03 9.97494823e-01 1.50000000e-02
8.85600000e+03 1.00046617e+00 1.50000000e-02
8.85800000e+03 9.92951960e-01 1.50000000e-02
8.86000000e+03 1.01173971e+00 1.50000000e-02
8.86200000e+03 9.93167422e-01 1.50000000e-02
8.86400000e+03 1.00127419e+00 1.50000000e-02
8.86600000e+03 1.04008142e+00 1.50000000e-02
8.86800000e+03 9.93999929e-01 1.50000000e-02
8.87000000e+03 1.03557255e+00 1.50000000e-02
8.87200000e+03 9.79773183e-01 1.50000000e-02
8.87400000e+03 1.00936339e+00 1.50000000e-02
8.87600000e+03 1.00389010e+00 1.50000000e-02
8.87800000e+03 1.01061078e+00 1.50000000e-02
8.88000000e+03 9.65945227e-01 1.50000000e-02
8.88200000e+03 9.69902579e-01 1.50000000e-02
8.88400000e+03 1.01037342e+00 1.50000000e-02
8.88600000e+03 1.01320007e+00 1.50000000e-02
8.88800000e+03 1.01074325e+00 1.50000000e-02
8.89000000e+03 9.93413492e-01 1.50000000e-02
8.89200000e+03 1.00823169e+00 1.50000000e-02
8.89400000e+03 1.00653456e+00 1.50000000e-02
8.89600000e+03 9.91762575e-01 1.50000000e-02
8.89800000e+03 1.02879809e+00 1.50000000e-02
8.90000000e+03 9.99995135e-01 1.50000000e-02
8.90200000e+03 9.92957272e-01 1.50000000e-02
8.90400000e+03 1.00627512e+00 1.50000000e-02
8.90600000e+03 9.94715018e-01 1.50000000e-02
8.90800000e+03 1.00450484e+00 1.50000000e-02
8.91000000e+03 9.86886799e-01 1.50000000e-02
8.91200000e+03 9.87712635e-01 1.50000000e-02
8.91400000e+03 9.92616760e-01 1.50000000e-02
8.91600000e+03 1.01625122e+00 1.50000000e-02
8.91800000e+03 9.96838533e-01 1.50000000e-02
8.92000000e+03 1.02457846e+00 1.50000000e-02
8.92200000e+03 1.02245094e+00 1.50000000e-02
8.92400000e+03 9.92444374e-01 1.50000000e-02
8.92600000e+03 9.93626725e-01 1.50000000e-02
8.92800000e+03 1.01827075e+00 1.50000000e-02
8.93000000e+03 9.96176456e-01 1.50000000e-02
8.93200000e+03 9.95474332e-01 1.50000000e-02
8.93400000e+03 1.02732187e+00 1.50000000e-02
8.93600000e+03 1.01981989e+00 1.50000000e-02
8.93800000e+03 1.00971915e+00 1.50000000e-02
8.94000000e+03 9.73911549e-01 1.50000000e-02
8.94200000e+03 1.00325377e+00 1.50000000e-02
8.94400000e+03 9.75482405e-01 1.50000000e-02
8.94600000e+03 1.00433111e+00 1.50000000e-02
8.94800000e+03 1.00635832e+00 1.50000000e-02
8.95000000e+03 1.02827015e+00 1.50000000e-02
8.95200000e+03 9.81384267e-01 1.50000000e-02
8.95400000e+03 1.00363379e+00 1.50000000e-02
8.95600000e+03 1.00615359e+00 1.50000000e-02
8.95800000e+03 1.00769533e+00 1.50000000e-02
8.96000000e+03 1.00940318e+00 1.50000000e-02
8.96200000e+03 1.01871677e+00 1.50000000e-02
8.96400000e+03 1.00927107e+00 1.50000000e-02
8.96600000e+03 9.95655189e-01 1.50000000e-02
8.96800000e+03 9.97962111e-01 1.50000000e-02
8.97000000e+03 1.01817517e+00 1.50000000e-02
8.97200000e+03 9.96840135e-01 1.50000000e-02
8.97400000e+03 9.71970651e-01 1.50000000e-02
8.97600000e+03 9.77916467e-01 1.50000000e-02
8.97800000e+03 9.83280485e-01 1.50000000e-02
8.98000000e+03 9.82319684e-01 1.50000000e-02
8.98200000e+03 1.00534094e+00 1.50000000e-02
8.98400000e+03 1.00413870e+00 1.50000000e-02
8.98600000e+03 9.75080046e-01 1.50000000e-02
8.98800000e+03 9.85995149e-01 1.50000000e-02
8.99000000e+03 1.00775170e+00 1.50000000e-02
8.99200000e+03 1.00758583e+00 1.50000000e-02
8.99400000e+03 9.99507007e-01 1.50000000e-02
8.99600000e+03 1.03359686e+00 1.50000000e-02
8.99800000e+03 9.88391144e-01 1.50000000e-02
9.00000000e+03 1.01804100e+00 1.50000000e-02
9.00200000e+03 1.00492481e+00 1.50000000e-02
9.00400000e+03 9.69640331e-01 1.50000000e-02
9.00600000e+03 9.84314945e-01 1.50000000e-02
9.00800000e+03 1.00203197e+00 1.50000000e-02
9.01000000e+03 9.88711673e-01 1.50000000e-02
9.01200000e+03 9.94744603e-01 1.50000000e-02
9.01400000e+03 9.98144929e-01 1.50000000e-02
9.01600000e+03 1.00515182e+00 1.50000000e-02
9.01800000e+03 9.95581878e-01 1.50000000e-02
9.02000000e+03 1.00999073e+00 1.50000000e-02
9.02200000e+03 9.97017391e-01 1.50000000e-02
9.02400000e+03 9.84862317e-01 1.50000000e-02
9.02600000e+03 9.93779649e-01 1.50000000e-02
9.02800000e+03 9.81479410e-01 1.50000000e-02
9.03000000e+03 1.01193694e+00 1.50000000e-02
9.03200000e+03 9.77631785e-01 1.50000000e-02
9.03400000e+03 9.91415012e-01 1.50000000e-02
9.03600000e+03 9.93597865e-01 1.50000000e-02
9.03800000e+03 1.00780877e+00 1.50000000e-02
9.04000000e+03 1.02137472e+00 1.50000000e-02
9.04200000e+03 9.82275686e-01 1.50000000e-02
9.04400000e+03 9.94596329e-01 1.50000000e-02
9.04600000e+03 9.92259563e-01 1.50000000e-02
9.04800000e+03 9.88480753e-01 1.50000000e-02
9.05000000e+03 9.74401885e-01 1.50000000e-02
9.05200000e+03 1.00104865e+00 1.50000000e-02
9.05400000e+03 9.71232068e-01 1.50000000e-02
9.05600000e+03 1.02179607e+00 1.50000000e-02
9.05800000e+03 1.01246832e+00 1.50000000e-02
9.06000000e+03 1.01592973e+00 1.50000000e-02
9.06200000e+03 1.02794456e+00 1.50000000e-02
9.06400000e+03 9.98188026e-01 1.50000000e-02
9.06600000e+03 9.88562054e-01 1.50000000e-02
9.06800000e+03 9.71278881e-01 1.50000000e-02
9.07000000e+03 1.01701592e+00 1.50000000e-02
9.07200000e+03 1.01180737e+00 1.50000000e-02
9.07400000e+03 9.92185243e-01 1.50000000e-02
9.07600000e+03 9.83332411e-01 1.50000000e-02
9.07800000e+03 1.00450727e+00 1.50000000e-02
9.08000000e+03 1.00381348e+00 1.50000000e-02
9.08200000e+03 9.82069146e-01 1.50000000e-02
9.08400000e+03 1.02186492e+00 1.50000000e-02
9.08600000e+03 9.91332411e-01 1.50000000e-02
9.08800000e+03 1.00852061e+00 1.50000000e-02
9.09000000e+03 9.71642101e-01 1.50000000e-02
9.09200000e+03 9.83085446e-01 1.50000000e-02
9.09400000e+03 1.00133134e+00 1.50000000e-02
9.09600000e+03 9.83483581e-01 1.50000000e-02
9.09800000e+03 1.02585775e+00 1.50000000e-02
9.10000000e+03 9.69393264e-01 1.50000000e-02
9.10200000e+03 9.91238895e-01 1.50000000e-02
9.10400000e+03 9.71132942e-01 1.50000000e-02
9.10600000e+03 9.92984846e-01 1.50000000e-02
9.10800000e+03 1.01806154e+00 1.50000000e-02
9.11000000e+03 1.00298325e+00 1.50000000e-02
9.11200000e+03 9.95908936e-01 1.50000000e-02
9.11400000e+03 1.01801922e+00 1.50000000e-02
9.11600000e+03 9.75157184e-01 1.50000000e-02
9.11800000e+03 9.79803517e-01 1.50000000e-02
9.12000000e+03 9.74635976e-01 1.50000000e-02
9.12200000e+03 1.01549461e+00 1.50000000e-02
9.12400000e+03 9.73828223e-01 1.50000000e-02
9.12600000e+03 1.01954822e+00 1.50000000e-02
9.12800000e+03 9.87913926e-01 1.50000000e-02
9.13000000e+03 9.95670566e-01 1.50000000e-02
9.13200000e+03 9.93277245e-01 1.50000000e-02
9.13400000e+03 1.01191444e+00 1.50000000e-02
9.13600000e+03 9.91499805e-01 1.50000000e-02
9.13800000e+03 9.94506164e-01 1.50000000e-02
9.14000000e+03 9.94594335e-01 1.50000000e-02
9.14200000e+03 9.97124369e-01 1.50000000e-02
9.14400000e+03 9.85296442e-01 1.50000000e-02
9.14600000e+03 9.99380909e-01 1.50000000e-02
9.14800000e+03 9.83203316e-01 1.50000000e-02
9.15000000e+03 1.00751783e+00 1.50000000e-02
9.15200000e+03 9.91653665e-01 1.50000000e-02
9.15400000e+03 1.02057180e+00 1.50000000e-02
9.15600000e+03 9.77960247e-01 1.50000000e-02
9.15800000e+03 1.00157810e+00 1.50000000e-02
9.16000000e+03 9.97421153e-01 1.50000000e-02
9.16200000e+03 1.02606699e+00 1.50000000e-02
9.16400000e+03 1.00707684e+00 1.50000000e-02
9.16600000e+03 9.96228496e-01 1.50000000e-02
9.16800000e+03 9.96382877e-01 1.50000000e-02
9.17000000e+03 9.88365899e-01 1.50000000e-02
9.17200000e+03 1.03029463e+00 1.50000000e-02
9.17400000e+03 1.03166789e+00 1.50000000e-02
9.17600000e+03 9.97827415e-01 1.50000000e-02
9.17800000e+03 9.87455586e-01 1.50000000e-02
9.18000000e+03 1.00572350e+00 1.50000000e-02
9.18200000e+03 1.01010472e+00 1.50000000e-02
9.18400000e+03 9.84703907e-01 1.50000000e-02
9.18600000e+03 9.92603880e-01 1.50000000e-02
9.18800000e+03 9.90631284e-01 1.50000000e-02
9.19000000e+03 9.94392836e-01 1.50000000e-02
9.19200000e+03 1.00612376e+00 1.50000000e-02
9.19400000e+03 9.82652256e-01 1.50000000e-02
9.19600000e+03 9.70983126e-01 1.50000000e-02
9.19800000e+03 1.03000891e+00 1.50000000e-02
