# object 3: CIV, C III] and Mg II at z=1.6, vacuum Angstrom
# wavelength flux err
3.70000000e+03 9.59858153e-01 5.00000000e-02
3.70100000e+03 1.01214250e+00 5.00000000e-02
3.70200000e+03 9.17182729e-01 5.00000000e-02
3.70300000e+03 1.03280524e+00 5.00000000e-02
3.70400000e+03 1.05717265e+00 5.00000000e-02
3.70500000e+03 9.77369450e-01 5.00000000e-02
3.70600000e+03 1.02152429e+00 5.00000000e-02
3.70700000e+03 1.01254663e+00 5.00000000e-02
3.70800000e+03 9.80282397e-01 5.00000000e-02
3.70900000e+03 9.56879757e-01 5.00000000e-02
3.71000000e+03 8.98372379e-01 5.00000000e-02
3.71100000e+03 1.07052117e+00 5.00000000e-02
3.71200000e+03 9.97618388e-01 5.00000000e-02
3.71300000e+03 1.12611637e+00 5.00000000e-02
3.71400000e+03 1.04131091e+00 5.00000000e-02
3.71500000e+03 1.01388903e+00 5.00000000e-02
3.71600000e+03 9.67128447e-01 5.00000000e-02
3.71700000e+03 1.06962346e+00 5.00000000e-02
3.71800000e+03 9.74685544e-01 5.00000000e-02
3.71900000e+03 1.07849746e+00 5.00000000e-02
3.72000000e+03 9.80081936e-01 5.00000000e-02
3.72100000e+03 1.00929770e+00 5.00000000e-02
3.72200000e+03 9.23866480e-01 5.00000000e-02
3.72300000e+03 1.11716162e+00 5.00000000e-02
3.72400000e+03 9.95298709e-01 5.00000000e-02
3.72500000e+03 9.80744321e-01 5.00000000e-02
3.72600000e+03 1.04054238e+00 5.00000000e-02
3.72700000e+03 9.55431408e-01 5.00000000e-02
3.72800000e+03 1.03838036e+00 5.00000000e-02
3.72900000e+03 9.41437980e-01 5.00000000e-02
3.73000000e+03 1.02726209e+00 5.00000000e-02
3.73100000e+03 9.47793688e-01 5.00000000e-02
3.73200000e+03 9.08146595e-01 5.00000000e-02
3.73300000e+03 9.70311621e-01 5.00000000e-02
3.73400000e+03 9.26804279e-01 5.00000000e-02
3.73500000e+03 1.02766391e+00 5.00000000e-02
3.73600000e+03 1.00108356e+00 5.00000000e-02
3.73700000e+03 1.02547232e+00 5.00000000e-02
3.73800000e+03 1.00456514e+00 5.00000000e-02
3.73900000e+03 9.82307049e-01 5.00000000e-02
3.74000000e+03 1.00140647e+00 5.00000000e-02
3.74100000e+03 1.05262445e+00 5.00000000e-02
3.74200000e+03 9.90843458e-01 5.00000000e-02
3.74300000e+03 9.61897640e-01 5.00000000e-02
3.74400000e+03 9.51504919e-01 5.00000000e-02
3.74500000e+03 9.88913693e-01 5.00000000e-02
3.74600000e+03 9.62513035e-01 5.00000000e-02
3.74700000e+03 1.09403161e+00 5.00000000e-02
3.74800000e+03 9.41071779e-01 5.00000000e-02
3.74900000e+03 9.45920021e-01 5.00000000e-02
3.75000000e+03 9.84705384e-01 5.00000000e-02
3.75100000e+03 1.03250069e+00 5.00000000e-02
3.75200000e+03 9.86595097e-01 5.00000000e-02
3.75300000e+03 9.52104594e-01 5.00000000e-02
3.75400000e+03 9.59654981e-01 5.00000000e-02
3.75500000e+03 9.82460399e-01 5.00000000e-02
3.75600000e+03 1.04866814e+00 5.00000000e-02
3.75700000e+03 9.51100902e-01 5.00000000e-02
3.75800000e+03 9.95433613e-01 5.00000000e-02
3.75900000e+03 9.69347303e-01 5.00000000e-02
3.76000000e+03 1.01623100e+00 5.00000000e-02
3.76100000e+03 1.01985679e+00 5.00000000e-02
3.76200000e+03 9.26737723e-01 5.00000000e-02
3.76300000e+03 1.11934312e+00 5.00000000e-02
3.76400000e+03 1.00948017e+00 5.00000000e-02
3.76500000e+03 9.74533392e-01 5.00000000e-02
3.76600000e+03 9.55300476e-01 5.00000000e-02
3.76700000e+03 9.87024488e-01 5.00000000e-02
3.76800000e+03 1.00159084e+00 5.00000000e-02
3.76900000e+03 1.02975792e+00 5.00000000e-02
3.77000000e+03 1.00028105e+00 5.00000000e-02
3.77100000e+03 1.02419745e+00 5.00000000e-02
3.77200000e+03 9.19502440e-01 5.00000000e-02
3.77300000e+03 9.62380796e-01 5.00000000e-02
3.77400000e+03 9.49672118e-01 5.00000000e-02
3.77500000e+03 1.00822934e+00 5.00000000e-02
3.77600000e+03 1.02289995e+00 5.00000000e-02
3.77700000e+03 9.26695686e-01 5.00000000e-02
3.77800000e+03 9.91603567e-01 5.00000000e-02
3.77900000e+03 1.03627304e+00 5.00000000e-02
3.78000000e+03 1.04575390e+00 5.00000000e-02
3.78100000e+03 9.44230428e-01 5.00000000e-02
3.78200000e+03 1.02814615e+00 5.00000000e-02
3.78300000e+03 1.01691896e+00 5.00000000e-02
3.78400000e+03 9.78203733e-01 5.00000000e-02
3.78500000e+03 1.09815120e+00 5.00000000e-02
3.78600000e+03 9.44064087e-01 5.00000000e-02
3.78700000e+03 9.86131315e-01 5.00000000e-02
3.78800000e+03 1.02273987e+00 5.00000000e-02
3.78900000e+03 1.01215577e+00 5.00000000e-02
3.79000000e+03 9.91437866e-01 5.00000000e-02
3.79100000e+03 1.06884447e+00 5.00000000e-02
3.79200000e+03 1.07226724e+00 5.00000000e-02
3.79300000e+03 1.04563366e+00 5.00000000e-02
3.79400000e+03 1.05008228e+00 5.00000000e-02
3.79500000e+03 9.97253421e-01 5.00000000e-02
3.79600000e+03 9.41760222e-01 5.00000000e-02
3.79700000e+03 1.10938906e+00 5.00000000e-02
3.79800000e+03 9.52123905e-01 5.00000000e-02
3.79900000e+03 1.11146370e+00 5.00000000e-02
3.80000000e+03 9.93644702e-01 5.00000000e-02
3.80100000e+03 1.01159062e+00 5.00000000e-02
3.80200000e+03 9.91542341e-01 5.00000000e-02
3.80300000e+03 1.04790580e+00 5.00000000e-02
3.80400000e+03 9.74596090e-01 5.00000000e-02
3.80500000e+03 1.09216018e+00 5.00000000e-02
3.80600000e+03 1.02675142e+00 5.00000000e-02
3.80700000e+03 1.00873129e+00 5.00000000e-02
3.80800000e+03 9.71496405e-01 5.00000000e-02
3.80900000e+03 1.01402768e+00 5.00000000e-02
3.81000000e+03 9.99837656e-01 5.00000000e-02
3.81100000e+03 1.09499911e+00 5.00000000e-02
3.81200000e+03 1.04680577e+00 5.00000000e-02
3.81300000e+03 9.22000771e-01 5.00000000e-02
3.81400000e+03 1.07645487e+00 5.00000000e-02
3.81500000e+03 8.81341082e-01 5.00000000e-02
3.81600000e+03 1.07704179e+00 5.00000000e-02
3.81700000e+03 9.05701231e-01 5.00000000e-02
3.81800000e+03 1.00003839e+00 5.00000000e-02
3.81900000e+03 1.04061766e+00 5.00000000e-02
3.82000000e+03 9.99613519e-01 5.00000000e-02
3.82100000e+03 9.45096684e-01 5.00000000e-02
3.82200000e+03 1.06166350e+00 5.00000000e-02
3.82300000e+03 9.11021301e-01 5.00000000e-02
3.82400000e+03 9.26990434e-01 5.00000000e-02
3.82500000e+03 1.06919518e+00 5.00000000e-02
3.82600000e+03 9.56752704e-01 5.00000000e-02
3.82700000e+03 1.01233259e+00 5.00000000e-02
3.82800000e+03 1.04049308e+00 5.00000000e-02
3.82900000e+03 9.94675873e-01 5.00000000e-02
3.83000000e+03 1.01382491e+00 5.00000000e-02
3.83100000e+03 1.00603184e+00 5.00000000e-02
3.83200000e+03 1.01070723e+00 5.00000000e-02
3.83300000e+03 1.05935250e+00 5.00000000e-02
3.83400000e+03 1.04671091e+00 5.00000000e-02
3.83500000e+03 1.01617401e+00 5.00000000e-02
3.83600000e+03 1.04587343e+00 5.00000000e-02
3.83700000e+03 9.72911790e-01 5.00000000e-02
3.83800000e+03 9.61783640e-01 5.00000000e-02
3.83900000e+03 9.49915046e-01 5.00000000e-02
3.84000000e+03 1.03920670e+00 5.00000000e-02
3.84100000e+03 1.08123665e+00 5.00000000e-02
3.84200000e+03 1.00425001e+00 5.00000000e-02
3.84300000e+03 9.01069422e-01 5.00000000e-02
3.84400000e+03 9.74564913e-01 5.00000000e-02
3.84500000e+03 1.02339997e+00 5.00000000e-02
3.84600000e+03 1.01485105e+00 5.00000000e-02
3.84700000e+03 1.00468573e+00 5.00000000e-02
3.84800000e+03 1.04944064e+00 5.00000000e-02
3.84900000e+03 1.04633153e+00 5.00000000e-02
3.85000000e+03 9.32961216e-01 5.00000000e-02
3.85100000e+03 1.02173470e+00 5.00000000e-02
3.85200000e+03 9.63018248e-01 5.00000000e-02
3.85300000e+03 1.01164159e+00 5.00000000e-02
3.85400000e+03 1.06219599e+00 5.00000000e-02
3.85500000e+03 1.09156874e+00 5.00000000e-02
3.85600000e+03 1.03499989e+00 5.00000000e-02
3.85700000e+03 9.74719016e-01 5.00000000e-02
3.85800000e+03 9.82437046e-01 5.00000000e-02
3.85900000e+03 1.02665362e+00 5.00000000e-02
3.86000000e+03 9.50602879e-01 5.00000000e-02
3.86100000e+03 9.96617010e-01 5.00000000e-02
3.86200000e+03 1.03024663e+00 5.00000000e-02
3.86300000e+03 1.04592495e+00 5.00000000e-02
3.86400000e+03 9.85146848e-01 5.00000000e-02
3.86500000e+03 1.01848959e+00 5.00000000e-02
3.86600000e+03 1.06812616e+00 5.00000000e-02
3.86700000e+03 1.01526258e+00 5.00000000e-02
3.86800000e+03 9.14181275e-01 5.00000000e-02
3.86900000e+03 1.01071626e+00 5.00000000e-02
3.87000000e+03 1.01257146e+00 5.00000000e-02
3.87100000e+03 9.78928590e-01 5.00000000e-02
3.87200000e+03 1.00214909e+00 5.00000000e-02
3.87300000e+03 9.26184786e-01 5.00000000e-02
3.87400000e+03 1.06230469e+00 5.00000000e-02
3.87500000e+03 1.02107794e+00 5.00000000e-02
3.87600000e+03 9.72823758e-01 5.00000000e-02
3.87700000e+03 1.01178065e+00 5.00000000e-02
3.87800000e+03 1.00662353e+00 5.00000000e-02
3.87900000e+03 9.56814565e-01 5.00000000e-02
3.88000000e+03 8.66640842e-01 5.00000000e-02
3.88100000e+03 8.57627896e-01 5.00000000e-02
3.88200000e+03 1.10109060e+00 5.00000000e-02
3.88300000e+03 9.44039347e-01 5.00000000e-02
3.88400000e+03 9.85279304e-01 5.00000000e-02
3.88500000e+03 1.02857679e+00 5.00000000e-02
3.88600000e+03 9.81911273e-01 5.00000000e-02
3.88700000e+03 1.05958485e+00 5.00000000e-02
3.88800000e+03 9.52566529e-01 5.00000000e-02
3.88900000e+03 1.02814425e+00 5.00000000e-02
3.89000000e+03 8.95645206e-01 5.00000000e-02
3.89100000e+03 1.03573951e+00 5.00000000e-02
3.89200000e+03 1.03438528e+00 5.00000000e-02
3.89300000e+03 1.01834808e+00 5.00000000e-02
3.89400000e+03 1.01505903e+00 5.00000000e-02
3.89500000e+03 1.01341462e+00 5.00000000e-02
3.89600000e+03 1.04320552e+00 5.00000000e-02
3.89700000e+03 1.04812274e+00 5.00000000e-02
3.89800000e+03 9.52781020e-01 5.00000000e-02
3.89900000e+03 1.05287508e+00 5.00000000e-02
3.90000000e+03 9.52621826e-01 5.00000000e-02
3.90100000e+03 1.00823101e+00 5.00000000e-02
3.90200000e+03 9.87365059e-01 5.00000000e-02
3.90300000e+03 1.02402892e+00 5.00000000e-02
3.90400000e+03 9.83403056e-01 5.00000000e-02
3.90500000e+03 1.02024468e+00 5.00000000e-02
3.90600000e+03 9.76058366e-01 5.00000000e-02
3.90700000e+03 9.52063929e-01 5.00000000e-02
3.90800000e+03 1.05339074e+00 5.00000000e-02
3.90900000e+03 1.02862940e+00 5.00000000e-02
3.91000000e+03 1.02569982e+00 5.00000000e-02
3.91100000e+03 1.04782872e+00 5.00000000e-02
3.91200000e+03 9.47017141e-01 5.00000000e-02
3.91300000e+03 1.04572618e+00 5.00000000e-02
3.91400000e+03 9.47177300e-01 5.00000000e-02
3.91500000e+03 1.01904471e+00 5.00000000e-02
3.91600000e+03 9.91070304e-01 5.00000000e-02
3.91700000e+03 1.01360276e+00 5.00000000e-02
3.91800000e+03 1.03488289e+00 5.00000000e-02
3.91900000e+03 1.00108466e+00 5.00000000e-02
3.92000000e+03 9.53990099e-01 5.00000000e-02
3.92100000e+03 1.04651029e+00 5.00000000e-02
3.92200000e+03 1.05888864e+00 5.00000000e-02
3.92300000e+03 1.03429786e+00 5.00000000e-02
3.92400000e+03 1.05188400e+00 5.00000000e-02
3.92500000e+03 9.11903745e-01 5.00000000e-02
3.92600000e+03 1.00367676e+00 5.00000000e-02
3.92700000e+03 9.94380906e-01 5.00000000e-02
3.92800000e+03 9.02394524e-01 5.00000000e-02
3.92900000e+03 1.00556262e+00 5.00000000e-02
3.93000000e+03 1.00031767e+00 5.00000000e-02
3.93100000e+03 9.24864400e-01 5.00000000e-02
3.93200000e+03 9.58221901e-01 5.00000000e-02
3.93300000e+03 1.00451844e+00 5.00000000e-02
3.93400000e+03 1.03040937e+00 5.00000000e-02
3.93500000e+03 1.03575705e+00 5.00000000e-02
3.93600000e+03 9.45182963e-01 5.00000000e-02
3.93700000e+03 9.46690885e-01 5.00000000e-02
3.93800000e+03 9.75365199e-01 5.00000000e-02
3.93900000e+03 9.98262294e-01 5.00000000e-02
3.94000000e+03 9.72145115e-01 5.00000000e-02
3.94100000e+03 9.91464970e-01 5.00000000e-02
3.94200000e+03 1.03673817e+00 5.00000000e-02
3.94300000e+03 1.03569631e+00 5.00000000e-02
3.94400000e+03 1.00863654e+00 5.00000000e-02
3.94500000e+03 9.44966737e-01 5.00000000e-02
3.94600000e+03 9.77825025e-01 5.00000000e-02
3.94700000e+03 1.03096453e+00 5.00000000e-02
3.94800000e+03 1.04674572e+00 5.00000000e-02
3.94900000e+03 1.05687874e+00 5.00000000e-02
3.95000000e+03 9.51316661e-01 5.00000000e-02
3.95100000e+03 9.81855346e-01 5.00000000e-02
3.95200000e+03 9.45363879e-01 5.00000000e-02
3.95300000e+03 8.59702047e-01 5.00000000e-02
3.95400000e+03 9.53208495e-01 5.00000000e-02
3.95500000e+03 9.20434485e-01 5.00000000e-02
3.95600000e+03 1.08000116e+00 5.00000000e-02
3.95700000e+03 1.03552624e+00 5.00000000e-02
3.95800000e+03 9.81451771e-01 5.00000000e-02
3.95900000e+03 1.01880651e+00 5.00000000e-02
3.96000000e+03 1.03836489e+00 5.00000000e-02
3.96100000e+03 1.10757706e+00 5.00000000e-02
3.96200000e+03 1.06161503e+00 5.00000000e-02
3.96300000e+03 1.10210909e+00 5.00000000e-02
3.96400000e+03 1.05349986e+00 5.00000000e-02
3.96500000e+03 1.09811206e+00 5.00000000e-02
3.96600000e+03 1.10933817e+00 5.00000000e-02
3.96700000e+03 1.08834963e+00 5.00000000e-02
3.96800000e+03 1.04848797e+00 5.00000000e-02
3.96900000e+03 1.10722873e+00 5.00000000e-02
3.97000000e+03 1.03897352e+00 5.00000000e-02
3.97100000e+03 1.13681375e+00 5.00000000e-02
3.97200000e+03 1.05910433e+00 5.00000000e-02
3.97300000e+03 1.04685538e+00 5.00000000e-02
3.97400000e+03 1.18391562e+00 5.00000000e-02
3.97500000e+03 1.07871826e+00 5.00000000e-02
3.97600000e+03 1.11781293e+00 5.00000000e-02
3.97700000e+03 1.06771596e+00 5.00000000e-02
3.97800000e+03 1.09806072e+00 5.00000000e-02
3.97900000e+03 1.12916487e+00 5.00000000e-02
3.98000000e+03 1.11075981e+00 5.00000000e-02
3.98100000e+03 1.23633682e+00 5.00000000e-02
3.98200000e+03 1.15523467e+00 5.00000000e-02
3.98300000e+03 1.14590706e+00 5.00000000e-02
3.98400000e+03 1.28279317e+00 5.00000000e-02
3.98500000e+03 1.28195531e+00 5.00000000e-02
3.98600000e+03 1.15097231e+00 5.00000000e-02
3.98700000e+03 1.26065783e+00 5.00000000e-02
3.98800000e+03 1.36193935e+00 5.00000000e-02
3.98900000e+03 1.29800031e+00 5.00000000e-02
3.99000000e+03 1.34796089e+00 5.00000000e-02
3.99100000e+03 1.37650631e+00 5.00000000e-02
3.99200000e+03 1.30339998e+00 5.00000000e-02
3.99300000e+03 1.40085163e+00 5.00000000e-02
3.99400000e+03 1.51373427e+00 5.00000000e-02
3.99500000e+03 1.57886574e+00 5.00000000e-02
3.99600000e+03 1.53474819e+00 5.00000000e-02
3.99700000e+03 1.56631186e+00 5.00000000e-02
3.99800000e+03 1.63332285e+00 5.00000000e-02
3.99900000e+03 1.64868911e+00 5.00000000e-02
4.00000000e+03 1.70119756e+00 5.00000000e-02
4.00100000e+03 1.66796674e+00 5.00000000e-02
4.00200000e+03 1.74927904e+00 5.00000000e-02
4.00300000e+03 1.81017850e+00 5.00000000e-02
4.00400000e+03 1.85177833e+00 5.00000000e-02
4.00500000e+03 1.78120286e+00 5.00000000e-02
4.00600000e+03 1.93720945e+00 5.00000000e-02
4.00700000e+03 1.93881661e+00 5.00000000e-02
4.00800000e+03 1.97737151e+00 5.00000000e-02
4.00900000e+03 1.91713550e+00 5.00000000e-02
4.01000000e+03 2.04298556e+00 5.00000000e-02
4.01100000e+03 1.99657140e+00 5.00000000e-02
4.01200000e+03 1.98302520e+00 5.00000000e-02
4.01300000e+03 2.14646873e+00 5.00000000e-02
4.01400000e+03 2.17270933e+00 5.00000000e-02
4.01500000e+03 2.20556280e+00 5.00000000e-02
4.01600000e+03 2.23964991e+00 5.00000000e-02
4.01700000e+03 2.25725427e+00 5.00000000e-02
4.01800000e+03 2.33679347e+00 5.00000000e-02
4.01900000e+03 2.34481536e+00 5.00000000e-02
4.02000000e+03 2.40597566e+00 5.00000000e-02
4.02100000e+03 2.46915091e+00 5.00000000e-02
4.02200000e+03 2.39727650e+00 5.00000000e-02
4.02300000e+03 2.41197036e+00 5.00000000e-02
4.02400000e+03 2.47773998e+00 5.00000000e-02
4.02500000e+03 2.34731747e+00 5.00000000e-02
4.02600000e+03 2.38024315e+00 5.00000000e-02
4.02700000e+03 2.41215917e+00 5.00000000e-02
4.02800000e+03 2.32170401e+00 5.00000000e-02
4.02900000e+03 2.44534407e+00 5.00000000e-02
4.03000000e+03 2.47080516e+00 5.00000000e-02
4.03100000e+03 2.32104737e+00 5.00000000e-02
4.03200000e+03 2.33283358e+00 5.00000000e-02
4.03300000e+03 2.40559148e+00 5.00000000e-02
4.03400000e+03 2.41267032e+00 5.00000000e-02
4.03500000e+03 2.24427044e+00 5.00000000e-02
4.03600000e+03 2.33402024e+00 5.00000000e-02
4.03700000e+03 2.27416551e+00 5.00000000e-02
4.03800000e+03 2.16762792e+00 5.00000000e-02
4.03900000e+03 2.21252249e+00 5.00000000e-02
4.04000000e+03 2.17714574e+00 5.00000000e-02
4.04100000e+03 2.18120851e+00 5.00000000e-02
4.04200000e+03 2.14664478e+00 5.00000000e-02
4.04300000e+03 2.09861901e+00 5.00000000e-02
4.04400000e+03 2.07211226e+00 5.00000000e-02
4.04500000e+03 2.03643180e+00 5.00000000e-02
4.04600000e+03 2.03457638e+00 5.00000000e-02
4.04700000e+03 2.02117494e+00 5.00000000e-02
4.04800000e+03 1.98436989e+00 5.00000000e-02
4.04900000e+03 1.85486408e+00 5.00000000e-02
4.05000000e+03 1.82270344e+00 5.00000000e-02
4.05100000e+03 1.79162464e+00 5.00000000e-02
4.05200000e+03 1.85923432e+00 5.00000000e-02
4.05300000e+03 1.77520448e+00 5.00000000e-02
4.05400000e+03 1.67647634e+00 5.00000000e-02
4.05500000e+03 1.62093287e+00 5.00000000e-02
4.05600000e+03 1.59305568e+00 5.00000000e-02
4.05700000e+03 1.61009358e+00 5.00000000e-02
4.05800000e+03 1.51949851e+00 5.00000000e-02
4.05900000e+03 1.54120157e+00 5.00000000e-02
4.06000000e+03 1.57679264e+00 5.00000000e-02
4.06100000e+03 1.46540480e+00 5.00000000e-02
4.06200000e+03 1.49081848e+00 5.00000000e-02
4.06300000e+03 1.34296619e+00 5.00000000e-02
4.06400000e+03 1.40894432e+00 5.00000000e-02
4.06500000e+03 1.37894627e+00 5.00000000e-02
4.06600000e+03 1.29265400e+00 5.00000000e-02
4.06700000e+03 1.38337931e+00 5.00000000e-02
4.06800000e+03 1.29091093e+00 5.00000000e-02
4.06900000e+03 1.23480959e+00 5.00000000e-02
4.07000000e+03 1.23375100e+00 5.00000000e-02
4.07100000e+03 1.27642536e+00 5.00000000e-02
4.07200000e+03 1.14163359e+00 5.00000000e-02
4.07300000e+03 1.20038872e+00 5.00000000e-02
4.07400000e+03 1.12859073e+00 5.00000000e-02
4.07500000e+03 1.17280093e+00 5.00000000e-02
4.07600000e+03 1.12083229e+00 5.00000000e-02
4.07700000e+03 1.13039922e+00 5.00000000e-02
4.07800000e+03 1.15986169e+00 5.00000000e-02
4.07900000e+03 1.11261363e+00 5.00000000e-02
4.08000000e+03 1.12761103e+00 5.00000000e-02
4.08100000e+03 1.12531089e+00 5.00000000e-02
4.08200000e+03 1.10183888e+00 5.00000000e-02
4.08300000e+03 1.08464820e+00 5.00000000e-02
4.08400000e+03 1.06800856e+00 5.00000000e-02
4.08500000e+03 1.09094230e+00 5.00000000e-02
4.08600000e+03 1.11308023e+00 5.00000000e-02
4.08700000e+03 1.13929316e+00 5.00000000e-02
4.08800000e+03 1.13009411e+00 5.00000000e-02
4.08900000e+03 9.87789017e-01 5.00000000e-02
4.09000000e+03 1.04793594e+00 5.00000000e-02
4.09100000e+03 1.05392675e+00 5.00000000e-02
4.09200000e+03 1.08685311e+00 5.00000000e-02
4.09300000e+03 1.07619621e+00 5.00000000e-02
4.09400000e+03 9.48688672e-01 5.00000000e-02
4.09500000e+03 1.03161812e+00 5.00000000e-02
4.09600000e+03 9.30126232e-01 5.00000000e-02
4.09700000e+03 9.89986685e-01 5.00000000e-02
4.09800000e+03 9.65645808e-01 5.00000000e-02
4.09900000e+03 9.79853237e-01 5.00000000e-02
4.10000000e+03 1.08819904e+00 5.00000000e-02
4.10100000e+03 9.80774016e-01 5.00000000e-02
4.10200000e+03 9.81855008e-01 5.00000000e-02
4.10300000e+03 1.01209281e+00 5.00000000e-02
4.10400000e+03 1.05868901e+00 5.00000000e-02
4.10500000e+03 9.19310024e-01 5.00000000e-02
4.10600000e+03 1.08507474e+00 5.00000000e-02
4.10700000e+03 9.65035119e-01 5.00000000e-02
4.10800000e+03 9.53050644e-01 5.00000000e-02
4.10900000e+03 1.00873213e+00 5.00000000e-02
4.11000000e+03 1.03563104e+00 5.00000000e-02
4.11100000e+03 1.13702831e+00 5.00000000e-02
4.11200000e+03 1.04623733e+00 5.00000000e-02
4.11300000e+03 9.71451293e-01 5.00000000e-02
4.11400000e+03 9.90586202e-01 5.00000000e-02
4.11500000e+03 9.52812430e-01 5.00000000e-02
4.11600000e+03 1.03330448e+00 5.00000000e-02
4.11700000e+03 1.04177571e+00 5.00000000e-02
4.11800000e+03 9.83540668e-01 5.00000000e-02
4.11900000e+03 1.05676092e+00 5.00000000e-02
4.12000000e+03 9.15564365e-01 5.00000000e-02
4.12100000e+03 9.75973415e-01 5.00000000e-02
4.12200000e+03 9.53591056e-01 5.00000000e-02
4.12300000e+03 9.70245603e-01 5.00000000e-02
4.12400000e+03 9.17854391e-01 5.00000000e-02
4.12500000e+03 1.04739276e+00 5.00000000e-02
4.12600000e+03 9.51893134e-01 5.00000000e-02
4.12700000e+03 9.92889975e-01 5.00000000e-02
4.12800000e+03 1.05868574e+00 5.00000000e-02
4.12900000e+03 1.07994572e+00 5.00000000e-02
4.13000000e+03 1.05857937e+00 5.00000000e-02
4.13100000e+03 8.87762643e-01 5.00000000e-02
4.13200000e+03 9.84219322e-01 5.00000000e-02
4.13300000e+03 9.81823589e-01 5.00000000e-02
4.13400000e+03 9.65139998e-01 5.00000000e-02
4.13500000e+03 9.60089856e-01 5.00000000e-02
4.13600000e+03 9.71676878e-01 5.00000000e-02
4.13700000e+03 1.02876586e+00 5.00000000e-02
4.13800000e+03 9.76214659e-01 5.00000000e-02
4.13900000e+03 9.31957268e-01 5.00000000e-02
4.14000000e+03 9.20299285e-01 5.00000000e-02
4.14100000e+03 1.00655686e+00 5.00000000e-02
4.14200000e+03 9.13099710e-01 5.00000000e-02
4.14300000e+03 1.03450274e+00 5.00000000e-02
4.14400000e+03 9.74570403e-01 5.00000000e-02
4.14500000e+03 9.74128781e-01 5.00000000e-02
4.14600000e+03 1.01094923e+00 5.00000000e-02
4.14700000e+03 9.81464728e-01 5.00000000e-02
4.14800000e+03 1.03508412e+00 5.00000000e-02
4.14900000e+03 9.35187592e-01 5.00000000e-02
4.15000000e+03 9.08638294e-01 5.00000000e-02
4.15100000e+03 1.09805459e+00 5.00000000e-02
4.15200000e+03 1.00820051e+00 5.00000000e-02
4.15300000e+03 8.70363959e-01 5.00000000e-02
4.15400000e+03 1.08488825e+00 5.00000000e-02
4.15500000e+03 9.28819347e-01 5.00000000e-02
4.15600000e+03 1.10281545e+00 5.00000000e-02
4.15700000e+03 1.09091560e+00 5.00000000e-02
4.15800000e+03 1.04404434e+00 5.00000000e-02
4.15900000e+03 1.00008391e+00 5.00000000e-02
4.16000000e+03 9.56189688e-01 5.00000000e-02
4.16100000e+03 1.04786853e+00 5.00000000e-02
4.16200000e+03 9.79945776e-01 5.00000000e-02
4.16300000e+03 1.05455533e+00 5.00000000e-02
4.16400000e+03 9.86006406e-01 5.00000000e-02
4.16500000e+03 9.20915423e-01 5.00000000e-02
4.16600000e+03 9.64836011e-01 5.00000000e-02
4.16700000e+03 1.00316592e+00 5.00000000e-02
4.16800000e+03 9.75411421e-01 5.00000000e-02
4.16900000e+03 1.00716307e+00 5.00000000e-02
4.17000000e+03 9.53761399e-01 5.00000000e-02
4.17100000e+03 1.08130212e+00 5.00000000e-02
4.17200000e+03 9.73901702e-01 5.00000000e-02
4.17300000e+03 1.02644236e+00 5.00000000e-02
4.17400000e+03 9.16253901e-01 5.00000000e-02
4.17500000e+03 1.04200527e+00 5.00000000e-02
4.17600000e+03 1.07812919e+00 5.00000000e-02
4.17700000e+03 1.03076022e+00 5.00000000e-02
4.17800000e+03 9.88284784e-01 5.00000000e-02
4.17900000e+03 9.53959273e-01 5.00000000e-02
4.18000000e+03 1.03109386e+00 5.00000000e-02
4.18100000e+03 1.02980392e+00 5.00000000e-02
4.18200000e+03 9.35242572e-01 5.00000000e-02
4.18300000e+03 1.00155108e+00 5.00000000e-02
4.18400000e+03 1.02799410e+00 5.00000000e-02
4.18500000e+03 9.61600307e-01 5.00000000e-02
4.18600000e+03 1.03128718e+00 5.00000000e-02
4.18700000e+03 9.87224747e-01 5.00000000e-02
4.18800000e+03 1.07376156e+00 5.00000000e-02
4.18900000e+03 9.36978927e-01 5.00000000e-02
4.19000000e+03 1.02710158e+00 5.00000000e-02
4.19100000e+03 1.00678033e+00 5.00000000e-02
4.19200000e+03 9.06584756e-01 5.00000000e-02
4.19300000e+03 9.54062938e-01 5.00000000e-02
4.19400000e+03 9.57784506e-01 5.00000000e-02
4.19500000e+03 1.04752188e+00 5.00000000e-02
4.19600000e+03 9.82738787e-01 5.00000000e-02
4.19700000e+03 1.00031729e+00 5.00000000e-02
4.19800000e+03 1.00819256e+00 5.00000000e-02
4.19900000e+03 1.13030039e+00 5.00000000e-02
4.20000000e+03 9.88696017e-01 5.00000000e-02
4.20100000e+03 1.09782239e+00 5.00000000e-02
4.20200000e+03 9.91263545e-01 5.00000000e-02
4.20300000e+03 9.21403101e-01 5.00000000e-02
4.20400000e+03 9.59600447e-01 5.00000000e-02
4.20500000e+03 9.38113647e-01 5.00000000e-02
4.20600000e+03 9.81902040e-01 5.00000000e-02
4.20700000e+03 9.27050573e-01 5.00000000e-02
4.20800000e+03 9.54564399e-01 5.00000000e-02
4.20900000e+03 1.09640709e+00 5.00000000e-02
4.21000000e+03 1.01247053e+00 5.00000000e-02
4.21100000e+03 1.01723002e+00 5.00000000e-02
4.21200000e+03 1.09168364e+00 5.00000000e-02
4.21300000e+03 9.17551466e-01 5.00000000e-02
4.21400000e+03 1.02881892e+00 5.00000000e-02
4.21500000e+03 9.76748783e-01 5.00000000e-02
4.21600000e+03 9.98784442e-01 5.00000000e-02
4.21700000e+03 9.66137601e-01 5.00000000e-02
4.21800000e+03 1.00634932e+00 5.00000000e-02
4.21900000e+03 1.06233954e+00 5.00000000e-02
4.22000000e+03 1.06079316e+00 5.00000000e-02
4.22100000e+03 1.01282924e+00 5.00000000e-02
4.22200000e+03 1.04163010e+00 5.00000000e-02
4.22300000e+03 9.40552962e-01 5.00000000e-02
4.22400000e+03 8.53725592e-01 5.00000000e-02
4.22500000e+03 1.05265917e+00 5.00000000e-02
4.22600000e+03 1.10234819e+00 5.00000000e-02
4.22700000e+03 1.02385216e+00 5.00000000e-02
4.22800000e+03 9.69506158e-01 5.00000000e-02
4.22900000e+03 1.00282230e+00 5.00000000e-02
4.23000000e+03 1.06164527e+00 5.00000000e-02
4.23100000e+03 9.41826718e-01 5.00000000e-02
4.23200000e+03 1.00405202e+00 5.00000000e-02
4.23300000e+03 1.03115940e+00 5.00000000e-02
4.23400000e+03 9.48845941e-01 5.00000000e-02
4.23500000e+03 1.10527717e+00 5.00000000e-02
4.23600000e+03 1.04120915e+00 5.00000000e-02
4.23700000e+03 1.08368514e+00 5.00000000e-02
4.23800000e+03 9.46285044e-01 5.00000000e-02
4.23900000e+03 1.01123788e+00 5.00000000e-02
4.24000000e+03 1.07717821e+00 5.00000000e-02
4.24100000e+03 1.02292260e+00 5.00000000e-02
4.24200000e+03 1.06359601e+00 5.00000000e-02
4.24300000e+03 9.07558670e-01 5.00000000e-02
4.24400000e+03 9.95897863e-01 5.00000000e-02
4.24500000e+03 9.00219971e-01 5.00000000e-02
4.24600000e+03 9.75177306e-01 5.00000000e-02
4.24700000e+03 1.01479375e+00 5.00000000e-02
4.24800000e+03 9.94597512e-01 5.00000000e-02
4.24900000e+03 9.37074491e-01 5.00000000e-02
4.25000000e+03 1.01512565e+00 5.00000000e-02
4.25100000e+03 1.03297686e+00 5.00000000e-02
4.25200000e+03 9.95318461e-01 5.00000000e-02
4.25300000e+03 1.04085733e+00 5.00000000e-02
4.25400000e+03 1.05739386e+00 5.00000000e-02
4.25500000e+03 1.06235957e+00 5.00000000e-02
4.25600000e+03 9.83212941e-01 5.00000000e-02
4.25700000e+03 1.02597782e+00 5.00000000e-02
4.25800000e+03 9.68208996e-01 5.00000000e-02
4.25900000e+03 9.95771867e-01 5.00000000e-02
4.26000000e+03 1.05379274e+00 5.00000000e-02
4.26100000e+03 9.94741784e-01 5.00000000e-02
4.26200000e+03 9.77398101e-01 5.00000000e-02
4.26300000e+03 9.70283263e-01 5.00000000e-02
4.26400000e+03 1.02595005e+00 5.00000000e-02
4.26500000e+03 1.08082175e+00 5.00000000e-02
4.26600000e+03 1.04635594e+00 5.00000000e-02
4.26700000e+03 9.88819010e-01 5.00000000e-02
4.26800000e+03 1.04014232e+00 5.00000000e-02
4.26900000e+03 1.04761476e+00 5.00000000e-02
4.27000000e+03 1.07337416e+00 5.00000000e-02
4.27100000e+03 9.66236602e-01 5.00000000e-02
4.27200000e+03 1.03189714e+00 5.00000000e-02
4.27300000e+03 9.79985075e-01 5.00000000e-02
4.27400000e+03 9.72851718e-01 5.00000000e-02
4.27500000e+03 1.06282121e+00 5.00000000e-02
4.27600000e+03 1.02737847e+00 5.00000000e-02
4.27700000e+03 1.00384220e+00 5.00000000e-02
4.27800000e+03 1.06806799e+00 5.00000000e-02
4.27900000e+03 1.00838823e+00 5.00000000e-02
4.28000000e+03 9.55843147e-01 5.00000000e-02
4.28100000e+03 1.04550955e+00 5.00000000e-02
4.28200000e+03 9.53720689e-01 5.00000000e-02
4.28300000e+03 9.56579295e-01 5.00000000e-02
4.28400000e+03 9.79200249e-01 5.00000000e-02
4.28500000e+03 9.92171877e-01 5.00000000e-02
4.28600000e+03 1.04497731e+00 5.00000000e-02
4.28700000e+03 9.82289817e-01 5.00000000e-02
4.28800000e+03 9.09086084e-01 5.00000000e-02
4.28900000e+03 9.71640686e-01 5.00000000e-02
4.29000000e+03 1.01571442e+00 5.00000000e-02
4.29100000e+03 9.93984872e-01 5.00000000e-02
4.29200000e+03 9.93958372e-01 5.00000000e-02
4.29300000e+03 9.39065070e-01 5.00000000e-02
4.29400000e+03 9.80556300e-01 5.00000000e-02
4.29500000e+03 1.02896097e+00 5.00000000e-02
4.29600000e+03 1.02982812e+00 5.00000000e-02
4.29700000e+03 9.58342273e-01 5.00000000e-02
4.29800000e+03 9.63771784e-01 5.00000000e-02
4.29900000e+03 9.51538078e-01 5.00000000e-02
4.30000000e+03 1.04672216e+00 5.00000000e-02
4.30100000e+03 9.62584498e-01 5.00000000e-02
4.30200000e+03 9.86404472e-01 5.00000000e-02
4.30300000e+03 9.58852353e-01 5.00000000e-02
4.30400000e+03 9.54531727e-01 5.00000000e-02
4.30500000e+03 9.93507236e-01 5.00000000e-02
4.30600000e+03 1.04488788e+00 5.00000000e-02
4.30700000e+03 9.71282588e-01 5.00000000e-02
4.30800000e+03 1.05855441e+00 5.00000000e-02
4.30900000e+03 9.97232625e-01 5.00000000e-02
4.31000000e+03 1.03615458e+00 5.00000000e-02
4.31100000e+03 1.12395123e+00 5.00000000e-02
4.31200000e+03 1.11344121e+00 5.00000000e-02
4.31300000e+03 1.01447616e+00 5.00000000e-02
4.31400000e+03 1.00400294e+00 5.00000000e-02
4.31500000e+03 9.92534438e-01 5.00000000e-02
4.31600000e+03 1.03563002e+00 5.00000000e-02
4.31700000e+03 9.06540258e-01 5.00000000e-02
4.31800000e+03 9.64871805e-01 5.00000000e-02
4.31900000e+03 9.93261163e-01 5.00000000e-02
4.32000000e+03 9.61864362e-01 5.00000000e-02
4.32100000e+03 9.50348189e-01 5.00000000e-02
4.32200000e+03 1.06487495e+00 5.00000000e-02
4.32300000e+03 9.27080959e-01 5.00000000e-02
4.32400000e+03 9.78478258e-01 5.00000000e-02
4.32500000e+03 9.71002076e-01 5.00000000e-02
4.32600000e+03 9.76599797e-01 5.00000000e-02
4.32700000e+03 9.47688315e-01 5.00000000e-02
4.32800000e+03 1.03812460e+00 5.00000000e-02
4.32900000e+03 9.94228030e-01 5.00000000e-02
4.33000000e+03 1.08710343e+00 5.00000000e-02
4.33100000e+03 9.31773099e-01 5.00000000e-02
4.33200000e+03 1.00612701e+00 5.00000000e-02
4.33300000e+03 9.35988215e-01 5.00000000e-02
4.33400000e+03 1.01148581e+00 5.00000000e-02
4.33500000e+03 1.05834413e+00 5.00000000e-02
4.33600000e+03 9.42916874e-01 5.00000000e-02
4.33700000e+03 1.04948351e+00 5.00000000e-02
4.33800000e+03 9.59205020e-01 5.00000000e-02
4.33900000e+03 9.42728638e-01 5.00000000e-02
4.34000000e+03 1.01631900e+00 5.00000000e-02
4.34100000e+03 1.03730982e+00 5.00000000e-02
4.34200000e+03 1.00665408e+00 5.00000000e-02
4.34300000e+03 1.01558339e+00 5.00000000e-02
4.34400000e+03 9.98325515e-01 5.00000000e-02
4.34500000e+03 9.74577224e-01 5.00000000e-02
4.34600000e+03 8.92491739e-01 5.00000000e-02
4.34700000e+03 9.81565743e-01 5.00000000e-02
4.34800000e+03 9.64812070e-01 5.00000000e-02
4.34900000e+03 1.02752019e+00 5.00000000e-02
4.35000000e+03 9.58615952e-01 5.00000000e-02
4.35100000e+03 1.10069063e+00 5.00000000e-02
4.35200000e+03 1.03100057e+00 5.00000000e-02
4.35300000e+03 9.78925623e-01 5.00000000e-02
4.35400000e+03 1.03285011e+00 5.00000000e-02
4.35500000e+03 9.87636793e-01 5.00000000e-02
4.35600000e+03 1.06444553e+00 5.00000000e-02
4.35700000e+03 9.78950221e-01 5.00000000e-02
4.35800000e+03 1.07195087e+00 5.00000000e-02
4.35900000e+03 9.46811735e-01 5.00000000e-02
4.36000000e+03 1.00550475e+00 5.00000000e-02
4.36100000e+03 9.96945681e-01 5.00000000e-02
4.36200000e+03 9.55305350e-01 5.00000000e-02
4.36300000e+03 9.84114184e-01 5.00000000e-02
4.36400000e+03 1.00085029e+00 5.00000000e-02
4.36500000e+03 9.40782716e-01 5.00000000e-02
4.36600000e+03 9.57603353e-01 5.00000000e-02
4.36700000e+03 1.02467995e+00 5.00000000e-02
4.36800000e+03 9.61878892e-01 5.00000000e-02
4.36900000e+03 1.07949586e+00 5.00000000e-02
4.37000000e+03 1.07937389e+00 5.00000000e-02
4.37100000e+03 9.76742109e-01 5.00000000e-02
4.37200000e+03 1.01811670e+00 5.00000000e-02
4.37300000e+03 1.02691108e+00 5.00000000e-02
4.37400000e+03 1.03629298e+00 5.00000000e-02
4.37500000e+03 9.73529935e-01 5.00000000e-02
4.37600000e+03 1.03747798e+00 5.00000000e-02
4.37700000e+03 9.73653322e-01 5.00000000e-02
4.37800000e+03 9.95340082e-01 5.00000000e-02
4.37900000e+03 1.06254192e+00 5.00000000e-02
4.38000000e+03 9.96070889e-01 5.00000000e-02
4.38100000e+03 9.52004301e-01 5.00000000e-02
4.38200000e+03 9.71529972e-01 5.00000000e-02
4.38300000e+03 1.01624756e+00 5.00000000e-02
4.38400000e+03 9.62057141e-01 5.00000000e-02
4.38500000e+03 9.51543549e-01 5.00000000e-02
4.38600000e+03 1.00766681e+00 5.00000000e-02
4.38700000e+03 9.52909336e-01 5.00000000e-02
4.38800000e+03 1.10516266e+00 5.00000000e-02
4.38900000e+03 9.66664739e-01 5.00000000e-02
4.39000000e+03 1.03463996e+00 5.00000000e-02
4.39100000e+03 9.26969476e-01 5.00000000e-02
4.39200000e+03 9.83389962e-01 5.00000000e-02
4.39300000e+03 1.04120629e+00 5.00000000e-02
4.39400000e+03 1.02698697e+00 5.00000000e-02
4.39500000e+03 1.03226912e+00 5.00000000e-02
4.39600000e+03 9.71389399e-01 5.00000000e-02
4.39700000e+03 1.00977167e+00 5.00000000e-02
4.39800000e+03 9.90173446e-01 5.00000000e-02
4.39900000e+03 9.29603274e-01 5.00000000e-02
4.40000000e+03 1.05727405e+00 5.00000000e-02
4.40100000e+03 9.66151530e-01 5.00000000e-02
4.40200000e+03 9.88414396e-01 5.00000000e-02
4.40300000e+03 1.04302168e+00 5.00000000e-02
4.40400000e+03 1.03304433e+00 5.00000000e-02
4.40500000e+03 1.12996084e+00 5.00000000e-02
4.40600000e+03 9.96525540e-01 5.00000000e-02
4.40700000e+03 1.07228480e+00 5.00000000e-02
4.40800000e+03 9.94887565e-01 5.00000000e-02
4.40900000e+03 1.00181032e+00 5.00000000e-02
4.41000000e+03 1.05424912e+00 5.00000000e-02
4.41100000e+03 1.03360803e+00 5.00000000e-02
4.41200000e+03 9.75278081e-01 5.00000000e-02
4.41300000e+03 9.96175653e-01 5.00000000e-02
4.41400000e+03 1.00944903e+00 5.00000000e-02
4.41500000e+03 1.08494401e+00 5.00000000e-02
4.41600000e+03 9.62341098e-01 5.00000000e-02
4.41700000e+03 1.01189350e+00 5.00000000e-02
4.41800000e+03 1.03091686e+00 5.00000000e-02
4.41900000e+03 1.00744430e+00 5.00000000e-02
4.42000000e+03 9.75182308e-01 5.00000000e-02
4.42100000e+03 1.04229173e+00 5.00000000e-02
4.42200000e+03 9.54119067e-01 5.00000000e-02
4.42300000e+03 1.09750697e+00 5.00000000e-02
4.42400000e+03 8.69272838e-01 5.00000000e-02
4.42500000e+03 9.03270767e-01 5.00000000e-02
4.42600000e+03 1.00863388e+00 5.00000000e-02
4.42700000e+03 1.03269352e+00 5.00000000e-02
4.42800000e+03 1.02375562e+00 5.00000000e-02
4.42900000e+03 9.71158790e-01 5.00000000e-02
4.43000000e+03 9.93219982e-01 5.00000000e-02
4.43100000e+03 1.00174601e+00 5.00000000e-02
4.43200000e+03 9.56427084e-01 5.00000000e-02
4.43300000e+03 9.81767062e-01 5.00000000e-02
4.43400000e+03 9.53188962e-01 5.00000000e-02
4.43500000e+03 1.05878622e+00 5.00000000e-02
4.43600000e+03 1.02163137e+00 5.00000000e-02
4.43700000e+03 9.79017473e-01 5.00000000e-02
4.43800000e+03 9.81976850e-01 5.00000000e-02
4.43900000e+03 9.77932116e-01 5.00000000e-02
4.44000000e+03 9.84962353e-01 5.00000000e-02
4.44100000e+03 1.01424037e+00 5.00000000e-02
4.44200000e+03 9.82866724e-01 5.00000000e-02
4.44300000e+03 9.75285392e-01 5.00000000e-02
4.44400000e+03 1.01983602e+00 5.00000000e-02
4.44500000e+03 9.92482239e-01 5.00000000e-02
4.44600000e+03 1.00076857e+00 5.00000000e-02
4.44700000e+03 1.00452424e+00 5.00000000e-02
4.44800000e+03 9.91526107e-01 5.00000000e-02
4.44900000e+03 9.44687811e-01 5.00000000e-02
4.45000000e+03 9.88416756e-01 5.00000000e-02
4.45100000e+03 1.06089092e+00 5.00000000e-02
4.45200000e+03 9.58019267e-01 5.00000000e-02
4.45300000e+03 9.59561091e-01 5.00000000e-02
4.45400000e+03 9.79605400e-01 5.00000000e-02
4.45500000e+03 9.81480643e-01 5.00000000e-02
4.45600000e+03 1.06991972e+00 5.00000000e-02
4.45700000e+03 9.85562235e-01 5.00000000e-02
4.45800000e+03 1.05852660e+00 5.00000000e-02
4.45900000e+03 1.04047932e+00 5.00000000e-02
4.46000000e+03 1.03695562e+00 5.00000000e-02
4.46100000e+03 1.03245201e+00 5.00000000e-02
4.46200000e+03 1.01837921e+00 5.00000000e-02
4.46300000e+03 1.02694566e+00 5.00000000e-02
4.46400000e+03 1.06152849e+00 5.00000000e-02
4.46500000e+03 8.98787209e-01 5.00000000e-02
4.46600000e+03 1.01866700e+00 5.00000000e-02
4.46700000e+03 1.05901540e+00 5.00000000e-02
4.46800000e+03 9.67906107e-01 5.00000000e-02
4.46900000e+03 9.98366439e-01 5.00000000e-02
4.47000000e+03 1.04349828e+00 5.00000000e-02
4.47100000e+03 9.12606298e-01 5.00000000e-02
4.47200000e+03 1.01523264e+00 5.00000000e-02
4.47300000e+03 9.45659547e-01 5.00000000e-02
4.47400000e+03 1.01190676e+00 5.00000000e-02
4.47500000e+03 1.01893978e+00 5.00000000e-02
4.47600000e+03 1.01241559e+00 5.00000000e-02
4.47700000e+03 9.49548016e-01 5.00000000e-02
4.47800000e+03 1.00054791e+00 5.00000000e-02
4.47900000e+03 9.68476935e-01 5.00000000e-02
4.48000000e+03 1.01545770e+00 5.00000000e-02
4.48100000e+03 9.81388220e-01 5.00000000e-02
4.48200000e+03 9.57961369e-01 5.00000000e-02
4.48300000e+03 1.04709208e+00 5.00000000e-02
4.48400000e+03 9.39137853e-01 5.00000000e-02
4.48500000e+03 9.74796871e-01 5.00000000e-02
4.48600000e+03 1.05447121e+00 5.00000000e-02
4.48700000e+03 1.01829339e+00 5.00000000e-02
4.48800000e+03 1.04369370e+00 5.00000000e-02
4.48900000e+03 9.50196552e-01 5.00000000e-02
4.49000000e+03 1.00873574e+00 5.00000000e-02
4.49100000e+03 9.55990337e-01 5.00000000e-02
4.49200000e+03 9.11457873e-01 5.00000000e-02
4.49300000e+03 1.02917602e+00 5.00000000e-02
4.49400000e+03 9.48406056e-01 5.00000000e-02
4.49500000e+03 1.00552575e+00 5.00000000e-02
4.49600000e+03 9.52240815e-01 5.00000000e-02
4.49700000e+03 1.02744906e+00 5.00000000e-02
4.49800000e+03 1.02853518e+00 5.00000000e-02
4.49900000e+03 9.48985044e-01 5.00000000e-02
4.50000000e+03 9.48782325e-01 5.00000000e-02
4.50100000e+03 8.66704250e-01 5.00000000e-02
4.50200000e+03 9.76057074e-01 5.00000000e-02
4.50300000e+03 9.87708152e-01 5.00000000e-02
4.50400000e+03 9.62598440e-01 5.00000000e-02
4.50500000e+03 1.03442231e+00 5.00000000e-02
4.50600000e+03 9.95266891e-01 5.00000000e-02
4.50700000e+03 9.99581958e-01 5.00000000e-02
4.50800000e+03 9.68062606e-01 5.00000000e-02
4.50900000e+03 9.23864240e-01 5.00000000e-02
4.51000000e+03 1.00230638e+00 5.00000000e-02
4.51100000e+03 1.04174499e+00 5.00000000e-02
4.51200000e+03 1.06018068e+00 5.00000000e-02
4.51300000e+03 1.00825084e+00 5.00000000e-02
4.51400000e+03 9.36327172e-01 5.00000000e-02
4.51500000e+03 9.82617464e-01 5.00000000e-02
4.51600000e+03 1.00711007e+00 5.00000000e-02
4.51700000e+03 9.44137931e-01 5.00000000e-02
4.51800000e+03 9.80589716e-01 5.00000000e-02
4.51900000e+03 9.67034047e-01 5.00000000e-02
4.52000000e+03 9.58768712e-01 5.00000000e-02
4.52100000e+03 9.47974973e-01 5.00000000e-02
4.52200000e+03 1.01492364e+00 5.00000000e-02
4.52300000e+03 1.02646263e+00 5.00000000e-02
4.52400000e+03 1.06094181e+00 5.00000000e-02
4.52500000e+03 9.86135850e-01 5.00000000e-02
4.52600000e+03 1.00258986e+00 5.00000000e-02
4.52700000e+03 9.12822557e-01 5.00000000e-02
4.52800000e+03 1.01354274e+00 5.00000000e-02
4.52900000e+03 1.06790178e+00 5.00000000e-02
4.53000000e+03 9.60395664e-01 5.00000000e-02
4.53100000e+03 1.02430581e+00 5.00000000e-02
4.53200000e+03 9.73311259e-01 5.00000000e-02
4.53300000e+03 1.02549027e+00 5.00000000e-02
4.53400000e+03 1.03582916e+00 5.00000000e-02
4.53500000e+03 9.26950851e-01 5.00000000e-02
4.53600000e+03 9.54437514e-01 5.00000000e-02
4.53700000e+03 9.62104469e-01 5.00000000e-02
4.53800000e+03 9.89225568e-01 5.00000000e-02
4.53900000e+03 1.06504141e+00 5.00000000e-02
4.54000000e+03 1.00155718e+00 5.00000000e-02
4.54100000e+03 1.00620274e+00 5.00000000e-02
4.54200000e+03 1.00904315e+00 5.00000000e-02
4.54300000e+03 9.66904754e-01 5.00000000e-02
4.54400000e+03 1.05371809e+00 5.00000000e-02
4.54500000e+03 1.02537550e+00 5.00000000e-02
4.54600000e+03 1.03888768e+00 5.00000000e-02
4.54700000e+03 1.01250157e+00 5.00000000e-02
4.54800000e+03 9.30873424e-01 5.00000000e-02
4.54900000e+03 1.02645609e+00 5.00000000e-02
4.55000000e+03 9.68043326e-01 5.00000000e-02
4.55100000e+03 9.53950387e-01 5.00000000e-02
4.55200000e+03 1.13449085e+00 5.00000000e-02
4.55300000e+03 1.04576650e+00 5.00000000e-02
4.55400000e+03 9.78873168e-01 5.00000000e-02
4.55500000e+03 1.04130319e+00 5.00000000e-02
4.55600000e+03 1.05519076e+00 5.00000000e-02
4.55700000e+03 1.01113159e+00 5.00000000e-02
4.55800000e+03 9.79788784e-01 5.00000000e-02
4.55900000e+03 1.04914856e+00 5.00000000e-02
4.56000000e+03 1.03792570e+00 5.00000000e-02
4.56100000e+03 1.03435068e+00 5.00000000e-02
4.56200000e+03 9.15952133e-01 5.00000000e-02
4.56300000e+03 1.02188261e+00 5.00000000e-02
4.56400000e+03 1.10321702e+00 5.00000000e-02
4.56500000e+03 9.45243835e-01 5.00000000e-02
4.56600000e+03 9.79309021e-01 5.00000000e-02
4.56700000e+03 9.60007771e-01 5.00000000e-02
4.56800000e+03 9.74264662e-01 5.00000000e-02
4.56900000e+03 9.92098638e-01 5.00000000e-02
4.57000000e+03 1.10131530e+00 5.00000000e-02
4.57100000e+03 9.84423413e-01 5.00000000e-02
4.57200000e+03 1.08035632e+00 5.00000000e-02
4.57300000e+03 9.51920322e-01 5.00000000e-02
4.57400000e+03 1.03163463e+00 5.00000000e-02
4.57500000e+03 9.97146902e-01 5.00000000e-02
4.57600000e+03 9.78647878e-01 5.00000000e-02
4.57700000e+03 1.01404305e+00 5.00000000e-02
4.57800000e+03 1.06742963e+00 5.00000000e-02
4.57900000e+03 1.01996522e+00 5.00000000e-02
4.58000000e+03 1.03344878e+00 5.00000000e-02
4.58100000e+03 1.00439931e+00 5.00000000e-02
4.58200000e+03 1.02469856e+00 5.00000000e-02
4.58300000e+03 1.02105477e+00 5.00000000e-02
4.58400000e+03 1.04214984e+00 5.00000000e-02
4.58500000e+03 9.94448240e-01 5.00000000e-02
4.58600000e+03 9.70808837e-01 5.00000000e-02
4.58700000e+03 9.77251616e-01 5.00000000e-02
4.58800000e+03 9.76289116e-01 5.00000000e-02
4.58900000e+03 1.02815400e+00 5.00000000e-02
4.59000000e+03 9.60628305e-01 5.00000000e-02
4.59100000e+03 1.03749303e+00 5.00000000e-02
4.59200000e+03 1.01340748e+00 5.00000000e-02
4.59300000e+03 1.06486925e+00 5.00000000e-02
4.59400000e+03 1.01184161e+00 5.00000000e-02
4.59500000e+03 1.05549323e+00 5.00000000e-02
4.59600000e+03 1.02328511e+00 5.00000000e-02
4.59700000e+03 1.01073488e+00 5.00000000e-02
4.59800000e+03 9.86170911e-01 5.00000000e-02
4.59900000e+03 1.02512618e+00 5.00000000e-02
4.60000000e+03 1.00603044e+00 5.00000000e-02
4.60100000e+03 9.69828583e-01 5.00000000e-02
4.60200000e+03 9.76465023e-01 5.00000000e-02
4.60300000e+03 9.03668216e-01 5.00000000e-02
4.60400000e+03 1.05969514e+00 5.00000000e-02
4.60500000e+03 1.05866592e+00 5.00000000e-02
4.60600000e+03 9.77162312e-01 5.00000000e-02
4.60700000e+03 9.37238325e-01 5.00000000e-02
4.60800000e+03 1.03497819e+00 5.00000000e-02
4.60900000e+03 1.05710816e+00 5.00000000e-02
4.61000000e+03 9.99494455e-01 5.00000000e-02
4.61100000e+03 9.67505989e-01 5.00000000e-02
4.61200000e+03 1.06484380e+00 5.00000000e-02
4.61300000e+03 1.04551587e+00 5.00000000e-02
4.61400000e+03 1.05259727e+00 5.00000000e-02
4.61500000e+03 1.09613048e+00 5.00000000e-02
4.61600000e+03 9.99161249e-01 5.00000000e-02
4.61700000e+03 1.00926472e+00 5.00000000e-02
4.61800000e+03 1.10223686e+00 5.00000000e-02
4.61900000e+03 1.04338703e+00 5.00000000e-02
4.62000000e+03 1.12544255e+00 5.00000000e-02
4.62100000e+03 8.69879845e-01 5.00000000e-02
4.62200000e+03 9.23583293e-01 5.00000000e-02
4.62300000e+03 1.02975529e+00 5.00000000e-02
4.62400000e+03 1.02349704e+00 5.00000000e-02
4.62500000e+03 9.42219460e-01 5.00000000e-02
4.62600000e+03 9.52348761e-01 5.00000000e-02
4.62700000e+03 9.54910932e-01 5.00000000e-02
4.62800000e+03 1.03039714e+00 5.00000000e-02
4.62900000e+03 9.26588539e-01 5.00000000e-02
4.63000000e+03 9.90145657e-01 5.00000000e-02
4.63100000e+03 9.58747727e-01 5.00000000e-02
4.63200000e+03 8.45911813e-01 5.00000000e-02
4.63300000e+03 1.01065642e+00 5.00000000e-02
4.63400000e+03 1.08950377e+00 5.00000000e-02
4.63500000e+03 9.86284274e-01 5.00000000e-02
4.63600000e+03 1.03456778e+00 5.00000000e-02
4.63700000e+03 9.98618652e-01 5.00000000e-02
4.63800000e+03 9.86502544e-01 5.00000000e-02
4.63900000e+03 9.12429750e-01 5.00000000e-02
4.64000000e+03 9.86996980e-01 5.00000000e-02
4.64100000e+03 8.94417430e-01 5.00000000e-02
4.64200000e+03 9.64397576e-01 5.00000000e-02
4.64300000e+03 1.00256122e+00 5.00000000e-02
4.64400000e+03 1.00409942e+00 5.00000000e-02
4.64500000e+03 9.54901059e-01 5.00000000e-02
4.64600000e+03 9.87590510e-01 5.00000000e-02
4.64700000e+03 9.43347503e-01 5.00000000e-02
4.64800000e+03 1.03411230e+00 5.00000000e-02
4.64900000e+03 9.38114690e-01 5.00000000e-02
4.65000000e+03 1.13491422e+00 5.00000000e-02
4.65100000e+03 1.03896786e+00 5.00000000e-02
4.65200000e+03 9.93710879e-01 5.00000000e-02
4.65300000e+03 1.08837971e+00 5.00000000e-02
4.65400000e+03 9.52067330e-01 5.00000000e-02
4.65500000e+03 1.06091602e+00 5.00000000e-02
4.65600000e+03 9.66999832e-01 5.00000000e-02
4.65700000e+03 1.00153538e+00 5.00000000e-02
4.65800000e+03 9.71410774e-01 5.00000000e-02
4.65900000e+03 9.60569603e-01 5.00000000e-02
4.66000000e+03 9.69794901e-01 5.00000000e-02
4.66100000e+03 1.00842913e+00 5.00000000e-02
4.66200000e+03 9.83639126e-01 5.00000000e-02
4.66300000e+03 1.09148977e+00 5.00000000e-02
4.66400000e+03 1.00311435e+00 5.00000000e-02
4.66500000e+03 8.64437465e-01 5.00000000e-02
4.66600000e+03 9.60656469e-01 5.00000000e-02
4.66700000e+03 9.83236414e-01 5.00000000e-02
4.66800000e+03 1.01249311e+00 5.00000000e-02
4.66900000e+03 1.02696564e+00 5.00000000e-02
4.67000000e+03 9.30856826e-01 5.00000000e-02
4.67100000e+03 1.00610142e+00 5.00000000e-02
4.67200000e+03 9.52627042e-01 5.00000000e-02
4.67300000e+03 9.99454504e-01 5.00000000e-02
4.67400000e+03 9.80786844e-01 5.00000000e-02
4.67500000e+03 1.05744207e+00 5.00000000e-02
4.67600000e+03 1.04559888e+00 5.00000000e-02
4.67700000e+03 1.07169625e+00 5.00000000e-02
4.67800000e+03 9.55432772e-01 5.00000000e-02
4.67900000e+03 9.68518805e-01 5.00000000e-02
4.68000000e+03 9.96212675e-01 5.00000000e-02
4.68100000e+03 9.65902763e-01 5.00000000e-02
4.68200000e+03 9.62350608e-01 5.00000000e-02
4.68300000e+03 1.01966027e+00 5.00000000e-02
4.68400000e+03 1.10462070e+00 5.00000000e-02
4.68500000e+03 1.01060834e+00 5.00000000e-02
4.68600000e+03 1.07287023e+00 5.00000000e-02
4.68700000e+03 9.22578634e-01 5.00000000e-02
4.68800000e+03 1.09530744e+00 5.00000000e-02
4.68900000e+03 1.10460791e+00 5.00000000e-02
4.69000000e+03 1.00343670e+00 5.00000000e-02
4.69100000e+03 9.69305575e-01 5.00000000e-02
4.69200000e+03 1.02545955e+00 5.00000000e-02
4.69300000e+03 9.11001225e-01 5.00000000e-02
4.69400000e+03 1.00959839e+00 5.00000000e-02
4.69500000e+03 9.06490499e-01 5.00000000e-02
4.69600000e+03 1.07436161e+00 5.00000000e-02
4.69700000e+03 9.92773447e-01 5.00000000e-02
4.69800000e+03 9.57211736e-01 5.00000000e-02
4.69900000e+03 8.89414893e-01 5.00000000e-02
4.70000000e+03 1.06753585e+00 5.00000000e-02
4.70100000e+03 1.00017192e+00 5.00000000e-02
4.70200000e+03 9.68189859e-01 5.00000000e-02
4.70300000e+03 1.05547211e+00 5.00000000e-02
4.70400000e+03 9.28378153e-01 5.00000000e-02
4.70500000e+03 1.05077593e+00 5.00000000e-02
4.70600000e+03 1.06238837e+00 5.00000000e-02
4.70700000e+03 9.83544462e-01 5.00000000e-02
4.70800000e+03 1.05746994e+00 5.00000000e-02
4.70900000e+03 1.08255479e+00 5.00000000e-02
4.71000000e+03 9.60948881e-01 5.00000000e-02
4.71100000e+03 9.63488331e-01 5.00000000e-02
4.71200000e+03 1.04004069e+00 5.00000000e-02
4.71300000e+03 1.03714242e+00 5.00000000e-02
4.71400000e+03 9.60295602e-01 5.00000000e-02
4.71500000e+03 8.42650327e-01 5.00000000e-02
4.71600000e+03 9.21922611e-01 5.00000000e-02
4.71700000e+03 1.06094436e+00 5.00000000e-02
4.71800000e+03 9.74401788e-01 5.00000000e-02
4.71900000e+03 9.52242647e-01 5.00000000e-02
4.72000000e+03 1.01805013e+00 5.00000000e-02
4.72100000e+03 9.11121827e-01 5.00000000e-02
4.72200000e+03 1.11087853e+00 5.00000000e-02
4.72300000e+03 9.02190190e-01 5.00000000e-02
4.72400000e+03 9.89465911e-01 5.00000000e-02
4.72500000e+03 1.01832377e+00 5.00000000e-02
4.72600000e+03 1.03013944e+00 5.00000000e-02
4.72700000e+03 9.43622783e-01 5.00000000e-02
4.72800000e+03 9.82091483e-01 5.00000000e-02
4.72900000e+03 1.05107709e+00 5.00000000e-02
4.73000000e+03 1.00593782e+00 5.00000000e-02
4.73100000e+03 1.03338526e+00 5.00000000e-02
4.73200000e+03 1.00724482e+00 5.00000000e-02
4.73300000e+03 1.00932389e+00 5.00000000e-02
4.73400000e+03 9.56356065e-01 5.00000000e-02
4.73500000e+03 9.40289002e-01 5.00000000e-02
4.73600000e+03 9.85723149e-01 5.00000000e-02
4.73700000e+03 9.43317624e-01 5.00000000e-02
4.73800000e+03 1.07116217e+00 5.00000000e-02
4.73900000e+03 1.03551551e+00 5.00000000e-02
4.74000000e+03 1.06144428e+00 5.00000000e-02
4.74100000e+03 9.24847697e-01 5.00000000e-02
4.74200000e+03 9.34093868e-01 5.00000000e-02
4.74300000e+03 1.03211735e+00 5.00000000e-02
4.74400000e+03 1.00755295e+00 5.00000000e-02
4.74500000e+03 1.01086989e+00 5.00000000e-02
4.74600000e+03 1.04798773e+00 5.00000000e-02
4.74700000e+03 9.48921493e-01 5.00000000e-02
4.74800000e+03 9.35725766e-01 5.00000000e-02
4.74900000e+03 9.56349751e-01 5.00000000e-02
4.75000000e+03 1.10368991e+00 5.00000000e-02
4.75100000e+03 9.96256494e-01 5.00000000e-02
4.75200000e+03 9.59650610e-01 5.00000000e-02
4.75300000e+03 1.07117528e+00 5.00000000e-02
4.75400000e+03 1.04335497e+00 5.00000000e-02
4.75500000e+03 1.04227287e+00 5.00000000e-02
4.75600000e+03 1.02979467e+00 5.00000000e-02
4.75700000e+03 9.87793030e-01 5.00000000e-02
4.75800000e+03 1.08707208e+00 5.00000000e-02
4.75900000e+03 1.04045162e+00 5.00000000e-02
4.76000000e+03 9.39220788e-01 5.00000000e-02
4.76100000e+03 9.42009096e-01 5.00000000e-02
4.76200000e+03 9.66233566e-01 5.00000000e-02
4.76300000e+03 1.04151639e+00 5.00000000e-02
4.76400000e+03 9.67882544e-01 5.00000000e-02
4.76500000e+03 9.85377116e-01 5.00000000e-02
4.76600000e+03 9.75680218e-01 5.00000000e-02
4.76700000e+03 1.00240632e+00 5.00000000e-02
4.76800000e+03 1.06047487e+00 5.00000000e-02
4.76900000e+03 9.77252724e-01 5.00000000e-02
4.77000000e+03 9.99793580e-01 5.00000000e-02
4.77100000e+03 1.08497774e+00 5.00000000e-02
4.77200000e+03 9.22565375e-01 5.00000000e-02
4.77300000e+03 1.01548389e+00 5.00000000e-02
4.77400000e+03 1.00939131e+00 5.00000000e-02
4.77500000e+03 9.96155332e-01 5.00000000e-02
4.77600000e+03 1.05053589e+00 5.00000000e-02
4.77700000e+03 1.10913133e+00 5.00000000e-02
4.77800000e+03 1.00051869e+00 5.00000000e-02
4.77900000e+03 9.98000664e-01 5.00000000e-02
4.78000000e+03 1.03224175e+00 5.00000000e-02
4.78100000e+03 9.41599270e-01 5.00000000e-02
4.78200000e+03 9.82530850e-01 5.00000000e-02
4.78300000e+03 1.01578943e+00 5.00000000e-02
4.78400000e+03 1.01123754e+00 5.00000000e-02
4.78500000e+03 9.63696085e-01 5.00000000e-02
4.78600000e+03 1.05510051e+00 5.00000000e-02
4.78700000e+03 9.43578750e-01 5.00000000e-02
4.78800000e+03 9.65479884e-01 5.00000000e-02
4.78900000e+03 9.50028698e-01 5.00000000e-02
4.79000000e+03 1.01961535e+00 5.00000000e-02
4.79100000e+03 1.04077079e+00 5.00000000e-02
4.79200000e+03 9.95219746e-01 5.00000000e-02
4.79300000e+03 1.05812006e+00 5.00000000e-02
4.79400000e+03 9.79840223e-01 5.00000000e-02
4.79500000e+03 1.00510675e+00 5.00000000e-02
4.79600000e+03 1.01137092e+00 5.00000000e-02
4.79700000e+03 9.98788344e-01 5.00000000e-02
4.79800000e+03 1.00933983e+00 5.00000000e-02
4.79900000e+03 9.49706511e-01 5.00000000e-02
4.80000000e+03 8.96276998e-01 5.00000000e-02
4.80100000e+03 9.73157362e-01 5.00000000e-02
4.80200000e+03 9.81610613e-01 5.00000000e-02
4.80300000e+03 9.88544392e-01 5.00000000e-02
4.80400000e+03 9.48390119e-01 5.00000000e-02
4.80500000e+03 9.37932841e-01 5.00000000e-02
4.80600000e+03 1.10063596e+00 5.00000000e-02
4.80700000e+03 1.03775028e+00 5.00000000e-02
4.80800000e+03 1.01705221e+00 5.00000000e-02
4.80900000e+03 1.00868926e+00 5.00000000e-02
4.81000000e+03 9.68662188e-01 5.00000000e-02
4.81100000e+03 9.93508988e-01 5.00000000e-02
4.81200000e+03 1.05727390e+00 5.00000000e-02
4.81300000e+03 1.05043772e+00 5.00000000e-02
4.81400000e+03 9.72157024e-01 5.00000000e-02
4.81500000e+03 9.76174990e-01 5.00000000e-02
4.81600000e+03 9.74253455e-01 5.00000000e-02
4.81700000e+03 9.65252264e-01 5.00000000e-02
4.81800000e+03 1.04610588e+00 5.00000000e-02
4.81900000e+03 1.03263947e+00 5.00000000e-02
4.82000000e+03 1.01624152e+00 5.00000000e-02
4.82100000e+03 9.70532496e-01 5.00000000e-02
4.82200000e+03 1.06311897e+00 5.00000000e-02
4.82300000e+03 1.00168633e+00 5.00000000e-02
4.82400000e+03 8.75582870e-01 5.00000000e-02
4.82500000e+03 1.06356618e+00 5.00000000e-02
4.82600000e+03 1.01183662e+00 5.00000000e-02
4.82700000e+03 9.70822529e-01 5.00000000e-02
4.82800000e+03 1.06564140e+00 5.00000000e-02
4.82900000e+03 8.83313289e-01 5.00000000e-02
4.83000000e+03 9.67470549e-01 5.00000000e-02
4.83100000e+03 1.03420263e+00 5.00000000e-02
4.83200000e+03 9.64393361e-01 5.00000000e-02
4.83300000e+03 1.10180306e+00 5.00000000e-02
4.83400000e+03 1.09912727e+00 5.00000000e-02
4.83500000e+03 1.01455892e+00 5.00000000e-02
4.83600000e+03 1.01164853e+00 5.00000000e-02
4.83700000e+03 1.08661238e+00 5.00000000e-02
4.83800000e+03 1.03203713e+00 5.00000000e-02
4.83900000e+03 9.48684904e-01 5.00000000e-02
4.84000000e+03 9.88258541e-01 5.00000000e-02
4.84100000e+03 9.57224073e-01 5.00000000e-02
4.84200000e+03 1.03152977e+00 5.00000000e-02
4.84300000e+03 1.00994925e+00 5.00000000e-02
4.84400000e+03 1.07131481e+00 5.00000000e-02
4.84500000e+03 1.01426279e+00 5.00000000e-02
4.84600000e+03 9.63114639e-01 5.00000000e-02
4.84700000e+03 9.45557660e-01 5.00000000e-02
4.84800000e+03 1.07687160e+00 5.00000000e-02
4.84900000e+03 1.06521066e+00 5.00000000e-02
4.85000000e+03 9.59675110e-01 5.00000000e-02
4.85100000e+03 9.27692287e-01 5.00000000e-02
4.85200000e+03 9.22924777e-01 5.00000000e-02
4.85300000e+03 1.05114617e+00 5.00000000e-02
4.85400000e+03 9.82968388e-01 5.00000000e-02
4.85500000e+03 1.09218021e+00 5.00000000e-02
4.85600000e+03 9.81191424e-01 5.00000000e-02
4.85700000e+03 9.87269232e-01 5.00000000e-02
4.85800000e+03 9.89649996e-01 5.00000000e-02
4.85900000e+03 1.03312295e+00 5.00000000e-02
4.86000000e+03 1.08964087e+00 5.00000000e-02
4.86100000e+03 9.55544856e-01 5.00000000e-02
4.86200000e+03 1.04236121e+00 5.00000000e-02
4.86300000e+03 1.07322454e+00 5.00000000e-02
4.86400000e+03 9.95906394e-01 5.00000000e-02
4.86500000e+03 9.84383471e-01 5.00000000e-02
4.86600000e+03 1.05892054e+00 5.00000000e-02
4.86700000e+03 9.74269265e-01 5.00000000e-02
4.86800000e+03 9.90775998e-01 5.00000000e-02
4.86900000e+03 9.57701619e-01 5.00000000e-02
4.87000000e+03 9.79485633e-01 5.00000000e-02
4.87100000e+03 1.01936139e+00 5.00000000e-02
4.87200000e+03 1.02462339e+00 5.00000000e-02
4.87300000e+03 9.95364040e-01 5.00000000e-02
4.87400000e+03 1.01129248e+00 5.00000000e-02
4.87500000e+03 9.42051041e-01 5.00000000e-02
4.87600000e+03 1.11127751e+00 5.00000000e-02
4.87700000e+03 9.53790720e-01 5.00000000e-02
4.87800000e+03 1.03417378e+00 5.00000000e-02
4.87900000e+03 9.69182498e-01 5.00000000e-02
4.88000000e+03 1.00940983e+00 5.00000000e-02
4.88100000e+03 9.08696883e-01 5.00000000e-02
4.88200000e+03 9.75892821e-01 5.00000000e-02
4.88300000e+03 9.49622056e-01 5.00000000e-02
4.88400000e+03 1.02845517e+00 5.00000000e-02
4.88500000e+03 1.01810936e+00 5.00000000e-02
4.88600000e+03 9.68171300e-01 5.00000000e-02
4.88700000e+03 9.66303460e-01 5.00000000e-02
4.88800000e+03 1.03754521e+00 5.00000000e-02
4.88900000e+03 9.93892001e-01 5.00000000e-02
4.89000000e+03 1.04951039e+00 5.00000000e-02
4.89100000e+03 1.03637936e+00 5.00000000e-02
4.89200000e+03 1.00059434e+00 5.00000000e-02
4.89300000e+03 1.01249128e+00 5.00000000e-02
4.89400000e+03 9.35997651e-01 5.00000000e-02
4.89500000e+03 1.03013324e+00 5.00000000e-02
4.89600000e+03 1.02227695e+00 5.00000000e-02
4.89700000e+03 1.03569390e+00 5.00000000e-02
4.89800000e+03 1.11334237e+00 5.00000000e-02
4.89900000e+03 1.05060704e+00 5.00000000e-02
4.90000000e+03 1.04806732e+00 5.00000000e-02
4.90100000e+03 1.05096175e+00 5.00000000e-02
4.90200000e+03 1.03410125e+00 5.00000000e-02
4.90300000e+03 1.13065262e+00 5.00000000e-02
4.90400000e+03 1.06281084e+00 5.00000000e-02
4.90500000e+03 1.13287827e+00 5.00000000e-02
4.90600000e+03 1.11004289e+00 5.00000000e-02
4.90700000e+03 1.04336211e+00 5.00000000e-02
4.90800000e+03 1.09695485e+00 5.00000000e-02
4.90900000e+03 1.14805718e+00 5.00000000e-02
4.91000000e+03 1.08061252e+00 5.00000000e-02
4.91100000e+03 1.10970198e+00 5.00000000e-02
4.91200000e+03 1.10159317e+00 5.00000000e-02
4.91300000e+03 1.11009328e+00 5.00000000e-02
4.91400000e+03 1.16644279e+00 5.00000000e-02
4.91500000e+03 1.09481317e+00 5.00000000e-02
4.91600000e+03 1.12774508e+00 5.00000000e-02
4.91700000e+03 1.16040188e+00 5.00000000e-02
4.91800000e+03 1.03035495e+00 5.00000000e-02
4.91900000e+03 1.15465705e+00 5.00000000e-02
4.92000000e+03 1.18463817e+00 5.00000000e-02
4.92100000e+03 1.20882895e+00 5.00000000e-02
4.92200000e+03 1.16721115e+00 5.00000000e-02
4.92300000e+03 1.16275140e+00 5.00000000e-02
4.92400000e+03 1.26391693e+00 5.00000000e-02
4.92500000e+03 1.19692053e+00 5.00000000e-02
4.92600000e+03 1.26444168e+00 5.00000000e-02
4.92700000e+03 1.25778382e+00 5.00000000e-02
4.92800000e+03 1.22786124e+00 5.00000000e-02
4.92900000e+03 1.25322750e+00 5.00000000e-02
4.93000000e+03 1.24945673e+00 5.00000000e-02
4.93100000e+03 1.35011841e+00 5.00000000e-02
4.93200000e+03 1.32229016e+00 5.00000000e-02
4.93300000e+03 1.23917225e+00 5.00000000e-02
4.93400000e+03 1.42962027e+00 5.00000000e-02
4.93500000e+03 1.41911891e+00 5.00000000e-02
4.93600000e+03 1.42527391e+00 5.00000000e-02
4.93700000e+03 1.32858823e+00 5.00000000e-02
4.93800000e+03 1.36130978e+00 5.00000000e-02
4.93900000e+03 1.36911707e+00 5.00000000e-02
4.94000000e+03 1.48314584e+00 5.00000000e-02
4.94100000e+03 1.42612754e+00 5.00000000e-02
4.94200000e+03 1.44778635e+00 5.00000000e-02
4.94300000e+03 1.43276842e+00 5.00000000e-02
4.94400000e+03 1.38643265e+00 5.00000000e-02
4.94500000e+03 1.51070899e+00 5.00000000e-02
4.94600000e+03 1.58821763e+00 5.00000000e-02
4.94700000e+03 1.47277702e+00 5.00000000e-02
4.94800000e+03 1.45127481e+00 5.00000000e-02
4.94900000e+03 1.47134417e+00 5.00000000e-02
4.95000000e+03 1.48172294e+00 5.00000000e-02
4.95100000e+03 1.44773016e+00 5.00000000e-02
4.95200000e+03 1.50273714e+00 5.00000000e-02
4.95300000e+03 1.51856549e+00 5.00000000e-02
4.95400000e+03 1.46631795e+00 5.00000000e-02
4.95500000e+03 1.56837087e+00 5.00000000e-02
4.95600000e+03 1.52982227e+00 5.00000000e-02
4.95700000e+03 1.49894107e+00 5.00000000e-02
4.95800000e+03 1.56191722e+00 5.00000000e-02
4.95900000e+03 1.64271945e+00 5.00000000e-02
4.96000000e+03 1.63532876e+00 5.00000000e-02
4.96100000e+03 1.62378554e+00 5.00000000e-02
4.96200000e+03 1.62455245e+00 5.00000000e-02
4.96300000e+03 1.61759696e+00 5.00000000e-02
4.96400000e+03 1.60490817e+00 5.00000000e-02
4.96500000e+03 1.61104268e+00 5.00000000e-02
4.96600000e+03 1.66630546e+00 5.00000000e-02
4.96700000e+03 1.54372167e+00 5.00000000e-02
4.96800000e+03 1.60068795e+00 5.00000000e-02
4.96900000e+03 1.48746685e+00 5.00000000e-02
4.97000000e+03 1.58397269e+00 5.00000000e-02
4.97100000e+03 1.61515150e+00 5.00000000e-02
4.97200000e+03 1.52261904e+00 5.00000000e-02
4.97300000e+03 1.61878872e+00 5.00000000e-02
4.97400000e+03 1.47887872e+00 5.00000000e-02
4.97500000e+03 1.59587377e+00 5.00000000e-02
4.97600000e+03 1.49773072e+00 5.00000000e-02
4.97700000e+03 1.52020916e+00 5.00000000e-02
4.97800000e+03 1.47310330e+00 5.00000000e-02
4.97900000e+03 1.51411989e+00 5.00000000e-02
4.98000000e+03 1.46422608e+00 5.00000000e-02
4.98100000e+03 1.51797230e+00 5.00000000e-02
4.98200000e+03 1.45210894e+00 5.00000000e-02
4.98300000e+03 1.45275429e+00 5.00000000e-02
4.98400000e+03 1.41610897e+00 5.00000000e-02
4.98500000e+03 1.43842601e+00 5.00000000e-02
4.98600000e+03 1.38201784e+00 5.00000000e-02
4.98700000e+03 1.38142835e+00 5.00000000e-02
4.98800000e+03 1.31234506e+00 5.00000000e-02
4.98900000e+03 1.34578989e+00 5.00000000e-02
4.99000000e+03 1.33704170e+00 5.00000000e-02
4.99100000e+03 1.33705502e+00 5.00000000e-02
4.99200000e+03 1.33469310e+00 5.00000000e-02
4.99300000e+03 1.24297432e+00 5.00000000e-02
4.99400000e+03 1.34764276e+00 5.00000000e-02
4.99500000e+03 1.40721582e+00 5.00000000e-02
4.99600000e+03 1.28553229e+00 5.00000000e-02
4.99700000e+03 1.17454396e+00 5.00000000e-02
4.99800000e+03 1.30006148e+00 5.00000000e-02
4.99900000e+03 1.24942401e+00 5.00000000e-02
5.00000000e+03 1.22771277e+00 5.00000000e-02
5.00100000e+03 1.23487287e+00 5.00000000e-02
5.00200000e+03 1.21721277e+00 5.00000000e-02
5.00300000e+03 1.19551615e+00 5.00000000e-02
5.00400000e+03 1.22386287e+00 5.00000000e-02
5.00500000e+03 1.19897201e+00 5.00000000e-02
5.00600000e+03 1.16088480e+00 5.00000000e-02
5.00700000e+03 1.20262416e+00 5.00000000e-02
5.00800000e+03 1.22146731e+00 5.00000000e-02
5.00900000e+03 1.21432236e+00 5.00000000e-02
5.01000000e+03 1.09241762e+00 5.00000000e-02
5.01100000e+03 1.13686488e+00 5.00000000e-02
5.01200000e+03 1.15715011e+00 5.00000000e-02
5.01300000e+03 1.12700169e+00 5.00000000e-02
5.01400000e+03 1.10588490e+00 5.00000000e-02
5.01500000e+03 1.16294086e+00 5.00000000e-02
5.01600000e+03 1.11587090e+00 5.00000000e-02
5.01700000e+03 1.11584577e+00 5.00000000e-02
5.01800000e+03 1.01196286e+00 5.00000000e-02
5.01900000e+03 1.01021196e+00 5.00000000e-02
5.02000000e+03 1.05101526e+00 5.00000000e-02
5.02100000e+03 1.07988204e+00 5.00000000e-02
5.02200000e+03 1.11213998e+00 5.00000000e-02
5.02300000e+03 1.02276970e+00 5.00000000e-02
5.02400000e+03 1.13643274e+00 5.00000000e-02
5.02500000e+03 1.06255368e+00 5.00000000e-02
5.02600000e+03 1.02646613e+00 5.00000000e-02
5.02700000e+03 1.08621288e+00 5.00000000e-02
5.02800000e+03 1.11471073e+00 5.00000000e-02
5.02900000e+03 1.04364956e+00 5.00000000e-02
5.03000000e+03 1.03963618e+00 5.00000000e-02
5.03100000e+03 1.04861217e+00 5.00000000e-02
5.03200000e+03 1.07086783e+00 5.00000000e-02
5.03300000e+03 1.01877278e+00 5.00000000e-02
5.03400000e+03 1.02585093e+00 5.00000000e-02
5.03500000e+03 1.03393903e+00 5.00000000e-02
5.03600000e+03 1.01648885e+00 5.00000000e-02
5.03700000e+03 1.03979952e+00 5.00000000e-02
5.03800000e+03 9.85324733e-01 5.00000000e-02
5.03900000e+03 9.21034902e-01 5.00000000e-02
5.04000000e+03 9.90893223e-01 5.00000000e-02
5.04100000e+03 9.96814633e-01 5.00000000e-02
5.04200000e+03 1.10799633e+00 5.00000000e-02
5.04300000e+03 1.06578128e+00 5.00000000e-02
5.04400000e+03 1.03125348e+00 5.00000000e-02
5.04500000e+03 9.86609492e-01 5.00000000e-02
5.04600000e+03 9.51490979e-01 5.00000000e-02
5.04700000e+03 9.76078635e-01 5.00000000e-02
5.04800000e+03 1.03275139e+00 5.00000000e-02
5.04900000e+03 1.00031450e+00 5.00000000e-02
5.05000000e+03 9.55112352e-01 5.00000000e-02
5.05100000e+03 1.01532863e+00 5.00000000e-02
5.05200000e+03 9.71773445e-01 5.00000000e-02
5.05300000e+03 1.02691028e+00 5.00000000e-02
5.05400000e+03 1.09866372e+00 5.00000000e-02
5.05500000e+03 1.04767139e+00 5.00000000e-02
5.05600000e+03 8.80234442e-01 5.00000000e-02
5.05700000e+03 1.05918775e+00 5.00000000e-02
5.05800000e+03 9.76918696e-01 5.00000000e-02
5.05900000e+03 1.01667342e+00 5.00000000e-02
5.06000000e+03 1.01963459e+00 5.00000000e-02
5.06100000e+03 1.01456667e+00 5.00000000e-02
5.06200000e+03 9.13855734e-01 5.00000000e-02
5.06300000e+03 1.06513956e+00 5.00000000e-02
5.06400000e+03 9.54881901e-01 5.00000000e-02
5.06500000e+03 9.57099041e-01 5.00000000e-02
5.06600000e+03 1.01396830e+00 5.00000000e-02
5.06700000e+03 1.03732766e+00 5.00000000e-02
5.06800000e+03 9.73568173e-01 5.00000000e-02
5.06900000e+03 9.22878009e-01 5.00000000e-02
5.07000000e+03 1.02302515e+00 5.00000000e-02
5.07100000e+03 9.87500037e-01 5.00000000e-02
5.07200000e+03 1.04427304e+00 5.00000000e-02
5.07300000e+03 1.06330644e+00 5.00000000e-02
5.07400000e+03 9.40238876e-01 5.00000000e-02
5.07500000e+03 9.38639991e-01 5.00000000e-02
5.07600000e+03 9.93636088e-01 5.00000000e-02
5.07700000e+03 9.58861435e-01 5.00000000e-02
5.07800000e+03 1.08616425e+00 5.00000000e-02
5.07900000e+03 1.00768145e+00 5.00000000e-02
5.08000000e+03 1.00832637e+00 5.00000000e-02
5.08100000e+03 1.01473539e+00 5.00000000e-02
5.08200000e+03 1.07678820e+00 5.00000000e-02
5.08300000e+03 1.02422946e+00 5.00000000e-02
5.08400000e+03 1.04414703e+00 5.00000000e-02
5.08500000e+03 9.69029776e-01 5.00000000e-02
5.08600000e+03 1.04079690e+00 5.00000000e-02
5.08700000e+03 9.84112903e-01 5.00000000e-02
5.08800000e+03 9.75762785e-01 5.00000000e-02
5.08900000e+03 9.74524965e-01 5.00000000e-02
5.09000000e+03 1.06248105e+00 5.00000000e-02
5.09100000e+03 9.86675820e-01 5.00000000e-02
5.09200000e+03 1.02281965e+00 5.00000000e-02
5.09300000e+03 1.00781896e+00 5.00000000e-02
5.09400000e+03 1.02816659e+00 5.00000000e-02
5.09500000e+03 9.73452966e-01 5.00000000e-02
5.09600000e+03 9.36115698e-01 5.00000000e-02
5.09700000e+03 9.86011967e-01 5.00000000e-02
5.09800000e+03 1.00720862e+00 5.00000000e-02
5.09900000e+03 9.59413271e-01 5.00000000e-02
5.10000000e+03 1.00026070e+00 5.00000000e-02
5.10100000e+03 1.03514744e+00 5.00000000e-02
5.10200000e+03 9.01557165e-01 5.00000000e-02
5.10300000e+03 1.07634972e+00 5.00000000e-02
5.10400000e+03 1.05170278e+00 5.00000000e-02
5.10500000e+03 1.01727136e+00 5.00000000e-02
5.10600000e+03 1.06110225e+00 5.00000000e-02
5.10700000e+03 9.01919036e-01 5.00000000e-02
5.10800000e+03 1.01114624e+00 5.00000000e-02
5.10900000e+03 1.02222653e+00 5.00000000e-02
5.11000000e+03 1.02736927e+00 5.00000000e-02
5.11100000e+03 1.02533881e+00 5.00000000e-02
5.11200000e+03 1.09443368e+00 5.00000000e-02
5.11300000e+03 1.03788877e+00 5.00000000e-02
5.11400000e+03 9.72403263e-01 5.00000000e-02
5.11500000e+03 9.30595107e-01 5.00000000e-02
5.11600000e+03 9.54721856e-01 5.00000000e-02
5.11700000e+03 9.84013821e-01 5.00000000e-02
5.11800000e+03 1.01343372e+00 5.00000000e-02
5.11900000e+03 1.00201536e+00 5.00000000e-02
5.12000000e+03 1.01511981e+00 5.00000000e-02
5.12100000e+03 9.73797349e-01 5.00000000e-02
5.12200000e+03 9.82360776e-01 5.00000000e-02
5.12300000e+03 1.02171417e+00 5.00000000e-02
5.12400000e+03 9.90315797e-01 5.00000000e-02
5.12500000e+03 9.68443205e-01 5.00000000e-02
5.12600000e+03 9.78711849e-01 5.00000000e-02
5.12700000e+03 1.02479110e+00 5.00000000e-02
5.12800000e+03 9.75132929e-01 5.00000000e-02
5.12900000e+03 9.85659301e-01 5.00000000e-02
5.13000000e+03 1.09203227e+00 5.00000000e-02
5.13100000e+03 9.94956405e-01 5.00000000e-02
5.13200000e+03 1.01093767e+00 5.00000000e-02
5.13300000e+03 1.05662844e+00 5.00000000e-02
5.13400000e+03 1.08759103e+00 5.00000000e-02
5.13500000e+03 1.03541285e+00 5.00000000e-02
5.13600000e+03 9.36514570e-01 5.00000000e-02
5.13700000e+03 1.12046080e+00 5.00000000e-02
5.13800000e+03 9.55499390e-01 5.00000000e-02
5.13900000e+03 9.42474869e-01 5.00000000e-02
5.14000000e+03 9.59842859e-01 5.00000000e-02
5.14100000e+03 1.07348007e+00 5.00000000e-02
5.14200000e+03 9.98158438e-01 5.00000000e-02
5.14300000e+03 9.05145079e-01 5.00000000e-02
5.14400000e+03 1.09424162e+00 5.00000000e-02
5.14500000e+03 9.22048111e-01 5.00000000e-02
5.14600000e+03 1.09409735e+00 5.00000000e-02
5.14700000e+03 8.73291611e-01 5.00000000e-02
5.14800000e+03 9.93781674e-01 5.00000000e-02
5.14900000e+03 1.00158214e+00 5.00000000e-02
5.15000000e+03 9.70418875e-01 5.00000000e-02
5.15100000e+03 9.96579683e-01 5.00000000e-02
5.15200000e+03 1.05394948e+00 5.00000000e-02
5.15300000e+03 1.01016937e+00 5.00000000e-02
5.15400000e+03 1.03638263e+00 5.00000000e-02
5.15500000e+03 1.00646911e+00 5.00000000e-02
5.15600000e+03 1.01007981e+00 5.00000000e-02
5.15700000e+03 9.71534030e-01 5.00000000e-02
5.15800000e+03 9.97420189e-01 5.00000000e-02
5.15900000e+03 1.04575602e+00 5.00000000e-02
5.16000000e+03 1.05599433e+00 5.00000000e-02
5.16100000e+03 9.42325145e-01 5.00000000e-02
5.16200000e+03 9.69327927e-01 5.00000000e-02
5.16300000e+03 1.00932451e+00 5.00000000e-02
5.16400000e+03 9.94117758e-01 5.00000000e-02
5.16500000e+03 9.59934917e-01 5.00000000e-02
5.16600000e+03 8.97601393e-01 5.00000000e-02
5.16700000e+03 1.01456217e+00 5.00000000e-02
5.16800000e+03 9.65555042e-01 5.00000000e-02
5.16900000e+03 1.10347887e+00 5.00000000e-02
5.17000000e+03 1.05951586e+00 5.00000000e-02
5.17100000e+03 1.02232509e+00 5.00000000e-02
5.17200000e+03 9.35124226e-01 5.00000000e-02
5.17300000e+03 9.64331535e-01 5.00000000e-02
5.17400000e+03 1.05667574e+00 5.00000000e-02
5.17500000e+03 9.61421520e-01 5.00000000e-02
5.17600000e+03 9.88435319e-01 5.00000000e-02
5.17700000e+03 1.02271595e+00 5.00000000e-02
5.17800000e+03 1.03142543e+00 5.00000000e-02
5.17900000e+03 9.83032777e-01 5.00000000e-02
5.18000000e+03 1.02648097e+00 5.00000000e-02
5.18100000e+03 9.17158088e-01 5.00000000e-02
5.18200000e+03 1.00057494e+00 5.00000000e-02
5.18300000e+03 9.94676597e-01 5.00000000e-02
5.18400000e+03 1.08501576e+00 5.00000000e-02
5.18500000e+03 1.02201591e+00 5.00000000e-02
5.18600000e+03 8.88449239e-01 5.00000000e-02
5.18700000e+03 1.07810765e+00 5.00000000e-02
5.18800000e+03 1.13718763e+00 5.00000000e-02
5.18900000e+03 1.02927614e+00 5.00000000e-02
5.19000000e+03 1.03591764e+00 5.00000000e-02
5.19100000e+03 1.08103571e+00 5.00000000e-02
5.19200000e+03 1.00044871e+00 5.00000000e-02
5.19300000e+03 9.98543295e-01 5.00000000e-02
5.19400000e+03 1.01330331e+00 5.00000000e-02
5.19500000e+03 8.34215597e-01 5.00000000e-02
5.19600000e+03 9.72308116e-01 5.00000000e-02
5.19700000e+03 1.03426786e+00 5.00000000e-02
5.19800000e+03 1.03083644e+00 5.00000000e-02
5.19900000e+03 9.23468703e-01 5.00000000e-02
5.20000000e+03 9.87787063e-01 5.00000000e-02
5.20100000e+03 9.71946054e-01 5.00000000e-02
5.20200000e+03 9.63635819e-01 5.00000000e-02
5.20300000e+03 1.04691365e+00 5.00000000e-02
5.20400000e+03 9.55276263e-01 5.00000000e-02
5.20500000e+03 9.88468521e-01 5.00000000e-02
5.20600000e+03 1.03184892e+00 5.00000000e-02
5.20700000e+03 9.52855349e-01 5.00000000e-02
5.20800000e+03 9.97913335e-01 5.00000000e-02
5.20900000e+03 9.48839143e-01 5.00000000e-02
5.21000000e+03 9.97256957e-01 5.00000000e-02
5.21100000e+03 9.92575716e-01 5.00000000e-02
5.21200000e+03 1.02998824e+00 5.00000000e-02
5.21300000e+03 9.74843335e-01 5.00000000e-02
5.21400000e+03 9.83414359e-01 5.00000000e-02
5.21500000e+03 9.16874418e-01 5.00000000e-02
5.21600000e+03 9.65504961e-01 5.00000000e-02
5.21700000e+03 9.45170285e-01 5.00000000e-02
5.21800000e+03 9.31880612e-01 5.00000000e-02
5.21900000e+03 9.78902442e-01 5.00000000e-02
5.22000000e+03 9.96757290e-01 5.00000000e-02
5.22100000e+03 9.93865333e-01 5.00000000e-02
5.22200000e+03 1.05295961e+00 5.00000000e-02
5.22300000e+03 9.69714050e-01 5.00000000e-02
5.22400000e+03 9.60283990e-01 5.00000000e-02
5.22500000e+03 8.89509850e-01 5.00000000e-02
5.22600000e+03 1.05438376e+00 5.00000000e-02
5.22700000e+03 1.03332357e+00 5.00000000e-02
5.22800000e+03 1.03023322e+00 5.00000000e-02
5.22900000e+03 9.59572435e-01 5.00000000e-02
5.23000000e+03 9.67547826e-01 5.00000000e-02
5.23100000e+03 9.69513756e-01 5.00000000e-02
5.23200000e+03 9.32642370e-01 5.00000000e-02
5.23300000e+03 1.01704942e+00 5.00000000e-02
5.23400000e+03 9.93203793e-01 5.00000000e-02
5.23500000e+03 1.05981765e+00 5.00000000e-02
5.23600000e+03 1.00776407e+00 5.00000000e-02
5.23700000e+03 9.88057774e-01 5.00000000e-02
5.23800000e+03 1.03182820e+00 5.00000000e-02
5.23900000e+03 1.03442528e+00 5.00000000e-02
5.24000000e+03 9.43907328e-01 5.00000000e-02
5.24100000e+03 9.17275998e-01 5.00000000e-02
5.24200000e+03 9.39669747e-01 5.00000000e-02
5.24300000e+03 1.04499663e+00 5.00000000e-02
5.24400000e+03 1.03063118e+00 5.00000000e-02
5.24500000e+03 1.06645809e+00 5.00000000e-02
5.24600000e+03 1.00237170e+00 5.00000000e-02
5.24700000e+03 1.01823536e+00 5.00000000e-02
5.24800000e+03 9.79294666e-01 5.00000000e-02
5.24900000e+03 1.09804604e+00 5.00000000e-02
5.25000000e+03 1.03403967e+00 5.00000000e-02
5.25100000e+03 1.07735851e+00 5.00000000e-02
5.25200000e+03 1.02405549e+00 5.00000000e-02
5.25300000e+03 9.61214624e-01 5.00000000e-02
5.25400000e+03 1.04959168e+00 5.00000000e-02
5.25500000e+03 9.23148170e-01 5.00000000e-02
5.25600000e+03 1.04009246e+00 5.00000000e-02
5.25700000e+03 9.93509988e-01 5.00000000e-02
5.25800000e+03 1.01969301e+00 5.00000000e-02
5.25900000e+03 9.39359973e-01 5.00000000e-02
5.26000000e+03 1.00330340e+00 5.00000000e-02
5.26100000e+03 9.67808604e-01 5.00000000e-02
5.26200000e+03 9.56725621e-01 5.00000000e-02
5.26300000e+03 1.07002127e+00 5.00000000e-02
5.26400000e+03 1.02550008e+00 5.00000000e-02
5.26500000e+03 9.80807600e-01 5.00000000e-02
5.26600000e+03 9.66353060e-01 5.00000000e-02
5.26700000e+03 9.80513635e-01 5.00000000e-02
5.26800000e+03 1.00778711e+00 5.00000000e-02
5.26900000e+03 1.01587962e+00 5.00000000e-02
5.27000000e+03 1.00403107e+00 5.00000000e-02
5.27100000e+03 9.13096846e-01 5.00000000e-02
5.27200000e+03 1.00028425e+00 5.00000000e-02
5.27300000e+03 1.01141458e+00 5.00000000e-02
5.27400000e+03 1.03667324e+00 5.00000000e-02
5.27500000e+03 9.97862736e-01 5.00000000e-02
5.27600000e+03 9.91413680e-01 5.00000000e-02
5.27700000e+03 1.00272052e+00 5.00000000e-02
5.27800000e+03 9.72472837e-01 5.00000000e-02
5.27900000e+03 1.10309500e+00 5.00000000e-02
5.28000000e+03 9.61211117e-01 5.00000000e-02
5.28100000e+03 9.50728194e-01 5.00000000e-02
5.28200000e+03 1.01298863e+00 5.00000000e-02
5.28300000e+03 1.01222286e+00 5.00000000e-02
5.28400000e+03 1.03122095e+00 5.00000000e-02
5.28500000e+03 9.90272266e-01 5.00000000e-02
5.28600000e+03 9.70868578e-01 5.00000000e-02
5.28700000e+03 9.55171335e-01 5.00000000e-02
5.28800000e+03 9.99222728e-01 5.00000000e-02
5.28900000e+03 1.01236921e+00 5.00000000e-02
5.29000000e+03 9.96646339e-01 5.00000000e-02
5.29100000e+03 9.37773557e-01 5.00000000e-02
5.29200000e+03 9.33581862e-01 5.00000000e-02
5.29300000e+03 1.05403131e+00 5.00000000e-02
5.29400000e+03 1.00030506e+00 5.00000000e-02
5.29500000e+03 9.90102095e-01 5.00000000e-02
5.29600000e+03 1.08846332e+00 5.00000000e-02
5.29700000e+03 1.04490540e+00 5.00000000e-02
5.29800000e+03 9.32771249e-01 5.00000000e-02
5.29900000e+03 9.83784616e-01 5.00000000e-02
5.30000000e+03 1.04699328e+00 5.00000000e-02
5.30100000e+03 1.03042063e+00 5.00000000e-02
5.30200000e+03 1.01450656e+00 5.00000000e-02
5.30300000e+03 1.07859232e+00 5.00000000e-02
5.30400000e+03 9.32874735e-01 5.00000000e-02
5.30500000e+03 1.04082034e+00 5.00000000e-02
5.30600000e+03 9.74171204e-01 5.00000000e-02
5.30700000e+03 1.06087577e+00 5.00000000e-02
5.30800000e+03 9.97747376e-01 5.00000000e-02
5.30900000e+03 9.20296744e-01 5.00000000e-02
5.31000000e+03 1.01326881e+00 5.00000000e-02
5.31100000e+03 8.75192794e-01 5.00000000e-02
5.31200000e+03 1.05616304e+00 5.00000000e-02
5.31300000e+03 1.01777746e+00 5.00000000e-02
5.31400000e+03 1.06062055e+00 5.00000000e-02
5.31500000e+03 1.01663583e+00 5.00000000e-02
5.31600000e+03 1.01129804e+00 5.00000000e-02
5.31700000e+03 1.07483248e+00 5.00000000e-02
5.31800000e+03 1.04254255e+00 5.00000000e-02
5.31900000e+03 9.29780829e-01 5.00000000e-02
5.32000000e+03 9.76250111e-01 5.00000000e-02
5.32100000e+03 1.07691750e+00 5.00000000e-02
5.32200000e+03 9.42685064e-01 5.00000000e-02
5.32300000e+03 9.38459925e-01 5.00000000e-02
5.32400000e+03 9.59531151e-01 5.00000000e-02
5.32500000e+03 9.26140254e-01 5.00000000e-02
5.32600000e+03 1.00676381e+00 5.00000000e-02
5.32700000e+03 9.89441072e-01 5.00000000e-02
5.32800000e+03 1.04968558e+00 5.00000000e-02
5.32900000e+03 9.84948256e-01 5.00000000e-02
5.33000000e+03 1.07943898e+00 5.00000000e-02
5.33100000e+03 9.84638388e-01 5.00000000e-02
5.33200000e+03 1.04453606e+00 5.00000000e-02
5.33300000e+03 1.05830045e+00 5.00000000e-02
5.33400000e+03 1.01820151e+00 5.00000000e-02
5.33500000e+03 9.89366123e-01 5.00000000e-02
5.33600000e+03 9.32018405e-01 5.00000000e-02
5.33700000e+03 9.43938968e-01 5.00000000e-02
5.33800000e+03 1.02620839e+00 5.00000000e-02
5.33900000e+03 9.79043306e-01 5.00000000e-02
5.34000000e+03 1.02870935e+00 5.00000000e-02
5.34100000e+03 9.63711482e-01 5.00000000e-02
5.34200000e+03 9.98604859e-01 5.00000000e-02
5.34300000e+03 1.00173869e+00 5.00000000e-02
5.34400000e+03 1.03500617e+00 5.00000000e-02
5.34500000e+03 9.80593163e-01 5.00000000e-02
5.34600000e+03 1.03425565e+00 5.00000000e-02
5.34700000e+03 9.15690597e-01 5.00000000e-02
5.34800000e+03 9.33870087e-01 5.00000000e-02
5.34900000e+03 1.00311834e+00 5.00000000e-02
5.35000000e+03 9.90341632e-01 5.00000000e-02
5.35100000e+03 1.02183629e+00 5.00000000e-02
5.35200000e+03 9.17131664e-01 5.00000000e-02
5.35300000e+03 1.01245672e+00 5.00000000e-02
5.35400000e+03 9.13201596e-01 5.00000000e-02
5.35500000e+03 1.06410121e+00 5.00000000e-02
5.35600000e+03 9.61881837e-01 5.00000000e-02
5.35700000e+03 9.75532925e-01 5.00000000e-02
5.35800000e+03 1.02684589e+00 5.00000000e-02
5.35900000e+03 1.01711442e+00 5.00000000e-02
5.36000000e+03 9.71437008e-01 5.00000000e-02
5.36100000e+03 9.89703170e-01 5.00000000e-02
5.36200000e+03 1.08393239e+00 5.00000000e-02
5.36300000e+03 9.52143478e-01 5.00000000e-02
5.36400000e+03 1.07665761e+00 5.00000000e-02
5.36500000e+03 9.72917931e-01 5.00000000e-02
5.36600000e+03 9.39833762e-01 5.00000000e-02
5.36700000e+03 1.06443686e+00 5.00000000e-02
5.36800000e+03 1.03262396e+00 5.00000000e-02
5.36900000e+03 1.00618029e+00 5.00000000e-02
5.37000000e+03 1.05307344e+00 5.00000000e-02
5.37100000e+03 9.94585484e-01 5.00000000e-02
5.37200000e+03 9.80340347e-01 5.00000000e-02
5.37300000e+03 1.03120217e+00 5.00000000e-02
5.37400000e+03 1.01846721e+00 5.00000000e-02
5.37500000e+03 9.71202070e-01 5.00000000e-02
5.37600000e+03 1.06801270e+00 5.00000000e-02
5.37700000e+03 1.02721881e+00 5.00000000e-02
5.37800000e+03 1.08731087e+00 5.00000000e-02
5.37900000e+03 1.17922526e+00 5.00000000e-02
5.38000000e+03 9.44149770e-01 5.00000000e-02
5.38100000e+03 1.03531452e+00 5.00000000e-02
5.38200000e+03 1.02650834e+00 5.00000000e-02
5.38300000e+03 9.49147180e-01 5.00000000e-02
5.38400000e+03 1.03347053e+00 5.00000000e-02
5.38500000e+03 8.79771321e-01 5.00000000e-02
5.38600000e+03 9.45749148e-01 5.00000000e-02
5.38700000e+03 1.04446071e+00 5.00000000e-02
5.38800000e+03 9.34727419e-01 5.00000000e-02
5.38900000e+03 9.69998958e-01 5.00000000e-02
5.39000000e+03 9.98361304e-01 5.00000000e-02
5.39100000e+03 9.37214833e-01 5.00000000e-02
5.39200000e+03 9.67344680e-01 5.00000000e-02
5.39300000e+03 1.01826369e+00 5.00000000e-02
5.39400000e+03 1.00497007e+00 5.00000000e-02
5.39500000e+03 9.88327857e-01 5.00000000e-02
5.39600000e+03 1.06576890e+00 5.00000000e-02
5.39700000e+03 9.90311654e-01 5.00000000e-02
5.39800000e+03 1.03873992e+00 5.00000000e-02
5.39900000e+03 1.00498342e+00 5.00000000e-02
5.40000000e+03 9.32580706e-01 5.00000000e-02
5.40100000e+03 9.54247030e-01 5.00000000e-02
5.40200000e+03 1.02755466e+00 5.00000000e-02
5.40300000e+03 9.29823940e-01 5.00000000e-02
5.40400000e+03 1.01109927e+00 5.00000000e-02
5.40500000e+03 1.03365777e+00 5.00000000e-02
5.40600000e+03 9.46117414e-01 5.00000000e-02
5.40700000e+03 9.10336659e-01 5.00000000e-02
5.40800000e+03 1.05593241e+00 5.00000000e-02
5.40900000e+03 1.08706002e+00 5.00000000e-02
5.41000000e+03 1.01275205e+00 5.00000000e-02
5.41100000e+03 1.08666980e+00 5.00000000e-02
5.41200000e+03 1.03073758e+00 5.00000000e-02
5.41300000e+03 9.73955654e-01 5.00000000e-02
5.41400000e+03 1.00923870e+00 5.00000000e-02
5.41500000e+03 1.03547109e+00 5.00000000e-02
5.41600000e+03 8.40902666e-01 5.00000000e-02
5.41700000e+03 1.01473032e+00 5.00000000e-02
5.41800000e+03 1.06373663e+00 5.00000000e-02
5.41900000e+03 1.03747338e+00 5.00000000e-02
5.42000000e+03 9.84134825e-01 5.00000000e-02
5.42100000e+03 9.85839161e-01 5.00000000e-02
5.42200000e+03 9.07086357e-01 5.00000000e-02
5.42300000e+03 1.04235953e+00 5.00000000e-02
5.42400000e+03 8.90602648e-01 5.00000000e-02
5.42500000e+03 1.03958270e+00 5.00000000e-02
5.42600000e+03 1.02026692e+00 5.00000000e-02
5.42700000e+03 9.80477793e-01 5.00000000e-02
5.42800000e+03 1.02641589e+00 5.00000000e-02
5.42900000e+03 1.04889557e+00 5.00000000e-02
5.43000000e+03 9.75170946e-01 5.00000000e-02
5.43100000e+03 9.33015321e-01 5.00000000e-02
5.43200000e+03 1.04639810e+00 5.00000000e-02
5.43300000e+03 9.96103917e-01 5.00000000e-02
5.43400000e+03 1.01384657e+00 5.00000000e-02
5.43500000e+03 9.46040845e-01 5.00000000e-02
5.43600000e+03 1.07135446e+00 5.00000000e-02
5.43700000e+03 1.04528821e+00 5.00000000e-02
5.43800000e+03 9.33276591e-01 5.00000000e-02
5.43900000e+03 9.07897960e-01 5.00000000e-02
5.44000000e+03 1.01300879e+00 5.00000000e-02
5.44100000e+03 9.90997414e-01 5.00000000e-02
5.44200000e+03 9.67766453e-01 5.00000000e-02
5.44300000e+03 9.63595882e-01 5.00000000e-02
5.44400000e+03 9.94938973e-01 5.00000000e-02
5.44500000e+03 1.00712413e+00 5.00000000e-02
5.44600000e+03 1.00907368e+00 5.00000000e-02
5.44700000e+03 1.08539889e+00 5.00000000e-02
5.44800000e+03 1.07886263e+00 5.00000000e-02
5.44900000e+03 8.86025706e-01 5.00000000e-02
5.45000000e+03 1.04508457e+00 5.00000000e-02
5.45100000e+03 1.06977505e+00 5.00000000e-02
5.45200000e+03 9.19544317e-01 5.00000000e-02
5.45300000e+03 9.68692918e-01 5.00000000e-02
5.45400000e+03 9.77978183e-01 5.00000000e-02
5.45500000e+03 1.03893802e+00 5.00000000e-02
5.45600000e+03 1.02087291e+00 5.00000000e-02
5.45700000e+03 1.01604173e+00 5.00000000e-02
5.45800000e+03 1.01107138e+00 5.00000000e-02
5.45900000e+03 1.04839502e+00 5.00000000e-02
5.46000000e+03 1.01763516e+00 5.00000000e-02
5.46100000e+03 9.52896087e-01 5.00000000e-02
5.46200000e+03 9.52844451e-01 5.00000000e-02
5.46300000e+03 9.68338560e-01 5.00000000e-02
5.46400000e+03 1.09240906e+00 5.00000000e-02
5.46500000e+03 1.02053716e+00 5.00000000e-02
5.46600000e+03 1.03838842e+00 5.00000000e-02
5.46700000e+03 1.08783409e+00 5.00000000e-02
5.46800000e+03 1.02181044e+00 5.00000000e-02
5.46900000e+03 9.02195143e-01 5.00000000e-02
5.47000000e+03 1.01774998e+00 5.00000000e-02
5.47100000e+03 9.72050633e-01 5.00000000e-02
5.47200000e+03 9.74840532e-01 5.00000000e-02
5.47300000e+03 9.66136595e-01 5.00000000e-02
5.47400000e+03 9.94412864e-01 5.00000000e-02
5.47500000e+03 9.40578710e-01 5.00000000e-02
5.47600000e+03 1.05055139e+00 5.00000000e-02
5.47700000e+03 1.03429132e+00 5.00000000e-02
5.47800000e+03 1.02395938e+00 5.00000000e-02
5.47900000e+03 1.02076145e+00 5.00000000e-02
5.48000000e+03 9.48600876e-01 5.00000000e-02
5.48100000e+03 1.04553541e+00 5.00000000e-02
5.48200000e+03 9.52519403e-01 5.00000000e-02
5.48300000e+03 9.19523515e-01 5.00000000e-02
5.48400000e+03 9.84803407e-01 5.00000000e-02
5.48500000e+03 1.00850745e+00 5.00000000e-02
5.48600000e+03 1.01121821e+00 5.00000000e-02
5.48700000e+03 1.05626928e+00 5.00000000e-02
5.48800000e+03 9.82768840e-01 5.00000000e-02
5.48900000e+03 1.06399174e+00 5.00000000e-02
5.49000000e+03 1.08147027e+00 5.00000000e-02
5.49100000e+03 1.02074182e+00 5.00000000e-02
5.49200000e+03 9.51198486e-01 5.00000000e-02
5.49300000e+03 1.07074239e+00 5.00000000e-02
5.49400000e+03 1.00446225e+00 5.00000000e-02
5.49500000e+03 1.01178528e+00 5.00000000e-02
5.49600000e+03 9.31292332e-01 5.00000000e-02
5.49700000e+03 9.11709331e-01 5.00000000e-02
5.49800000e+03 1.08299938e+00 5.00000000e-02
5.49900000e+03 1.04362438e+00 5.00000000e-02
5.50000000e+03 9.64918855e-01 5.00000000e-02
5.50100000e+03 9.81231835e-01 5.00000000e-02
5.50200000e+03 9.42977128e-01 5.00000000e-02
5.50300000e+03 1.00279044e+00 5.00000000e-02
5.50400000e+03 9.00138495e-01 5.00000000e-02
5.50500000e+03 1.04388295e+00 5.00000000e-02
5.50600000e+03 1.02384707e+00 5.00000000e-02
5.50700000e+03 1.05936133e+00 5.00000000e-02
5.50800000e+03 1.00729195e+00 5.00000000e-02
5.50900000e+03 1.03452880e+00 5.00000000e-02
5.51000000e+03 1.02507112e+00 5.00000000e-02
5.51100000e+03 1.02888911e+00 5.00000000e-02
5.51200000e+03 9.73254900e-01 5.00000000e-02
5.51300000e+03 1.05817489e+00 5.00000000e-02
5.51400000e+03 9.36806058e-01 5.00000000e-02
5.51500000e+03 9.75379695e-01 5.00000000e-02
5.51600000e+03 9.98607881e-01 5.00000000e-02
5.51700000e+03 1.11775475e+00 5.00000000e-02
5.51800000e+03 9.52804854e-01 5.00000000e-02
5.51900000e+03 1.01659682e+00 5.00000000e-02
5.52000000e+03 1.02312144e+00 5.00000000e-02
5.52100000e+03 9.18721789e-01 5.00000000e-02
5.52200000e+03 1.12398901e+00 5.00000000e-02
5.52300000e+03 1.05459689e+00 5.00000000e-02
5.52400000e+03 1.01763202e+00 5.00000000e-02
5.52500000e+03 9.91411488e-01 5.00000000e-02
5.52600000e+03 1.04100783e+00 5.00000000e-02
5.52700000e+03 8.86762311e-01 5.00000000e-02
5.52800000e+03 1.08368102e+00 5.00000000e-02
5.52900000e+03 9.85180434e-01 5.00000000e-02
5.53000000e+03 1.05282077e+00 5.00000000e-02
5.53100000e+03 9.49880149e-01 5.00000000e-02
5.53200000e+03 9.70014914e-01 5.00000000e-02
5.53300000e+03 8.81552689e-01 5.00000000e-02
5.53400000e+03 9.86105173e-01 5.00000000e-02
5.53500000e+03 9.96990064e-01 5.00000000e-02
5.53600000e+03 9.65187621e-01 5.00000000e-02
5.53700000e+03 1.07937493e+00 5.00000000e-02
5.53800000e+03 9.92576637e-01 5.00000000e-02
5.53900000e+03 9.93776050e-01 5.00000000e-02
5.54000000e+03 9.51678742e-01 5.00000000e-02
5.54100000e+03 1.02884174e+00 5.00000000e-02
5.54200000e+03 9.74882051e-01 5.00000000e-02
5.54300000e+03 9.93454899e-01 5.00000000e-02
5.54400000e+03 9.48214416e-01 5.00000000e-02
5.54500000e+03 1.05789658e+00 5.00000000e-02
5.54600000e+03 1.06917765e+00 5.00000000e-02
5.54700000e+03 9.84969238e-01 5.00000000e-02
5.54800000e+03 1.02028287e+00 5.00000000e-02
5.54900000e+03 9.68905774e-01 5.00000000e-02
5.55000000e+03 1.04928127e+00 5.00000000e-02
5.55100000e+03 1.04728165e+00 5.00000000e-02
5.55200000e+03 9.65452960e-01 5.00000000e-02
5.55300000e+03 1.03163897e+00 5.00000000e-02
5.55400000e+03 9.10185193e-01 5.00000000e-02
5.55500000e+03 9.94857997e-01 5.00000000e-02
5.55600000e+03 9.48752494e-01 5.00000000e-02
5.55700000e+03 1.01091541e+00 5.00000000e-02
5.55800000e+03 1.01223786e+00 5.00000000e-02
5.55900000e+03 9.33444593e-01 5.00000000e-02
5.56000000e+03 9.43201219e-01 5.00000000e-02
5.56100000e+03 9.74930019e-01 5.00000000e-02
5.56200000e+03 9.83716895e-01 5.00000000e-02
5.56300000e+03 9.86673881e-01 5.00000000e-02
5.56400000e+03 1.00571389e+00 5.00000000e-02
5.56500000e+03 9.77390780e-01 5.00000000e-02
5.56600000e+03 1.09939844e+00 5.00000000e-02
5.56700000e+03 1.02206424e+00 5.00000000e-02
5.56800000e+03 9.68728153e-01 5.00000000e-02
5.56900000e+03 1.06256540e+00 5.00000000e-02
5.57000000e+03 1.03388714e+00 5.00000000e-02
5.57100000e+03 1.05964026e+00 5.00000000e-02
5.57200000e+03 1.05970508e+00 5.00000000e-02
5.57300000e+03 9.48201150e-01 5.00000000e-02
5.57400000e+03 9.83526531e-01 5.00000000e-02
5.57500000e+03 9.96652850e-01 5.00000000e-02
5.57600000e+03 9.26752624e-01 5.00000000e-02
5.57700000e+03 1.03096235e+00 5.00000000e-02
5.57800000e+03 9.65319351e-01 5.00000000e-02
5.57900000e+03 1.03642427e+00 5.00000000e-02
5.58000000e+03 1.04044028e+00 5.00000000e-02
5.58100000e+03 9.82390229e-01 5.00000000e-02
5.58200000e+03 9.07954428e-01 5.00000000e-02
5.58300000e+03 1.03657553e+00 5.00000000e-02
5.58400000e+03 9.63887233e-01 5.00000000e-02
5.58500000e+03 1.03306193e+00 5.00000000e-02
5.58600000e+03 9.05175854e-01 5.00000000e-02
5.58700000e+03 1.07516565e+00 5.00000000e-02
5.58800000e+03 1.01293122e+00 5.00000000e-02
5.58900000e+03 1.04123628e+00 5.00000000e-02
5.59000000e+03 1.01069918e+00 5.00000000e-02
5.59100000e+03 1.07379872e+00 5.00000000e-02
5.59200000e+03 1.08574953e+00 5.00000000e-02
5.59300000e+03 9.68092236e-01 5.00000000e-02
5.59400000e+03 9.86072100e-01 5.00000000e-02
5.59500000e+03 1.03226780e+00 5.00000000e-02
5.59600000e+03 1.04790046e+00 5.00000000e-02
5.59700000e+03 8.99655210e-01 5.00000000e-02
5.59800000e+03 1.01769460e+00 5.00000000e-02
5.59900000e+03 9.35562728e-01 5.00000000e-02
5.60000000e+03 1.06732680e+00 5.00000000e-02
5.60100000e+03 1.02627818e+00 5.00000000e-02
5.60200000e+03 9.59768500e-01 5.00000000e-02
5.60300000e+03 9.62938034e-01 5.00000000e-02
5.60400000e+03 1.08954552e+00 5.00000000e-02
5.60500000e+03 1.10067039e+00 5.00000000e-02
5.60600000e+03 1.00461620e+00 5.00000000e-02
5.60700000e+03 9.86766917e-01 5.00000000e-02
5.60800000e+03 1.04017696e+00 5.00000000e-02
5.60900000e+03 9.59236134e-01 5.00000000e-02
5.61000000e+03 1.00317431e+00 5.00000000e-02
5.61100000e+03 1.02838736e+00 5.00000000e-02
5.61200000e+03 1.02950442e+00 5.00000000e-02
5.61300000e+03 1.03579823e+00 5.00000000e-02
5.61400000e+03 9.99261604e-01 5.00000000e-02
5.61500000e+03 9.94937601e-01 5.00000000e-02
5.61600000e+03 9.42818066e-01 5.00000000e-02
5.61700000e+03 9.10709179e-01 5.00000000e-02
5.61800000e+03 1.02841198e+00 5.00000000e-02
5.61900000e+03 9.96646764e-01 5.00000000e-02
5.62000000e+03 1.08122813e+00 5.00000000e-02
5.62100000e+03 1.03437591e+00 5.00000000e-02
5.62200000e+03 9.24113874e-01 5.00000000e-02
5.62300000e+03 1.05105339e+00 5.00000000e-02
5.62400000e+03 9.64143076e-01 5.00000000e-02
5.62500000e+03 9.89914176e-01 5.00000000e-02
5.62600000e+03 9.70568832e-01 5.00000000e-02
5.62700000e+03 9.04373240e-01 5.00000000e-02
5.62800000e+03 1.07987869e+00 5.00000000e-02
5.62900000e+03 9.94798472e-01 5.00000000e-02
5.63000000e+03 1.02134625e+00 5.00000000e-02
5.63100000e+03 9.80315965e-01 5.00000000e-02
5.63200000e+03 9.52152544e-01 5.00000000e-02
5.63300000e+03 9.70073525e-01 5.00000000e-02
5.63400000e+03 1.08811386e+00 5.00000000e-02
5.63500000e+03 9.72540610e-01 5.00000000e-02
5.63600000e+03 9.43363607e-01 5.00000000e-02
5.63700000e+03 1.10245333e+00 5.00000000e-02
5.63800000e+03 9.83780341e-01 5.00000000e-02
5.63900000e+03 9.63579602e-01 5.00000000e-02
5.64000000e+03 1.05707493e+00 5.00000000e-02
5.64100000e+03 9.60673064e-01 5.00000000e-02
5.64200000e+03 1.02075651e+00 5.00000000e-02
5.64300000e+03 1.00004851e+00 5.00000000e-02
5.64400000e+03 9.57512342e-01 5.00000000e-02
5.64500000e+03 9.36388524e-01 5.00000000e-02
5.64600000e+03 1.06625978e+00 5.00000000e-02
5.64700000e+03 1.04742705e+00 5.00000000e-02
5.64800000e+03 1.10017821e+00 5.00000000e-02
5.64900000e+03 1.00825106e+00 5.00000000e-02
5.65000000e+03 9.98003458e-01 5.00000000e-02
5.65100000e+03 1.01733127e+00 5.00000000e-02
5.65200000e+03 1.03175770e+00 5.00000000e-02
5.65300000e+03 1.06553528e+00 5.00000000e-02
5.65400000e+03 9.06875531e-01 5.00000000e-02
5.65500000e+03 1.05434737e+00 5.00000000e-02
5.65600000e+03 9.87413710e-01 5.00000000e-02
5.65700000e+03 1.01860462e+00 5.00000000e-02
5.65800000e+03 9.66408731e-01 5.00000000e-02
5.65900000e+03 1.00677024e+00 5.00000000e-02
5.66000000e+03 1.09253902e+00 5.00000000e-02
5.66100000e+03 9.03677095e-01 5.00000000e-02
5.66200000e+03 1.02630487e+00 5.00000000e-02
5.66300000e+03 1.00579411e+00 5.00000000e-02
5.66400000e+03 9.89122286e-01 5.00000000e-02
5.66500000e+03 1.00342673e+00 5.00000000e-02
5.66600000e+03 1.02654500e+00 5.00000000e-02
5.66700000e+03 9.83128707e-01 5.00000000e-02
5.66800000e+03 1.00173076e+00 5.00000000e-02
5.66900000e+03 9.95685355e-01 5.00000000e-02
5.67000000e+03 1.01489944e+00 5.00000000e-02
5.67100000e+03 9.86951441e-01 5.00000000e-02
5.67200000e+03 9.98208555e-01 5.00000000e-02
5.67300000e+03 1.04498721e+00 5.00000000e-02
5.67400000e+03 1.02556799e+00 5.00000000e-02
5.67500000e+03 1.07168419e+00 5.00000000e-02
5.67600000e+03 9.85018730e-01 5.00000000e-02
5.67700000e+03 9.07823030e-01 5.00000000e-02
5.67800000e+03 9.99734129e-01 5.00000000e-02
5.67900000e+03 9.57161344e-01 5.00000000e-02
5.68000000e+03 9.52985741e-01 5.00000000e-02
5.68100000e+03 1.01475755e+00 5.00000000e-02
5.68200000e+03 9.85627541e-01 5.00000000e-02
5.68300000e+03 1.01974490e+00 5.00000000e-02
5.68400000e+03 1.08560284e+00 5.00000000e-02
5.68500000e+03 1.09063280e+00 5.00000000e-02
5.68600000e+03 1.02380418e+00 5.00000000e-02
5.68700000e+03 1.03754606e+00 5.00000000e-02
5.68800000e+03 1.04968074e+00 5.00000000e-02
5.68900000e+03 1.06590373e+00 5.00000000e-02
5.69000000e+03 9.36796810e-01 5.00000000e-02
5.69100000e+03 9.19447105e-01 5.00000000e-02
5.69200000e+03 1.07446393e+00 5.00000000e-02
5.69300000e+03 9.62155656e-01 5.00000000e-02
5.69400000e+03 9.03761440e-01 5.00000000e-02
5.69500000e+03 9.98475758e-01 5.00000000e-02
5.69600000e+03 9.52365194e-01 5.00000000e-02
5.69700000e+03 1.06161255e+00 5.00000000e-02
5.69800000e+03 1.06406986e+00 5.00000000e-02
5.69900000e+03 1.02082635e+00 5.00000000e-02
5.70000000e+03 9.90691523e-01 5.00000000e-02
5.70100000e+03 1.00705349e+00 5.00000000e-02
5.70200000e+03 9.74596152e-01 5.00000000e-02
5.70300000e+03 1.00353201e+00 5.00000000e-02
5.70400000e+03 1.01115208e+00 5.00000000e-02
5.70500000e+03 9.75024242e-01 5.00000000e-02
5.70600000e+03 9.80928843e-01 5.00000000e-02
5.70700000e+03 9.80227233e-01 5.00000000e-02
5.70800000e+03 1.08433469e+00 5.00000000e-02
5.70900000e+03 1.00183296e+00 5.00000000e-02
5.71000000e+03 9.50795366e-01 5.00000000e-02
5.71100000e+03 1.05944446e+00 5.00000000e-02
5.71200000e+03 9.90276873e-01 5.00000000e-02
5.71300000e+03 9.74345196e-01 5.00000000e-02
5.71400000e+03 8.63379793e-01 5.00000000e-02
5.71500000e+03 9.54388185e-01 5.00000000e-02
5.71600000e+03 9.28961917e-01 5.00000000e-02
5.71700000e+03 9.91918786e-01 5.00000000e-02
5.71800000e+03 9.78747409e-01 5.00000000e-02
5.71900000e+03 1.00603647e+00 5.00000000e-02
5.72000000e+03 1.01002399e+00 5.00000000e-02
5.72100000e+03 9.47535716e-01 5.00000000e-02
5.72200000e+03 8.85681488e-01 5.00000000e-02
5.72300000e+03 1.01995002e+00 5.00000000e-02
5.72400000e+03 9.77209523e-01 5.00000000e-02
5.72500000e+03 9.55425382e-01 5.00000000e-02
5.72600000e+03 9.37431908e-01 5.00000000e-02
5.72700000e+03 9.46019325e-01 5.00000000e-02
5.72800000e+03 1.13031046e+00 5.00000000e-02
5.72900000e+03 9.75149318e-01 5.00000000e-02
5.73000000e+03 1.02429842e+00 5.00000000e-02
5.73100000e+03 9.62745045e-01 5.00000000e-02
5.73200000e+03 9.22671766e-01 5.00000000e-02
5.73300000e+03 1.04849376e+00 5.00000000e-02
5.73400000e+03 1.06501878e+00 5.00000000e-02
5.73500000e+03 1.08140208e+00 5.00000000e-02
5.73600000e+03 1.00631899e+00 5.00000000e-02
5.73700000e+03 9.86512280e-01 5.00000000e-02
5.73800000e+03 1.05703901e+00 5.00000000e-02
5.73900000e+03 1.02260059e+00 5.00000000e-02
5.74000000e+03 1.06476165e+00 5.00000000e-02
5.74100000e+03 1.04655417e+00 5.00000000e-02
5.74200000e+03 1.11403091e+00 5.00000000e-02
5.74300000e+03 1.00524792e+00 5.00000000e-02
5.74400000e+03 1.02357899e+00 5.00000000e-02
5.74500000e+03 9.32258167e-01 5.00000000e-02
5.74600000e+03 1.05499105e+00 5.00000000e-02
5.74700000e+03 9.78938978e-01 5.00000000e-02
5.74800000e+03 1.06131555e+00 5.00000000e-02
5.74900000e+03 9.47230059e-01 5.00000000e-02
5.75000000e+03 1.02398048e+00 5.00000000e-02
5.75100000e+03 9.57548802e-01 5.00000000e-02
5.75200000e+03 9.53937857e-01 5.00000000e-02
5.75300000e+03 9.75789868e-01 5.00000000e-02
5.75400000e+03 1.16186456e+00 5.00000000e-02
5.75500000e+03 1.00135799e+00 5.00000000e-02
5.75600000e+03 9.31963131e-01 5.00000000e-02
5.75700000e+03 1.05143574e+00 5.00000000e-02
5.75800000e+03 1.00958029e+00 5.00000000e-02
5.75900000e+03 9.56246648e-01 5.00000000e-02
5.76000000e+03 1.06325312e+00 5.00000000e-02
5.76100000e+03 9.46639196e-01 5.00000000e-02
5.76200000e+03 9.50267661e-01 5.00000000e-02
5.76300000e+03 9.18202988e-01 5.00000000e-02
5.76400000e+03 9.99829470e-01 5.00000000e-02
5.76500000e+03 9.71676930e-01 5.00000000e-02
5.76600000e+03 1.02105869e+00 5.00000000e-02
5.76700000e+03 1.09429821e+00 5.00000000e-02
5.76800000e+03 9.32929940e-01 5.00000000e-02
5.76900000e+03 9.87659363e-01 5.00000000e-02
5.77000000e+03 9.98385446e-01 5.00000000e-02
5.77100000e+03 1.04705284e+00 5.00000000e-02
5.77200000e+03 9.90062130e-01 5.00000000e-02
5.77300000e+03 9.65062131e-01 5.00000000e-02
5.77400000e+03 1.03736304e+00 5.00000000e-02
5.77500000e+03 9.72874792e-01 5.00000000e-02
5.77600000e+03 9.95986085e-01 5.00000000e-02
5.77700000e+03 1.03697150e+00 5.00000000e-02
5.77800000e+03 1.00685627e+00 5.00000000e-02
5.77900000e+03 1.06977241e+00 5.00000000e-02
5.78000000e+03 1.05278646e+00 5.00000000e-02
5.78100000e+03 9.59702798e-01 5.00000000e-02
5.78200000e+03 1.01955972e+00 5.00000000e-02
5.78300000e+03 1.00929498e+00 5.00000000e-02
5.78400000e+03 9.60900633e-01 5.00000000e-02
5.78500000e+03 9.99271765e-01 5.00000000e-02
5.78600000e+03 1.03599488e+00 5.00000000e-02
5.78700000e+03 1.02729811e+00 5.00000000e-02
5.78800000e+03 1.03783056e+00 5.00000000e-02
5.78900000e+03 9.62647548e-01 5.00000000e-02
5.79000000e+03 9.87056750e-01 5.00000000e-02
5.79100000e+03 1.03419472e+00 5.00000000e-02
5.79200000e+03 9.48712013e-01 5.00000000e-02
5.79300000e+03 9.65854263e-01 5.00000000e-02
5.79400000e+03 1.06271308e+00 5.00000000e-02
5.79500000e+03 9.64232433e-01 5.00000000e-02
5.79600000e+03 9.83728973e-01 5.00000000e-02
5.79700000e+03 1.09043592e+00 5.00000000e-02
5.79800000e+03 9.83009205e-01 5.00000000e-02
5.79900000e+03 1.00138534e+00 5.00000000e-02
5.80000000e+03 9.34560175e-01 5.00000000e-02
5.80100000e+03 9.86206570e-01 5.00000000e-02
5.80200000e+03 9.73600617e-01 5.00000000e-02
5.80300000e+03 9.35844064e-01 5.00000000e-02
5.80400000e+03 9.05679884e-01 5.00000000e-02
5.80500000e+03 9.73397108e-01 5.00000000e-02
5.80600000e+03 9.73680551e-01 5.00000000e-02
5.80700000e+03 1.01292192e+00 5.00000000e-02
5.80800000e+03 1.07163463e+00 5.00000000e-02
5.80900000e+03 1.00971841e+00 5.00000000e-02
5.81000000e+03 1.02504447e+00 5.00000000e-02
5.81100000e+03 9.62124155e-01 5.00000000e-02
5.81200000e+03 9.87684833e-01 5.00000000e-02
5.81300000e+03 1.03819883e+00 5.00000000e-02
5.81400000e+03 1.07585012e+00 5.00000000e-02
5.81500000e+03 9.31960684e-01 5.00000000e-02
5.81600000e+03 1.00826223e+00 5.00000000e-02
5.81700000e+03 1.04891682e+00 5.00000000e-02
5.81800000e+03 9.81190593e-01 5.00000000e-02
5.81900000e+03 1.07056208e+00 5.00000000e-02
5.82000000e+03 9.70988596e-01 5.00000000e-02
5.82100000e+03 9.94275655e-01 5.00000000e-02
5.82200000e+03 1.02119398e+00 5.00000000e-02
5.82300000e+03 9.41969565e-01 5.00000000e-02
5.82400000e+03 9.73704861e-01 5.00000000e-02
5.82500000e+03 1.00733179e+00 5.00000000e-02
5.82600000e+03 1.00124946e+00 5.00000000e-02
5.82700000e+03 1.06652399e+00 5.00000000e-02
5.82800000e+03 9.84421007e-01 5.00000000e-02
5.82900000e+03 9.97369686e-01 5.00000000e-02
5.83000000e+03 9.63440250e-01 5.00000000e-02
5.83100000e+03 9.67986979e-01 5.00000000e-02
5.83200000e+03 1.04248522e+00 5.00000000e-02
5.83300000e+03 1.05131805e+00 5.00000000e-02
5.83400000e+03 1.01716467e+00 5.00000000e-02
5.83500000e+03 1.02054455e+00 5.00000000e-02
5.83600000e+03 9.73293150e-01 5.00000000e-02
5.83700000e+03 1.01068212e+00 5.00000000e-02
5.83800000e+03 1.09224933e+00 5.00000000e-02
5.83900000e+03 1.08502826e+00 5.00000000e-02
5.84000000e+03 8.85476251e-01 5.00000000e-02
5.84100000e+03 1.02461839e+00 5.00000000e-02
5.84200000e+03 1.07259379e+00 5.00000000e-02
5.84300000e+03 9.55180822e-01 5.00000000e-02
5.84400000e+03 1.03972771e+00 5.00000000e-02
5.84500000e+03 1.06844294e+00 5.00000000e-02
5.84600000e+03 9.37102102e-01 5.00000000e-02
5.84700000e+03 1.00472553e+00 5.00000000e-02
5.84800000e+03 1.01513178e+00 5.00000000e-02
5.84900000e+03 9.90808439e-01 5.00000000e-02
5.85000000e+03 9.09855858e-01 5.00000000e-02
5.85100000e+03 1.01921813e+00 5.00000000e-02
5.85200000e+03 1.05587352e+00 5.00000000e-02
5.85300000e+03 9.53454749e-01 5.00000000e-02
5.85400000e+03 9.38920877e-01 5.00000000e-02
5.85500000e+03 1.04278209e+00 5.00000000e-02
5.85600000e+03 9.52644549e-01 5.00000000e-02
5.85700000e+03 9.93039633e-01 5.00000000e-02
5.85800000e+03 1.02002901e+00 5.00000000e-02
5.85900000e+03 9.65367508e-01 5.00000000e-02
5.86000000e+03 1.01064739e+00 5.00000000e-02
5.86100000e+03 1.01960117e+00 5.00000000e-02
5.86200000e+03 9.84366255e-01 5.00000000e-02
5.86300000e+03 8.86892545e-01 5.00000000e-02
5.86400000e+03 9.51265203e-01 5.00000000e-02
5.86500000e+03 1.00823330e+00 5.00000000e-02
5.86600000e+03 9.20919488e-01 5.00000000e-02
5.86700000e+03 9.17511639e-01 5.00000000e-02
5.86800000e+03 1.00156286e+00 5.00000000e-02
5.86900000e+03 1.01050736e+00 5.00000000e-02
5.87000000e+03 9.34916347e-01 5.00000000e-02
5.87100000e+03 1.03422900e+00 5.00000000e-02
5.87200000e+03 1.00999489e+00 5.00000000e-02
5.87300000e+03 9.26776536e-01 5.00000000e-02
5.87400000e+03 1.03110497e+00 5.00000000e-02
5.87500000e+03 9.14830598e-01 5.00000000e-02
5.87600000e+03 9.88201337e-01 5.00000000e-02
5.87700000e+03 1.03467160e+00 5.00000000e-02
5.87800000e+03 1.00582969e+00 5.00000000e-02
5.87900000e+03 9.57670220e-01 5.00000000e-02
5.88000000e+03 9.60318108e-01 5.00000000e-02
5.88100000e+03 1.08979040e+00 5.00000000e-02
5.88200000e+03 9.53261793e-01 5.00000000e-02
5.88300000e+03 1.05612528e+00 5.00000000e-02
5.88400000e+03 9.96707680e-01 5.00000000e-02
5.88500000e+03 9.84831730e-01 5.00000000e-02
5.88600000e+03 9.90676141e-01 5.00000000e-02
5.88700000e+03 1.09274493e+00 5.00000000e-02
5.88800000e+03 9.52529758e-01 5.00000000e-02
5.88900000e+03 1.01961617e+00 5.00000000e-02
5.89000000e+03 1.00434917e+00 5.00000000e-02
5.89100000e+03 1.03127813e+00 5.00000000e-02
5.89200000e+03 9.23971654e-01 5.00000000e-02
5.89300000e+03 1.02160013e+00 5.00000000e-02
5.89400000e+03 1.01745557e+00 5.00000000e-02
5.89500000e+03 9.86863586e-01 5.00000000e-02
5.89600000e+03 1.03745140e+00 5.00000000e-02
5.89700000e+03 9.04850828e-01 5.00000000e-02
5.89800000e+03 9.23789486e-01 5.00000000e-02
5.89900000e+03 9.74589520e-01 5.00000000e-02
5.90000000e+03 1.07794212e+00 5.00000000e-02
5.90100000e+03 9.95928114e-01 5.00000000e-02
5.90200000e+03 9.96747683e-01 5.00000000e-02
5.90300000e+03 1.05946640e+00 5.00000000e-02
5.90400000e+03 1.00982807e+00 5.00000000e-02
5.90500000e+03 9.75768278e-01 5.00000000e-02
5.90600000e+03 1.09620372e+00 5.00000000e-02
5.90700000e+03 1.03740817e+00 5.00000000e-02
5.90800000e+03 1.02253355e+00 5.00000000e-02
5.90900000e+03 9.79872814e-01 5.00000000e-02
5.91000000e+03 1.02850413e+00 5.00000000e-02
5.91100000e+03 9.31048174e-01 5.00000000e-02
5.91200000e+03 1.00370905e+00 5.00000000e-02
5.91300000e+03 1.02209458e+00 5.00000000e-02
5.91400000e+03 1.05762433e+00 5.00000000e-02
5.91500000e+03 1.06889861e+00 5.00000000e-02
5.91600000e+03 1.02549989e+00 5.00000000e-02
5.91700000e+03 1.05938300e+00 5.00000000e-02
5.91800000e+03 9.77008109e-01 5.00000000e-02
5.91900000e+03 9.93575237e-01 5.00000000e-02
5.92000000e+03 1.01784101e+00 5.00000000e-02
5.92100000e+03 1.06445154e+00 5.00000000e-02
5.92200000e+03 1.03703269e+00 5.00000000e-02
5.92300000e+03 9.32684042e-01 5.00000000e-02
5.92400000e+03 8.95978503e-01 5.00000000e-02
5.92500000e+03 1.01378541e+00 5.00000000e-02
5.92600000e+03 9.41652947e-01 5.00000000e-02
5.92700000e+03 9.47923013e-01 5.00000000e-02
5.92800000e+03 1.02564565e+00 5.00000000e-02
5.92900000e+03 1.00653509e+00 5.00000000e-02
5.93000000e+03 1.06682475e+00 5.00000000e-02
5.93100000e+03 9.61314097e-01 5.00000000e-02
5.93200000e+03 9.62300499e-01 5.00000000e-02
5.93300000e+03 1.03123700e+00 5.00000000e-02
5.93400000e+03 1.08192468e+00 5.00000000e-02
5.93500000e+03 1.07648561e+00 5.00000000e-02
5.93600000e+03 9.31706963e-01 5.00000000e-02
5.93700000e+03 9.71176434e-01 5.00000000e-02
5.93800000e+03 1.03613339e+00 5.00000000e-02
5.93900000e+03 1.04545520e+00 5.00000000e-02
5.94000000e+03 9.81049968e-01 5.00000000e-02
5.94100000e+03 9.52751709e-01 5.00000000e-02
5.94200000e+03 9.63941847e-01 5.00000000e-02
5.94300000e+03 1.08648601e+00 5.00000000e-02
5.94400000e+03 1.02853553e+00 5.00000000e-02
5.94500000e+03 8.74636272e-01 5.00000000e-02
5.94600000e+03 8.82149741e-01 5.00000000e-02
5.94700000e+03 1.02754852e+00 5.00000000e-02
5.94800000e+03 9.50776670e-01 5.00000000e-02
5.94900000e+03 1.01812368e+00 5.00000000e-02
5.95000000e+03 9.79714888e-01 5.00000000e-02
5.95100000e+03 9.55868515e-01 5.00000000e-02
5.95200000e+03 1.01540735e+00 5.00000000e-02
5.95300000e+03 9.41711294e-01 5.00000000e-02
5.95400000e+03 1.03677142e+00 5.00000000e-02
5.95500000e+03 9.51010112e-01 5.00000000e-02
5.95600000e+03 9.47760487e-01 5.00000000e-02
5.95700000e+03 9.45899887e-01 5.00000000e-02
5.95800000e+03 1.00856474e+00 5.00000000e-02
5.95900000e+03 1.06867563e+00 5.00000000e-02
5.96000000e+03 1.00322237e+00 5.00000000e-02
5.96100000e+03 1.04375617e+00 5.00000000e-02
5.96200000e+03 9.59109368e-01 5.00000000e-02
5.96300000e+03 1.07016999e+00 5.00000000e-02
5.96400000e+03 9.59061637e-01 5.00000000e-02
5.96500000e+03 9.43793418e-01 5.00000000e-02
5.96600000e+03 1.03918210e+00 5.00000000e-02
5.96700000e+03 1.04144156e+00 5.00000000e-02
5.96800000e+03 1.08025343e+00 5.00000000e-02
5.96900000e+03 1.15939484e+00 5.00000000e-02
5.97000000e+03 9.84584724e-01 5.00000000e-02
5.97100000e+03 1.06079764e+00 5.00000000e-02
5.97200000e+03 9.56240375e-01 5.00000000e-02
5.97300000e+03 1.02071879e+00 5.00000000e-02
5.97400000e+03 9.27540105e-01 5.00000000e-02
5.97500000e+03 1.10807977e+00 5.00000000e-02
5.97600000e+03 1.02774630e+00 5.00000000e-02
5.97700000e+03 1.01439898e+00 5.00000000e-02
5.97800000e+03 9.71180589e-01 5.00000000e-02
5.97900000e+03 1.01498087e+00 5.00000000e-02
5.98000000e+03 9.96507985e-01 5.00000000e-02
5.98100000e+03 1.05527738e+00 5.00000000e-02
5.98200000e+03 9.91661422e-01 5.00000000e-02
5.98300000e+03 9.48940053e-01 5.00000000e-02
5.98400000e+03 1.03418640e+00 5.00000000e-02
5.98500000e+03 1.01207565e+00 5.00000000e-02
5.98600000e+03 9.97423816e-01 5.00000000e-02
5.98700000e+03 1.06169201e+00 5.00000000e-02
5.98800000e+03 9.53283441e-01 5.00000000e-02
5.98900000e+03 9.78963356e-01 5.00000000e-02
5.99000000e+03 1.02147671e+00 5.00000000e-02
5.99100000e+03 1.01566668e+00 5.00000000e-02
5.99200000e+03 9.66862133e-01 5.00000000e-02
5.99300000e+03 9.42521839e-01 5.00000000e-02
5.99400000e+03 1.04712251e+00 5.00000000e-02
5.99500000e+03 1.05063612e+00 5.00000000e-02
5.99600000e+03 1.11175671e+00 5.00000000e-02
5.99700000e+03 9.93320385e-01 5.00000000e-02
5.99800000e+03 1.02085185e+00 5.00000000e-02
5.99900000e+03 9.96554139e-01 5.00000000e-02
6.00000000e+03 1.02556530e+00 5.00000000e-02
6.00100000e+03 1.04221845e+00 5.00000000e-02
6.00200000e+03 1.05298020e+00 5.00000000e-02
6.00300000e+03 1.07082998e+00 5.00000000e-02
6.00400000e+03 1.03613473e+00 5.00000000e-02
6.00500000e+03 1.01383445e+00 5.00000000e-02
6.00600000e+03 1.05292160e+00 5.00000000e-02
6.00700000e+03 9.75694411e-01 5.00000000e-02
6.00800000e+03 1.03484594e+00 5.00000000e-02
6.00900000e+03 1.00665041e+00 5.00000000e-02
6.01000000e+03 1.08434350e+00 5.00000000e-02
6.01100000e+03 1.06021510e+00 5.00000000e-02
6.01200000e+03 1.06424167e+00 5.00000000e-02
6.01300000e+03 1.01070088e+00 5.00000000e-02
6.01400000e+03 9.62703539e-01 5.00000000e-02
6.01500000e+03 9.74630859e-01 5.00000000e-02
6.01600000e+03 9.85138478e-01 5.00000000e-02
6.01700000e+03 1.01809573e+00 5.00000000e-02
6.01800000e+03 1.00266161e+00 5.00000000e-02
6.01900000e+03 1.00780149e+00 5.00000000e-02
6.02000000e+03 1.04632661e+00 5.00000000e-02
6.02100000e+03 1.05006483e+00 5.00000000e-02
6.02200000e+03 1.03360397e+00 5.00000000e-02
6.02300000e+03 1.00631359e+00 5.00000000e-02
6.02400000e+03 1.06018339e+00 5.00000000e-02
6.02500000e+03 9.76569408e-01 5.00000000e-02
6.02600000e+03 1.01348371e+00 5.00000000e-02
6.02700000e+03 9.80672940e-01 5.00000000e-02
6.02800000e+03 1.02487178e+00 5.00000000e-02
6.02900000e+03 9.23691631e-01 5.00000000e-02
6.03000000e+03 1.01368971e+00 5.00000000e-02
6.03100000e+03 9.47477890e-01 5.00000000e-02
6.03200000e+03 9.25694211e-01 5.00000000e-02
6.03300000e+03 9.77757828e-01 5.00000000e-02
6.03400000e+03 1.01591221e+00 5.00000000e-02
6.03500000e+03 9.88843033e-01 5.00000000e-02
6.03600000e+03 1.05380066e+00 5.00000000e-02
6.03700000e+03 1.05793713e+00 5.00000000e-02
6.03800000e+03 9.50123769e-01 5.00000000e-02
6.03900000e+03 9.15215262e-01 5.00000000e-02
6.04000000e+03 9.44638124e-01 5.00000000e-02
6.04100000e+03 1.05883214e+00 5.00000000e-02
6.04200000e+03 9.65532630e-01 5.00000000e-02
6.04300000e+03 1.00480393e+00 5.00000000e-02
6.04400000e+03 1.06673478e+00 5.00000000e-02
6.04500000e+03 9.61946921e-01 5.00000000e-02
6.04600000e+03 9.77944469e-01 5.00000000e-02
6.04700000e+03 1.00802819e+00 5.00000000e-02
6.04800000e+03 1.00320942e+00 5.00000000e-02
6.04900000e+03 1.02033036e+00 5.00000000e-02
6.05000000e+03 9.81123079e-01 5.00000000e-02
6.05100000e+03 9.65402847e-01 5.00000000e-02
6.05200000e+03 9.71737579e-01 5.00000000e-02
6.05300000e+03 9.46083834e-01 5.00000000e-02
6.05400000e+03 1.03861206e+00 5.00000000e-02
6.05500000e+03 1.00735679e+00 5.00000000e-02
6.05600000e+03 9.79382214e-01 5.00000000e-02
6.05700000e+03 1.12151891e+00 5.00000000e-02
6.05800000e+03 9.53489368e-01 5.00000000e-02
6.05900000e+03 9.50878877e-01 5.00000000e-02
6.06000000e+03 9.45389465e-01 5.00000000e-02
6.06100000e+03 9.59241401e-01 5.00000000e-02
6.06200000e+03 1.02087617e+00 5.00000000e-02
6.06300000e+03 1.00611579e+00 5.00000000e-02
6.06400000e+03 9.35331093e-01 5.00000000e-02
6.06500000e+03 1.02363475e+00 5.00000000e-02
6.06600000e+03 1.10686176e+00 5.00000000e-02
6.06700000e+03 1.04314462e+00 5.00000000e-02
6.06800000e+03 1.04035647e+00 5.00000000e-02
6.06900000e+03 1.01911491e+00 5.00000000e-02
6.07000000e+03 9.59357809e-01 5.00000000e-02
6.07100000e+03 1.11363049e+00 5.00000000e-02
6.07200000e+03 1.02806522e+00 5.00000000e-02
6.07300000e+03 1.10522385e+00 5.00000000e-02
6.07400000e+03 1.04530945e+00 5.00000000e-02
6.07500000e+03 1.07078018e+00 5.00000000e-02
6.07600000e+03 1.01949115e+00 5.00000000e-02
6.07700000e+03 1.01472125e+00 5.00000000e-02
6.07800000e+03 9.13752288e-01 5.00000000e-02
6.07900000e+03 1.07076304e+00 5.00000000e-02
6.08000000e+03 1.06159382e+00 5.00000000e-02
6.08100000e+03 9.84720356e-01 5.00000000e-02
6.08200000e+03 1.00963795e+00 5.00000000e-02
6.08300000e+03 1.01241930e+00 5.00000000e-02
6.08400000e+03 1.00090819e+00 5.00000000e-02
6.08500000e+03 9.98906282e-01 5.00000000e-02
6.08600000e+03 1.04338266e+00 5.00000000e-02
6.08700000e+03 9.92780791e-01 5.00000000e-02
6.08800000e+03 1.02888836e+00 5.00000000e-02
6.08900000e+03 1.04818915e+00 5.00000000e-02
6.09000000e+03 9.63838220e-01 5.00000000e-02
6.09100000e+03 1.03238707e+00 5.00000000e-02
6.09200000e+03 1.01786019e+00 5.00000000e-02
6.09300000e+03 1.03720724e+00 5.00000000e-02
6.09400000e+03 1.00330309e+00 5.00000000e-02
6.09500000e+03 9.69412286e-01 5.00000000e-02
6.09600000e+03 1.05083838e+00 5.00000000e-02
6.09700000e+03 9.27525455e-01 5.00000000e-02
6.09800000e+03 9.06716224e-01 5.00000000e-02
6.09900000e+03 1.06950622e+00 5.00000000e-02
6.10000000e+03 1.01682979e+00 5.00000000e-02
6.10100000e+03 9.29658546e-01 5.00000000e-02
6.10200000e+03 9.30773355e-01 5.00000000e-02
6.10300000e+03 9.79355379e-01 5.00000000e-02
6.10400000e+03 9.10345785e-01 5.00000000e-02
6.10500000e+03 1.05250736e+00 5.00000000e-02
6.10600000e+03 8.99051937e-01 5.00000000e-02
6.10700000e+03 9.38474991e-01 5.00000000e-02
6.10800000e+03 9.67302879e-01 5.00000000e-02
6.10900000e+03 9.91040942e-01 5.00000000e-02
6.11000000e+03 8.90380549e-01 5.00000000e-02
6.11100000e+03 8.94739545e-01 5.00000000e-02
6.11200000e+03 1.02621335e+00 5.00000000e-02
6.11300000e+03 1.06018785e+00 5.00000000e-02
6.11400000e+03 9.80778221e-01 5.00000000e-02
6.11500000e+03 9.51707241e-01 5.00000000e-02
6.11600000e+03 1.06194005e+00 5.00000000e-02
6.11700000e+03 1.10756428e+00 5.00000000e-02
6.11800000e+03 1.02455652e+00 5.00000000e-02
6.11900000e+03 9.26272882e-01 5.00000000e-02
6.12000000e+03 9.77621694e-01 5.00000000e-02
6.12100000e+03 1.01030658e+00 5.00000000e-02
6.12200000e+03 9.31159897e-01 5.00000000e-02
6.12300000e+03 1.02326100e+00 5.00000000e-02
6.12400000e+03 1.00242649e+00 5.00000000e-02
6.12500000e+03 1.04432525e+00 5.00000000e-02
6.12600000e+03 1.02241541e+00 5.00000000e-02
6.12700000e+03 1.08507206e+00 5.00000000e-02
6.12800000e+03 1.08063915e+00 5.00000000e-02
6.12900000e+03 9.64838347e-01 5.00000000e-02
6.13000000e+03 1.08241541e+00 5.00000000e-02
6.13100000e+03 1.02982433e+00 5.00000000e-02
6.13200000e+03 9.95865517e-01 5.00000000e-02
6.13300000e+03 9.43365799e-01 5.00000000e-02
6.13400000e+03 9.37833522e-01 5.00000000e-02
6.13500000e+03 1.00541805e+00 5.00000000e-02
6.13600000e+03 1.06350605e+00 5.00000000e-02
6.13700000e+03 9.64299569e-01 5.00000000e-02
6.13800000e+03 9.51099317e-01 5.00000000e-02
6.13900000e+03 9.02060902e-01 5.00000000e-02
6.14000000e+03 1.07110444e+00 5.00000000e-02
6.14100000e+03 9.30844194e-01 5.00000000e-02
6.14200000e+03 9.73307342e-01 5.00000000e-02
6.14300000e+03 9.91456810e-01 5.00000000e-02
6.14400000e+03 1.00558253e+00 5.00000000e-02
6.14500000e+03 1.01098014e+00 5.00000000e-02
6.14600000e+03 1.04694502e+00 5.00000000e-02
6.14700000e+03 9.67026102e-01 5.00000000e-02
6.14800000e+03 1.00359044e+00 5.00000000e-02
6.14900000e+03 1.03149420e+00 5.00000000e-02
6.15000000e+03 1.00806654e+00 5.00000000e-02
6.15100000e+03 9.78578157e-01 5.00000000e-02
6.15200000e+03 1.02253902e+00 5.00000000e-02
6.15300000e+03 1.01730780e+00 5.00000000e-02
6.15400000e+03 9.68998804e-01 5.00000000e-02
6.15500000e+03 9.89351787e-01 5.00000000e-02
6.15600000e+03 9.92503004e-01 5.00000000e-02
6.15700000e+03 9.97834174e-01 5.00000000e-02
6.15800000e+03 1.09559061e+00 5.00000000e-02
6.15900000e+03 9.23410802e-01 5.00000000e-02
6.16000000e+03 1.07571429e+00 5.00000000e-02
6.16100000e+03 1.00604524e+00 5.00000000e-02
6.16200000e+03 1.04430588e+00 5.00000000e-02
6.16300000e+03 1.00113457e+00 5.00000000e-02
6.16400000e+03 9.25703372e-01 5.00000000e-02
6.16500000e+03 1.02472049e+00 5.00000000e-02
6.16600000e+03 9.99025660e-01 5.00000000e-02
6.16700000e+03 1.10489708e+00 5.00000000e-02
6.16800000e+03 8.88950578e-01 5.00000000e-02
6.16900000e+03 1.11060555e+00 5.00000000e-02
6.17000000e+03 9.20000901e-01 5.00000000e-02
6.17100000e+03 9.36036632e-01 5.00000000e-02
6.17200000e+03 9.79731388e-01 5.00000000e-02
6.17300000e+03 1.02572778e+00 5.00000000e-02
6.17400000e+03 1.06364156e+00 5.00000000e-02
6.17500000e+03 1.06587819e+00 5.00000000e-02
6.17600000e+03 1.02913847e+00 5.00000000e-02
6.17700000e+03 1.01512102e+00 5.00000000e-02
6.17800000e+03 9.43064154e-01 5.00000000e-02
6.17900000e+03 1.05754835e+00 5.00000000e-02
6.18000000e+03 1.00431015e+00 5.00000000e-02
6.18100000e+03 9.16565822e-01 5.00000000e-02
6.18200000e+03 9.15811036e-01 5.00000000e-02
6.18300000e+03 1.08243138e+00 5.00000000e-02
6.18400000e+03 9.39537204e-01 5.00000000e-02
6.18500000e+03 9.92930661e-01 5.00000000e-02
6.18600000e+03 9.28418710e-01 5.00000000e-02
6.18700000e+03 1.02974388e+00 5.00000000e-02
6.18800000e+03 9.54949043e-01 5.00000000e-02
6.18900000e+03 1.01123934e+00 5.00000000e-02
6.19000000e+03 1.00831845e+00 5.00000000e-02
6.19100000e+03 1.04567443e+00 5.00000000e-02
6.19200000e+03 9.77184250e-01 5.00000000e-02
6.19300000e+03 9.37189511e-01 5.00000000e-02
6.19400000e+03 1.05823101e+00 5.00000000e-02
6.19500000e+03 9.26110261e-01 5.00000000e-02
6.19600000e+03 1.00724555e+00 5.00000000e-02
6.19700000e+03 1.00489262e+00 5.00000000e-02
6.19800000e+03 9.88211209e-01 5.00000000e-02
6.19900000e+03 9.84706195e-01 5.00000000e-02
6.20000000e+03 1.06782462e+00 5.00000000e-02
6.20100000e+03 9.37989949e-01 5.00000000e-02
6.20200000e+03 1.00438748e+00 5.00000000e-02
6.20300000e+03 9.52630381e-01 5.00000000e-02
6.20400000e+03 1.16659510e+00 5.00000000e-02
6.20500000e+03 1.01671786e+00 5.00000000e-02
6.20600000e+03 1.02295263e+00 5.00000000e-02
6.20700000e+03 9.23382722e-01 5.00000000e-02
6.20800000e+03 9.26197565e-01 5.00000000e-02
6.20900000e+03 9.29125110e-01 5.00000000e-02
6.21000000e+03 9.69496769e-01 5.00000000e-02
6.21100000e+03 1.07804900e+00 5.00000000e-02
6.21200000e+03 1.04420867e+00 5.00000000e-02
6.21300000e+03 9.97235737e-01 5.00000000e-02
6.21400000e+03 9.79624902e-01 5.00000000e-02
6.21500000e+03 9.80227581e-01 5.00000000e-02
6.21600000e+03 1.03733017e+00 5.00000000e-02
6.21700000e+03 9.97925551e-01 5.00000000e-02
6.21800000e+03 1.04636988e+00 5.00000000e-02
6.21900000e+03 1.01912435e+00 5.00000000e-02
6.22000000e+03 9.85020934e-01 5.00000000e-02
6.22100000e+03 1.01182821e+00 5.00000000e-02
6.22200000e+03 9.89203754e-01 5.00000000e-02
6.22300000e+03 9.57144339e-01 5.00000000e-02
6.22400000e+03 9.36108861e-01 5.00000000e-02
6.22500000e+03 1.00488090e+00 5.00000000e-02
6.22600000e+03 1.07013770e+00 5.00000000e-02
6.22700000e+03 9.86221297e-01 5.00000000e-02
6.22800000e+03 1.08062244e+00 5.00000000e-02
6.22900000e+03 9.63409465e-01 5.00000000e-02
6.23000000e+03 9.79543320e-01 5.00000000e-02
6.23100000e+03 1.06683830e+00 5.00000000e-02
6.23200000e+03 9.96357880e-01 5.00000000e-02
6.23300000e+03 9.89798966e-01 5.00000000e-02
6.23400000e+03 1.02083093e+00 5.00000000e-02
6.23500000e+03 1.00254602e+00 5.00000000e-02
6.23600000e+03 9.96179665e-01 5.00000000e-02
6.23700000e+03 1.02292450e+00 5.00000000e-02
6.23800000e+03 1.05522626e+00 5.00000000e-02
6.23900000e+03 9.42411462e-01 5.00000000e-02
6.24000000e+03 1.05799272e+00 5.00000000e-02
6.24100000e+03 9.14966120e-01 5.00000000e-02
6.24200000e+03 1.00994940e+00 5.00000000e-02
6.24300000e+03 9.84313311e-01 5.00000000e-02
6.24400000e+03 1.03297064e+00 5.00000000e-02
6.24500000e+03 1.08409998e+00 5.00000000e-02
6.24600000e+03 1.04904164e+00 5.00000000e-02
6.24700000e+03 1.01349878e+00 5.00000000e-02
6.24800000e+03 1.00453775e+00 5.00000000e-02
6.24900000e+03 1.04138739e+00 5.00000000e-02
6.25000000e+03 9.46058071e-01 5.00000000e-02
6.25100000e+03 9.33713581e-01 5.00000000e-02
6.25200000e+03 9.71384506e-01 5.00000000e-02
6.25300000e+03 9.17974135e-01 5.00000000e-02
6.25400000e+03 1.05220696e+00 5.00000000e-02
6.25500000e+03 1.10775621e+00 5.00000000e-02
6.25600000e+03 1.00856570e+00 5.00000000e-02
6.25700000e+03 9.49047811e-01 5.00000000e-02
6.25800000e+03 9.67169148e-01 5.00000000e-02
6.25900000e+03 9.07939248e-01 5.00000000e-02
6.26000000e+03 9.70094534e-01 5.00000000e-02
6.26100000e+03 1.08419142e+00 5.00000000e-02
6.26200000e+03 1.05510197e+00 5.00000000e-02
6.26300000e+03 1.03711060e+00 5.00000000e-02
6.26400000e+03 1.04577067e+00 5.00000000e-02
6.26500000e+03 9.43951130e-01 5.00000000e-02
6.26600000e+03 9.71277573e-01 5.00000000e-02
6.26700000e+03 1.04992530e+00 5.00000000e-02
6.26800000e+03 1.02963033e+00 5.00000000e-02
6.26900000e+03 1.04526492e+00 5.00000000e-02
6.27000000e+03 9.85890397e-01 5.00000000e-02
6.27100000e+03 9.44619260e-01 5.00000000e-02
6.27200000e+03 1.06356421e+00 5.00000000e-02
6.27300000e+03 9.93757537e-01 5.00000000e-02
6.27400000e+03 9.40794501e-01 5.00000000e-02
6.27500000e+03 1.08676342e+00 5.00000000e-02
6.27600000e+03 9.63390972e-01 5.00000000e-02
6.27700000e+03 9.85596319e-01 5.00000000e-02
6.27800000e+03 1.08702448e+00 5.00000000e-02
6.27900000e+03 1.03229179e+00 5.00000000e-02
6.28000000e+03 9.77406939e-01 5.00000000e-02
6.28100000e+03 9.98283809e-01 5.00000000e-02
6.28200000e+03 9.58941057e-01 5.00000000e-02
6.28300000e+03 9.81757761e-01 5.00000000e-02
6.28400000e+03 1.05984452e+00 5.00000000e-02
6.28500000e+03 8.58717871e-01 5.00000000e-02
6.28600000e+03 9.60630396e-01 5.00000000e-02
6.28700000e+03 1.03356476e+00 5.00000000e-02
6.28800000e+03 8.94665282e-01 5.00000000e-02
6.28900000e+03 9.82478917e-01 5.00000000e-02
6.29000000e+03 1.09837633e+00 5.00000000e-02
6.29100000e+03 1.09903138e+00 5.00000000e-02
6.29200000e+03 9.69714254e-01 5.00000000e-02
6.29300000e+03 9.90786491e-01 5.00000000e-02
6.29400000e+03 1.02905821e+00 5.00000000e-02
6.29500000e+03 9.12717460e-01 5.00000000e-02
6.29600000e+03 9.29010900e-01 5.00000000e-02
6.29700000e+03 9.20675365e-01 5.00000000e-02
6.29800000e+03 1.01013016e+00 5.00000000e-02
6.29900000e+03 9.28091777e-01 5.00000000e-02
6.30000000e+03 1.05357601e+00 5.00000000e-02
6.30100000e+03 9.62532273e-01 5.00000000e-02
6.30200000e+03 9.52688245e-01 5.00000000e-02
6.30300000e+03 1.02174811e+00 5.00000000e-02
6.30400000e+03 9.22812407e-01 5.00000000e-02
6.30500000e+03 9.79576676e-01 5.00000000e-02
6.30600000e+03 9.92748014e-01 5.00000000e-02
6.30700000e+03 9.85505190e-01 5.00000000e-02
6.30800000e+03 1.07473852e+00 5.00000000e-02
6.30900000e+03 1.04175633e+00 5.00000000e-02
6.31000000e+03 1.07199159e+00 5.00000000e-02
6.31100000e+03 9.86169967e-01 5.00000000e-02
6.31200000e+03 9.15847517e-01 5.00000000e-02
6.31300000e+03 9.70628650e-01 5.00000000e-02
6.31400000e+03 1.04090546e+00 5.00000000e-02
6.31500000e+03 1.05992670e+00 5.00000000e-02
6.31600000e+03 9.77835191e-01 5.00000000e-02
6.31700000e+03 9.37945785e-01 5.00000000e-02
6.31800000e+03 9.70220281e-01 5.00000000e-02
6.31900000e+03 9.07424079e-01 5.00000000e-02
6.32000000e+03 9.88137064e-01 5.00000000e-02
6.32100000e+03 9.35196370e-01 5.00000000e-02
6.32200000e+03 9.09476754e-01 5.00000000e-02
6.32300000e+03 8.95808079e-01 5.00000000e-02
6.32400000e+03 1.05727905e+00 5.00000000e-02
6.32500000e+03 9.57170084e-01 5.00000000e-02
6.32600000e+03 1.01920971e+00 5.00000000e-02
6.32700000e+03 1.02667922e+00 5.00000000e-02
6.32800000e+03 1.01865628e+00 5.00000000e-02
6.32900000e+03 9.91265689e-01 5.00000000e-02
6.33000000e+03 8.73315771e-01 5.00000000e-02
6.33100000e+03 9.28154634e-01 5.00000000e-02
6.33200000e+03 9.17735279e-01 5.00000000e-02
6.33300000e+03 1.03713689e+00 5.00000000e-02
6.33400000e+03 1.03193356e+00 5.00000000e-02
6.33500000e+03 1.01019516e+00 5.00000000e-02
6.33600000e+03 9.74466871e-01 5.00000000e-02
6.33700000e+03 1.04839692e+00 5.00000000e-02
6.33800000e+03 1.01887285e+00 5.00000000e-02
6.33900000e+03 1.03759558e+00 5.00000000e-02
6.34000000e+03 9.77377508e-01 5.00000000e-02
6.34100000e+03 9.77074472e-01 5.00000000e-02
6.34200000e+03 9.65158773e-01 5.00000000e-02
6.34300000e+03 9.66839036e-01 5.00000000e-02
6.34400000e+03 9.24944598e-01 5.00000000e-02
6.34500000e+03 9.50814270e-01 5.00000000e-02
6.34600000e+03 9.44587108e-01 5.00000000e-02
6.34700000e+03 1.06622243e+00 5.00000000e-02
6.34800000e+03 1.04677980e+00 5.00000000e-02
6.34900000e+03 1.03936108e+00 5.00000000e-02
6.35000000e+03 9.42541249e-01 5.00000000e-02
6.35100000e+03 9.78233175e-01 5.00000000e-02
6.35200000e+03 1.03623892e+00 5.00000000e-02
6.35300000e+03 9.87763575e-01 5.00000000e-02
6.35400000e+03 9.48427813e-01 5.00000000e-02
6.35500000e+03 1.01447740e+00 5.00000000e-02
6.35600000e+03 1.04067855e+00 5.00000000e-02
6.35700000e+03 1.07004100e+00 5.00000000e-02
6.35800000e+03 1.02815488e+00 5.00000000e-02
6.35900000e+03 9.67499903e-01 5.00000000e-02
6.36000000e+03 1.02870632e+00 5.00000000e-02
6.36100000e+03 1.01783641e+00 5.00000000e-02
6.36200000e+03 8.81743853e-01 5.00000000e-02
6.36300000e+03 1.05817566e+00 5.00000000e-02
6.36400000e+03 1.03215162e+00 5.00000000e-02
6.36500000e+03 1.01044037e+00 5.00000000e-02
6.36600000e+03 1.08806423e+00 5.00000000e-02
6.36700000e+03 1.02574435e+00 5.00000000e-02
6.36800000e+03 1.05623460e+00 5.00000000e-02
6.36900000e+03 1.03724359e+00 5.00000000e-02
6.37000000e+03 9.50511743e-01 5.00000000e-02
6.37100000e+03 9.91065838e-01 5.00000000e-02
6.37200000e+03 1.00156944e+00 5.00000000e-02
6.37300000e+03 9.93633782e-01 5.00000000e-02
6.37400000e+03 1.07062950e+00 5.00000000e-02
6.37500000e+03 9.13875924e-01 5.00000000e-02
6.37600000e+03 1.00238515e+00 5.00000000e-02
6.37700000e+03 9.20475874e-01 5.00000000e-02
6.37800000e+03 1.08170213e+00 5.00000000e-02
6.37900000e+03 1.03932085e+00 5.00000000e-02
6.38000000e+03 1.04802963e+00 5.00000000e-02
6.38100000e+03 9.13583000e-01 5.00000000e-02
6.38200000e+03 1.00454869e+00 5.00000000e-02
6.38300000e+03 1.01159019e+00 5.00000000e-02
6.38400000e+03 9.17759613e-01 5.00000000e-02
6.38500000e+03 1.07102105e+00 5.00000000e-02
6.38600000e+03 1.11770420e+00 5.00000000e-02
6.38700000e+03 9.67039331e-01 5.00000000e-02
6.38800000e+03 1.01807351e+00 5.00000000e-02
6.38900000e+03 9.20571965e-01 5.00000000e-02
6.39000000e+03 9.71805136e-01 5.00000000e-02
6.39100000e+03 1.03348743e+00 5.00000000e-02
6.39200000e+03 9.99798402e-01 5.00000000e-02
6.39300000e+03 1.04858905e+00 5.00000000e-02
6.39400000e+03 9.70838710e-01 5.00000000e-02
6.39500000e+03 1.03091657e+00 5.00000000e-02
6.39600000e+03 8.69333017e-01 5.00000000e-02
6.39700000e+03 9.17497167e-01 5.00000000e-02
6.39800000e+03 9.69519922e-01 5.00000000e-02
6.39900000e+03 9.67184215e-01 5.00000000e-02
6.40000000e+03 1.07237546e+00 5.00000000e-02
6.40100000e+03 1.04972504e+00 5.00000000e-02
6.40200000e+03 9.81010941e-01 5.00000000e-02
6.40300000e+03 9.49590188e-01 5.00000000e-02
6.40400000e+03 9.44040717e-01 5.00000000e-02
6.40500000e+03 9.70695913e-01 5.00000000e-02
6.40600000e+03 9.77395960e-01 5.00000000e-02
6.40700000e+03 1.00963839e+00 5.00000000e-02
6.40800000e+03 9.63436199e-01 5.00000000e-02
6.40900000e+03 9.30420751e-01 5.00000000e-02
6.41000000e+03 9.86655068e-01 5.00000000e-02
6.41100000e+03 1.02625070e+00 5.00000000e-02
6.41200000e+03 9.88941608e-01 5.00000000e-02
6.41300000e+03 1.01393983e+00 5.00000000e-02
6.41400000e+03 9.51030393e-01 5.00000000e-02
6.41500000e+03 1.04284850e+00 5.00000000e-02
6.41600000e+03 1.01395463e+00 5.00000000e-02
6.41700000e+03 1.08913676e+00 5.00000000e-02
6.41800000e+03 9.95269290e-01 5.00000000e-02
6.41900000e+03 1.06162079e+00 5.00000000e-02
6.42000000e+03 9.67216470e-01 5.00000000e-02
6.42100000e+03 1.03021585e+00 5.00000000e-02
6.42200000e+03 9.66340956e-01 5.00000000e-02
6.42300000e+03 9.25246816e-01 5.00000000e-02
6.42400000e+03 9.72300454e-01 5.00000000e-02
6.42500000e+03 9.54945485e-01 5.00000000e-02
6.42600000e+03 1.00271260e+00 5.00000000e-02
6.42700000e+03 1.00730688e+00 5.00000000e-02
6.42800000e+03 9.75851659e-01 5.00000000e-02
6.42900000e+03 9.01731717e-01 5.00000000e-02
6.43000000e+03 1.03001379e+00 5.00000000e-02
6.43100000e+03 1.03540443e+00 5.00000000e-02
6.43200000e+03 9.27314519e-01 5.00000000e-02
6.43300000e+03 9.70443964e-01 5.00000000e-02
6.43400000e+03 1.05689407e+00 5.00000000e-02
6.43500000e+03 9.92334002e-01 5.00000000e-02
6.43600000e+03 9.74286291e-01 5.00000000e-02
6.43700000e+03 1.07845630e+00 5.00000000e-02
6.43800000e+03 9.95456557e-01 5.00000000e-02
6.43900000e+03 1.03339113e+00 5.00000000e-02
6.44000000e+03 1.02002030e+00 5.00000000e-02
6.44100000e+03 9.93497530e-01 5.00000000e-02
6.44200000e+03 9.73472361e-01 5.00000000e-02
6.44300000e+03 9.59608556e-01 5.00000000e-02
6.44400000e+03 1.01774112e+00 5.00000000e-02
6.44500000e+03 9.97290520e-01 5.00000000e-02
6.44600000e+03 9.99693370e-01 5.00000000e-02
6.44700000e+03 9.11719031e-01 5.00000000e-02
6.44800000e+03 9.65524475e-01 5.00000000e-02
6.44900000e+03 9.32791899e-01 5.00000000e-02
6.45000000e+03 1.02341160e+00 5.00000000e-02
6.45100000e+03 9.43567921e-01 5.00000000e-02
6.45200000e+03 9.37006641e-01 5.00000000e-02
6.45300000e+03 9.46110204e-01 5.00000000e-02
6.45400000e+03 1.03304099e+00 5.00000000e-02
6.45500000e+03 1.02332010e+00 5.00000000e-02
6.45600000e+03 1.00625126e+00 5.00000000e-02
6.45700000e+03 1.00530350e+00 5.00000000e-02
6.45800000e+03 9.65708003e-01 5.00000000e-02
6.45900000e+03 9.55042651e-01 5.00000000e-02
6.46000000e+03 9.80039867e-01 5.00000000e-02
6.46100000e+03 9.88285019e-01 5.00000000e-02
6.46200000e+03 9.77070247e-01 5.00000000e-02
6.46300000e+03 1.08679920e+00 5.00000000e-02
6.46400000e+03 1.04006531e+00 5.00000000e-02
6.46500000e+03 1.06013904e+00 5.00000000e-02
6.46600000e+03 1.00990529e+00 5.00000000e-02
6.46700000e+03 9.91590049e-01 5.00000000e-02
6.46800000e+03 9.18768647e-01 5.00000000e-02
6.46900000e+03 9.52598886e-01 5.00000000e-02
6.47000000e+03 1.03103067e+00 5.00000000e-02
6.47100000e+03 1.03387683e+00 5.00000000e-02
6.47200000e+03 1.02614662e+00 5.00000000e-02
6.47300000e+03 1.00554264e+00 5.00000000e-02
6.47400000e+03 1.11541449e+00 5.00000000e-02
6.47500000e+03 1.00565790e+00 5.00000000e-02
6.47600000e+03 1.01980288e+00 5.00000000e-02
6.47700000e+03 1.14293043e+00 5.00000000e-02
6.47800000e+03 9.56645440e-01 5.00000000e-02
6.47900000e+03 9.45037393e-01 5.00000000e-02
6.48000000e+03 1.01265189e+00 5.00000000e-02
6.48100000e+03 1.04313485e+00 5.00000000e-02
6.48200000e+03 9.01051032e-01 5.00000000e-02
6.48300000e+03 1.03714268e+00 5.00000000e-02
6.48400000e+03 1.03968724e+00 5.00000000e-02
6.48500000e+03 1.07490126e+00 5.00000000e-02
6.48600000e+03 1.08552705e+00 5.00000000e-02
6.48700000e+03 9.25159063e-01 5.00000000e-02
6.48800000e+03 9.44594484e-01 5.00000000e-02
6.48900000e+03 9.19976326e-01 5.00000000e-02
6.49000000e+03 1.02407161e+00 5.00000000e-02
6.49100000e+03 8.78053780e-01 5.00000000e-02
6.49200000e+03 1.03401648e+00 5.00000000e-02
6.49300000e+03 1.02310827e+00 5.00000000e-02
6.49400000e+03 9.58145597e-01 5.00000000e-02
6.49500000e+03 9.74273997e-01 5.00000000e-02
6.49600000e+03 9.42522458e-01 5.00000000e-02
6.49700000e+03 9.40550286e-01 5.00000000e-02
6.49800000e+03 9.89043257e-01 5.00000000e-02
6.49900000e+03 1.03777206e+00 5.00000000e-02
6.50000000e+03 1.06572440e+00 5.00000000e-02
6.50100000e+03 1.06465308e+00 5.00000000e-02
6.50200000e+03 9.37450423e-01 5.00000000e-02
6.50300000e+03 8.88381913e-01 5.00000000e-02
6.50400000e+03 1.01188806e+00 5.00000000e-02
6.50500000e+03 1.02041683e+00 5.00000000e-02
6.50600000e+03 9.52930880e-01 5.00000000e-02
6.50700000e+03 1.05207161e+00 5.00000000e-02
6.50800000e+03 1.10322275e+00 5.00000000e-02
6.50900000e+03 9.46620012e-01 5.00000000e-02
6.51000000e+03 9.69150901e-01 5.00000000e-02
6.51100000e+03 9.81371012e-01 5.00000000e-02
6.51200000e+03 9.32035744e-01 5.00000000e-02
6.51300000e+03 1.03628155e+00 5.00000000e-02
6.51400000e+03 9.69144364e-01 5.00000000e-02
6.51500000e+03 1.09632605e+00 5.00000000e-02
6.51600000e+03 1.09394419e+00 5.00000000e-02
6.51700000e+03 9.48485477e-01 5.00000000e-02
6.51800000e+03 9.48868589e-01 5.00000000e-02
6.51900000e+03 9.97504247e-01 5.00000000e-02
6.52000000e+03 1.11226532e+00 5.00000000e-02
6.52100000e+03 9.95827184e-01 5.00000000e-02
6.52200000e+03 1.06593318e+00 5.00000000e-02
6.52300000e+03 1.03031725e+00 5.00000000e-02
6.52400000e+03 1.00906892e+00 5.00000000e-02
6.52500000e+03 1.05681353e+00 5.00000000e-02
6.52600000e+03 1.06438206e+00 5.00000000e-02
6.52700000e+03 9.76141952e-01 5.00000000e-02
6.52800000e+03 1.02324703e+00 5.00000000e-02
6.52900000e+03 9.84566866e-01 5.00000000e-02
6.53000000e+03 9.46984526e-01 5.00000000e-02
6.53100000e+03 1.06343817e+00 5.00000000e-02
6.53200000e+03 9.31781369e-01 5.00000000e-02
6.53300000e+03 9.91741524e-01 5.00000000e-02
6.53400000e+03 1.08057040e+00 5.00000000e-02
6.53500000e+03 1.09463896e+00 5.00000000e-02
6.53600000e+03 9.78731813e-01 5.00000000e-02
6.53700000e+03 1.01909739e+00 5.00000000e-02
6.53800000e+03 9.69258486e-01 5.00000000e-02
6.53900000e+03 9.33625929e-01 5.00000000e-02
6.54000000e+03 9.72271076e-01 5.00000000e-02
6.54100000e+03 9.76110443e-01 5.00000000e-02
6.54200000e+03 1.07248893e+00 5.00000000e-02
6.54300000e+03 1.02847088e+00 5.00000000e-02
6.54400000e+03 9.76718499e-01 5.00000000e-02
6.54500000e+03 1.02095544e+00 5.00000000e-02
6.54600000e+03 1.02978374e+00 5.00000000e-02
6.54700000e+03 1.06695818e+00 5.00000000e-02
6.54800000e+03 9.92010918e-01 5.00000000e-02
6.54900000e+03 1.03430957e+00 5.00000000e-02
6.55000000e+03 1.09571813e+00 5.00000000e-02
6.55100000e+03 1.06158089e+00 5.00000000e-02
6.55200000e+03 1.03584987e+00 5.00000000e-02
6.55300000e+03 9.53075089e-01 5.00000000e-02
6.55400000e+03 1.04419022e+00 5.00000000e-02
6.55500000e+03 9.49687130e-01 5.00000000e-02
6.55600000e+03 9.26673451e-01 5.00000000e-02
6.55700000e+03 1.01139579e+00 5.00000000e-02
6.55800000e+03 1.01749102e+00 5.00000000e-02
6.55900000e+03 1.01598366e+00 5.00000000e-02
6.56000000e+03 9.88639145e-01 5.00000000e-02
6.56100000e+03 9.35437725e-01 5.00000000e-02
6.56200000e+03 1.00281472e+00 5.00000000e-02
6.56300000e+03 1.05876727e+00 5.00000000e-02
6.56400000e+03 1.06933363e+00 5.00000000e-02
6.56500000e+03 1.09866240e+00 5.00000000e-02
6.56600000e+03 9.77795516e-01 5.00000000e-02
6.56700000e+03 9.86877284e-01 5.00000000e-02
6.56800000e+03 9.12784261e-01 5.00000000e-02
6.56900000e+03 1.06276298e+00 5.00000000e-02
6.57000000e+03 1.00394068e+00 5.00000000e-02
6.57100000e+03 1.07253869e+00 5.00000000e-02
6.57200000e+03 9.94646939e-01 5.00000000e-02
6.57300000e+03 9.88862662e-01 5.00000000e-02
6.57400000e+03 1.05683119e+00 5.00000000e-02
6.57500000e+03 1.01339228e+00 5.00000000e-02
6.57600000e+03 9.31494020e-01 5.00000000e-02
6.57700000e+03 1.07262142e+00 5.00000000e-02
6.57800000e+03 1.12237414e+00 5.00000000e-02
6.57900000e+03 9.87743380e-01 5.00000000e-02
6.58000000e+03 9.25014449e-01 5.00000000e-02
6.58100000e+03 1.03915589e+00 5.00000000e-02
6.58200000e+03 9.75826416e-01 5.00000000e-02
6.58300000e+03 1.02976330e+00 5.00000000e-02
6.58400000e+03 9.77226871e-01 5.00000000e-02
6.58500000e+03 9.85371148e-01 5.00000000e-02
6.58600000e+03 9.62976159e-01 5.00000000e-02
6.58700000e+03 9.75552512e-01 5.00000000e-02
6.58800000e+03 9.39708660e-01 5.00000000e-02
6.58900000e+03 9.92021840e-01 5.00000000e-02
6.59000000e+03 9.26117404e-01 5.00000000e-02
6.59100000e+03 1.01785454e+00 5.00000000e-02
6.59200000e+03 1.07167462e+00 5.00000000e-02
6.59300000e+03 9.89151977e-01 5.00000000e-02
6.59400000e+03 9.59872028e-01 5.00000000e-02
6.59500000e+03 8.98814444e-01 5.00000000e-02
6.59600000e+03 1.00865317e+00 5.00000000e-02
6.59700000e+03 1.04828542e+00 5.00000000e-02
6.59800000e+03 9.38342533e-01 5.00000000e-02
6.59900000e+03 1.06439778e+00 5.00000000e-02
6.60000000e+03 9.63761452e-01 5.00000000e-02
6.60100000e+03 1.04490602e+00 5.00000000e-02
6.60200000e+03 9.36706905e-01 5.00000000e-02
6.60300000e+03 1.00427542e+00 5.00000000e-02
6.60400000e+03 1.05911265e+00 5.00000000e-02
6.60500000e+03 9.86878219e-01 5.00000000e-02
6.60600000e+03 9.80269757e-01 5.00000000e-02
6.60700000e+03 9.60370093e-01 5.00000000e-02
6.60800000e+03 1.01515409e+00 5.00000000e-02
6.60900000e+03 9.17738101e-01 5.00000000e-02
6.61000000e+03 9.58779818e-01 5.00000000e-02
6.61100000e+03 9.41998558e-01 5.00000000e-02
6.61200000e+03 9.72078087e-01 5.00000000e-02
6.61300000e+03 1.04150573e+00 5.00000000e-02
6.61400000e+03 9.36752854e-01 5.00000000e-02
6.61500000e+03 9.27332264e-01 5.00000000e-02
6.61600000e+03 9.99648411e-01 5.00000000e-02
6.61700000e+03 9.73868007e-01 5.00000000e-02
6.61800000e+03 9.40290194e-01 5.00000000e-02
6.61900000e+03 9.90914123e-01 5.00000000e-02
6.62000000e+03 8.60939871e-01 5.00000000e-02
6.62100000e+03 9.82615803e-01 5.00000000e-02
6.62200000e+03 1.03009989e+00 5.00000000e-02
6.62300000e+03 1.01383452e+00 5.00000000e-02
6.62400000e+03 1.02419487e+00 5.00000000e-02
6.62500000e+03 9.88957442e-01 5.00000000e-02
6.62600000e+03 9.85672663e-01 5.00000000e-02
6.62700000e+03 1.00873968e+00 5.00000000e-02
6.62800000e+03 9.38066747e-01 5.00000000e-02
6.62900000e+03 1.00141035e+00 5.00000000e-02
6.63000000e+03 9.46409073e-01 5.00000000e-02
6.63100000e+03 1.01040307e+00 5.00000000e-02
6.63200000e+03 9.84547905e-01 5.00000000e-02
6.63300000e+03 1.00687456e+00 5.00000000e-02
6.63400000e+03 9.53501965e-01 5.00000000e-02
6.63500000e+03 9.42590397e-01 5.00000000e-02
6.63600000e+03 1.04424688e+00 5.00000000e-02
6.63700000e+03 1.06617044e+00 5.00000000e-02
6.63800000e+03 9.60401247e-01 5.00000000e-02
6.63900000e+03 9.63185438e-01 5.00000000e-02
6.64000000e+03 1.01326201e+00 5.00000000e-02
6.64100000e+03 1.01928588e+00 5.00000000e-02
6.64200000e+03 1.07562342e+00 5.00000000e-02
6.64300000e+03 9.89884290e-01 5.00000000e-02
6.64400000e+03 1.04866604e+00 5.00000000e-02
6.64500000e+03 9.59630607e-01 5.00000000e-02
6.64600000e+03 9.06360281e-01 5.00000000e-02
6.64700000e+03 1.01149012e+00 5.00000000e-02
6.64800000e+03 9.40356408e-01 5.00000000e-02
6.64900000e+03 1.03422497e+00 5.00000000e-02
6.65000000e+03 1.07108207e+00 5.00000000e-02
6.65100000e+03 9.18416912e-01 5.00000000e-02
6.65200000e+03 9.93456405e-01 5.00000000e-02
6.65300000e+03 1.04865521e+00 5.00000000e-02
6.65400000e+03 9.57165849e-01 5.00000000e-02
6.65500000e+03 1.05865909e+00 5.00000000e-02
6.65600000e+03 9.94723397e-01 5.00000000e-02
6.65700000e+03 1.00641707e+00 5.00000000e-02
6.65800000e+03 9.48274950e-01 5.00000000e-02
6.65900000e+03 9.59799608e-01 5.00000000e-02
6.66000000e+03 1.01971577e+00 5.00000000e-02
6.66100000e+03 1.03802867e+00 5.00000000e-02
6.66200000e+03 1.03986306e+00 5.00000000e-02
6.66300000e+03 1.00627369e+00 5.00000000e-02
6.66400000e+03 9.47904392e-01 5.00000000e-02
6.66500000e+03 1.02857897e+00 5.00000000e-02
6.66600000e+03 1.16720467e+00 5.00000000e-02
6.66700000e+03 9.99927239e-01 5.00000000e-02
6.66800000e+03 1.01952584e+00 5.00000000e-02
6.66900000e+03 1.04659529e+00 5.00000000e-02
6.67000000e+03 9.53165328e-01 5.00000000e-02
6.67100000e+03 9.44624697e-01 5.00000000e-02
6.67200000e+03 1.01929584e+00 5.00000000e-02
6.67300000e+03 9.16991073e-01 5.00000000e-02
6.67400000e+03 1.03002481e+00 5.00000000e-02
6.67500000e+03 1.09813703e+00 5.00000000e-02
6.67600000e+03 1.04037961e+00 5.00000000e-02
6.67700000e+03 9.82816355e-01 5.00000000e-02
6.67800000e+03 9.88718441e-01 5.00000000e-02
6.67900000e+03 9.97661747e-01 5.00000000e-02
6.68000000e+03 9.71465597e-01 5.00000000e-02
6.68100000e+03 9.67417352e-01 5.00000000e-02
6.68200000e+03 1.03137337e+00 5.00000000e-02
6.68300000e+03 1.02094559e+00 5.00000000e-02
6.68400000e+03 9.85317279e-01 5.00000000e-02
6.68500000e+03 1.05828680e+00 5.00000000e-02
6.68600000e+03 9.49524684e-01 5.00000000e-02
6.68700000e+03 9.89467872e-01 5.00000000e-02
6.68800000e+03 9.70267663e-01 5.00000000e-02
6.68900000e+03 9.92275327e-01 5.00000000e-02
6.69000000e+03 9.75323347e-01 5.00000000e-02
6.69100000e+03 1.00701022e+00 5.00000000e-02
6.69200000e+03 1.00536199e+00 5.00000000e-02
6.69300000e+03 9.44064657e-01 5.00000000e-02
6.69400000e+03 1.02046845e+00 5.00000000e-02
6.69500000e+03 9.91940554e-01 5.00000000e-02
6.69600000e+03 9.62291376e-01 5.00000000e-02
6.69700000e+03 1.02560239e+00 5.00000000e-02
6.69800000e+03 1.02180153e+00 5.00000000e-02
6.69900000e+03 1.06092042e+00 5.00000000e-02
6.70000000e+03 8.68086162e-01 5.00000000e-02
6.70100000e+03 9.96215595e-01 5.00000000e-02
6.70200000e+03 9.86567534e-01 5.00000000e-02
6.70300000e+03 9.41609396e-01 5.00000000e-02
6.70400000e+03 9.15867681e-01 5.00000000e-02
6.70500000e+03 8.87650079e-01 5.00000000e-02
6.70600000e+03 1.03881266e+00 5.00000000e-02
6.70700000e+03 9.62374103e-01 5.00000000e-02
6.70800000e+03 1.05867494e+00 5.00000000e-02
6.70900000e+03 9.93515005e-01 5.00000000e-02
6.71000000e+03 1.05341741e+00 5.00000000e-02
6.71100000e+03 9.89840114e-01 5.00000000e-02
6.71200000e+03 1.02601490e+00 5.00000000e-02
6.71300000e+03 9.84242865e-01 5.00000000e-02
6.71400000e+03 9.53551511e-01 5.00000000e-02
6.71500000e+03 9.82873858e-01 5.00000000e-02
6.71600000e+03 9.91494276e-01 5.00000000e-02
6.71700000e+03 1.01093616e+00 5.00000000e-02
6.71800000e+03 1.07129273e+00 5.00000000e-02
6.71900000e+03 1.02357650e+00 5.00000000e-02
6.72000000e+03 1.05100474e+00 5.00000000e-02
6.72100000e+03 1.02272582e+00 5.00000000e-02
6.72200000e+03 9.68547518e-01 5.00000000e-02
6.72300000e+03 1.06180499e+00 5.00000000e-02
6.72400000e+03 9.88089383e-01 5.00000000e-02
6.72500000e+03 1.09331366e+00 5.00000000e-02
6.72600000e+03 9.92192583e-01 5.00000000e-02
6.72700000e+03 1.09079718e+00 5.00000000e-02
6.72800000e+03 9.54541483e-01 5.00000000e-02
6.72900000e+03 1.03124302e+00 5.00000000e-02
6.73000000e+03 9.96015582e-01 5.00000000e-02
6.73100000e+03 9.79175654e-01 5.00000000e-02
6.73200000e+03 9.83180074e-01 5.00000000e-02
6.73300000e+03 9.88115989e-01 5.00000000e-02
6.73400000e+03 1.01362574e+00 5.00000000e-02
6.73500000e+03 9.83493448e-01 5.00000000e-02
6.73600000e+03 9.63590795e-01 5.00000000e-02
6.73700000e+03 9.30502888e-01 5.00000000e-02
6.73800000e+03 9.20310087e-01 5.00000000e-02
6.73900000e+03 1.00690318e+00 5.00000000e-02
6.74000000e+03 1.01388654e+00 5.00000000e-02
6.74100000e+03 1.00976019e+00 5.00000000e-02
6.74200000e+03 9.41895461e-01 5.00000000e-02
6.74300000e+03 1.04483227e+00 5.00000000e-02
6.74400000e+03 1.00167174e+00 5.00000000e-02
6.74500000e+03 1.10389449e+00 5.00000000e-02
6.74600000e+03 1.02683399e+00 5.00000000e-02
6.74700000e+03 9.89419322e-01 5.00000000e-02
6.74800000e+03 1.02319279e+00 5.00000000e-02
6.74900000e+03 9.40738616e-01 5.00000000e-02
6.75000000e+03 9.47980882e-01 5.00000000e-02
6.75100000e+03 9.89448754e-01 5.00000000e-02
6.75200000e+03 9.86049350e-01 5.00000000e-02
6.75300000e+03 9.73808829e-01 5.00000000e-02
6.75400000e+03 9.90777882e-01 5.00000000e-02
6.75500000e+03 1.04428857e+00 5.00000000e-02
6.75600000e+03 1.04636681e+00 5.00000000e-02
6.75700000e+03 1.08337874e+00 5.00000000e-02
6.75800000e+03 9.62720556e-01 5.00000000e-02
6.75900000e+03 9.93272733e-01 5.00000000e-02
6.76000000e+03 9.97315793e-01 5.00000000e-02
6.76100000e+03 1.03535617e+00 5.00000000e-02
6.76200000e+03 1.08902578e+00 5.00000000e-02
6.76300000e+03 9.79283291e-01 5.00000000e-02
6.76400000e+03 9.88630816e-01 5.00000000e-02
6.76500000e+03 9.38795259e-01 5.00000000e-02
6.76600000e+03 9.98885065e-01 5.00000000e-02
6.76700000e+03 9.63306031e-01 5.00000000e-02
6.76800000e+03 9.19711682e-01 5.00000000e-02
6.76900000e+03 1.02020663e+00 5.00000000e-02
6.77000000e+03 9.71392521e-01 5.00000000e-02
6.77100000e+03 1.03961947e+00 5.00000000e-02
6.77200000e+03 9.83679104e-01 5.00000000e-02
6.77300000e+03 9.61922216e-01 5.00000000e-02
6.77400000e+03 9.61827184e-01 5.00000000e-02
6.77500000e+03 9.69797706e-01 5.00000000e-02
6.77600000e+03 9.62227986e-01 5.00000000e-02
6.77700000e+03 9.00493098e-01 5.00000000e-02
6.77800000e+03 9.84017153e-01 5.00000000e-02
6.77900000e+03 1.02574439e+00 5.00000000e-02
6.78000000e+03 1.12738871e+00 5.00000000e-02
6.78100000e+03 1.07331459e+00 5.00000000e-02
6.78200000e+03 1.05628676e+00 5.00000000e-02
6.78300000e+03 1.00640561e+00 5.00000000e-02
6.78400000e+03 9.45917363e-01 5.00000000e-02
6.78500000e+03 1.02401360e+00 5.00000000e-02
6.78600000e+03 9.59246152e-01 5.00000000e-02
6.78700000e+03 9.48082813e-01 5.00000000e-02
6.78800000e+03 1.02472380e+00 5.00000000e-02
6.78900000e+03 9.94282835e-01 5.00000000e-02
6.79000000e+03 9.18972593e-01 5.00000000e-02
6.79100000e+03 9.45504294e-01 5.00000000e-02
6.79200000e+03 9.11350084e-01 5.00000000e-02
6.79300000e+03 1.00935592e+00 5.00000000e-02
6.79400000e+03 9.40143733e-01 5.00000000e-02
6.79500000e+03 9.56987446e-01 5.00000000e-02
6.79600000e+03 8.74327151e-01 5.00000000e-02
6.79700000e+03 1.04120749e+00 5.00000000e-02
6.79800000e+03 9.11928507e-01 5.00000000e-02
6.79900000e+03 9.71658028e-01 5.00000000e-02
6.80000000e+03 1.03670728e+00 5.00000000e-02
6.80100000e+03 1.04541860e+00 5.00000000e-02
6.80200000e+03 1.06266023e+00 5.00000000e-02
6.80300000e+03 1.05789994e+00 5.00000000e-02
6.80400000e+03 9.95676291e-01 5.00000000e-02
6.80500000e+03 9.24336318e-01 5.00000000e-02
6.80600000e+03 1.04107622e+00 5.00000000e-02
6.80700000e+03 1.11627606e+00 5.00000000e-02
6.80800000e+03 9.26451561e-01 5.00000000e-02
6.80900000e+03 9.70142786e-01 5.00000000e-02
6.81000000e+03 1.02890461e+00 5.00000000e-02
6.81100000e+03 1.00351128e+00 5.00000000e-02
6.81200000e+03 1.07494973e+00 5.00000000e-02
6.81300000e+03 9.85904208e-01 5.00000000e-02
6.81400000e+03 9.67713230e-01 5.00000000e-02
6.81500000e+03 1.00230207e+00 5.00000000e-02
6.81600000e+03 9.31173289e-01 5.00000000e-02
6.81700000e+03 9.52009274e-01 5.00000000e-02
6.81800000e+03 1.05515043e+00 5.00000000e-02
6.81900000e+03 9.69171462e-01 5.00000000e-02
6.82000000e+03 1.10130400e+00 5.00000000e-02
6.82100000e+03 1.04316701e+00 5.00000000e-02
6.82200000e+03 9.29414552e-01 5.00000000e-02
6.82300000e+03 1.05165178e+00 5.00000000e-02
6.82400000e+03 1.01046206e+00 5.00000000e-02
6.82500000e+03 9.62685524e-01 5.00000000e-02
6.82600000e+03 1.13457289e+00 5.00000000e-02
6.82700000e+03 1.04405329e+00 5.00000000e-02
6.82800000e+03 9.35978365e-01 5.00000000e-02
6.82900000e+03 1.01360864e+00 5.00000000e-02
6.83000000e+03 1.00521739e+00 5.00000000e-02
6.83100000e+03 1.05129240e+00 5.00000000e-02
6.83200000e+03 9.73288521e-01 5.00000000e-02
6.83300000e+03 9.32123098e-01 5.00000000e-02
6.83400000e+03 1.02621411e+00 5.00000000e-02
6.83500000e+03 1.06175489e+00 5.00000000e-02
6.83600000e+03 9.33242103e-01 5.00000000e-02
6.83700000e+03 1.01334112e+00 5.00000000e-02
6.83800000e+03 1.02669230e+00 5.00000000e-02
6.83900000e+03 1.03917150e+00 5.00000000e-02
6.84000000e+03 9.31537116e-01 5.00000000e-02
6.84100000e+03 9.46734672e-01 5.00000000e-02
6.84200000e+03 1.02470577e+00 5.00000000e-02
6.84300000e+03 9.95668935e-01 5.00000000e-02
6.84400000e+03 1.03473652e+00 5.00000000e-02
6.84500000e+03 9.97958503e-01 5.00000000e-02
6.84600000e+03 1.04862717e+00 5.00000000e-02
6.84700000e+03 9.42138206e-01 5.00000000e-02
6.84800000e+03 9.43324402e-01 5.00000000e-02
6.84900000e+03 9.29573275e-01 5.00000000e-02
6.85000000e+03 9.87179651e-01 5.00000000e-02
6.85100000e+03 1.05607375e+00 5.00000000e-02
6.85200000e+03 1.02229472e+00 5.00000000e-02
6.85300000e+03 1.03001772e+00 5.00000000e-02
6.85400000e+03 9.62499867e-01 5.00000000e-02
6.85500000e+03 1.05858926e+00 5.00000000e-02
6.85600000e+03 1.05413494e+00 5.00000000e-02
6.85700000e+03 1.01440277e+00 5.00000000e-02
6.85800000e+03 1.05261591e+00 5.00000000e-02
6.85900000e+03 9.27086822e-01 5.00000000e-02
6.86000000e+03 8.91140636e-01 5.00000000e-02
6.86100000e+03 9.23831384e-01 5.00000000e-02
6.86200000e+03 9.06005713e-01 5.00000000e-02
6.86300000e+03 9.68506348e-01 5.00000000e-02
6.86400000e+03 1.07139673e+00 5.00000000e-02
6.86500000e+03 9.43496467e-01 5.00000000e-02
6.86600000e+03 1.02227732e+00 5.00000000e-02
6.86700000e+03 9.06328305e-01 5.00000000e-02
6.86800000e+03 8.70135490e-01 5.00000000e-02
6.86900000e+03 1.02545780e+00 5.00000000e-02
6.87000000e+03 9.88880167e-01 5.00000000e-02
6.87100000e+03 9.41969062e-01 5.00000000e-02
6.87200000e+03 1.06911918e+00 5.00000000e-02
6.87300000e+03 9.52413388e-01 5.00000000e-02
6.87400000e+03 1.00192769e+00 5.00000000e-02
6.87500000e+03 1.00051248e+00 5.00000000e-02
6.87600000e+03 1.03171368e+00 5.00000000e-02
6.87700000e+03 9.96589060e-01 5.00000000e-02
6.87800000e+03 1.03187748e+00 5.00000000e-02
6.87900000e+03 1.02518614e+00 5.00000000e-02
6.88000000e+03 1.01329035e+00 5.00000000e-02
6.88100000e+03 1.01246284e+00 5.00000000e-02
6.88200000e+03 1.07328572e+00 5.00000000e-02
6.88300000e+03 1.07851065e+00 5.00000000e-02
6.88400000e+03 9.00536041e-01 5.00000000e-02
6.88500000e+03 9.58936393e-01 5.00000000e-02
6.88600000e+03 9.98908162e-01 5.00000000e-02
6.88700000e+03 9.76150462e-01 5.00000000e-02
6.88800000e+03 9.72361321e-01 5.00000000e-02
6.88900000e+03 1.05977003e+00 5.00000000e-02
6.89000000e+03 1.09310273e+00 5.00000000e-02
6.89100000e+03 1.05630041e+00 5.00000000e-02
6.89200000e+03 9.88456792e-01 5.00000000e-02
6.89300000e+03 9.55132315e-01 5.00000000e-02
6.89400000e+03 8.90352472e-01 5.00000000e-02
6.89500000e+03 8.65200463e-01 5.00000000e-02
6.89600000e+03 1.05095653e+00 5.00000000e-02
6.89700000e+03 9.76312723e-01 5.00000000e-02
6.89800000e+03 9.17530471e-01 5.00000000e-02
6.89900000e+03 9.28848906e-01 5.00000000e-02
6.90000000e+03 9.47541320e-01 5.00000000e-02
6.90100000e+03 1.08056358e+00 5.00000000e-02
6.90200000e+03 9.86714787e-01 5.00000000e-02
6.90300000e+03 9.97297434e-01 5.00000000e-02
6.90400000e+03 1.04122198e+00 5.00000000e-02
6.90500000e+03 9.26828276e-01 5.00000000e-02
6.90600000e+03 1.03136373e+00 5.00000000e-02
6.90700000e+03 1.07034045e+00 5.00000000e-02
6.90800000e+03 9.90904258e-01 5.00000000e-02
6.90900000e+03 9.76932881e-01 5.00000000e-02
6.91000000e+03 1.06586717e+00 5.00000000e-02
6.91100000e+03 9.96661415e-01 5.00000000e-02
6.91200000e+03 1.02014626e+00 5.00000000e-02
6.91300000e+03 9.78937262e-01 5.00000000e-02
6.91400000e+03 9.55815495e-01 5.00000000e-02
6.91500000e+03 1.00739801e+00 5.00000000e-02
6.91600000e+03 1.11159833e+00 5.00000000e-02
6.91700000e+03 9.73680545e-01 5.00000000e-02
6.91800000e+03 9.18898444e-01 5.00000000e-02
6.91900000e+03 9.68529916e-01 5.00000000e-02
6.92000000e+03 9.91257694e-01 5.00000000e-02
6.92100000e+03 1.02941177e+00 5.00000000e-02
6.92200000e+03 9.68114364e-01 5.00000000e-02
6.92300000e+03 9.91451445e-01 5.00000000e-02
6.92400000e+03 1.06359524e+00 5.00000000e-02
6.92500000e+03 1.04993445e+00 5.00000000e-02
6.92600000e+03 8.67997231e-01 5.00000000e-02
6.92700000e+03 9.85306905e-01 5.00000000e-02
6.92800000e+03 9.12993921e-01 5.00000000e-02
6.92900000e+03 9.17994965e-01 5.00000000e-02
6.93000000e+03 1.05608643e+00 5.00000000e-02
6.93100000e+03 8.91204461e-01 5.00000000e-02
6.93200000e+03 9.60519459e-01 5.00000000e-02
6.93300000e+03 1.09241486e+00 5.00000000e-02
6.93400000e+03 8.98687563e-01 5.00000000e-02
6.93500000e+03 9.91999797e-01 5.00000000e-02
6.93600000e+03 9.09645507e-01 5.00000000e-02
6.93700000e+03 9.41648814e-01 5.00000000e-02
6.93800000e+03 1.00636584e+00 5.00000000e-02
6.93900000e+03 9.45068183e-01 5.00000000e-02
6.94000000e+03 1.01888922e+00 5.00000000e-02
6.94100000e+03 8.80904331e-01 5.00000000e-02
6.94200000e+03 9.26268996e-01 5.00000000e-02
6.94300000e+03 1.01827344e+00 5.00000000e-02
6.94400000e+03 1.01892844e+00 5.00000000e-02
6.94500000e+03 1.07574659e+00 5.00000000e-02
6.94600000e+03 9.89925838e-01 5.00000000e-02
6.94700000e+03 9.13241021e-01 5.00000000e-02
6.94800000e+03 9.68094017e-01 5.00000000e-02
6.94900000e+03 9.52906190e-01 5.00000000e-02
6.95000000e+03 9.78772827e-01 5.00000000e-02
6.95100000e+03 1.07213371e+00 5.00000000e-02
6.95200000e+03 1.02507508e+00 5.00000000e-02
6.95300000e+03 9.76543226e-01 5.00000000e-02
6.95400000e+03 9.88891024e-01 5.00000000e-02
6.95500000e+03 1.02165462e+00 5.00000000e-02
6.95600000e+03 1.03865026e+00 5.00000000e-02
6.95700000e+03 9.80080928e-01 5.00000000e-02
6.95800000e+03 9.87598849e-01 5.00000000e-02
6.95900000e+03 1.07095737e+00 5.00000000e-02
6.96000000e+03 1.07157375e+00 5.00000000e-02
6.96100000e+03 9.53503951e-01 5.00000000e-02
6.96200000e+03 9.97678135e-01 5.00000000e-02
6.96300000e+03 9.82400544e-01 5.00000000e-02
6.96400000e+03 1.02273030e+00 5.00000000e-02
6.96500000e+03 9.32650166e-01 5.00000000e-02
6.96600000e+03 9.89136873e-01 5.00000000e-02
6.96700000e+03 9.79909077e-01 5.00000000e-02
6.96800000e+03 1.04044156e+00 5.00000000e-02
6.96900000e+03 9.82036220e-01 5.00000000e-02
6.97000000e+03 1.03374293e+00 5.00000000e-02
6.97100000e+03 9.97446100e-01 5.00000000e-02
6.97200000e+03 1.03821883e+00 5.00000000e-02
6.97300000e+03 1.00236267e+00 5.00000000e-02
6.97400000e+03 9.93362727e-01 5.00000000e-02
6.97500000e+03 1.03537219e+00 5.00000000e-02
6.97600000e+03 1.05951506e+00 5.00000000e-02
6.97700000e+03 9.83420797e-01 5.00000000e-02
6.97800000e+03 8.95289503e-01 5.00000000e-02
6.97900000e+03 1.00858742e+00 5.00000000e-02
6.98000000e+03 1.01232660e+00 5.00000000e-02
6.98100000e+03 9.72694984e-01 5.00000000e-02
6.98200000e+03 9.32355624e-01 5.00000000e-02
6.98300000e+03 9.41701695e-01 5.00000000e-02
6.98400000e+03 9.99221341e-01 5.00000000e-02
6.98500000e+03 1.03270501e+00 5.00000000e-02
6.98600000e+03 1.05168995e+00 5.00000000e-02
6.98700000e+03 9.93285920e-01 5.00000000e-02
6.98800000e+03 1.04883398e+00 5.00000000e-02
6.98900000e+03 1.04304905e+00 5.00000000e-02
6.99000000e+03 1.03256640e+00 5.00000000e-02
6.99100000e+03 1.03086858e+00 5.00000000e-02
6.99200000e+03 9.95825621e-01 5.00000000e-02
6.99300000e+03 1.03180016e+00 5.00000000e-02
6.99400000e+03 1.02036114e+00 5.00000000e-02
6.99500000e+03 1.01106064e+00 5.00000000e-02
6.99600000e+03 1.11615153e+00 5.00000000e-02
6.99700000e+03 9.93281433e-01 5.00000000e-02
6.99800000e+03 1.06987608e+00 5.00000000e-02
6.99900000e+03 9.04545510e-01 5.00000000e-02
7.00000000e+03 1.06816288e+00 5.00000000e-02
7.00100000e+03 1.04046921e+00 5.00000000e-02
7.00200000e+03 9.82133263e-01 5.00000000e-02
7.00300000e+03 9.92119567e-01 5.00000000e-02
7.00400000e+03 1.06812664e+00 5.00000000e-02
7.00500000e+03 1.03089623e+00 5.00000000e-02
7.00600000e+03 9.98004786e-01 5.00000000e-02
7.00700000e+03 9.89779576e-01 5.00000000e-02
7.00800000e+03 1.00290091e+00 5.00000000e-02
7.00900000e+03 1.02730192e+00 5.00000000e-02
7.01000000e+03 1.08736529e+00 5.00000000e-02
7.01100000e+03 9.59377022e-01 5.00000000e-02
7.01200000e+03 1.00321642e+00 5.00000000e-02
7.01300000e+03 1.04239437e+00 5.00000000e-02
7.01400000e+03 1.03524453e+00 5.00000000e-02
7.01500000e+03 9.67812207e-01 5.00000000e-02
7.01600000e+03 1.02497912e+00 5.00000000e-02
7.01700000e+03 8.87358239e-01 5.00000000e-02
7.01800000e+03 1.02746906e+00 5.00000000e-02
7.01900000e+03 9.95523450e-01 5.00000000e-02
7.02000000e+03 9.49922655e-01 5.00000000e-02
7.02100000e+03 9.84951462e-01 5.00000000e-02
7.02200000e+03 9.38450786e-01 5.00000000e-02
7.02300000e+03 1.02528123e+00 5.00000000e-02
7.02400000e+03 9.97759970e-01 5.00000000e-02
7.02500000e+03 9.91445003e-01 5.00000000e-02
7.02600000e+03 1.06015067e+00 5.00000000e-02
7.02700000e+03 9.45270085e-01 5.00000000e-02
7.02800000e+03 9.77294655e-01 5.00000000e-02
7.02900000e+03 1.03029704e+00 5.00000000e-02
7.03000000e+03 1.04839571e+00 5.00000000e-02
7.03100000e+03 1.07453507e+00 5.00000000e-02
7.03200000e+03 9.21760804e-01 5.00000000e-02
7.03300000e+03 1.02109443e+00 5.00000000e-02
7.03400000e+03 1.00851879e+00 5.00000000e-02
7.03500000e+03 1.03870888e+00 5.00000000e-02
7.03600000e+03 9.89716455e-01 5.00000000e-02
7.03700000e+03 9.32940175e-01 5.00000000e-02
7.03800000e+03 1.00575266e+00 5.00000000e-02
7.03900000e+03 9.27176946e-01 5.00000000e-02
7.04000000e+03 9.05822060e-01 5.00000000e-02
7.04100000e+03 9.86567905e-01 5.00000000e-02
7.04200000e+03 1.04384009e+00 5.00000000e-02
7.04300000e+03 1.11240157e+00 5.00000000e-02
7.04400000e+03 9.69987656e-01 5.00000000e-02
7.04500000e+03 9.89406620e-01 5.00000000e-02
7.04600000e+03 1.00685094e+00 5.00000000e-02
7.04700000e+03 1.02946211e+00 5.00000000e-02
7.04800000e+03 1.07856857e+00 5.00000000e-02
7.04900000e+03 1.04415643e+00 5.00000000e-02
7.05000000e+03 1.00829521e+00 5.00000000e-02
7.05100000e+03 1.01980532e+00 5.00000000e-02
7.05200000e+03 1.00241645e+00 5.00000000e-02
7.05300000e+03 9.75392498e-01 5.00000000e-02
7.05400000e+03 9.98623589e-01 5.00000000e-02
7.05500000e+03 9.19422609e-01 5.00000000e-02
7.05600000e+03 1.13148080e+00 5.00000000e-02
7.05700000e+03 1.04380279e+00 5.00000000e-02
7.05800000e+03 1.03750899e+00 5.00000000e-02
7.05900000e+03 1.05691828e+00 5.00000000e-02
7.06000000e+03 9.83621535e-01 5.00000000e-02
7.06100000e+03 1.00718897e+00 5.00000000e-02
7.06200000e+03 1.03300392e+00 5.00000000e-02
7.06300000e+03 1.08793392e+00 5.00000000e-02
7.06400000e+03 1.05641937e+00 5.00000000e-02
7.06500000e+03 9.42519144e-01 5.00000000e-02
7.06600000e+03 9.86136339e-01 5.00000000e-02
7.06700000e+03 9.90629391e-01 5.00000000e-02
7.06800000e+03 9.93452552e-01 5.00000000e-02
7.06900000e+03 1.06612967e+00 5.00000000e-02
7.07000000e+03 9.96705978e-01 5.00000000e-02
7.07100000e+03 9.59459368e-01 5.00000000e-02
7.07200000e+03 9.99086854e-01 5.00000000e-02
7.07300000e+03 1.03641840e+00 5.00000000e-02
7.07400000e+03 9.87277218e-01 5.00000000e-02
7.07500000e+03 1.00923079e+00 5.00000000e-02
7.07600000e+03 9.96069745e-01 5.00000000e-02
7.07700000e+03 1.07549546e+00 5.00000000e-02
7.07800000e+03 1.02243856e+00 5.00000000e-02
7.07900000e+03 1.06532047e+00 5.00000000e-02
7.08000000e+03 9.66404258e-01 5.00000000e-02
7.08100000e+03 9.53424903e-01 5.00000000e-02
7.08200000e+03 1.00508283e+00 5.00000000e-02
7.08300000e+03 9.79601379e-01 5.00000000e-02
7.08400000e+03 9.94366182e-01 5.00000000e-02
7.08500000e+03 9.76816572e-01 5.00000000e-02
7.08600000e+03 1.01140270e+00 5.00000000e-02
7.08700000e+03 1.00135089e+00 5.00000000e-02
7.08800000e+03 9.35333080e-01 5.00000000e-02
7.08900000e+03 1.01233484e+00 5.00000000e-02
7.09000000e+03 9.47573425e-01 5.00000000e-02
7.09100000e+03 1.02446636e+00 5.00000000e-02
7.09200000e+03 1.07784388e+00 5.00000000e-02
7.09300000e+03 1.05899298e+00 5.00000000e-02
7.09400000e+03 9.76743691e-01 5.00000000e-02
7.09500000e+03 9.04560086e-01 5.00000000e-02
7.09600000e+03 1.10713703e+00 5.00000000e-02
7.09700000e+03 1.02609847e+00 5.00000000e-02
7.09800000e+03 9.60985780e-01 5.00000000e-02
7.09900000e+03 9.10946537e-01 5.00000000e-02
7.10000000e+03 9.94829867e-01 5.00000000e-02
7.10100000e+03 1.03875731e+00 5.00000000e-02
7.10200000e+03 1.01439223e+00 5.00000000e-02
7.10300000e+03 1.03274960e+00 5.00000000e-02
7.10400000e+03 1.07948197e+00 5.00000000e-02
7.10500000e+03 9.44335149e-01 5.00000000e-02
7.10600000e+03 9.70652342e-01 5.00000000e-02
7.10700000e+03 9.99478921e-01 5.00000000e-02
7.10800000e+03 1.02346699e+00 5.00000000e-02
7.10900000e+03 9.94065563e-01 5.00000000e-02
7.11000000e+03 1.01329449e+00 5.00000000e-02
7.11100000e+03 1.01816254e+00 5.00000000e-02
7.11200000e+03 1.03686007e+00 5.00000000e-02
7.11300000e+03 9.45553671e-01 5.00000000e-02
7.11400000e+03 9.51493223e-01 5.00000000e-02
7.11500000e+03 9.61364340e-01 5.00000000e-02
7.11600000e+03 9.59047763e-01 5.00000000e-02
7.11700000e+03 1.09961028e+00 5.00000000e-02
7.11800000e+03 9.83215626e-01 5.00000000e-02
7.11900000e+03 1.02739916e+00 5.00000000e-02
7.12000000e+03 9.82667357e-01 5.00000000e-02
7.12100000e+03 9.90628181e-01 5.00000000e-02
7.12200000e+03 1.02143533e+00 5.00000000e-02
7.12300000e+03 1.06877649e+00 5.00000000e-02
7.12400000e+03 1.02733655e+00 5.00000000e-02
7.12500000e+03 9.63450408e-01 5.00000000e-02
7.12600000e+03 9.13030038e-01 5.00000000e-02
7.12700000e+03 1.00523223e+00 5.00000000e-02
7.12800000e+03 9.60571306e-01 5.00000000e-02
7.12900000e+03 9.71265527e-01 5.00000000e-02
7.13000000e+03 9.88906799e-01 5.00000000e-02
7.13100000e+03 9.71054399e-01 5.00000000e-02
7.13200000e+03 9.82481357e-01 5.00000000e-02
7.13300000e+03 9.70107077e-01 5.00000000e-02
7.13400000e+03 9.88818532e-01 5.00000000e-02
7.13500000e+03 1.01470516e+00 5.00000000e-02
7.13600000e+03 9.06813576e-01 5.00000000e-02
7.13700000e+03 9.12127213e-01 5.00000000e-02
7.13800000e+03 1.06586355e+00 5.00000000e-02
7.13900000e+03 1.06109950e+00 5.00000000e-02
7.14000000e+03 9.94400290e-01 5.00000000e-02
7.14100000e+03 1.07375070e+00 5.00000000e-02
7.14200000e+03 1.05941849e+00 5.00000000e-02
7.14300000e+03 1.03344612e+00 5.00000000e-02
7.14400000e+03 1.06787169e+00 5.00000000e-02
7.14500000e+03 9.41938950e-01 5.00000000e-02
7.14600000e+03 9.85908113e-01 5.00000000e-02
7.14700000e+03 9.18652522e-01 5.00000000e-02
7.14800000e+03 9.88324617e-01 5.00000000e-02
7.14900000e+03 9.98102458e-01 5.00000000e-02
7.15000000e+03 1.04077790e+00 5.00000000e-02
7.15100000e+03 1.02585771e+00 5.00000000e-02
7.15200000e+03 9.90804242e-01 5.00000000e-02
7.15300000e+03 1.05091638e+00 5.00000000e-02
7.15400000e+03 9.62001591e-01 5.00000000e-02
7.15500000e+03 9.56124276e-01 5.00000000e-02
7.15600000e+03 1.02676193e+00 5.00000000e-02
7.15700000e+03 1.03815598e+00 5.00000000e-02
7.15800000e+03 9.77593976e-01 5.00000000e-02
7.15900000e+03 1.00396144e+00 5.00000000e-02
7.16000000e+03 1.05163834e+00 5.00000000e-02
7.16100000e+03 1.04193661e+00 5.00000000e-02
7.16200000e+03 9.32990594e-01 5.00000000e-02
7.16300000e+03 9.91631870e-01 5.00000000e-02
7.16400000e+03 9.48161131e-01 5.00000000e-02
7.16500000e+03 9.92709472e-01 5.00000000e-02
7.16600000e+03 1.00437334e+00 5.00000000e-02
7.16700000e+03 1.02847259e+00 5.00000000e-02
7.16800000e+03 1.12703853e+00 5.00000000e-02
7.16900000e+03 9.33676171e-01 5.00000000e-02
7.17000000e+03 9.23618022e-01 5.00000000e-02
7.17100000e+03 9.51541196e-01 5.00000000e-02
7.17200000e+03 1.04650413e+00 5.00000000e-02
7.17300000e+03 1.02078322e+00 5.00000000e-02
7.17400000e+03 1.03002385e+00 5.00000000e-02
7.17500000e+03 1.08959865e+00 5.00000000e-02
7.17600000e+03 1.02736828e+00 5.00000000e-02
7.17700000e+03 9.58017608e-01 5.00000000e-02
7.17800000e+03 9.95853242e-01 5.00000000e-02
7.17900000e+03 1.00573801e+00 5.00000000e-02
7.18000000e+03 1.03359075e+00 5.00000000e-02
7.18100000e+03 9.98972269e-01 5.00000000e-02
7.18200000e+03 9.74121158e-01 5.00000000e-02
7.18300000e+03 9.70490668e-01 5.00000000e-02
7.18400000e+03 9.91876194e-01 5.00000000e-02
7.18500000e+03 1.07006016e+00 5.00000000e-02
7.18600000e+03 9.99445050e-01 5.00000000e-02
7.18700000e+03 9.84652849e-01 5.00000000e-02
7.18800000e+03 1.14196274e+00 5.00000000e-02
7.18900000e+03 1.05277489e+00 5.00000000e-02
7.19000000e+03 1.04175949e+00 5.00000000e-02
7.19100000e+03 1.11149869e+00 5.00000000e-02
7.19200000e+03 1.18346559e+00 5.00000000e-02
7.19300000e+03 1.00556148e+00 5.00000000e-02
7.19400000e+03 1.14545626e+00 5.00000000e-02
7.19500000e+03 1.08788545e+00 5.00000000e-02
7.19600000e+03 1.04843545e+00 5.00000000e-02
7.19700000e+03 1.10747142e+00 5.00000000e-02
7.19800000e+03 1.04992255e+00 5.00000000e-02
7.19900000e+03 1.02851604e+00 5.00000000e-02
7.20000000e+03 1.10469597e+00 5.00000000e-02
7.20100000e+03 1.18495726e+00 5.00000000e-02
7.20200000e+03 1.08067838e+00 5.00000000e-02
7.20300000e+03 1.05111527e+00 5.00000000e-02
7.20400000e+03 1.07300185e+00 5.00000000e-02
7.20500000e+03 1.19654920e+00 5.00000000e-02
7.20600000e+03 1.14532727e+00 5.00000000e-02
7.20700000e+03 1.23308064e+00 5.00000000e-02
7.20800000e+03 1.13120804e+00 5.00000000e-02
7.20900000e+03 1.15122236e+00 5.00000000e-02
7.21000000e+03 1.09249714e+00 5.00000000e-02
7.21100000e+03 1.21660016e+00 5.00000000e-02
7.21200000e+03 1.21127352e+00 5.00000000e-02
7.21300000e+03 1.26887940e+00 5.00000000e-02
7.21400000e+03 1.21799145e+00 5.00000000e-02
7.21500000e+03 1.17333844e+00 5.00000000e-02
7.21600000e+03 1.13418543e+00 5.00000000e-02
7.21700000e+03 1.21486723e+00 5.00000000e-02
7.21800000e+03 1.20347197e+00 5.00000000e-02
7.21900000e+03 1.13942467e+00 5.00000000e-02
7.22000000e+03 1.16710464e+00 5.00000000e-02
7.22100000e+03 1.21645108e+00 5.00000000e-02
7.22200000e+03 1.23309057e+00 5.00000000e-02
7.22300000e+03 1.25206762e+00 5.00000000e-02
7.22400000e+03 1.37004131e+00 5.00000000e-02
7.22500000e+03 1.17502396e+00 5.00000000e-02
7.22600000e+03 1.28115177e+00 5.00000000e-02
7.22700000e+03 1.24066648e+00 5.00000000e-02
7.22800000e+03 1.35782464e+00 5.00000000e-02
7.22900000e+03 1.38657150e+00 5.00000000e-02
7.23000000e+03 1.28684633e+00 5.00000000e-02
7.23100000e+03 1.34873443e+00 5.00000000e-02
7.23200000e+03 1.39760550e+00 5.00000000e-02
7.23300000e+03 1.31635317e+00 5.00000000e-02
7.23400000e+03 1.40645823e+00 5.00000000e-02
7.23500000e+03 1.35750968e+00 5.00000000e-02
7.23600000e+03 1.35269282e+00 5.00000000e-02
7.23700000e+03 1.33452217e+00 5.00000000e-02
7.23800000e+03 1.35071585e+00 5.00000000e-02
7.23900000e+03 1.36895398e+00 5.00000000e-02
7.24000000e+03 1.44372311e+00 5.00000000e-02
7.24100000e+03 1.34194198e+00 5.00000000e-02
7.24200000e+03 1.38257129e+00 5.00000000e-02
7.24300000e+03 1.46193930e+00 5.00000000e-02
7.24400000e+03 1.36155309e+00 5.00000000e-02
7.24500000e+03 1.53052408e+00 5.00000000e-02
7.24600000e+03 1.49810688e+00 5.00000000e-02
7.24700000e+03 1.48098340e+00 5.00000000e-02
7.24800000e+03 1.39207379e+00 5.00000000e-02
7.24900000e+03 1.42463700e+00 5.00000000e-02
7.25000000e+03 1.52598021e+00 5.00000000e-02
7.25100000e+03 1.53053258e+00 5.00000000e-02
7.25200000e+03 1.51327327e+00 5.00000000e-02
7.25300000e+03 1.51540706e+00 5.00000000e-02
7.25400000e+03 1.46788668e+00 5.00000000e-02
7.25500000e+03 1.45431155e+00 5.00000000e-02
7.25600000e+03 1.44417118e+00 5.00000000e-02
7.25700000e+03 1.53378854e+00 5.00000000e-02
7.25800000e+03 1.63159152e+00 5.00000000e-02
7.25900000e+03 1.57202794e+00 5.00000000e-02
7.26000000e+03 1.61445798e+00 5.00000000e-02
7.26100000e+03 1.63318685e+00 5.00000000e-02
7.26200000e+03 1.54452564e+00 5.00000000e-02
7.26300000e+03 1.52534158e+00 5.00000000e-02
7.26400000e+03 1.58420194e+00 5.00000000e-02
7.26500000e+03 1.54307237e+00 5.00000000e-02
7.26600000e+03 1.52293648e+00 5.00000000e-02
7.26700000e+03 1.58547970e+00 5.00000000e-02
7.26800000e+03 1.54434737e+00 5.00000000e-02
7.26900000e+03 1.57996090e+00 5.00000000e-02
7.27000000e+03 1.54157457e+00 5.00000000e-02
7.27100000e+03 1.51103027e+00 5.00000000e-02
7.27200000e+03 1.50527061e+00 5.00000000e-02
7.27300000e+03 1.56529531e+00 5.00000000e-02
7.27400000e+03 1.60099434e+00 5.00000000e-02
7.27500000e+03 1.62000165e+00 5.00000000e-02
7.27600000e+03 1.62526642e+00 5.00000000e-02
7.27700000e+03 1.59698808e+00 5.00000000e-02
7.27800000e+03 1.52890537e+00 5.00000000e-02
7.27900000e+03 1.61860377e+00 5.00000000e-02
7.28000000e+03 1.59351407e+00 5.00000000e-02
7.28100000e+03 1.56108745e+00 5.00000000e-02
7.28200000e+03 1.54533541e+00 5.00000000e-02
7.28300000e+03 1.58934267e+00 5.00000000e-02
7.28400000e+03 1.62603445e+00 5.00000000e-02
7.28500000e+03 1.62299638e+00 5.00000000e-02
7.28600000e+03 1.61104372e+00 5.00000000e-02
7.28700000e+03 1.48604069e+00 5.00000000e-02
7.28800000e+03 1.57799851e+00 5.00000000e-02
7.28900000e+03 1.52378456e+00 5.00000000e-02
7.29000000e+03 1.56342769e+00 5.00000000e-02
7.29100000e+03 1.49667801e+00 5.00000000e-02
7.29200000e+03 1.59533582e+00 5.00000000e-02
7.29300000e+03 1.50834546e+00 5.00000000e-02
7.29400000e+03 1.45052298e+00 5.00000000e-02
7.29500000e+03 1.52951009e+00 5.00000000e-02
7.29600000e+03 1.51790477e+00 5.00000000e-02
7.29700000e+03 1.52123111e+00 5.00000000e-02
7.29800000e+03 1.51934771e+00 5.00000000e-02
7.29900000e+03 1.57845155e+00 5.00000000e-02
7.30000000e+03 1.50449375e+00 5.00000000e-02
7.30100000e+03 1.43235321e+00 5.00000000e-02
7.30200000e+03 1.51811255e+00 5.00000000e-02
7.30300000e+03 1.42481366e+00 5.00000000e-02
7.30400000e+03 1.44480442e+00 5.00000000e-02
7.30500000e+03 1.44787296e+00 5.00000000e-02
7.30600000e+03 1.35279569e+00 5.00000000e-02
7.30700000e+03 1.48796241e+00 5.00000000e-02
7.30800000e+03 1.37326688e+00 5.00000000e-02
7.30900000e+03 1.40242600e+00 5.00000000e-02
7.31000000e+03 1.46221673e+00 5.00000000e-02
7.31100000e+03 1.46645478e+00 5.00000000e-02
7.31200000e+03 1.34356337e+00 5.00000000e-02
7.31300000e+03 1.40790646e+00 5.00000000e-02
7.31400000e+03 1.34599558e+00 5.00000000e-02
7.31500000e+03 1.33616152e+00 5.00000000e-02
7.31600000e+03 1.33344840e+00 5.00000000e-02
7.31700000e+03 1.39004050e+00 5.00000000e-02
7.31800000e+03 1.40650157e+00 5.00000000e-02
7.31900000e+03 1.19962273e+00 5.00000000e-02
7.32000000e+03 1.30791221e+00 5.00000000e-02
7.32100000e+03 1.35216815e+00 5.00000000e-02
7.32200000e+03 1.28127680e+00 5.00000000e-02
7.32300000e+03 1.27899622e+00 5.00000000e-02
7.32400000e+03 1.33115187e+00 5.00000000e-02
7.32500000e+03 1.37545946e+00 5.00000000e-02
7.32600000e+03 1.22813719e+00 5.00000000e-02
7.32700000e+03 1.26880790e+00 5.00000000e-02
7.32800000e+03 1.24382726e+00 5.00000000e-02
7.32900000e+03 1.18994206e+00 5.00000000e-02
7.33000000e+03 1.20783951e+00 5.00000000e-02
7.33100000e+03 1.23443094e+00 5.00000000e-02
7.33200000e+03 1.21792269e+00 5.00000000e-02
7.33300000e+03 1.23907595e+00 5.00000000e-02
7.33400000e+03 1.22713266e+00 5.00000000e-02
7.33500000e+03 1.14857247e+00 5.00000000e-02
7.33600000e+03 1.17740433e+00 5.00000000e-02
7.33700000e+03 1.10678463e+00 5.00000000e-02
7.33800000e+03 1.18201396e+00 5.00000000e-02
7.33900000e+03 1.16206828e+00 5.00000000e-02
7.34000000e+03 1.25710767e+00 5.00000000e-02
7.34100000e+03 1.18490687e+00 5.00000000e-02
7.34200000e+03 1.20166328e+00 5.00000000e-02
7.34300000e+03 1.11705562e+00 5.00000000e-02
7.34400000e+03 1.14032619e+00 5.00000000e-02
7.34500000e+03 1.10058047e+00 5.00000000e-02
7.34600000e+03 1.24382854e+00 5.00000000e-02
7.34700000e+03 1.14079353e+00 5.00000000e-02
7.34800000e+03 1.15482724e+00 5.00000000e-02
7.34900000e+03 1.08243235e+00 5.00000000e-02
7.35000000e+03 1.09216809e+00 5.00000000e-02
7.35100000e+03 1.08986374e+00 5.00000000e-02
7.35200000e+03 1.04690334e+00 5.00000000e-02
7.35300000e+03 1.05200874e+00 5.00000000e-02
7.35400000e+03 1.14501303e+00 5.00000000e-02
7.35500000e+03 1.14981384e+00 5.00000000e-02
7.35600000e+03 1.06894508e+00 5.00000000e-02
7.35700000e+03 9.71855067e-01 5.00000000e-02
7.35800000e+03 1.08583246e+00 5.00000000e-02
7.35900000e+03 1.09442506e+00 5.00000000e-02
7.36000000e+03 1.12917446e+00 5.00000000e-02
7.36100000e+03 1.03281518e+00 5.00000000e-02
7.36200000e+03 1.05376979e+00 5.00000000e-02
7.36300000e+03 1.05783043e+00 5.00000000e-02
7.36400000e+03 1.03726182e+00 5.00000000e-02
7.36500000e+03 1.01497947e+00 5.00000000e-02
7.36600000e+03 1.03885508e+00 5.00000000e-02
7.36700000e+03 1.03155483e+00 5.00000000e-02
7.36800000e+03 9.91679057e-01 5.00000000e-02
7.36900000e+03 9.67363108e-01 5.00000000e-02
7.37000000e+03 1.04077567e+00 5.00000000e-02
7.37100000e+03 1.07747129e+00 5.00000000e-02
7.37200000e+03 9.11907924e-01 5.00000000e-02
7.37300000e+03 9.18439982e-01 5.00000000e-02
7.37400000e+03 9.90825918e-01 5.00000000e-02
7.37500000e+03 9.57432881e-01 5.00000000e-02
7.37600000e+03 9.82270429e-01 5.00000000e-02
7.37700000e+03 1.07546148e+00 5.00000000e-02
7.37800000e+03 9.79192983e-01 5.00000000e-02
7.37900000e+03 1.05499190e+00 5.00000000e-02
7.38000000e+03 9.75285484e-01 5.00000000e-02
7.38100000e+03 1.07625567e+00 5.00000000e-02
7.38200000e+03 1.04124784e+00 5.00000000e-02
7.38300000e+03 1.06896050e+00 5.00000000e-02
7.38400000e+03 9.58224435e-01 5.00000000e-02
7.38500000e+03 1.07215012e+00 5.00000000e-02
7.38600000e+03 1.01891699e+00 5.00000000e-02
7.38700000e+03 9.88244580e-01 5.00000000e-02
7.38800000e+03 9.90528724e-01 5.00000000e-02
7.38900000e+03 1.02509708e+00 5.00000000e-02
7.39000000e+03 1.00167827e+00 5.00000000e-02
7.39100000e+03 1.01453412e+00 5.00000000e-02
7.39200000e+03 1.01095936e+00 5.00000000e-02
7.39300000e+03 9.41252574e-01 5.00000000e-02
7.39400000e+03 1.02521163e+00 5.00000000e-02
7.39500000e+03 1.01782848e+00 5.00000000e-02
7.39600000e+03 1.03508169e+00 5.00000000e-02
7.39700000e+03 1.02747483e+00 5.00000000e-02
7.39800000e+03 1.03003126e+00 5.00000000e-02
7.39900000e+03 9.68244651e-01 5.00000000e-02
7.40000000e+03 1.02092834e+00 5.00000000e-02
7.40100000e+03 9.59462681e-01 5.00000000e-02
7.40200000e+03 9.71248332e-01 5.00000000e-02
7.40300000e+03 1.02343699e+00 5.00000000e-02
7.40400000e+03 1.04474697e+00 5.00000000e-02
7.40500000e+03 1.02455205e+00 5.00000000e-02
7.40600000e+03 1.10249150e+00 5.00000000e-02
7.40700000e+03 1.05255373e+00 5.00000000e-02
7.40800000e+03 1.05409250e+00 5.00000000e-02
7.40900000e+03 1.00524938e+00 5.00000000e-02
7.41000000e+03 9.52918781e-01 5.00000000e-02
7.41100000e+03 1.03475555e+00 5.00000000e-02
7.41200000e+03 9.35073657e-01 5.00000000e-02
7.41300000e+03 1.03937228e+00 5.00000000e-02
7.41400000e+03 9.56672539e-01 5.00000000e-02
7.41500000e+03 1.03921742e+00 5.00000000e-02
7.41600000e+03 1.02590731e+00 5.00000000e-02
7.41700000e+03 1.01582238e+00 5.00000000e-02
7.41800000e+03 1.04262725e+00 5.00000000e-02
7.41900000e+03 1.04095693e+00 5.00000000e-02
7.42000000e+03 9.59468297e-01 5.00000000e-02
7.42100000e+03 1.05027569e+00 5.00000000e-02
7.42200000e+03 1.02471670e+00 5.00000000e-02
7.42300000e+03 1.00404600e+00 5.00000000e-02
7.42400000e+03 1.03393397e+00 5.00000000e-02
7.42500000e+03 9.92624071e-01 5.00000000e-02
7.42600000e+03 1.06408473e+00 5.00000000e-02
7.42700000e+03 1.05471184e+00 5.00000000e-02
7.42800000e+03 1.01356125e+00 5.00000000e-02
7.42900000e+03 9.41698825e-01 5.00000000e-02
7.43000000e+03 9.98655260e-01 5.00000000e-02
7.43100000e+03 1.00305649e+00 5.00000000e-02
7.43200000e+03 1.02237865e+00 5.00000000e-02
7.43300000e+03 1.03978774e+00 5.00000000e-02
7.43400000e+03 1.01475764e+00 5.00000000e-02
7.43500000e+03 1.09262153e+00 5.00000000e-02
7.43600000e+03 1.05722755e+00 5.00000000e-02
7.43700000e+03 9.28470750e-01 5.00000000e-02
7.43800000e+03 9.87879361e-01 5.00000000e-02
7.43900000e+03 1.07597477e+00 5.00000000e-02
7.44000000e+03 1.03539859e+00 5.00000000e-02
7.44100000e+03 1.02741067e+00 5.00000000e-02
7.44200000e+03 9.65623045e-01 5.00000000e-02
7.44300000e+03 9.76200753e-01 5.00000000e-02
7.44400000e+03 1.02157692e+00 5.00000000e-02
7.44500000e+03 1.01619830e+00 5.00000000e-02
7.44600000e+03 8.93549271e-01 5.00000000e-02
7.44700000e+03 1.04560723e+00 5.00000000e-02
7.44800000e+03 1.05517450e+00 5.00000000e-02
7.44900000e+03 1.01936173e+00 5.00000000e-02
7.45000000e+03 9.33173015e-01 5.00000000e-02
7.45100000e+03 1.02132884e+00 5.00000000e-02
7.45200000e+03 1.01176776e+00 5.00000000e-02
7.45300000e+03 9.55165810e-01 5.00000000e-02
7.45400000e+03 1.01611489e+00 5.00000000e-02
7.45500000e+03 8.42730255e-01 5.00000000e-02
7.45600000e+03 1.03483401e+00 5.00000000e-02
7.45700000e+03 1.02414155e+00 5.00000000e-02
7.45800000e+03 9.64577699e-01 5.00000000e-02
7.45900000e+03 1.00637669e+00 5.00000000e-02
7.46000000e+03 1.00736136e+00 5.00000000e-02
7.46100000e+03 9.85116177e-01 5.00000000e-02
7.46200000e+03 1.07881529e+00 5.00000000e-02
7.46300000e+03 1.08122212e+00 5.00000000e-02
7.46400000e+03 9.67422972e-01 5.00000000e-02
7.46500000e+03 1.03467129e+00 5.00000000e-02
7.46600000e+03 1.07132898e+00 5.00000000e-02
7.46700000e+03 1.10030924e+00 5.00000000e-02
7.46800000e+03 1.04035291e+00 5.00000000e-02
7.46900000e+03 1.05036875e+00 5.00000000e-02
7.47000000e+03 1.08974122e+00 5.00000000e-02
7.47100000e+03 1.11988614e+00 5.00000000e-02
7.47200000e+03 1.03756934e+00 5.00000000e-02
7.47300000e+03 9.50536467e-01 5.00000000e-02
7.47400000e+03 9.86663417e-01 5.00000000e-02
7.47500000e+03 1.05051041e+00 5.00000000e-02
7.47600000e+03 1.02332583e+00 5.00000000e-02
7.47700000e+03 9.31930586e-01 5.00000000e-02
7.47800000e+03 9.85394458e-01 5.00000000e-02
7.47900000e+03 1.07559014e+00 5.00000000e-02
7.48000000e+03 1.00580878e+00 5.00000000e-02
7.48100000e+03 9.53498575e-01 5.00000000e-02
7.48200000e+03 1.06302008e+00 5.00000000e-02
7.48300000e+03 9.86920069e-01 5.00000000e-02
7.48400000e+03 9.44256403e-01 5.00000000e-02
7.48500000e+03 9.79938717e-01 5.00000000e-02
7.48600000e+03 1.03326885e+00 5.00000000e-02
7.48700000e+03 9.77571082e-01 5.00000000e-02
7.48800000e+03 9.69457860e-01 5.00000000e-02
7.48900000e+03 1.00527367e+00 5.00000000e-02
7.49000000e+03 1.05746437e+00 5.00000000e-02
7.49100000e+03 1.00485926e+00 5.00000000e-02
7.49200000e+03 1.04065673e+00 5.00000000e-02
7.49300000e+03 9.79083488e-01 5.00000000e-02
7.49400000e+03 9.42474831e-01 5.00000000e-02
7.49500000e+03 1.04510310e+00 5.00000000e-02
7.49600000e+03 1.00391789e+00 5.00000000e-02
7.49700000e+03 9.64699913e-01 5.00000000e-02
7.49800000e+03 9.50703368e-01 5.00000000e-02
7.49900000e+03 1.06927453e+00 5.00000000e-02
7.50000000e+03 9.69586368e-01 5.00000000e-02
7.50100000e+03 9.79039893e-01 5.00000000e-02
7.50200000e+03 1.04415960e+00 5.00000000e-02
7.50300000e+03 9.48621050e-01 5.00000000e-02
7.50400000e+03 1.06708433e+00 5.00000000e-02
7.50500000e+03 9.51861306e-01 5.00000000e-02
7.50600000e+03 1.02853189e+00 5.00000000e-02
7.50700000e+03 1.01097365e+00 5.00000000e-02
7.50800000e+03 9.53968087e-01 5.00000000e-02
7.50900000e+03 1.01242418e+00 5.00000000e-02
7.51000000e+03 9.72131098e-01 5.00000000e-02
7.51100000e+03 1.01923205e+00 5.00000000e-02
7.51200000e+03 1.02290489e+00 5.00000000e-02
7.51300000e+03 9.48158123e-01 5.00000000e-02
7.51400000e+03 1.01861003e+00 5.00000000e-02
7.51500000e+03 1.03254255e+00 5.00000000e-02
7.51600000e+03 1.03692188e+00 5.00000000e-02
7.51700000e+03 1.00842966e+00 5.00000000e-02
7.51800000e+03 9.63530488e-01 5.00000000e-02
7.51900000e+03 9.61892925e-01 5.00000000e-02
7.52000000e+03 1.06608486e+00 5.00000000e-02
7.52100000e+03 1.04348294e+00 5.00000000e-02
7.52200000e+03 9.57130365e-01 5.00000000e-02
7.52300000e+03 1.00470651e+00 5.00000000e-02
7.52400000e+03 9.44672331e-01 5.00000000e-02
7.52500000e+03 1.03136981e+00 5.00000000e-02
7.52600000e+03 9.42698513e-01 5.00000000e-02
7.52700000e+03 9.40568039e-01 5.00000000e-02
7.52800000e+03 1.10130279e+00 5.00000000e-02
7.52900000e+03 9.28183562e-01 5.00000000e-02
7.53000000e+03 9.06855786e-01 5.00000000e-02
7.53100000e+03 9.83919011e-01 5.00000000e-02
7.53200000e+03 9.81308375e-01 5.00000000e-02
7.53300000e+03 9.82036981e-01 5.00000000e-02
7.53400000e+03 1.05969345e+00 5.00000000e-02
7.53500000e+03 1.05765105e+00 5.00000000e-02
7.53600000e+03 1.02889956e+00 5.00000000e-02
7.53700000e+03 9.83495706e-01 5.00000000e-02
7.53800000e+03 9.05575451e-01 5.00000000e-02
7.53900000e+03 1.03632246e+00 5.00000000e-02
7.54000000e+03 1.01194790e+00 5.00000000e-02
7.54100000e+03 1.00361527e+00 5.00000000e-02
7.54200000e+03 9.37641442e-01 5.00000000e-02
7.54300000e+03 9.93445375e-01 5.00000000e-02
7.54400000e+03 1.06501430e+00 5.00000000e-02
7.54500000e+03 1.10727892e+00 5.00000000e-02
7.54600000e+03 9.83315745e-01 5.00000000e-02
7.54700000e+03 1.02219978e+00 5.00000000e-02
7.54800000e+03 1.03318372e+00 5.00000000e-02
7.54900000e+03 9.73711656e-01 5.00000000e-02
7.55000000e+03 1.05686760e+00 5.00000000e-02
7.55100000e+03 1.07509458e+00 5.00000000e-02
7.55200000e+03 9.49647464e-01 5.00000000e-02
7.55300000e+03 1.11465264e+00 5.00000000e-02
7.55400000e+03 1.03149966e+00 5.00000000e-02
7.55500000e+03 1.09308052e+00 5.00000000e-02
7.55600000e+03 1.09565169e+00 5.00000000e-02
7.55700000e+03 1.03973327e+00 5.00000000e-02
7.55800000e+03 9.88514264e-01 5.00000000e-02
7.55900000e+03 1.00551429e+00 5.00000000e-02
7.56000000e+03 1.02113135e+00 5.00000000e-02
7.56100000e+03 1.06510540e+00 5.00000000e-02
7.56200000e+03 9.72003710e-01 5.00000000e-02
7.56300000e+03 1.01969902e+00 5.00000000e-02
7.56400000e+03 1.06555803e+00 5.00000000e-02
7.56500000e+03 9.31152088e-01 5.00000000e-02
7.56600000e+03 1.05173580e+00 5.00000000e-02
7.56700000e+03 9.95110838e-01 5.00000000e-02
7.56800000e+03 9.58762179e-01 5.00000000e-02
7.56900000e+03 9.97959218e-01 5.00000000e-02
7.57000000e+03 9.30948324e-01 5.00000000e-02
7.57100000e+03 1.07988311e+00 5.00000000e-02
7.57200000e+03 9.61347941e-01 5.00000000e-02
7.57300000e+03 9.42666901e-01 5.00000000e-02
7.57400000e+03 9.82436999e-01 5.00000000e-02
7.57500000e+03 9.99667269e-01 5.00000000e-02
7.57600000e+03 9.66907470e-01 5.00000000e-02
7.57700000e+03 1.07659833e+00 5.00000000e-02
7.57800000e+03 1.05734733e+00 5.00000000e-02
7.57900000e+03 9.55701168e-01 5.00000000e-02
7.58000000e+03 8.94739089e-01 5.00000000e-02
7.58100000e+03 1.08277362e+00 5.00000000e-02
7.58200000e+03 9.78356349e-01 5.00000000e-02
7.58300000e+03 9.52307848e-01 5.00000000e-02
7.58400000e+03 1.09149327e+00 5.00000000e-02
7.58500000e+03 1.00387575e+00 5.00000000e-02
7.58600000e+03 9.49672111e-01 5.00000000e-02
7.58700000e+03 9.55347259e-01 5.00000000e-02
7.58800000e+03 1.09550084e+00 5.00000000e-02
7.58900000e+03 1.06811876e+00 5.00000000e-02
7.59000000e+03 1.00267588e+00 5.00000000e-02
7.59100000e+03 1.04230569e+00 5.00000000e-02
7.59200000e+03 9.94273486e-01 5.00000000e-02
7.59300000e+03 9.91868716e-01 5.00000000e-02
7.59400000e+03 1.03641876e+00 5.00000000e-02
7.59500000e+03 1.01099144e+00 5.00000000e-02
7.59600000e+03 1.03645354e+00 5.00000000e-02
7.59700000e+03 1.04469868e+00 5.00000000e-02
7.59800000e+03 1.05957279e+00 5.00000000e-02
7.59900000e+03 9.26754300e-01 5.00000000e-02
7.60000000e+03 9.21593444e-01 5.00000000e-02
7.60100000e+03 9.91606485e-01 5.00000000e-02
7.60200000e+03 9.11975221e-01 5.00000000e-02
7.60300000e+03 1.00039687e+00 5.00000000e-02
7.60400000e+03 1.01132232e+00 5.00000000e-02
7.60500000e+03 1.01032771e+00 5.00000000e-02
7.60600000e+03 1.06706178e+00 5.00000000e-02
7.60700000e+03 9.37361993e-01 5.00000000e-02
7.60800000e+03 9.22953953e-01 5.00000000e-02
7.60900000e+03 1.02371359e+00 5.00000000e-02
7.61000000e+03 9.70854019e-01 5.00000000e-02
7.61100000e+03 1.00219554e+00 5.00000000e-02
7.61200000e+03 1.05558462e+00 5.00000000e-02
7.61300000e+03 1.03511255e+00 5.00000000e-02
7.61400000e+03 9.88423550e-01 5.00000000e-02
7.61500000e+03 1.09694931e+00 5.00000000e-02
7.61600000e+03 9.44208859e-01 5.00000000e-02
7.61700000e+03 9.97793007e-01 5.00000000e-02
7.61800000e+03 9.40687501e-01 5.00000000e-02
7.61900000e+03 1.00654313e+00 5.00000000e-02
7.62000000e+03 1.01302713e+00 5.00000000e-02
7.62100000e+03 9.51925115e-01 5.00000000e-02
7.62200000e+03 1.07101393e+00 5.00000000e-02
7.62300000e+03 1.04358928e+00 5.00000000e-02
7.62400000e+03 1.03302229e+00 5.00000000e-02
7.62500000e+03 1.05409764e+00 5.00000000e-02
7.62600000e+03 1.09234746e+00 5.00000000e-02
7.62700000e+03 9.87331022e-01 5.00000000e-02
7.62800000e+03 9.33373702e-01 5.00000000e-02
7.62900000e+03 9.71256177e-01 5.00000000e-02
7.63000000e+03 9.33908837e-01 5.00000000e-02
7.63100000e+03 1.04994094e+00 5.00000000e-02
7.63200000e+03 9.56625372e-01 5.00000000e-02
7.63300000e+03 1.02564893e+00 5.00000000e-02
7.63400000e+03 9.51857952e-01 5.00000000e-02
7.63500000e+03 1.01243709e+00 5.00000000e-02
7.63600000e+03 9.21266700e-01 5.00000000e-02
7.63700000e+03 1.01753113e+00 5.00000000e-02
7.63800000e+03 9.97344433e-01 5.00000000e-02
7.63900000e+03 9.70258825e-01 5.00000000e-02
7.64000000e+03 1.05205789e+00 5.00000000e-02
7.64100000e+03 9.94902759e-01 5.00000000e-02
7.64200000e+03 9.81391210e-01 5.00000000e-02
7.64300000e+03 1.03540793e+00 5.00000000e-02
7.64400000e+03 1.03169401e+00 5.00000000e-02
7.64500000e+03 9.95720453e-01 5.00000000e-02
7.64600000e+03 1.11686176e+00 5.00000000e-02
7.64700000e+03 1.05363135e+00 5.00000000e-02
7.64800000e+03 1.04520381e+00 5.00000000e-02
7.64900000e+03 1.01680794e+00 5.00000000e-02
7.65000000e+03 9.65921986e-01 5.00000000e-02
7.65100000e+03 1.06983010e+00 5.00000000e-02
7.65200000e+03 9.70148657e-01 5.00000000e-02
7.65300000e+03 1.03306290e+00 5.00000000e-02
7.65400000e+03 1.00930959e+00 5.00000000e-02
7.65500000e+03 1.00228336e+00 5.00000000e-02
7.65600000e+03 9.47538636e-01 5.00000000e-02
7.65700000e+03 1.06063552e+00 5.00000000e-02
7.65800000e+03 1.09771371e+00 5.00000000e-02
7.65900000e+03 1.00357840e+00 5.00000000e-02
7.66000000e+03 9.68527095e-01 5.00000000e-02
7.66100000e+03 9.92015746e-01 5.00000000e-02
7.66200000e+03 1.02602911e+00 5.00000000e-02
7.66300000e+03 1.00731889e+00 5.00000000e-02
7.66400000e+03 1.08895601e+00 5.00000000e-02
7.66500000e+03 1.00454771e+00 5.00000000e-02
7.66600000e+03 9.96318568e-01 5.00000000e-02
7.66700000e+03 1.05959449e+00 5.00000000e-02
7.66800000e+03 9.08295338e-01 5.00000000e-02
7.66900000e+03 9.53276713e-01 5.00000000e-02
7.67000000e+03 9.41899156e-01 5.00000000e-02
7.67100000e+03 9.95770091e-01 5.00000000e-02
7.67200000e+03 9.52614046e-01 5.00000000e-02
7.67300000e+03 9.93807555e-01 5.00000000e-02
7.67400000e+03 9.54948231e-01 5.00000000e-02
7.67500000e+03 1.10312527e+00 5.00000000e-02
7.67600000e+03 9.94720280e-01 5.00000000e-02
7.67700000e+03 9.66013135e-01 5.00000000e-02
7.67800000e+03 9.90563506e-01 5.00000000e-02
7.67900000e+03 1.04931678e+00 5.00000000e-02
7.68000000e+03 1.05214386e+00 5.00000000e-02
7.68100000e+03 9.56568868e-01 5.00000000e-02
7.68200000e+03 1.02683069e+00 5.00000000e-02
7.68300000e+03 9.54232506e-01 5.00000000e-02
7.68400000e+03 1.02439816e+00 5.00000000e-02
7.68500000e+03 1.10408531e+00 5.00000000e-02
7.68600000e+03 9.99481177e-01 5.00000000e-02
7.68700000e+03 1.05722045e+00 5.00000000e-02
7.68800000e+03 1.02851400e+00 5.00000000e-02
7.68900000e+03 1.00686492e+00 5.00000000e-02
7.69000000e+03 9.70714545e-01 5.00000000e-02
7.69100000e+03 9.71686053e-01 5.00000000e-02
7.69200000e+03 1.01967992e+00 5.00000000e-02
7.69300000e+03 9.93080035e-01 5.00000000e-02
7.69400000e+03 1.00114042e+00 5.00000000e-02
7.69500000e+03 1.02466084e+00 5.00000000e-02
7.69600000e+03 8.68945001e-01 5.00000000e-02
7.69700000e+03 1.08066815e+00 5.00000000e-02
7.69800000e+03 9.34410541e-01 5.00000000e-02
7.69900000e+03 9.74263995e-01 5.00000000e-02
7.70000000e+03 9.55595474e-01 5.00000000e-02
7.70100000e+03 1.00561341e+00 5.00000000e-02
7.70200000e+03 1.00830425e+00 5.00000000e-02
7.70300000e+03 1.04470389e+00 5.00000000e-02
7.70400000e+03 9.77063117e-01 5.00000000e-02
7.70500000e+03 9.22635915e-01 5.00000000e-02
7.70600000e+03 9.98030013e-01 5.00000000e-02
7.70700000e+03 1.03119839e+00 5.00000000e-02
7.70800000e+03 9.16387169e-01 5.00000000e-02
7.70900000e+03 1.01700904e+00 5.00000000e-02
7.71000000e+03 1.05501351e+00 5.00000000e-02
7.71100000e+03 1.14681307e+00 5.00000000e-02
7.71200000e+03 9.98463348e-01 5.00000000e-02
7.71300000e+03 9.83408154e-01 5.00000000e-02
7.71400000e+03 9.83489276e-01 5.00000000e-02
7.71500000e+03 9.87996873e-01 5.00000000e-02
7.71600000e+03 1.06215880e+00 5.00000000e-02
7.71700000e+03 1.01253918e+00 5.00000000e-02
7.71800000e+03 1.00441278e+00 5.00000000e-02
7.71900000e+03 9.59905839e-01 5.00000000e-02
7.72000000e+03 1.01224472e+00 5.00000000e-02
7.72100000e+03 1.00893435e+00 5.00000000e-02
7.72200000e+03 1.03323697e+00 5.00000000e-02
7.72300000e+03 1.00690244e+00 5.00000000e-02
7.72400000e+03 1.07764184e+00 5.00000000e-02
7.72500000e+03 9.34825399e-01 5.00000000e-02
7.72600000e+03 1.14028384e+00 5.00000000e-02
7.72700000e+03 1.05656326e+00 5.00000000e-02
7.72800000e+03 1.03063733e+00 5.00000000e-02
7.72900000e+03 1.01915761e+00 5.00000000e-02
7.73000000e+03 9.83943033e-01 5.00000000e-02
7.73100000e+03 9.37315746e-01 5.00000000e-02
7.73200000e+03 1.04244895e+00 5.00000000e-02
7.73300000e+03 9.93712826e-01 5.00000000e-02
7.73400000e+03 1.08075675e+00 5.00000000e-02
7.73500000e+03 1.06550186e+00 5.00000000e-02
7.73600000e+03 9.73912864e-01 5.00000000e-02
7.73700000e+03 9.17938403e-01 5.00000000e-02
7.73800000e+03 1.04965921e+00 5.00000000e-02
7.73900000e+03 9.65643353e-01 5.00000000e-02
7.74000000e+03 1.02827714e+00 5.00000000e-02
7.74100000e+03 9.85997953e-01 5.00000000e-02
7.74200000e+03 1.09396679e+00 5.00000000e-02
7.74300000e+03 1.08503308e+00 5.00000000e-02
7.74400000e+03 1.05930852e+00 5.00000000e-02
7.74500000e+03 9.56305206e-01 5.00000000e-02
7.74600000e+03 1.07890239e+00 5.00000000e-02
7.74700000e+03 9.90249989e-01 5.00000000e-02
7.74800000e+03 9.92129757e-01 5.00000000e-02
7.74900000e+03 1.03159182e+00 5.00000000e-02
7.75000000e+03 9.89053894e-01 5.00000000e-02
7.75100000e+03 9.07577143e-01 5.00000000e-02
7.75200000e+03 9.96679645e-01 5.00000000e-02
7.75300000e+03 1.02675346e+00 5.00000000e-02
7.75400000e+03 9.62638169e-01 5.00000000e-02
7.75500000e+03 9.28778791e-01 5.00000000e-02
7.75600000e+03 9.75519641e-01 5.00000000e-02
7.75700000e+03 9.49297475e-01 5.00000000e-02
7.75800000e+03 1.04307552e+00 5.00000000e-02
7.75900000e+03 9.90824821e-01 5.00000000e-02
7.76000000e+03 9.59983287e-01 5.00000000e-02
7.76100000e+03 9.28327211e-01 5.00000000e-02
7.76200000e+03 1.07797091e+00 5.00000000e-02
7.76300000e+03 1.12200608e+00 5.00000000e-02
7.76400000e+03 1.06146336e+00 5.00000000e-02
7.76500000e+03 1.12164959e+00 5.00000000e-02
7.76600000e+03 9.52333374e-01 5.00000000e-02
7.76700000e+03 9.57465554e-01 5.00000000e-02
7.76800000e+03 1.04321909e+00 5.00000000e-02
7.76900000e+03 9.83453739e-01 5.00000000e-02
7.77000000e+03 9.66800753e-01 5.00000000e-02
7.77100000e+03 9.13383695e-01 5.00000000e-02
7.77200000e+03 1.00264924e+00 5.00000000e-02
7.77300000e+03 1.06696365e+00 5.00000000e-02
7.77400000e+03 8.41470425e-01 5.00000000e-02
7.77500000e+03 1.00520873e+00 5.00000000e-02
7.77600000e+03 1.01190729e+00 5.00000000e-02
7.77700000e+03 1.04428409e+00 5.00000000e-02
7.77800000e+03 1.06942056e+00 5.00000000e-02
7.77900000e+03 9.52285176e-01 5.00000000e-02
7.78000000e+03 1.11322801e+00 5.00000000e-02
7.78100000e+03 9.91451458e-01 5.00000000e-02
7.78200000e+03 1.03131546e+00 5.00000000e-02
7.78300000e+03 1.08044694e+00 5.00000000e-02
7.78400000e+03 1.06069084e+00 5.00000000e-02
7.78500000e+03 1.00431275e+00 5.00000000e-02
7.78600000e+03 1.04525372e+00 5.00000000e-02
7.78700000e+03 9.75548034e-01 5.00000000e-02
7.78800000e+03 9.80849440e-01 5.00000000e-02
7.78900000e+03 1.02079160e+00 5.00000000e-02
7.79000000e+03 9.34297653e-01 5.00000000e-02
7.79100000e+03 9.69880902e-01 5.00000000e-02
7.79200000e+03 1.02416094e+00 5.00000000e-02
7.79300000e+03 1.04992778e+00 5.00000000e-02
7.79400000e+03 1.11712649e+00 5.00000000e-02
7.79500000e+03 9.06714324e-01 5.00000000e-02
7.79600000e+03 1.01586897e+00 5.00000000e-02
7.79700000e+03 9.69901636e-01 5.00000000e-02
7.79800000e+03 9.25769369e-01 5.00000000e-02
7.79900000e+03 1.06097031e+00 5.00000000e-02
7.80000000e+03 9.75870780e-01 5.00000000e-02
7.80100000e+03 1.05830181e+00 5.00000000e-02
7.80200000e+03 9.64444478e-01 5.00000000e-02
7.80300000e+03 9.72927340e-01 5.00000000e-02
7.80400000e+03 9.62330348e-01 5.00000000e-02
7.80500000e+03 1.04427050e+00 5.00000000e-02
7.80600000e+03 1.01308865e+00 5.00000000e-02
7.80700000e+03 9.60879167e-01 5.00000000e-02
7.80800000e+03 9.94093444e-01 5.00000000e-02
7.80900000e+03 9.25105800e-01 5.00000000e-02
7.81000000e+03 9.98973001e-01 5.00000000e-02
7.81100000e+03 9.73752269e-01 5.00000000e-02
7.81200000e+03 1.06607140e+00 5.00000000e-02
7.81300000e+03 9.79020470e-01 5.00000000e-02
7.81400000e+03 1.06445408e+00 5.00000000e-02
7.81500000e+03 9.37792079e-01 5.00000000e-02
7.81600000e+03 9.57132072e-01 5.00000000e-02
7.81700000e+03 9.93525507e-01 5.00000000e-02
7.81800000e+03 1.03458626e+00 5.00000000e-02
7.81900000e+03 1.05125407e+00 5.00000000e-02
7.82000000e+03 9.65194305e-01 5.00000000e-02
7.82100000e+03 1.05269867e+00 5.00000000e-02
7.82200000e+03 1.00483150e+00 5.00000000e-02
7.82300000e+03 1.09276165e+00 5.00000000e-02
7.82400000e+03 1.07852483e+00 5.00000000e-02
7.82500000e+03 1.02918731e+00 5.00000000e-02
7.82600000e+03 1.05129979e+00 5.00000000e-02
7.82700000e+03 9.94832035e-01 5.00000000e-02
7.82800000e+03 9.27426255e-01 5.00000000e-02
7.82900000e+03 1.01569581e+00 5.00000000e-02
7.83000000e+03 9.39022528e-01 5.00000000e-02
7.83100000e+03 9.86260223e-01 5.00000000e-02
7.83200000e+03 9.36751782e-01 5.00000000e-02
7.83300000e+03 1.03930181e+00 5.00000000e-02
7.83400000e+03 9.65666108e-01 5.00000000e-02
7.83500000e+03 9.64696523e-01 5.00000000e-02
7.83600000e+03 9.10705615e-01 5.00000000e-02
7.83700000e+03 9.33807590e-01 5.00000000e-02
7.83800000e+03 1.01432662e+00 5.00000000e-02
7.83900000e+03 1.01634534e+00 5.00000000e-02
7.84000000e+03 1.00827291e+00 5.00000000e-02
7.84100000e+03 1.01164144e+00 5.00000000e-02
7.84200000e+03 1.04495430e+00 5.00000000e-02
7.84300000e+03 1.00391752e+00 5.00000000e-02
7.84400000e+03 9.48039809e-01 5.00000000e-02
7.84500000e+03 1.01741901e+00 5.00000000e-02
7.84600000e+03 9.87944883e-01 5.00000000e-02
7.84700000e+03 1.07872969e+00 5.00000000e-02
7.84800000e+03 9.05031411e-01 5.00000000e-02
7.84900000e+03 9.89418020e-01 5.00000000e-02
7.85000000e+03 9.88570966e-01 5.00000000e-02
7.85100000e+03 1.10868206e+00 5.00000000e-02
7.85200000e+03 9.79650821e-01 5.00000000e-02
7.85300000e+03 9.07598007e-01 5.00000000e-02
7.85400000e+03 1.00432100e+00 5.00000000e-02
7.85500000e+03 9.25063088e-01 5.00000000e-02
7.85600000e+03 1.05657295e+00 5.00000000e-02
7.85700000e+03 1.02309748e+00 5.00000000e-02
7.85800000e+03 9.98480344e-01 5.00000000e-02
7.85900000e+03 1.00112961e+00 5.00000000e-02
7.86000000e+03 9.92379189e-01 5.00000000e-02
7.86100000e+03 1.00483787e+00 5.00000000e-02
7.86200000e+03 9.34835645e-01 5.00000000e-02
7.86300000e+03 9.23139389e-01 5.00000000e-02
7.86400000e+03 1.00118678e+00 5.00000000e-02
7.86500000e+03 1.03333907e+00 5.00000000e-02
7.86600000e+03 1.10864663e+00 5.00000000e-02
7.86700000e+03 1.02872262e+00 5.00000000e-02
7.86800000e+03 9.92914549e-01 5.00000000e-02
7.86900000e+03 9.94140231e-01 5.00000000e-02
7.87000000e+03 1.03521365e+00 5.00000000e-02
7.87100000e+03 1.03468246e+00 5.00000000e-02
7.87200000e+03 1.01121061e+00 5.00000000e-02
7.87300000e+03 1.07673937e+00 5.00000000e-02
7.87400000e+03 1.01387522e+00 5.00000000e-02
7.87500000e+03 9.30747396e-01 5.00000000e-02
7.87600000e+03 9.85875187e-01 5.00000000e-02
7.87700000e+03 9.73520009e-01 5.00000000e-02
7.87800000e+03 9.77582582e-01 5.00000000e-02
7.87900000e+03 1.11784782e+00 5.00000000e-02
7.88000000e+03 9.20347981e-01 5.00000000e-02
7.88100000e+03 9.39595856e-01 5.00000000e-02
7.88200000e+03 1.04018168e+00 5.00000000e-02
7.88300000e+03 9.55302324e-01 5.00000000e-02
7.88400000e+03 1.04142924e+00 5.00000000e-02
7.88500000e+03 1.06379042e+00 5.00000000e-02
7.88600000e+03 9.49744592e-01 5.00000000e-02
7.88700000e+03 1.00542595e+00 5.00000000e-02
7.88800000e+03 1.00534324e+00 5.00000000e-02
7.88900000e+03 9.09347804e-01 5.00000000e-02
7.89000000e+03 9.98263187e-01 5.00000000e-02
7.89100000e+03 1.04555957e+00 5.00000000e-02
7.89200000e+03 9.42888491e-01 5.00000000e-02
7.89300000e+03 1.07615827e+00 5.00000000e-02
7.89400000e+03 9.52051180e-01 5.00000000e-02
7.89500000e+03 1.08425467e+00 5.00000000e-02
7.89600000e+03 9.69779263e-01 5.00000000e-02
7.89700000e+03 9.82943860e-01 5.00000000e-02
7.89800000e+03 9.63767678e-01 5.00000000e-02
7.89900000e+03 1.06492326e+00 5.00000000e-02
7.90000000e+03 1.01880109e+00 5.00000000e-02
7.90100000e+03 9.87198086e-01 5.00000000e-02
7.90200000e+03 1.02607428e+00 5.00000000e-02
7.90300000e+03 9.50294085e-01 5.00000000e-02
7.90400000e+03 9.85013639e-01 5.00000000e-02
7.90500000e+03 1.06542836e+00 5.00000000e-02
7.90600000e+03 1.03138609e+00 5.00000000e-02
7.90700000e+03 9.85543314e-01 5.00000000e-02
7.90800000e+03 9.85114520e-01 5.00000000e-02
7.90900000e+03 1.03510336e+00 5.00000000e-02
7.91000000e+03 9.79515711e-01 5.00000000e-02
7.91100000e+03 9.67318635e-01 5.00000000e-02
7.91200000e+03 9.96369491e-01 5.00000000e-02
7.91300000e+03 1.05612539e+00 5.00000000e-02
7.91400000e+03 9.93809339e-01 5.00000000e-02
7.91500000e+03 9.70513903e-01 5.00000000e-02
7.91600000e+03 9.95079084e-01 5.00000000e-02
7.91700000e+03 1.08023976e+00 5.00000000e-02
7.91800000e+03 1.10732831e+00 5.00000000e-02
7.91900000e+03 9.92729196e-01 5.00000000e-02
7.92000000e+03 1.04495397e+00 5.00000000e-02
7.92100000e+03 9.79251887e-01 5.00000000e-02
7.92200000e+03 1.08398301e+00 5.00000000e-02
7.92300000e+03 9.71874069e-01 5.00000000e-02
7.92400000e+03 1.01175406e+00 5.00000000e-02
7.92500000e+03 9.62473104e-01 5.00000000e-02
7.92600000e+03 9.57066501e-01 5.00000000e-02
7.92700000e+03 1.08587922e+00 5.00000000e-02
7.92800000e+03 1.03649794e+00 5.00000000e-02
7.92900000e+03 1.08217680e+00 5.00000000e-02
7.93000000e+03 9.87456938e-01 5.00000000e-02
7.93100000e+03 1.00371667e+00 5.00000000e-02
7.93200000e+03 1.00005269e+00 5.00000000e-02
7.93300000e+03 1.04750002e+00 5.00000000e-02
7.93400000e+03 1.03784665e+00 5.00000000e-02
7.93500000e+03 1.02673745e+00 5.00000000e-02
7.93600000e+03 1.04608373e+00 5.00000000e-02
7.93700000e+03 1.04618747e+00 5.00000000e-02
7.93800000e+03 1.08188842e+00 5.00000000e-02
7.93900000e+03 1.05206362e+00 5.00000000e-02
7.94000000e+03 9.20193671e-01 5.00000000e-02
7.94100000e+03 9.59363781e-01 5.00000000e-02
7.94200000e+03 1.04056210e+00 5.00000000e-02
7.94300000e+03 1.00982916e+00 5.00000000e-02
7.94400000e+03 1.00602570e+00 5.00000000e-02
7.94500000e+03 1.01144426e+00 5.00000000e-02
7.94600000e+03 9.97141160e-01 5.00000000e-02
7.94700000e+03 9.45974338e-01 5.00000000e-02
7.94800000e+03 1.04109838e+00 5.00000000e-02
7.94900000e+03 8.74338804e-01 5.00000000e-02
7.95000000e+03 1.01934342e+00 5.00000000e-02
7.95100000e+03 9.71665853e-01 5.00000000e-02
7.95200000e+03 9.59020993e-01 5.00000000e-02
7.95300000e+03 9.44903039e-01 5.00000000e-02
7.95400000e+03 1.01935131e+00 5.00000000e-02
7.95500000e+03 1.05125292e+00 5.00000000e-02
7.95600000e+03 1.02756625e+00 5.00000000e-02
7.95700000e+03 9.80871482e-01 5.00000000e-02
7.95800000e+03 9.70199463e-01 5.00000000e-02
7.95900000e+03 9.44437180e-01 5.00000000e-02
7.96000000e+03 9.98188895e-01 5.00000000e-02
7.96100000e+03 9.53468116e-01 5.00000000e-02
7.96200000e+03 9.91859925e-01 5.00000000e-02
7.96300000e+03 9.71056311e-01 5.00000000e-02
7.96400000e+03 9.45321009e-01 5.00000000e-02
7.96500000e+03 1.01414951e+00 5.00000000e-02
7.96600000e+03 1.02896152e+00 5.00000000e-02
7.96700000e+03 1.05912918e+00 5.00000000e-02
7.96800000e+03 9.37496794e-01 5.00000000e-02
7.96900000e+03 9.71827255e-01 5.00000000e-02
7.97000000e+03 9.67887525e-01 5.00000000e-02
7.97100000e+03 9.66068829e-01 5.00000000e-02
7.97200000e+03 8.78474634e-01 5.00000000e-02
7.97300000e+03 9.61303942e-01 5.00000000e-02
7.97400000e+03 9.95003012e-01 5.00000000e-02
7.97500000e+03 1.01461624e+00 5.00000000e-02
7.97600000e+03 1.07962792e+00 5.00000000e-02
7.97700000e+03 9.19328563e-01 5.00000000e-02
7.97800000e+03 9.69752159e-01 5.00000000e-02
7.97900000e+03 9.78824083e-01 5.00000000e-02
7.98000000e+03 1.00812734e+00 5.00000000e-02
7.98100000e+03 9.52832427e-01 5.00000000e-02
7.98200000e+03 9.87131966e-01 5.00000000e-02
7.98300000e+03 9.24503822e-01 5.00000000e-02
7.98400000e+03 9.42591250e-01 5.00000000e-02
7.98500000e+03 1.02755698e+00 5.00000000e-02
7.98600000e+03 9.83685350e-01 5.00000000e-02
7.98700000e+03 9.52958689e-01 5.00000000e-02
7.98800000e+03 9.59999518e-01 5.00000000e-02
7.98900000e+03 1.01253896e+00 5.00000000e-02
7.99000000e+03 9.16460445e-01 5.00000000e-02
7.99100000e+03 1.16095990e+00 5.00000000e-02
7.99200000e+03 1.00136575e+00 5.00000000e-02
7.99300000e+03 9.66991474e-01 5.00000000e-02
7.99400000e+03 9.30217217e-01 5.00000000e-02
7.99500000e+03 1.07585548e+00 5.00000000e-02
7.99600000e+03 1.01098042e+00 5.00000000e-02
7.99700000e+03 9.46865693e-01 5.00000000e-02
7.99800000e+03 9.60202923e-01 5.00000000e-02
7.99900000e+03 9.45130871e-01 5.00000000e-02
8.00000000e+03 9.56694576e-01 5.00000000e-02
8.00100000e+03 9.40045357e-01 5.00000000e-02
8.00200000e+03 1.05037657e+00 5.00000000e-02
8.00300000e+03 1.05433236e+00 5.00000000e-02
8.00400000e+03 1.02582780e+00 5.00000000e-02
8.00500000e+03 9.10497800e-01 5.00000000e-02
8.00600000e+03 9.58907443e-01 5.00000000e-02
8.00700000e+03 1.06103153e+00 5.00000000e-02
8.00800000e+03 9.63667092e-01 5.00000000e-02
8.00900000e+03 1.05336350e+00 5.00000000e-02
8.01000000e+03 1.00663685e+00 5.00000000e-02
8.01100000e+03 9.50046933e-01 5.00000000e-02
8.01200000e+03 1.04172161e+00 5.00000000e-02
8.01300000e+03 1.01686940e+00 5.00000000e-02
8.01400000e+03 1.02427040e+00 5.00000000e-02
8.01500000e+03 1.04483153e+00 5.00000000e-02
8.01600000e+03 1.05407831e+00 5.00000000e-02
8.01700000e+03 9.40438098e-01 5.00000000e-02
8.01800000e+03 9.81703012e-01 5.00000000e-02
8.01900000e+03 9.60192899e-01 5.00000000e-02
8.02000000e+03 8.99052860e-01 5.00000000e-02
8.02100000e+03 9.95868894e-01 5.00000000e-02
8.02200000e+03 1.06279440e+00 5.00000000e-02
8.02300000e+03 9.78845876e-01 5.00000000e-02
8.02400000e+03 1.09432309e+00 5.00000000e-02
8.02500000e+03 1.01446905e+00 5.00000000e-02
8.02600000e+03 1.03026016e+00 5.00000000e-02
8.02700000e+03 1.02312808e+00 5.00000000e-02
8.02800000e+03 9.75952222e-01 5.00000000e-02
8.02900000e+03 1.05568446e+00 5.00000000e-02
8.03000000e+03 1.01957095e+00 5.00000000e-02
8.03100000e+03 9.30532595e-01 5.00000000e-02
8.03200000e+03 9.95698494e-01 5.00000000e-02
8.03300000e+03 1.01904572e+00 5.00000000e-02
8.03400000e+03 1.02153075e+00 5.00000000e-02
8.03500000e+03 1.05194829e+00 5.00000000e-02
8.03600000e+03 9.79152256e-01 5.00000000e-02
8.03700000e+03 1.05831782e+00 5.00000000e-02
8.03800000e+03 1.02153283e+00 5.00000000e-02
8.03900000e+03 1.06356440e+00 5.00000000e-02
8.04000000e+03 9.57532720e-01 5.00000000e-02
8.04100000e+03 9.90087823e-01 5.00000000e-02
8.04200000e+03 8.88383961e-01 5.00000000e-02
8.04300000e+03 1.02339967e+00 5.00000000e-02
8.04400000e+03 1.04993181e+00 5.00000000e-02
8.04500000e+03 9.01669841e-01 5.00000000e-02
8.04600000e+03 1.01678217e+00 5.00000000e-02
8.04700000e+03 1.03231047e+00 5.00000000e-02
8.04800000e+03 1.02118417e+00 5.00000000e-02
8.04900000e+03 1.01188983e+00 5.00000000e-02
8.05000000e+03 9.65808143e-01 5.00000000e-02
8.05100000e+03 9.59749819e-01 5.00000000e-02
8.05200000e+03 9.69949482e-01 5.00000000e-02
8.05300000e+03 1.03494230e+00 5.00000000e-02
8.05400000e+03 1.03829339e+00 5.00000000e-02
8.05500000e+03 1.00496084e+00 5.00000000e-02
8.05600000e+03 1.05670342e+00 5.00000000e-02
8.05700000e+03 1.05447490e+00 5.00000000e-02
8.05800000e+03 1.02219542e+00 5.00000000e-02
8.05900000e+03 1.03602043e+00 5.00000000e-02
8.06000000e+03 9.04098037e-01 5.00000000e-02
8.06100000e+03 1.03867583e+00 5.00000000e-02
8.06200000e+03 1.03338786e+00 5.00000000e-02
8.06300000e+03 1.02767606e+00 5.00000000e-02
8.06400000e+03 1.04504700e+00 5.00000000e-02
8.06500000e+03 9.86501842e-01 5.00000000e-02
8.06600000e+03 1.06966637e+00 5.00000000e-02
8.06700000e+03 1.05392145e+00 5.00000000e-02
8.06800000e+03 9.89473749e-01 5.00000000e-02
8.06900000e+03 1.05890257e+00 5.00000000e-02
8.07000000e+03 1.00610829e+00 5.00000000e-02
8.07100000e+03 9.67394721e-01 5.00000000e-02
8.07200000e+03 1.00671154e+00 5.00000000e-02
8.07300000e+03 1.00287056e+00 5.00000000e-02
8.07400000e+03 8.73999328e-01 5.00000000e-02
8.07500000e+03 9.70455200e-01 5.00000000e-02
8.07600000e+03 9.28171398e-01 5.00000000e-02
8.07700000e+03 1.05582095e+00 5.00000000e-02
8.07800000e+03 9.69424797e-01 5.00000000e-02
8.07900000e+03 1.01625399e+00 5.00000000e-02
8.08000000e+03 1.08613917e+00 5.00000000e-02
8.08100000e+03 9.83770214e-01 5.00000000e-02
8.08200000e+03 1.02423430e+00 5.00000000e-02
8.08300000e+03 9.94499985e-01 5.00000000e-02
8.08400000e+03 9.57164553e-01 5.00000000e-02
8.08500000e+03 9.85417254e-01 5.00000000e-02
8.08600000e+03 1.01234971e+00 5.00000000e-02
8.08700000e+03 1.04075000e+00 5.00000000e-02
8.08800000e+03 9.97296428e-01 5.00000000e-02
8.08900000e+03 1.01510560e+00 5.00000000e-02
8.09000000e+03 9.48174144e-01 5.00000000e-02
8.09100000e+03 9.45759471e-01 5.00000000e-02
8.09200000e+03 1.08876612e+00 5.00000000e-02
8.09300000e+03 9.95039420e-01 5.00000000e-02
8.09400000e+03 1.01310012e+00 5.00000000e-02
8.09500000e+03 9.59179147e-01 5.00000000e-02
8.09600000e+03 9.06288795e-01 5.00000000e-02
8.09700000e+03 9.50128348e-01 5.00000000e-02
8.09800000e+03 1.04084842e+00 5.00000000e-02
8.09900000e+03 9.60614085e-01 5.00000000e-02
8.10000000e+03 1.03215671e+00 5.00000000e-02
8.10100000e+03 9.88237687e-01 5.00000000e-02
8.10200000e+03 1.02026028e+00 5.00000000e-02
8.10300000e+03 9.44891867e-01 5.00000000e-02
8.10400000e+03 1.01091634e+00 5.00000000e-02
8.10500000e+03 9.68134345e-01 5.00000000e-02
8.10600000e+03 1.03329475e+00 5.00000000e-02
8.10700000e+03 9.33588522e-01 5.00000000e-02
8.10800000e+03 1.03358871e+00 5.00000000e-02
8.10900000e+03 1.00915143e+00 5.00000000e-02
8.11000000e+03 9.01411906e-01 5.00000000e-02
8.11100000e+03 1.04054463e+00 5.00000000e-02
8.11200000e+03 9.74599169e-01 5.00000000e-02
8.11300000e+03 1.00861831e+00 5.00000000e-02
8.11400000e+03 9.35032419e-01 5.00000000e-02
8.11500000e+03 9.50551339e-01 5.00000000e-02
8.11600000e+03 1.09272389e+00 5.00000000e-02
8.11700000e+03 9.71157904e-01 5.00000000e-02
8.11800000e+03 1.01887270e+00 5.00000000e-02
8.11900000e+03 1.08690156e+00 5.00000000e-02
8.12000000e+03 9.61761769e-01 5.00000000e-02
8.12100000e+03 9.33851446e-01 5.00000000e-02
8.12200000e+03 1.06102939e+00 5.00000000e-02
8.12300000e+03 9.75477183e-01 5.00000000e-02
8.12400000e+03 1.04952585e+00 5.00000000e-02
8.12500000e+03 9.20990938e-01 5.00000000e-02
8.12600000e+03 9.37136366e-01 5.00000000e-02
8.12700000e+03 1.05347202e+00 5.00000000e-02
8.12800000e+03 9.75720267e-01 5.00000000e-02
8.12900000e+03 1.09614587e+00 5.00000000e-02
8.13000000e+03 9.59733289e-01 5.00000000e-02
8.13100000e+03 1.00807266e+00 5.00000000e-02
8.13200000e+03 9.43123626e-01 5.00000000e-02
8.13300000e+03 9.69524474e-01 5.00000000e-02
8.13400000e+03 9.79845312e-01 5.00000000e-02
8.13500000e+03 9.79607950e-01 5.00000000e-02
8.13600000e+03 9.38127938e-01 5.00000000e-02
8.13700000e+03 1.04038145e+00 5.00000000e-02
8.13800000e+03 1.01938733e+00 5.00000000e-02
8.13900000e+03 1.01592987e+00 5.00000000e-02
8.14000000e+03 1.04094858e+00 5.00000000e-02
8.14100000e+03 1.03322746e+00 5.00000000e-02
8.14200000e+03 1.06808320e+00 5.00000000e-02
8.14300000e+03 9.82011000e-01 5.00000000e-02
8.14400000e+03 1.04997202e+00 5.00000000e-02
8.14500000e+03 9.47117222e-01 5.00000000e-02
8.14600000e+03 1.03967328e+00 5.00000000e-02
8.14700000e+03 1.00326941e+00 5.00000000e-02
8.14800000e+03 9.89475070e-01 5.00000000e-02
8.14900000e+03 1.01253658e+00 5.00000000e-02
8.15000000e+03 1.03948201e+00 5.00000000e-02
8.15100000e+03 1.05834088e+00 5.00000000e-02
8.15200000e+03 8.46245475e-01 5.00000000e-02
8.15300000e+03 9.70149131e-01 5.00000000e-02
8.15400000e+03 9.93210984e-01 5.00000000e-02
8.15500000e+03 9.37263297e-01 5.00000000e-02
8.15600000e+03 9.94965275e-01 5.00000000e-02
8.15700000e+03 1.14730114e+00 5.00000000e-02
8.15800000e+03 1.03481335e+00 5.00000000e-02
8.15900000e+03 9.70387022e-01 5.00000000e-02
8.16000000e+03 9.97390488e-01 5.00000000e-02
8.16100000e+03 1.00756769e+00 5.00000000e-02
8.16200000e+03 1.02818275e+00 5.00000000e-02
8.16300000e+03 9.64755173e-01 5.00000000e-02
8.16400000e+03 1.03781851e+00 5.00000000e-02
8.16500000e+03 9.34161664e-01 5.00000000e-02
8.16600000e+03 1.13930169e+00 5.00000000e-02
8.16700000e+03 1.07565283e+00 5.00000000e-02
8.16800000e+03 1.02135651e+00 5.00000000e-02
8.16900000e+03 1.04580076e+00 5.00000000e-02
8.17000000e+03 1.01288704e+00 5.00000000e-02
8.17100000e+03 1.01570320e+00 5.00000000e-02
8.17200000e+03 9.70412572e-01 5.00000000e-02
8.17300000e+03 9.96634341e-01 5.00000000e-02
8.17400000e+03 9.45292030e-01 5.00000000e-02
8.17500000e+03 9.83888493e-01 5.00000000e-02
8.17600000e+03 1.07393562e+00 5.00000000e-02
8.17700000e+03 9.41255676e-01 5.00000000e-02
8.17800000e+03 1.12179661e+00 5.00000000e-02
8.17900000e+03 9.64098487e-01 5.00000000e-02
8.18000000e+03 1.01999686e+00 5.00000000e-02
8.18100000e+03 9.57596480e-01 5.00000000e-02
8.18200000e+03 9.89794938e-01 5.00000000e-02
8.18300000e+03 1.02498778e+00 5.00000000e-02
8.18400000e+03 9.28357829e-01 5.00000000e-02
8.18500000e+03 9.78061448e-01 5.00000000e-02
8.18600000e+03 9.54458385e-01 5.00000000e-02
8.18700000e+03 9.78110653e-01 5.00000000e-02
8.18800000e+03 9.88130993e-01 5.00000000e-02
8.18900000e+03 9.68257766e-01 5.00000000e-02
8.19000000e+03 9.46769134e-01 5.00000000e-02
8.19100000e+03 9.56148498e-01 5.00000000e-02
8.19200000e+03 8.86328899e-01 5.00000000e-02
8.19300000e+03 1.05050537e+00 5.00000000e-02
8.19400000e+03 1.00676095e+00 5.00000000e-02
8.19500000e+03 1.07921013e+00 5.00000000e-02
8.19600000e+03 1.05389826e+00 5.00000000e-02
8.19700000e+03 9.62236936e-01 5.00000000e-02
8.19800000e+03 8.61516487e-01 5.00000000e-02
8.19900000e+03 1.05232663e+00 5.00000000e-02
8.20000000e+03 1.03397790e+00 5.00000000e-02
8.20100000e+03 1.00324873e+00 5.00000000e-02
8.20200000e+03 9.33672485e-01 5.00000000e-02
8.20300000e+03 1.02940433e+00 5.00000000e-02
8.20400000e+03 9.76571289e-01 5.00000000e-02
8.20500000e+03 9.62183927e-01 5.00000000e-02
8.20600000e+03 9.19582038e-01 5.00000000e-02
8.20700000e+03 9.89992650e-01 5.00000000e-02
8.20800000e+03 1.02921981e+00 5.00000000e-02
8.20900000e+03 1.06049821e+00 5.00000000e-02
8.21000000e+03 9.49507705e-01 5.00000000e-02
8.21100000e+03 1.02695754e+00 5.00000000e-02
8.21200000e+03 9.76829743e-01 5.00000000e-02
8.21300000e+03 9.49033290e-01 5.00000000e-02
8.21400000e+03 1.01688554e+00 5.00000000e-02
8.21500000e+03 1.05900145e+00 5.00000000e-02
8.21600000e+03 9.17023577e-01 5.00000000e-02
8.21700000e+03 1.09361086e+00 5.00000000e-02
8.21800000e+03 9.61673845e-01 5.00000000e-02
8.21900000e+03 9.70980059e-01 5.00000000e-02
8.22000000e+03 1.04127261e+00 5.00000000e-02
8.22100000e+03 1.12704834e+00 5.00000000e-02
8.22200000e+03 1.02500128e+00 5.00000000e-02
8.22300000e+03 1.03162159e+00 5.00000000e-02
8.22400000e+03 9.86416805e-01 5.00000000e-02
8.22500000e+03 9.72502891e-01 5.00000000e-02
8.22600000e+03 1.08670362e+00 5.00000000e-02
8.22700000e+03 1.07876240e+00 5.00000000e-02
8.22800000e+03 9.93780011e-01 5.00000000e-02
8.22900000e+03 9.81989029e-01 5.00000000e-02
8.23000000e+03 9.66944407e-01 5.00000000e-02
8.23100000e+03 9.72780174e-01 5.00000000e-02
8.23200000e+03 1.03567788e+00 5.00000000e-02
8.23300000e+03 9.70218199e-01 5.00000000e-02
8.23400000e+03 9.90739685e-01 5.00000000e-02
8.23500000e+03 9.57575431e-01 5.00000000e-02
8.23600000e+03 1.05490766e+00 5.00000000e-02
8.23700000e+03 1.02509222e+00 5.00000000e-02
8.23800000e+03 1.07758325e+00 5.00000000e-02
8.23900000e+03 9.68207423e-01 5.00000000e-02
8.24000000e+03 9.59180268e-01 5.00000000e-02
8.24100000e+03 1.00450196e+00 5.00000000e-02
8.24200000e+03 1.09199840e+00 5.00000000e-02
8.24300000e+03 9.96467952e-01 5.00000000e-02
8.24400000e+03 1.02954780e+00 5.00000000e-02
8.24500000e+03 9.23379480e-01 5.00000000e-02
8.24600000e+03 9.57058882e-01 5.00000000e-02
8.24700000e+03 9.66363958e-01 5.00000000e-02
8.24800000e+03 1.05784825e+00 5.00000000e-02
8.24900000e+03 9.33342416e-01 5.00000000e-02
8.25000000e+03 9.19933460e-01 5.00000000e-02
8.25100000e+03 1.00955598e+00 5.00000000e-02
8.25200000e+03 9.48996864e-01 5.00000000e-02
8.25300000e+03 9.92178635e-01 5.00000000e-02
8.25400000e+03 1.00991405e+00 5.00000000e-02
8.25500000e+03 9.70654329e-01 5.00000000e-02
8.25600000e+03 1.03894501e+00 5.00000000e-02
8.25700000e+03 1.04195795e+00 5.00000000e-02
8.25800000e+03 1.03821410e+00 5.00000000e-02
8.25900000e+03 1.07046223e+00 5.00000000e-02
8.26000000e+03 1.00205566e+00 5.00000000e-02
8.26100000e+03 1.02152646e+00 5.00000000e-02
8.26200000e+03 1.03547191e+00 5.00000000e-02
8.26300000e+03 1.01976366e+00 5.00000000e-02
8.26400000e+03 1.01991280e+00 5.00000000e-02
8.26500000e+03 9.58869361e-01 5.00000000e-02
8.26600000e+03 1.06938938e+00 5.00000000e-02
8.26700000e+03 9.67993031e-01 5.00000000e-02
8.26800000e+03 9.64597336e-01 5.00000000e-02
8.26900000e+03 9.46662212e-01 5.00000000e-02
8.27000000e+03 1.01388421e+00 5.00000000e-02
8.27100000e+03 9.68168624e-01 5.00000000e-02
8.27200000e+03 9.73101948e-01 5.00000000e-02
8.27300000e+03 1.03324444e+00 5.00000000e-02
8.27400000e+03 9.29659245e-01 5.00000000e-02
8.27500000e+03 1.05308638e+00 5.00000000e-02
8.27600000e+03 1.02526854e+00 5.00000000e-02
8.27700000e+03 9.12671629e-01 5.00000000e-02
8.27800000e+03 1.07241559e+00 5.00000000e-02
8.27900000e+03 9.84579900e-01 5.00000000e-02
8.28000000e+03 1.02708671e+00 5.00000000e-02
8.28100000e+03 1.01880621e+00 5.00000000e-02
8.28200000e+03 8.83028451e-01 5.00000000e-02
8.28300000e+03 1.05767278e+00 5.00000000e-02
8.28400000e+03 9.50698136e-01 5.00000000e-02
8.28500000e+03 9.97723872e-01 5.00000000e-02
8.28600000e+03 9.81798490e-01 5.00000000e-02
8.28700000e+03 1.10000154e+00 5.00000000e-02
8.28800000e+03 1.07848057e+00 5.00000000e-02
8.28900000e+03 1.02068625e+00 5.00000000e-02
8.29000000e+03 1.02140235e+00 5.00000000e-02
8.29100000e+03 9.86891572e-01 5.00000000e-02
8.29200000e+03 9.81361766e-01 5.00000000e-02
8.29300000e+03 9.41394375e-01 5.00000000e-02
8.29400000e+03 9.54275949e-01 5.00000000e-02
8.29500000e+03 9.80789116e-01 5.00000000e-02
8.29600000e+03 8.96409806e-01 5.00000000e-02
8.29700000e+03 1.02724415e+00 5.00000000e-02
8.29800000e+03 9.03100821e-01 5.00000000e-02
8.29900000e+03 1.05816287e+00 5.00000000e-02
8.30000000e+03 1.06620207e+00 5.00000000e-02
8.30100000e+03 9.98471412e-01 5.00000000e-02
8.30200000e+03 1.05637827e+00 5.00000000e-02
8.30300000e+03 1.06689459e+00 5.00000000e-02
8.30400000e+03 9.69029687e-01 5.00000000e-02
8.30500000e+03 1.01766385e+00 5.00000000e-02
8.30600000e+03 1.02894115e+00 5.00000000e-02
8.30700000e+03 9.83178188e-01 5.00000000e-02
8.30800000e+03 9.24962561e-01 5.00000000e-02
8.30900000e+03 1.00435646e+00 5.00000000e-02
8.31000000e+03 1.02403285e+00 5.00000000e-02
8.31100000e+03 1.01285939e+00 5.00000000e-02
8.31200000e+03 1.05290059e+00 5.00000000e-02
8.31300000e+03 1.03038083e+00 5.00000000e-02
8.31400000e+03 9.41229453e-01 5.00000000e-02
8.31500000e+03 9.67184704e-01 5.00000000e-02
8.31600000e+03 1.03142587e+00 5.00000000e-02
8.31700000e+03 1.06757957e+00 5.00000000e-02
8.31800000e+03 1.08307206e+00 5.00000000e-02
8.31900000e+03 9.81686711e-01 5.00000000e-02
8.32000000e+03 1.12875364e+00 5.00000000e-02
8.32100000e+03 9.33590232e-01 5.00000000e-02
8.32200000e+03 9.80597054e-01 5.00000000e-02
8.32300000e+03 9.12863645e-01 5.00000000e-02
8.32400000e+03 9.47121596e-01 5.00000000e-02
8.32500000e+03 1.10594895e+00 5.00000000e-02
8.32600000e+03 1.03518565e+00 5.00000000e-02
8.32700000e+03 9.87767037e-01 5.00000000e-02
8.32800000e+03 1.00719783e+00 5.00000000e-02
8.32900000e+03 9.39957603e-01 5.00000000e-02
8.33000000e+03 1.05052692e+00 5.00000000e-02
8.33100000e+03 1.03333048e+00 5.00000000e-02
8.33200000e+03 9.30256910e-01 5.00000000e-02
8.33300000e+03 9.78391672e-01 5.00000000e-02
8.33400000e+03 1.12740140e+00 5.00000000e-02
8.33500000e+03 8.96263563e-01 5.00000000e-02
8.33600000e+03 1.01914775e+00 5.00000000e-02
8.33700000e+03 9.44852426e-01 5.00000000e-02
8.33800000e+03 1.02022154e+00 5.00000000e-02
8.33900000e+03 9.68310959e-01 5.00000000e-02
8.34000000e+03 1.00215284e+00 5.00000000e-02
8.34100000e+03 9.72898239e-01 5.00000000e-02
8.34200000e+03 9.36982278e-01 5.00000000e-02
8.34300000e+03 9.81200149e-01 5.00000000e-02
8.34400000e+03 9.49977799e-01 5.00000000e-02
8.34500000e+03 9.97140523e-01 5.00000000e-02
8.34600000e+03 1.02905109e+00 5.00000000e-02
8.34700000e+03 9.49790540e-01 5.00000000e-02
8.34800000e+03 1.05393867e+00 5.00000000e-02
8.34900000e+03 9.70174739e-01 5.00000000e-02
8.35000000e+03 9.93659567e-01 5.00000000e-02
8.35100000e+03 9.88104486e-01 5.00000000e-02
8.35200000e+03 9.30385646e-01 5.00000000e-02
8.35300000e+03 8.95765504e-01 5.00000000e-02
8.35400000e+03 1.02527857e+00 5.00000000e-02
8.35500000e+03 1.01471399e+00 5.00000000e-02
8.35600000e+03 1.03856070e+00 5.00000000e-02
8.35700000e+03 1.06955783e+00 5.00000000e-02
8.35800000e+03 1.00705029e+00 5.00000000e-02
8.35900000e+03 9.05253222e-01 5.00000000e-02
8.36000000e+03 9.45083150e-01 5.00000000e-02
8.36100000e+03 9.81780959e-01 5.00000000e-02
8.36200000e+03 9.07506897e-01 5.00000000e-02
8.36300000e+03 1.00219081e+00 5.00000000e-02
8.36400000e+03 9.82813809e-01 5.00000000e-02
8.36500000e+03 9.58751913e-01 5.00000000e-02
8.36600000e+03 1.02364736e+00 5.00000000e-02
8.36700000e+03 9.23189826e-01 5.00000000e-02
8.36800000e+03 1.00534551e+00 5.00000000e-02
8.36900000e+03 1.02779029e+00 5.00000000e-02
8.37000000e+03 9.23680808e-01 5.00000000e-02
8.37100000e+03 9.81561969e-01 5.00000000e-02
8.37200000e+03 1.01339664e+00 5.00000000e-02
8.37300000e+03 1.04391200e+00 5.00000000e-02
8.37400000e+03 1.04209076e+00 5.00000000e-02
8.37500000e+03 9.21685590e-01 5.00000000e-02
8.37600000e+03 1.02681774e+00 5.00000000e-02
8.37700000e+03 1.03037307e+00 5.00000000e-02
8.37800000e+03 9.58496038e-01 5.00000000e-02
8.37900000e+03 1.02965128e+00 5.00000000e-02
8.38000000e+03 9.83334906e-01 5.00000000e-02
8.38100000e+03 1.00823128e+00 5.00000000e-02
8.38200000e+03 1.02671900e+00 5.00000000e-02
8.38300000e+03 9.95341555e-01 5.00000000e-02
8.38400000e+03 1.04384933e+00 5.00000000e-02
8.38500000e+03 1.08373648e+00 5.00000000e-02
8.38600000e+03 1.06040851e+00 5.00000000e-02
8.38700000e+03 9.35590945e-01 5.00000000e-02
8.38800000e+03 9.77729789e-01 5.00000000e-02
8.38900000e+03 9.80435100e-01 5.00000000e-02
8.39000000e+03 1.03098482e+00 5.00000000e-02
8.39100000e+03 1.06183166e+00 5.00000000e-02
8.39200000e+03 9.65524431e-01 5.00000000e-02
8.39300000e+03 1.02114174e+00 5.00000000e-02
8.39400000e+03 8.90435103e-01 5.00000000e-02
8.39500000e+03 9.83062071e-01 5.00000000e-02
8.39600000e+03 1.04973095e+00 5.00000000e-02
8.39700000e+03 1.01894641e+00 5.00000000e-02
8.39800000e+03 1.00044169e+00 5.00000000e-02
8.39900000e+03 1.02828798e+00 5.00000000e-02
8.40000000e+03 1.00426866e+00 5.00000000e-02
8.40100000e+03 1.03076447e+00 5.00000000e-02
8.40200000e+03 1.01572264e+00 5.00000000e-02
8.40300000e+03 1.05149541e+00 5.00000000e-02
8.40400000e+03 1.07196532e+00 5.00000000e-02
8.40500000e+03 9.92665427e-01 5.00000000e-02
8.40600000e+03 9.95358839e-01 5.00000000e-02
8.40700000e+03 1.10229671e+00 5.00000000e-02
8.40800000e+03 1.05566462e+00 5.00000000e-02
8.40900000e+03 9.89279202e-01 5.00000000e-02
8.41000000e+03 1.00958112e+00 5.00000000e-02
8.41100000e+03 1.00505337e+00 5.00000000e-02
8.41200000e+03 1.02825256e+00 5.00000000e-02
8.41300000e+03 8.74113045e-01 5.00000000e-02
8.41400000e+03 9.94132070e-01 5.00000000e-02
8.41500000e+03 1.01447102e+00 5.00000000e-02
8.41600000e+03 1.00710422e+00 5.00000000e-02
8.41700000e+03 1.01471220e+00 5.00000000e-02
8.41800000e+03 9.82774116e-01 5.00000000e-02
8.41900000e+03 1.01865514e+00 5.00000000e-02
8.42000000e+03 9.86590216e-01 5.00000000e-02
8.42100000e+03 1.00174951e+00 5.00000000e-02
8.42200000e+03 8.97872726e-01 5.00000000e-02
8.42300000e+03 1.01838693e+00 5.00000000e-02
8.42400000e+03 9.69868956e-01 5.00000000e-02
8.42500000e+03 1.07122751e+00 5.00000000e-02
8.42600000e+03 1.03313727e+00 5.00000000e-02
8.42700000e+03 9.88269834e-01 5.00000000e-02
8.42800000e+03 9.47578038e-01 5.00000000e-02
8.42900000e+03 1.04604725e+00 5.00000000e-02
8.43000000e+03 1.00053991e+00 5.00000000e-02
8.43100000e+03 9.70755030e-01 5.00000000e-02
8.43200000e+03 9.62610126e-01 5.00000000e-02
8.43300000e+03 9.23168068e-01 5.00000000e-02
8.43400000e+03 8.64699660e-01 5.00000000e-02
8.43500000e+03 9.47641410e-01 5.00000000e-02
8.43600000e+03 1.01846066e+00 5.00000000e-02
8.43700000e+03 9.19453091e-01 5.00000000e-02
8.43800000e+03 1.10584598e+00 5.00000000e-02
8.43900000e+03 9.85790718e-01 5.00000000e-02
8.44000000e+03 9.57452335e-01 5.00000000e-02
8.44100000e+03 1.10266368e+00 5.00000000e-02
8.44200000e+03 1.05621026e+00 5.00000000e-02
8.44300000e+03 1.01040789e+00 5.00000000e-02
8.44400000e+03 9.90879272e-01 5.00000000e-02
8.44500000e+03 9.68958287e-01 5.00000000e-02
8.44600000e+03 9.53809383e-01 5.00000000e-02
8.44700000e+03 9.93667796e-01 5.00000000e-02
8.44800000e+03 1.00040291e+00 5.00000000e-02
8.44900000e+03 1.04480809e+00 5.00000000e-02
8.45000000e+03 9.86382668e-01 5.00000000e-02
8.45100000e+03 9.83823369e-01 5.00000000e-02
8.45200000e+03 9.93009154e-01 5.00000000e-02
8.45300000e+03 1.10057663e+00 5.00000000e-02
8.45400000e+03 1.00404837e+00 5.00000000e-02
8.45500000e+03 1.03645768e+00 5.00000000e-02
8.45600000e+03 9.90868948e-01 5.00000000e-02
8.45700000e+03 9.80555880e-01 5.00000000e-02
8.45800000e+03 9.12165722e-01 5.00000000e-02
8.45900000e+03 1.00914941e+00 5.00000000e-02
8.46000000e+03 1.00169721e+00 5.00000000e-02
8.46100000e+03 9.96948642e-01 5.00000000e-02
8.46200000e+03 9.48181581e-01 5.00000000e-02
8.46300000e+03 9.87040433e-01 5.00000000e-02
8.46400000e+03 9.24931196e-01 5.00000000e-02
8.46500000e+03 1.02734224e+00 5.00000000e-02
8.46600000e+03 9.96055609e-01 5.00000000e-02
8.46700000e+03 1.03703436e+00 5.00000000e-02
8.46800000e+03 1.04654635e+00 5.00000000e-02
8.46900000e+03 1.02396090e+00 5.00000000e-02
8.47000000e+03 9.05700942e-01 5.00000000e-02
8.47100000e+03 9.79264224e-01 5.00000000e-02
8.47200000e+03 9.46712812e-01 5.00000000e-02
8.47300000e+03 9.63150743e-01 5.00000000e-02
8.47400000e+03 9.95211205e-01 5.00000000e-02
8.47500000e+03 1.06565359e+00 5.00000000e-02
8.47600000e+03 1.04378869e+00 5.00000000e-02
8.47700000e+03 9.59018796e-01 5.00000000e-02
8.47800000e+03 9.79943335e-01 5.00000000e-02
8.47900000e+03 9.79796206e-01 5.00000000e-02
8.48000000e+03 1.01812801e+00 5.00000000e-02
8.48100000e+03 9.75956196e-01 5.00000000e-02
8.48200000e+03 9.92886069e-01 5.00000000e-02
8.48300000e+03 9.70862437e-01 5.00000000e-02
8.48400000e+03 1.08133806e+00 5.00000000e-02
8.48500000e+03 1.00653789e+00 5.00000000e-02
8.48600000e+03 1.04337590e+00 5.00000000e-02
8.48700000e+03 1.02254702e+00 5.00000000e-02
8.48800000e+03 9.04397352e-01 5.00000000e-02
8.48900000e+03 1.01524630e+00 5.00000000e-02
8.49000000e+03 9.44804250e-01 5.00000000e-02
8.49100000e+03 9.69342944e-01 5.00000000e-02
8.49200000e+03 9.71355749e-01 5.00000000e-02
8.49300000e+03 9.79270647e-01 5.00000000e-02
8.49400000e+03 1.04082206e+00 5.00000000e-02
8.49500000e+03 9.67443332e-01 5.00000000e-02
8.49600000e+03 9.98734434e-01 5.00000000e-02
8.49700000e+03 1.01871996e+00 5.00000000e-02
8.49800000e+03 9.39732859e-01 5.00000000e-02
8.49900000e+03 1.04737039e+00 5.00000000e-02
8.50000000e+03 9.66586364e-01 5.00000000e-02
8.50100000e+03 1.04482477e+00 5.00000000e-02
8.50200000e+03 1.08762644e+00 5.00000000e-02
8.50300000e+03 9.56788012e-01 5.00000000e-02
8.50400000e+03 1.10017494e+00 5.00000000e-02
8.50500000e+03 1.04263476e+00 5.00000000e-02
8.50600000e+03 1.07797993e+00 5.00000000e-02
8.50700000e+03 1.06344033e+00 5.00000000e-02
8.50800000e+03 8.65972398e-01 5.00000000e-02
8.50900000e+03 8.79683240e-01 5.00000000e-02
8.51000000e+03 9.75092371e-01 5.00000000e-02
8.51100000e+03 1.02519505e+00 5.00000000e-02
8.51200000e+03 9.40623734e-01 5.00000000e-02
8.51300000e+03 1.01890883e+00 5.00000000e-02
8.51400000e+03 9.91953549e-01 5.00000000e-02
8.51500000e+03 1.01082129e+00 5.00000000e-02
8.51600000e+03 1.01821913e+00 5.00000000e-02
8.51700000e+03 9.77088461e-01 5.00000000e-02
8.51800000e+03 1.07717640e+00 5.00000000e-02
8.51900000e+03 1.06237667e+00 5.00000000e-02
8.52000000e+03 1.01132976e+00 5.00000000e-02
8.52100000e+03 1.02924407e+00 5.00000000e-02
8.52200000e+03 9.30669159e-01 5.00000000e-02
8.52300000e+03 8.91553317e-01 5.00000000e-02
8.52400000e+03 1.00057424e+00 5.00000000e-02
8.52500000e+03 9.44296911e-01 5.00000000e-02
8.52600000e+03 1.00583640e+00 5.00000000e-02
8.52700000e+03 9.29521719e-01 5.00000000e-02
8.52800000e+03 9.51300056e-01 5.00000000e-02
8.52900000e+03 1.04240387e+00 5.00000000e-02
8.53000000e+03 9.17130413e-01 5.00000000e-02
8.53100000e+03 1.03960121e+00 5.00000000e-02
8.53200000e+03 9.87445265e-01 5.00000000e-02
8.53300000e+03 9.14297899e-01 5.00000000e-02
8.53400000e+03 9.30567289e-01 5.00000000e-02
8.53500000e+03 8.73435641e-01 5.00000000e-02
8.53600000e+03 9.39298931e-01 5.00000000e-02
8.53700000e+03 1.03026473e+00 5.00000000e-02
8.53800000e+03 8.98010792e-01 5.00000000e-02
8.53900000e+03 9.92467256e-01 5.00000000e-02
8.54000000e+03 1.07749611e+00 5.00000000e-02
8.54100000e+03 9.49964463e-01 5.00000000e-02
8.54200000e+03 1.06934763e+00 5.00000000e-02
8.54300000e+03 9.16179638e-01 5.00000000e-02
8.54400000e+03 1.03721679e+00 5.00000000e-02
8.54500000e+03 9.87078490e-01 5.00000000e-02
8.54600000e+03 9.96358115e-01 5.00000000e-02
8.54700000e+03 1.02097397e+00 5.00000000e-02
8.54800000e+03 9.62072819e-01 5.00000000e-02
8.54900000e+03 9.68877213e-01 5.00000000e-02
8.55000000e+03 9.96149708e-01 5.00000000e-02
8.55100000e+03 1.09461943e+00 5.00000000e-02
8.55200000e+03 1.14228621e+00 5.00000000e-02
8.55300000e+03 9.82854013e-01 5.00000000e-02
8.55400000e+03 1.00900232e+00 5.00000000e-02
8.55500000e+03 9.50004703e-01 5.00000000e-02
8.55600000e+03 1.11913206e+00 5.00000000e-02
8.55700000e+03 9.90613635e-01 5.00000000e-02
8.55800000e+03 1.05501313e+00 5.00000000e-02
8.55900000e+03 9.65292182e-01 5.00000000e-02
8.56000000e+03 9.78645896e-01 5.00000000e-02
8.56100000e+03 9.83821658e-01 5.00000000e-02
8.56200000e+03 9.58550866e-01 5.00000000e-02
8.56300000e+03 1.02602425e+00 5.00000000e-02
8.56400000e+03 1.03558281e+00 5.00000000e-02
8.56500000e+03 1.06720611e+00 5.00000000e-02
8.56600000e+03 9.63432903e-01 5.00000000e-02
8.56700000e+03 9.32927954e-01 5.00000000e-02
8.56800000e+03 1.03381553e+00 5.00000000e-02
8.56900000e+03 1.00249981e+00 5.00000000e-02
8.57000000e+03 9.81629185e-01 5.00000000e-02
8.57100000e+03 1.03740364e+00 5.00000000e-02
8.57200000e+03 1.07335796e+00 5.00000000e-02
8.57300000e+03 1.05945736e+00 5.00000000e-02
8.57400000e+03 9.61406761e-01 5.00000000e-02
8.57500000e+03 1.00188042e+00 5.00000000e-02
8.57600000e+03 9.27820519e-01 5.00000000e-02
8.57700000e+03 9.63940267e-01 5.00000000e-02
8.57800000e+03 9.59694763e-01 5.00000000e-02
8.57900000e+03 8.83247630e-01 5.00000000e-02
8.58000000e+03 9.65044435e-01 5.00000000e-02
8.58100000e+03 1.01840830e+00 5.00000000e-02
8.58200000e+03 9.17345814e-01 5.00000000e-02
8.58300000e+03 1.04942125e+00 5.00000000e-02
8.58400000e+03 9.87572847e-01 5.00000000e-02
8.58500000e+03 9.07395199e-01 5.00000000e-02
8.58600000e+03 9.97615790e-01 5.00000000e-02
8.58700000e+03 1.02048045e+00 5.00000000e-02
8.58800000e+03 1.03134799e+00 5.00000000e-02
8.58900000e+03 1.02626828e+00 5.00000000e-02
8.59000000e+03 1.04612647e+00 5.00000000e-02
8.59100000e+03 1.01533171e+00 5.00000000e-02
8.59200000e+03 9.99345980e-01 5.00000000e-02
8.59300000e+03 9.85258089e-01 5.00000000e-02
8.59400000e+03 9.32830268e-01 5.00000000e-02
8.59500000e+03 1.08180513e+00 5.00000000e-02
8.59600000e+03 1.03576604e+00 5.00000000e-02
8.59700000e+03 1.00444454e+00 5.00000000e-02
8.59800000e+03 1.02405880e+00 5.00000000e-02
8.59900000e+03 1.01676285e+00 5.00000000e-02
8.60000000e+03 9.49830078e-01 5.00000000e-02
8.60100000e+03 9.25797448e-01 5.00000000e-02
8.60200000e+03 1.06165035e+00 5.00000000e-02
8.60300000e+03 1.02523507e+00 5.00000000e-02
8.60400000e+03 1.01304702e+00 5.00000000e-02
8.60500000e+03 1.06421607e+00 5.00000000e-02
8.60600000e+03 1.03181281e+00 5.00000000e-02
8.60700000e+03 1.01081567e+00 5.00000000e-02
8.60800000e+03 1.01340231e+00 5.00000000e-02
8.60900000e+03 1.01488355e+00 5.00000000e-02
8.61000000e+03 1.05694205e+00 5.00000000e-02
8.61100000e+03 1.06402587e+00 5.00000000e-02
8.61200000e+03 9.86016313e-01 5.00000000e-02
8.61300000e+03 9.75033193e-01 5.00000000e-02
8.61400000e+03 1.01004452e+00 5.00000000e-02
8.61500000e+03 9.81984793e-01 5.00000000e-02
8.61600000e+03 1.03298930e+00 5.00000000e-02
8.61700000e+03 9.39657835e-01 5.00000000e-02
8.61800000e+03 1.01023135e+00 5.00000000e-02
8.61900000e+03 9.91888943e-01 5.00000000e-02
8.62000000e+03 9.91198406e-01 5.00000000e-02
8.62100000e+03 9.44011179e-01 5.00000000e-02
8.62200000e+03 1.04851785e+00 5.00000000e-02
8.62300000e+03 1.00630355e+00 5.00000000e-02
8.62400000e+03 1.05096804e+00 5.00000000e-02
8.62500000e+03 1.00537236e+00 5.00000000e-02
8.62600000e+03 9.79376652e-01 5.00000000e-02
8.62700000e+03 1.02900209e+00 5.00000000e-02
8.62800000e+03 1.05010204e+00 5.00000000e-02
8.62900000e+03 9.71308131e-01 5.00000000e-02
8.63000000e+03 9.86198900e-01 5.00000000e-02
8.63100000e+03 9.61336993e-01 5.00000000e-02
8.63200000e+03 1.02241830e+00 5.00000000e-02
8.63300000e+03 9.24950100e-01 5.00000000e-02
8.63400000e+03 1.04214174e+00 5.00000000e-02
8.63500000e+03 1.00904012e+00 5.00000000e-02
8.63600000e+03 1.00638405e+00 5.00000000e-02
8.63700000e+03 1.06012677e+00 5.00000000e-02
8.63800000e+03 1.10225139e+00 5.00000000e-02
8.63900000e+03 1.01989655e+00 5.00000000e-02
8.64000000e+03 9.59826187e-01 5.00000000e-02
8.64100000e+03 9.79820027e-01 5.00000000e-02
8.64200000e+03 1.01570980e+00 5.00000000e-02
8.64300000e+03 1.05702686e+00 5.00000000e-02
8.64400000e+03 9.71030352e-01 5.00000000e-02
8.64500000e+03 1.00749463e+00 5.00000000e-02
8.64600000e+03 1.07168489e+00 5.00000000e-02
8.64700000e+03 9.78820937e-01 5.00000000e-02
8.64800000e+03 1.08154588e+00 5.00000000e-02
8.64900000e+03 9.73169876e-01 5.00000000e-02
8.65000000e+03 9.83334761e-01 5.00000000e-02
8.65100000e+03 9.09501176e-01 5.00000000e-02
8.65200000e+03 9.95587534e-01 5.00000000e-02
8.65300000e+03 9.67720906e-01 5.00000000e-02
8.65400000e+03 1.06073613e+00 5.00000000e-02
8.65500000e+03 1.00440971e+00 5.00000000e-02
8.65600000e+03 9.59567044e-01 5.00000000e-02
8.65700000e+03 9.09365125e-01 5.00000000e-02
8.65800000e+03 9.31415639e-01 5.00000000e-02
8.65900000e+03 1.08701304e+00 5.00000000e-02
8.66000000e+03 1.11516207e+00 5.00000000e-02
8.66100000e+03 1.06649839e+00 5.00000000e-02
8.66200000e+03 9.28161124e-01 5.00000000e-02
8.66300000e+03 1.04443362e+00 5.00000000e-02
8.66400000e+03 1.00433842e+00 5.00000000e-02
8.66500000e+03 1.03311365e+00 5.00000000e-02
8.66600000e+03 9.57418917e-01 5.00000000e-02
8.66700000e+03 9.99065055e-01 5.00000000e-02
8.66800000e+03 1.01802326e+00 5.00000000e-02
8.66900000e+03 9.52067543e-01 5.00000000e-02
8.67000000e+03 1.03733532e+00 5.00000000e-02
8.67100000e+03 9.46267882e-01 5.00000000e-02
8.67200000e+03 1.02373584e+00 5.00000000e-02
8.67300000e+03 1.03094574e+00 5.00000000e-02
8.67400000e+03 9.78697530e-01 5.00000000e-02
8.67500000e+03 9.20560838e-01 5.00000000e-02
8.67600000e+03 9.57337108e-01 5.00000000e-02
8.67700000e+03 1.01756676e+00 5.00000000e-02
8.67800000e+03 1.02639014e+00 5.00000000e-02
8.67900000e+03 1.00150413e+00 5.00000000e-02
8.68000000e+03 1.02106516e+00 5.00000000e-02
8.68100000e+03 9.27843672e-01 5.00000000e-02
8.68200000e+03 1.05192510e+00 5.00000000e-02
8.68300000e+03 9.20832544e-01 5.00000000e-02
8.68400000e+03 1.02860130e+00 5.00000000e-02
8.68500000e+03 9.83615194e-01 5.00000000e-02
8.68600000e+03 9.59176437e-01 5.00000000e-02
8.68700000e+03 1.00725697e+00 5.00000000e-02
8.68800000e+03 9.57695287e-01 5.00000000e-02
8.68900000e+03 9.83786805e-01 5.00000000e-02
8.69000000e+03 9.67112495e-01 5.00000000e-02
8.69100000e+03 1.06722918e+00 5.00000000e-02
8.69200000e+03 1.01714046e+00 5.00000000e-02
8.69300000e+03 1.01360029e+00 5.00000000e-02
8.69400000e+03 1.03835426e+00 5.00000000e-02
8.69500000e+03 1.03797091e+00 5.00000000e-02
8.69600000e+03 1.00045341e+00 5.00000000e-02
8.69700000e+03 9.45745483e-01 5.00000000e-02
8.69800000e+03 9.90634765e-01 5.00000000e-02
8.69900000e+03 1.06044644e+00 5.00000000e-02
8.70000000e+03 1.00708544e+00 5.00000000e-02
8.70100000e+03 1.00277177e+00 5.00000000e-02
8.70200000e+03 9.77378274e-01 5.00000000e-02
8.70300000e+03 9.84509792e-01 5.00000000e-02
8.70400000e+03 9.05196334e-01 5.00000000e-02
8.70500000e+03 9.53463611e-01 5.00000000e-02
8.70600000e+03 9.26227149e-01 5.00000000e-02
8.70700000e+03 9.66579008e-01 5.00000000e-02
8.70800000e+03 9.41529278e-01 5.00000000e-02
8.70900000e+03 1.00335879e+00 5.00000000e-02
8.71000000e+03 1.06058005e+00 5.00000000e-02
8.71100000e+03 1.00199228e+00 5.00000000e-02
8.71200000e+03 9.93932110e-01 5.00000000e-02
8.71300000e+03 9.08863199e-01 5.00000000e-02
8.71400000e+03 1.05218210e+00 5.00000000e-02
8.71500000e+03 9.50236155e-01 5.00000000e-02
8.71600000e+03 9.46046975e-01 5.00000000e-02
8.71700000e+03 9.76296529e-01 5.00000000e-02
8.71800000e+03 9.85560659e-01 5.00000000e-02
8.71900000e+03 9.95297704e-01 5.00000000e-02
8.72000000e+03 9.80479440e-01 5.00000000e-02
8.72100000e+03 9.85172242e-01 5.00000000e-02
8.72200000e+03 1.03707198e+00 5.00000000e-02
8.72300000e+03 9.53264897e-01 5.00000000e-02
8.72400000e+03 1.00268716e+00 5.00000000e-02
8.72500000e+03 1.00835544e+00 5.00000000e-02
8.72600000e+03 1.01073346e+00 5.00000000e-02
8.72700000e+03 9.77554054e-01 5.00000000e-02
8.72800000e+03 8.91621096e-01 5.00000000e-02
8.72900000e+03 1.01080465e+00 5.00000000e-02
8.73000000e+03 1.01266277e+00 5.00000000e-02
8.73100000e+03 9.27441693e-01 5.00000000e-02
8.73200000e+03 1.05339960e+00 5.00000000e-02
8.73300000e+03 8.96952906e-01 5.00000000e-02
8.73400000e+03 1.07802387e+00 5.00000000e-02
8.73500000e+03 9.87603946e-01 5.00000000e-02
8.73600000e+03 1.01981295e+00 5.00000000e-02
8.73700000e+03 1.00869042e+00 5.00000000e-02
8.73800000e+03 9.57301987e-01 5.00000000e-02
8.73900000e+03 9.91463762e-01 5.00000000e-02
8.74000000e+03 1.10271595e+00 5.00000000e-02
8.74100000e+03 9.94511258e-01 5.00000000e-02
8.74200000e+03 1.01687141e+00 5.00000000e-02
8.74300000e+03 1.05664727e+00 5.00000000e-02
8.74400000e+03 1.08270234e+00 5.00000000e-02
8.74500000e+03 1.04160147e+00 5.00000000e-02
8.74600000e+03 1.05920746e+00 5.00000000e-02
8.74700000e+03 1.00665359e+00 5.00000000e-02
8.74800000e+03 1.04365953e+00 5.00000000e-02
8.74900000e+03 1.04252143e+00 5.00000000e-02
8.75000000e+03 1.04438290e+00 5.00000000e-02
8.75100000e+03 9.76303362e-01 5.00000000e-02
8.75200000e+03 8.73275313e-01 5.00000000e-02
8.75300000e+03 1.02411984e+00 5.00000000e-02
8.75400000e+03 9.69372460e-01 5.00000000e-02
8.75500000e+03 1.14754974e+00 5.00000000e-02
8.75600000e+03 1.02048874e+00 5.00000000e-02
8.75700000e+03 1.01197279e+00 5.00000000e-02
8.75800000e+03 9.67203056e-01 5.00000000e-02
8.75900000e+03 1.05295602e+00 5.00000000e-02
8.76000000e+03 1.02952879e+00 5.00000000e-02
8.76100000e+03 1.00588260e+00 5.00000000e-02
8.76200000e+03 1.04201865e+00 5.00000000e-02
8.76300000e+03 1.03144453e+00 5.00000000e-02
8.76400000e+03 1.01285413e+00 5.00000000e-02
8.76500000e+03 9.70245642e-01 5.00000000e-02
8.76600000e+03 9.38988785e-01 5.00000000e-02
8.76700000e+03 9.42358707e-01 5.00000000e-02
8.76800000e+03 1.01828430e+00 5.00000000e-02
8.76900000e+03 9.42547881e-01 5.00000000e-02
8.77000000e+03 1.06938527e+00 5.00000000e-02
8.77100000e+03 9.93757404e-01 5.00000000e-02
8.77200000e+03 1.07004346e+00 5.00000000e-02
8.77300000e+03 1.00650401e+00 5.00000000e-02
8.77400000e+03 9.91460698e-01 5.00000000e-02
8.77500000e+03 9.95909021e-01 5.00000000e-02
8.77600000e+03 8.96350575e-01 5.00000000e-02
8.77700000e+03 9.76035640e-01 5.00000000e-02
8.77800000e+03 1.02683230e+00 5.00000000e-02
8.77900000e+03 9.48307186e-01 5.00000000e-02
8.78000000e+03 9.87967069e-01 5.00000000e-02
8.78100000e+03 9.03827455e-01 5.00000000e-02
8.78200000e+03 9.96368749e-01 5.00000000e-02
8.78300000e+03 9.32274792e-01 5.00000000e-02
8.78400000e+03 9.83466526e-01 5.00000000e-02
8.78500000e+03 9.95122817e-01 5.00000000e-02
8.78600000e+03 1.05704381e+00 5.00000000e-02
8.78700000e+03 1.02334709e+00 5.00000000e-02
8.78800000e+03 9.86636499e-01 5.00000000e-02
8.78900000e+03 1.02735062e+00 5.00000000e-02
8.79000000e+03 9.75488163e-01 5.00000000e-02
8.79100000e+03 1.01102434e+00 5.00000000e-02
8.79200000e+03 9.65794186e-01 5.00000000e-02
8.79300000e+03 9.78237724e-01 5.00000000e-02
8.79400000e+03 1.04112732e+00 5.00000000e-02
8.79500000e+03 1.01212408e+00 5.00000000e-02
8.79600000e+03 1.04984567e+00 5.00000000e-02
8.79700000e+03 1.02438816e+00 5.00000000e-02
8.79800000e+03 9.84485015e-01 5.00000000e-02
8.79900000e+03 8.84606011e-01 5.00000000e-02
8.80000000e+03 9.00300468e-01 5.00000000e-02
8.80100000e+03 9.27006601e-01 5.00000000e-02
8.80200000e+03 1.02305752e+00 5.00000000e-02
8.80300000e+03 1.04795240e+00 5.00000000e-02
8.80400000e+03 1.01015514e+00 5.00000000e-02
8.80500000e+03 1.00858326e+00 5.00000000e-02
8.80600000e+03 1.01554437e+00 5.00000000e-02
8.80700000e+03 9.28322168e-01 5.00000000e-02
8.80800000e+03 9.87402739e-01 5.00000000e-02
8.80900000e+03 1.04021428e+00 5.00000000e-02
8.81000000e+03 1.00061733e+00 5.00000000e-02
8.81100000e+03 9.60008153e-01 5.00000000e-02
8.81200000e+03 9.21504036e-01 5.00000000e-02
8.81300000e+03 1.03172467e+00 5.00000000e-02
8.81400000e+03 1.05451219e+00 5.00000000e-02
8.81500000e+03 9.48674010e-01 5.00000000e-02
8.81600000e+03 9.81998077e-01 5.00000000e-02
8.81700000e+03 9.64184102e-01 5.00000000e-02
8.81800000e+03 1.02396478e+00 5.00000000e-02
8.81900000e+03 9.99140931e-01 5.00000000e-02
8.82000000e+03 1.01652196e+00 5.00000000e-02
8.82100000e+03 9.69064715e-01 5.00000000e-02
8.82200000e+03 1.02957782e+00 5.00000000e-02
8.82300000e+03 9.48519357e-01 5.00000000e-02
8.82400000e+03 9.79565530e-01 5.00000000e-02
8.82500000e+03 9.54702383e-01 5.00000000e-02
8.82600000e+03 9.35364736e-01 5.00000000e-02
8.82700000e+03 1.00506358e+00 5.00000000e-02
8.82800000e+03 1.06868937e+00 5.00000000e-02
8.82900000e+03 1.00628070e+00 5.00000000e-02
8.83000000e+03 1.01981969e+00 5.00000000e-02
8.83100000e+03 9.14187637e-01 5.00000000e-02
8.83200000e+03 1.05404870e+00 5.00000000e-02
8.83300000e+03 9.36810926e-01 5.00000000e-02
8.83400000e+03 1.03260683e+00 5.00000000e-02
8.83500000e+03 9.93714591e-01 5.00000000e-02
8.83600000e+03 1.01972831e+00 5.00000000e-02
8.83700000e+03 9.84356159e-01 5.00000000e-02
8.83800000e+03 1.03513626e+00 5.00000000e-02
8.83900000e+03 9.71622148e-01 5.00000000e-02
8.84000000e+03 1.05472052e+00 5.00000000e-02
8.84100000e+03 1.01121652e+00 5.00000000e-02
8.84200000e+03 9.89127579e-01 5.00000000e-02
8.84300000e+03 1.03617658e+00 5.00000000e-02
8.84400000e+03 9.78658437e-01 5.00000000e-02
8.84500000e+03 9.23914674e-01 5.00000000e-02
8.84600000e+03 9.99794212e-01 5.00000000e-02
8.84700000e+03 9.56196943e-01 5.00000000e-02
8.84800000e+03 1.09457267e+00 5.00000000e-02
8.84900000e+03 1.04944760e+00 5.00000000e-02
8.85000000e+03 1.01458069e+00 5.00000000e-02
8.85100000e+03 9.56989213e-01 5.00000000e-02
8.85200000e+03 9.82477443e-01 5.00000000e-02
8.85300000e+03 1.01538010e+00 5.00000000e-02
8.85400000e+03 9.65703560e-01 5.00000000e-02
8.85500000e+03 9.20562982e-01 5.00000000e-02
8.85600000e+03 1.03470922e+00 5.00000000e-02
8.85700000e+03 1.16104745e+00 5.00000000e-02
8.85800000e+03 1.02828949e+00 5.00000000e-02
8.85900000e+03 1.05737971e+00 5.00000000e-02
8.86000000e+03 8.84242769e-01 5.00000000e-02
8.86100000e+03 9.34640778e-01 5.00000000e-02
8.86200000e+03 9.98361630e-01 5.00000000e-02
8.86300000e+03 9.24541692e-01 5.00000000e-02
8.86400000e+03 8.63325132e-01 5.00000000e-02
8.86500000e+03 9.88408993e-01 5.00000000e-02
8.86600000e+03 1.00482893e+00 5.00000000e-02
8.86700000e+03 1.08461374e+00 5.00000000e-02
8.86800000e+03 9.97843586e-01 5.00000000e-02
8.86900000e+03 9.54122647e-01 5.00000000e-02
8.87000000e+03 9.15231384e-01 5.00000000e-02
8.87100000e+03 1.01497909e+00 5.00000000e-02
8.87200000e+03 1.00397835e+00 5.00000000e-02
8.87300000e+03 9.69386313e-01 5.00000000e-02
8.87400000e+03 9.42808798e-01 5.00000000e-02
8.87500000e+03 1.00977264e+00 5.00000000e-02
8.87600000e+03 9.80515062e-01 5.00000000e-02
8.87700000e+03 1.02554758e+00 5.00000000e-02
8.87800000e+03 1.05364605e+00 5.00000000e-02
8.87900000e+03 1.00179038e+00 5.00000000e-02
8.88000000e+03 9.29431445e-01 5.00000000e-02
8.88100000e+03 1.05905196e+00 5.00000000e-02
8.88200000e+03 9.51345816e-01 5.00000000e-02
8.88300000e+03 9.57337639e-01 5.00000000e-02
8.88400000e+03 1.01713704e+00 5.00000000e-02
8.88500000e+03 1.00164707e+00 5.00000000e-02
8.88600000e+03 1.08424573e+00 5.00000000e-02
8.88700000e+03 1.02687412e+00 5.00000000e-02
8.88800000e+03 1.01284400e+00 5.00000000e-02
8.88900000e+03 1.04124247e+00 5.00000000e-02
8.89000000e+03 1.04269861e+00 5.00000000e-02
8.89100000e+03 9.91215511e-01 5.00000000e-02
8.89200000e+03 1.10275661e+00 5.00000000e-02
8.89300000e+03 1.04350291e+00 5.00000000e-02
8.89400000e+03 1.00355258e+00 5.00000000e-02
8.89500000e+03 1.01228512e+00 5.00000000e-02
8.89600000e+03 1.03412310e+00 5.00000000e-02
8.89700000e+03 1.00744260e+00 5.00000000e-02
8.89800000e+03 1.01705618e+00 5.00000000e-02
8.89900000e+03 1.00238363e+00 5.00000000e-02
8.90000000e+03 1.05432661e+00 5.00000000e-02
8.90100000e+03 9.52966743e-01 5.00000000e-02
8.90200000e+03 9.99436178e-01 5.00000000e-02
8.90300000e+03 9.69741934e-01 5.00000000e-02
8.90400000e+03 1.11443963e+00 5.00000000e-02
8.90500000e+03 1.12959696e+00 5.00000000e-02
8.90600000e+03 1.02547903e+00 5.00000000e-02
8.90700000e+03 1.00111558e+00 5.00000000e-02
8.90800000e+03 1.01525206e+00 5.00000000e-02
8.90900000e+03 9.53908590e-01 5.00000000e-02
8.91000000e+03 1.01191210e+00 5.00000000e-02
8.91100000e+03 1.00171576e+00 5.00000000e-02
8.91200000e+03 1.00536928e+00 5.00000000e-02
8.91300000e+03 1.01134955e+00 5.00000000e-02
8.91400000e+03 1.04977078e+00 5.00000000e-02
8.91500000e+03 1.10051934e+00 5.00000000e-02
8.91600000e+03 8.91868895e-01 5.00000000e-02
8.91700000e+03 1.17864075e+00 5.00000000e-02
8.91800000e+03 9.81729683e-01 5.00000000e-02
8.91900000e+03 1.01227059e+00 5.00000000e-02
8.92000000e+03 9.34837828e-01 5.00000000e-02
8.92100000e+03 9.56334451e-01 5.00000000e-02
8.92200000e+03 9.88679311e-01 5.00000000e-02
8.92300000e+03 1.01484879e+00 5.00000000e-02
8.92400000e+03 8.99006687e-01 5.00000000e-02
8.92500000e+03 1.00665767e+00 5.00000000e-02
8.92600000e+03 9.67012204e-01 5.00000000e-02
8.92700000e+03 1.01411156e+00 5.00000000e-02
8.92800000e+03 1.05387453e+00 5.00000000e-02
8.92900000e+03 1.05084947e+00 5.00000000e-02
8.93000000e+03 9.10342580e-01 5.00000000e-02
8.93100000e+03 1.01478364e+00 5.00000000e-02
8.93200000e+03 1.02883783e+00 5.00000000e-02
8.93300000e+03 1.05049717e+00 5.00000000e-02
8.93400000e+03 9.66738592e-01 5.00000000e-02
8.93500000e+03 9.95535480e-01 5.00000000e-02
8.93600000e+03 9.97361988e-01 5.00000000e-02
8.93700000e+03 1.00373781e+00 5.00000000e-02
8.93800000e+03 9.75653912e-01 5.00000000e-02
8.93900000e+03 9.79197137e-01 5.00000000e-02
8.94000000e+03 1.11241782e+00 5.00000000e-02
8.94100000e+03 9.22036211e-01 5.00000000e-02
8.94200000e+03 1.04382186e+00 5.00000000e-02
8.94300000e+03 1.04028368e+00 5.00000000e-02
8.94400000e+03 1.04433494e+00 5.00000000e-02
8.94500000e+03 9.45353904e-01 5.00000000e-02
8.94600000e+03 1.01686320e+00 5.00000000e-02
8.94700000e+03 9.84915468e-01 5.00000000e-02
8.94800000e+03 1.01320772e+00 5.00000000e-02
8.94900000e+03 1.02644606e+00 5.00000000e-02
8.95000000e+03 9.52942193e-01 5.00000000e-02
8.95100000e+03 1.02110542e+00 5.00000000e-02
8.95200000e+03 9.95335393e-01 5.00000000e-02
8.95300000e+03 9.20612634e-01 5.00000000e-02
8.95400000e+03 1.13174823e+00 5.00000000e-02
8.95500000e+03 9.51255900e-01 5.00000000e-02
8.95600000e+03 1.05903147e+00 5.00000000e-02
8.95700000e+03 9.64127116e-01 5.00000000e-02
8.95800000e+03 9.98997223e-01 5.00000000e-02
8.95900000e+03 1.01231942e+00 5.00000000e-02
8.96000000e+03 1.02080450e+00 5.00000000e-02
8.96100000e+03 1.08308228e+00 5.00000000e-02
8.96200000e+03 9.97061146e-01 5.00000000e-02
8.96300000e+03 1.08654833e+00 5.00000000e-02
8.96400000e+03 1.00685734e+00 5.00000000e-02
8.96500000e+03 9.49761745e-01 5.00000000e-02
8.96600000e+03 1.03276309e+00 5.00000000e-02
8.96700000e+03 9.66601803e-01 5.00000000e-02
8.96800000e+03 1.08417248e+00 5.00000000e-02
8.96900000e+03 1.03812784e+00 5.00000000e-02
8.97000000e+03 1.04846823e+00 5.00000000e-02
8.97100000e+03 9.37523604e-01 5.00000000e-02
8.97200000e+03 1.02451090e+00 5.00000000e-02
8.97300000e+03 8.35568763e-01 5.00000000e-02
8.97400000e+03 9.67184026e-01 5.00000000e-02
8.97500000e+03 9.56108771e-01 5.00000000e-02
8.97600000e+03 9.40940288e-01 5.00000000e-02
8.97700000e+03 1.05747826e+00 5.00000000e-02
8.97800000e+03 9.46095266e-01 5.00000000e-02
8.97900000e+03 9.14178005e-01 5.00000000e-02
8.98000000e+03 1.08777491e+00 5.00000000e-02
8.98100000e+03 9.86018165e-01 5.00000000e-02
8.98200000e+03 1.01494623e+00 5.00000000e-02
8.98300000e+03 9.48050053e-01 5.00000000e-02
8.98400000e+03 1.03606858e+00 5.00000000e-02
8.98500000e+03 1.00524301e+00 5.00000000e-02
8.98600000e+03 1.10640557e+00 5.00000000e-02
8.98700000e+03 9.82464336e-01 5.00000000e-02
8.98800000e+03 9.95968360e-01 5.00000000e-02
8.98900000e+03 1.06597994e+00 5.00000000e-02
8.99000000e+03 1.01399189e+00 5.00000000e-02
8.99100000e+03 9.27408126e-01 5.00000000e-02
8.99200000e+03 9.93871471e-01 5.00000000e-02
8.99300000e+03 9.96834707e-01 5.00000000e-02
8.99400000e+03 1.06841032e+00 5.00000000e-02
8.99500000e+03 9.26217615e-01 5.00000000e-02
8.99600000e+03 9.82167903e-01 5.00000000e-02
8.99700000e+03 9.57979812e-01 5.00000000e-02
8.99800000e+03 9.80625615e-01 5.00000000e-02
8.99900000e+03 9.60118903e-01 5.00000000e-02
