# object 1: star-forming, air Angstrom, rows reversed; last two rows are bad
# wavelength flux err
8.39669240e+03 9.72128633e-01 3.00000000e-02
8.39569267e+03 1.00563925e+00 3.00000000e-02
8.39469294e+03 1.02650620e+00 3.00000000e-02
8.39369321e+03 1.00966285e+00 3.00000000e-02
8.39269348e+03 9.67581513e-01 3.00000000e-02
8.39169375e+03 1.00070358e+00 3.00000000e-02
8.39069402e+03 1.01582746e+00 3.00000000e-02
8.38969429e+03 1.04214495e+00 3.00000000e-02
8.38869456e+03 1.00780781e+00 3.00000000e-02
8.38769483e+03 1.03688524e+00 3.00000000e-02
8.38669510e+03 1.00707579e+00 3.00000000e-02
8.38569538e+03 1.01521898e+00 3.00000000e-02
8.38469565e+03 1.01336007e+00 3.00000000e-02
8.38369592e+03 1.01964896e+00 3.00000000e-02
8.38269619e+03 9.76609920e-01 3.00000000e-02
8.38169646e+03 9.78765107e-01 3.00000000e-02
8.38069673e+03 1.02883070e+00 3.00000000e-02
8.37969700e+03 1.03961885e+00 3.00000000e-02
8.37869727e+03 1.01123667e+00 3.00000000e-02
8.37769754e+03 9.80932793e-01 3.00000000e-02
8.37669781e+03 9.68119434e-01 3.00000000e-02
8.37569808e+03 1.00171832e+00 3.00000000e-02
8.37469835e+03 9.97503181e-01 3.00000000e-02
8.37369862e+03 1.02989787e+00 3.00000000e-02
8.37269889e+03 1.01404814e+00 3.00000000e-02
8.37169916e+03 9.97493441e-01 3.00000000e-02
8.37069943e+03 1.02966423e+00 3.00000000e-02
8.36969970e+03 9.53393390e-01 3.00000000e-02
8.36869997e+03 9.58623614e-01 3.00000000e-02
8.36770024e+03 9.82209113e-01 3.00000000e-02
8.36670051e+03 9.78864083e-01 3.00000000e-02
8.36570078e+03 1.02813983e+00 3.00000000e-02
8.36470105e+03 1.01368507e+00 3.00000000e-02
8.36370132e+03 9.92904434e-01 3.00000000e-02
8.36270159e+03 9.70911707e-01 3.00000000e-02
8.36170186e+03 1.02000956e+00 3.00000000e-02
8.36070213e+03 1.01921915e+00 3.00000000e-02
8.35970240e+03 1.03594051e+00 3.00000000e-02
8.35870267e+03 9.86204448e-01 3.00000000e-02
8.35770294e+03 1.01410450e+00 3.00000000e-02
8.35670321e+03 9.99306764e-01 3.00000000e-02
8.35570348e+03 9.85549025e-01 3.00000000e-02
8.35470375e+03 1.03213702e+00 3.00000000e-02
8.35370402e+03 9.90841344e-01 3.00000000e-02
8.35270429e+03 9.98943529e-01 3.00000000e-02
8.35170456e+03 9.93621836e-01 3.00000000e-02
8.35070483e+03 9.73579392e-01 3.00000000e-02
8.34970511e+03 9.63585608e-01 3.00000000e-02
8.34870538e+03 9.75464244e-01 3.00000000e-02
8.34770565e+03 1.00021919e+00 3.00000000e-02
8.34670592e+03 9.68668841e-01 3.00000000e-02
8.34570619e+03 9.72782791e-01 3.00000000e-02
8.34470646e+03 9.54886104e-01 3.00000000e-02
8.34370673e+03 1.00090121e+00 3.00000000e-02
8.34270700e+03 9.76690050e-01 3.00000000e-02
8.34170727e+03 9.46665416e-01 3.00000000e-02
8.34070754e+03 1.03771023e+00 3.00000000e-02
8.33970781e+03 1.02619150e+00 3.00000000e-02
8.33870808e+03 9.49191870e-01 3.00000000e-02
8.33770835e+03 9.99084079e-01 3.00000000e-02
8.33670862e+03 9.41776717e-01 3.00000000e-02
8.33570889e+03 1.05262905e+00 3.00000000e-02
8.33470916e+03 1.00193554e+00 3.00000000e-02
8.33370943e+03 1.04488254e+00 3.00000000e-02
8.33270970e+03 1.01618034e+00 3.00000000e-02
8.33170997e+03 9.76134397e-01 3.00000000e-02
8.33071024e+03 9.81833672e-01 3.00000000e-02
8.32971051e+03 9.79945747e-01 3.00000000e-02
8.32871078e+03 1.02189274e+00 3.00000000e-02
8.32771105e+03 9.84589254e-01 3.00000000e-02
8.32671132e+03 1.00134964e+00 3.00000000e-02
8.32571159e+03 1.03443758e+00 3.00000000e-02
8.32471186e+03 1.04317307e+00 3.00000000e-02
8.32371213e+03 9.80355355e-01 3.00000000e-02
8.32271240e+03 9.96382565e-01 3.00000000e-02
8.32171267e+03 1.05019368e+00 3.00000000e-02
8.32071294e+03 1.00773921e+00 3.00000000e-02
8.31971321e+03 9.74050530e-01 3.00000000e-02
8.31871348e+03 9.87839951e-01 3.00000000e-02
8.31771375e+03 1.00537142e+00 3.00000000e-02
8.31671402e+03 9.34269891e-01 3.00000000e-02
8.31571429e+03 9.75332245e-01 3.00000000e-02
8.31471456e+03 1.05172704e+00 3.00000000e-02
8.31371483e+03 9.88959916e-01 3.00000000e-02
8.31271511e+03 1.01228502e+00 3.00000000e-02
8.31171538e+03 9.74730555e-01 3.00000000e-02
8.31071565e+03 1.01151019e+00 3.00000000e-02
8.30971592e+03 9.69715811e-01 3.00000000e-02
8.30871619e+03 1.01760858e+00 3.00000000e-02
8.30771646e+03 1.00593802e+00 3.00000000e-02
8.30671673e+03 1.01261279e+00 3.00000000e-02
8.30571700e+03 9.91167840e-01 3.00000000e-02
8.30471727e+03 1.00634494e+00 3.00000000e-02
8.30371754e+03 9.51476776e-01 3.00000000e-02
8.30271781e+03 9.78823751e-01 3.00000000e-02
8.30171808e+03 1.01433116e+00 3.00000000e-02
8.30071835e+03 9.94156230e-01 3.00000000e-02
8.29971862e+03 9.94281205e-01 3.00000000e-02
8.29871889e+03 1.05233340e+00 3.00000000e-02
8.29771916e+03 1.00840259e+00 3.00000000e-02
8.29671943e+03 9.89034223e-01 3.00000000e-02
8.29571970e+03 9.97265654e-01 3.00000000e-02
8.29471997e+03 1.04157978e+00 3.00000000e-02
8.29372024e+03 1.00667366e+00 3.00000000e-02
8.29272051e+03 9.48446778e-01 3.00000000e-02
8.29172078e+03 9.89109756e-01 3.00000000e-02
8.29072105e+03 1.03965989e+00 3.00000000e-02
8.28972132e+03 9.86974940e-01 3.00000000e-02
8.28872159e+03 9.88914414e-01 3.00000000e-02
8.28772186e+03 9.63811417e-01 3.00000000e-02
8.28672213e+03 1.02874673e+00 3.00000000e-02
8.28572240e+03 1.01124056e+00 3.00000000e-02
8.28472267e+03 9.77782428e-01 3.00000000e-02
8.28372294e+03 1.01203368e+00 3.00000000e-02
8.28272321e+03 1.01412713e+00 3.00000000e-02
8.28172348e+03 1.03614012e+00 3.00000000e-02
8.28072375e+03 1.02839384e+00 3.00000000e-02
8.27972402e+03 9.55422806e-01 3.00000000e-02
8.27872429e+03 1.01062134e+00 3.00000000e-02
8.27772456e+03 1.02109278e+00 3.00000000e-02
8.27672483e+03 1.02704209e+00 3.00000000e-02
8.27572510e+03 1.02806667e+00 3.00000000e-02
8.27472537e+03 1.01030885e+00 3.00000000e-02
8.27372564e+03 1.01185930e+00 3.00000000e-02
8.27272591e+03 9.97376592e-01 3.00000000e-02
8.27172618e+03 1.01209119e+00 3.00000000e-02
8.27072646e+03 1.04237750e+00 3.00000000e-02
8.26972673e+03 9.80601498e-01 3.00000000e-02
8.26872700e+03 1.05663503e+00 3.00000000e-02
8.26772727e+03 1.00879600e+00 3.00000000e-02
8.26672754e+03 1.00920349e+00 3.00000000e-02
8.26572781e+03 9.98102323e-01 3.00000000e-02
8.26472808e+03 9.99722938e-01 3.00000000e-02
8.26372835e+03 9.71533469e-01 3.00000000e-02
8.26272862e+03 1.00043496e+00 3.00000000e-02
8.26172889e+03 9.71012775e-01 3.00000000e-02
8.26072916e+03 1.02859233e+00 3.00000000e-02
8.25972943e+03 9.66292159e-01 3.00000000e-02
8.25872970e+03 1.01376413e+00 3.00000000e-02
8.25772997e+03 9.91189478e-01 3.00000000e-02
8.25673024e+03 1.06881260e+00 3.00000000e-02
8.25573051e+03 9.83843918e-01 3.00000000e-02
8.25473078e+03 9.74434101e-01 3.00000000e-02
8.25373105e+03 9.49920500e-01 3.00000000e-02
8.25273132e+03 1.04455360e+00 3.00000000e-02
8.25173159e+03 1.02337908e+00 3.00000000e-02
8.25073186e+03 9.71119659e-01 3.00000000e-02
8.24973213e+03 9.89520224e-01 3.00000000e-02
8.24873240e+03 9.83617113e-01 3.00000000e-02
8.24773267e+03 1.06554658e+00 3.00000000e-02
8.24673294e+03 1.03797883e+00 3.00000000e-02
8.24573321e+03 9.97657014e-01 3.00000000e-02
8.24473348e+03 1.06145761e+00 3.00000000e-02
8.24373375e+03 1.01220630e+00 3.00000000e-02
8.24273402e+03 1.01911748e+00 3.00000000e-02
8.24173429e+03 1.01604675e+00 3.00000000e-02
8.24073456e+03 9.99784258e-01 3.00000000e-02
8.23973483e+03 9.70897456e-01 3.00000000e-02
8.23873510e+03 1.03217879e+00 3.00000000e-02
8.23773537e+03 1.01100619e+00 3.00000000e-02
8.23673564e+03 9.65506504e-01 3.00000000e-02
8.23573591e+03 1.04291300e+00 3.00000000e-02
8.23473618e+03 9.86274019e-01 3.00000000e-02
8.23373645e+03 1.04299240e+00 3.00000000e-02
8.23273672e+03 1.03254559e+00 3.00000000e-02
8.23173699e+03 9.86771256e-01 3.00000000e-02
8.23073726e+03 1.02492693e+00 3.00000000e-02
8.22973753e+03 9.77202307e-01 3.00000000e-02
8.22873780e+03 9.84087251e-01 3.00000000e-02
8.22773807e+03 9.91879477e-01 3.00000000e-02
8.22673834e+03 9.69079426e-01 3.00000000e-02
8.22573861e+03 1.09434598e+00 3.00000000e-02
8.22473889e+03 9.85069275e-01 3.00000000e-02
8.22373916e+03 9.67275021e-01 3.00000000e-02
8.22273943e+03 9.76005136e-01 3.00000000e-02
8.22173970e+03 9.50391100e-01 3.00000000e-02
8.22073997e+03 1.06030519e+00 3.00000000e-02
8.21974024e+03 9.82282722e-01 3.00000000e-02
8.21874051e+03 9.88684489e-01 3.00000000e-02
8.21774078e+03 1.02307435e+00 3.00000000e-02
8.21674105e+03 9.90418252e-01 3.00000000e-02
8.21574132e+03 9.61536531e-01 3.00000000e-02
8.21474159e+03 1.01180752e+00 3.00000000e-02
8.21374186e+03 1.00045332e+00 3.00000000e-02
8.21274213e+03 9.96697496e-01 3.00000000e-02
8.21174240e+03 9.42224351e-01 3.00000000e-02
8.21074267e+03 9.48944170e-01 3.00000000e-02
8.20974294e+03 9.86275371e-01 3.00000000e-02
8.20874321e+03 9.86101324e-01 3.00000000e-02
8.20774348e+03 9.83896613e-01 3.00000000e-02
8.20674375e+03 9.70670314e-01 3.00000000e-02
8.20574402e+03 1.01376532e+00 3.00000000e-02
8.20474429e+03 9.24311322e-01 3.00000000e-02
8.20374456e+03 1.00161217e+00 3.00000000e-02
8.20274483e+03 1.02023179e+00 3.00000000e-02
8.20174510e+03 1.00595461e+00 3.00000000e-02
8.20074537e+03 1.00546645e+00 3.00000000e-02
8.19974564e+03 1.01867343e+00 3.00000000e-02
8.19874591e+03 1.02530412e+00 3.00000000e-02
8.19774618e+03 9.70880275e-01 3.00000000e-02
8.19674645e+03 1.01402312e+00 3.00000000e-02
8.19574672e+03 9.88539020e-01 3.00000000e-02
8.19474699e+03 9.84254516e-01 3.00000000e-02
8.19374726e+03 1.02447445e+00 3.00000000e-02
8.19274753e+03 1.01431833e+00 3.00000000e-02
8.19174780e+03 9.97365244e-01 3.00000000e-02
8.19074807e+03 1.05262209e+00 3.00000000e-02
8.18974834e+03 9.84704913e-01 3.00000000e-02
8.18874861e+03 9.51651405e-01 3.00000000e-02
8.18774888e+03 9.90352913e-01 3.00000000e-02
8.18674915e+03 9.91138925e-01 3.00000000e-02
8.18574942e+03 9.99894007e-01 3.00000000e-02
8.18474969e+03 1.01916600e+00 3.00000000e-02
8.18374996e+03 1.00684871e+00 3.00000000e-02
8.18275023e+03 1.01413755e+00 3.00000000e-02
8.18175050e+03 1.00516007e+00 3.00000000e-02
8.18075077e+03 1.00110147e+00 3.00000000e-02
8.17975104e+03 1.00972702e+00 3.00000000e-02
8.17875131e+03 9.92839188e-01 3.00000000e-02
8.17775158e+03 1.01422174e+00 3.00000000e-02
8.17675185e+03 1.04094327e+00 3.00000000e-02
8.17575212e+03 9.97869507e-01 3.00000000e-02
8.17475239e+03 9.85592305e-01 3.00000000e-02
8.17375266e+03 9.72808094e-01 3.00000000e-02
8.17275293e+03 1.03860024e+00 3.00000000e-02
8.17175320e+03 1.00690594e+00 3.00000000e-02
8.17075348e+03 9.70880487e-01 3.00000000e-02
8.16975375e+03 1.03799541e+00 3.00000000e-02
8.16875402e+03 1.05097461e+00 3.00000000e-02
8.16775429e+03 9.74090977e-01 3.00000000e-02
8.16675456e+03 1.00837234e+00 3.00000000e-02
8.16575483e+03 9.68181409e-01 3.00000000e-02
8.16475510e+03 9.79855661e-01 3.00000000e-02
8.16375537e+03 1.04089629e+00 3.00000000e-02
8.16275564e+03 1.02190927e+00 3.00000000e-02
8.16175591e+03 9.99820767e-01 3.00000000e-02
8.16075618e+03 9.89021992e-01 3.00000000e-02
8.15975645e+03 9.54678409e-01 3.00000000e-02
8.15875672e+03 1.00177225e+00 3.00000000e-02
8.15775699e+03 9.74318354e-01 3.00000000e-02
8.15675726e+03 1.01541742e+00 3.00000000e-02
8.15575753e+03 1.01249806e+00 3.00000000e-02
8.15475780e+03 1.06354880e+00 3.00000000e-02
8.15375807e+03 1.02170413e+00 3.00000000e-02
8.15275834e+03 1.02765470e+00 3.00000000e-02
8.15175861e+03 1.01830323e+00 3.00000000e-02
8.15075888e+03 1.06402248e+00 3.00000000e-02
8.14975915e+03 9.77040922e-01 3.00000000e-02
8.14875942e+03 9.74601096e-01 3.00000000e-02
8.14775969e+03 1.04002555e+00 3.00000000e-02
8.14675996e+03 9.82034354e-01 3.00000000e-02
8.14576023e+03 1.00525229e+00 3.00000000e-02
8.14476050e+03 1.02318463e+00 3.00000000e-02
8.14376077e+03 1.04239134e+00 3.00000000e-02
8.14276104e+03 9.66080801e-01 3.00000000e-02
8.14176131e+03 9.87339649e-01 3.00000000e-02
8.14076158e+03 1.01123610e+00 3.00000000e-02
8.13976185e+03 1.01135739e+00 3.00000000e-02
8.13876212e+03 1.02899770e+00 3.00000000e-02
8.13776239e+03 9.66131913e-01 3.00000000e-02
8.13676266e+03 1.00351294e+00 3.00000000e-02
8.13576293e+03 1.02098669e+00 3.00000000e-02
8.13476320e+03 1.00052015e+00 3.00000000e-02
8.13376347e+03 1.02454551e+00 3.00000000e-02
8.13276374e+03 9.52801866e-01 3.00000000e-02
8.13176401e+03 9.75173196e-01 3.00000000e-02
8.13076428e+03 1.01541078e+00 3.00000000e-02
8.12976455e+03 9.68046639e-01 3.00000000e-02
8.12876482e+03 1.01851779e+00 3.00000000e-02
8.12776509e+03 9.90993832e-01 3.00000000e-02
8.12676536e+03 9.37615480e-01 3.00000000e-02
8.12576563e+03 1.01587430e+00 3.00000000e-02
8.12476590e+03 9.93640616e-01 3.00000000e-02
8.12376617e+03 9.93031721e-01 3.00000000e-02
8.12276644e+03 1.05421606e+00 3.00000000e-02
8.12176671e+03 9.90712208e-01 3.00000000e-02
8.12076698e+03 9.79091406e-01 3.00000000e-02
8.11976725e+03 9.72594275e-01 3.00000000e-02
8.11876752e+03 1.01944271e+00 3.00000000e-02
8.11776779e+03 9.33035802e-01 3.00000000e-02
8.11676806e+03 1.02911075e+00 3.00000000e-02
8.11576833e+03 9.95087038e-01 3.00000000e-02
8.11476860e+03 1.01901672e+00 3.00000000e-02
8.11376887e+03 1.03347250e+00 3.00000000e-02
8.11276914e+03 9.97930452e-01 3.00000000e-02
8.11176941e+03 9.92419489e-01 3.00000000e-02
8.11076968e+03 1.00618466e+00 3.00000000e-02
8.10976995e+03 1.02843575e+00 3.00000000e-02
8.10877022e+03 9.74900668e-01 3.00000000e-02
8.10777049e+03 1.00150222e+00 3.00000000e-02
8.10677076e+03 1.01524179e+00 3.00000000e-02
8.10577103e+03 9.79545152e-01 3.00000000e-02
8.10477130e+03 9.77518182e-01 3.00000000e-02
8.10377157e+03 9.85481245e-01 3.00000000e-02
8.10277185e+03 1.04969574e+00 3.00000000e-02
8.10177212e+03 9.37628741e-01 3.00000000e-02
8.10077239e+03 9.71208984e-01 3.00000000e-02
8.09977266e+03 9.69798215e-01 3.00000000e-02
8.09877293e+03 9.77318500e-01 3.00000000e-02
8.09777320e+03 9.87525717e-01 3.00000000e-02
8.09677347e+03 1.03705348e+00 3.00000000e-02
8.09577374e+03 1.01663436e+00 3.00000000e-02
8.09477401e+03 1.01076904e+00 3.00000000e-02
8.09377428e+03 9.73527001e-01 3.00000000e-02
8.09277455e+03 9.38788257e-01 3.00000000e-02
8.09177482e+03 1.00741982e+00 3.00000000e-02
8.09077509e+03 9.98635949e-01 3.00000000e-02
8.08977536e+03 1.00529046e+00 3.00000000e-02
8.08877563e+03 9.63659810e-01 3.00000000e-02
8.08777590e+03 9.43309294e-01 3.00000000e-02
8.08677617e+03 1.03684004e+00 3.00000000e-02
8.08577644e+03 1.01353989e+00 3.00000000e-02
8.08477671e+03 9.68607869e-01 3.00000000e-02
8.08377698e+03 1.03502355e+00 3.00000000e-02
8.08277725e+03 9.81803376e-01 3.00000000e-02
8.08177752e+03 9.68445493e-01 3.00000000e-02
8.08077779e+03 1.01262887e+00 3.00000000e-02
8.07977806e+03 9.58400854e-01 3.00000000e-02
8.07877833e+03 9.35768877e-01 3.00000000e-02
8.07777860e+03 9.72234486e-01 3.00000000e-02
8.07677887e+03 1.07247162e+00 3.00000000e-02
8.07577914e+03 9.50727638e-01 3.00000000e-02
8.07477941e+03 1.07806919e+00 3.00000000e-02
8.07377968e+03 9.26649658e-01 3.00000000e-02
8.07277995e+03 1.04546087e+00 3.00000000e-02
8.07178022e+03 1.04952099e+00 3.00000000e-02
8.07078049e+03 9.96321947e-01 3.00000000e-02
8.06978076e+03 1.03583618e+00 3.00000000e-02
8.06878103e+03 1.01905204e+00 3.00000000e-02
8.06778130e+03 9.84561249e-01 3.00000000e-02
8.06678157e+03 1.02830911e+00 3.00000000e-02
8.06578184e+03 9.94694069e-01 3.00000000e-02
8.06478211e+03 1.02366788e+00 3.00000000e-02
8.06378238e+03 9.84513846e-01 3.00000000e-02
8.06278265e+03 9.81850116e-01 3.00000000e-02
8.06178292e+03 1.01877775e+00 3.00000000e-02
8.06078319e+03 1.00457132e+00 3.00000000e-02
8.05978346e+03 1.01481786e+00 3.00000000e-02
8.05878373e+03 1.02421873e+00 3.00000000e-02
8.05778400e+03 9.98131402e-01 3.00000000e-02
8.05678427e+03 9.35740582e-01 3.00000000e-02
8.05578454e+03 9.87339110e-01 3.00000000e-02
8.05478481e+03 9.68706801e-01 3.00000000e-02
8.05378508e+03 9.54623532e-01 3.00000000e-02
8.05278535e+03 9.85797768e-01 3.00000000e-02
8.05178562e+03 9.87384031e-01 3.00000000e-02
8.05078589e+03 1.04051057e+00 3.00000000e-02
8.04978616e+03 9.93148146e-01 3.00000000e-02
8.04878643e+03 1.03399944e+00 3.00000000e-02
8.04778670e+03 9.91523193e-01 3.00000000e-02
8.04678697e+03 1.02331398e+00 3.00000000e-02
8.04578724e+03 1.02033940e+00 3.00000000e-02
8.04478751e+03 9.79490220e-01 3.00000000e-02
8.04378778e+03 9.98782142e-01 3.00000000e-02
8.04278805e+03 9.76921364e-01 3.00000000e-02
8.04178832e+03 1.02686291e+00 3.00000000e-02
8.04078859e+03 1.00201102e+00 3.00000000e-02
8.03978886e+03 1.00458550e+00 3.00000000e-02
8.03878913e+03 9.91960257e-01 3.00000000e-02
8.03778940e+03 9.93726450e-01 3.00000000e-02
8.03678967e+03 1.01877112e+00 3.00000000e-02
8.03578994e+03 9.82316678e-01 3.00000000e-02
8.03479021e+03 9.69328069e-01 3.00000000e-02
8.03379048e+03 9.67247086e-01 3.00000000e-02
8.03279075e+03 1.01365858e+00 3.00000000e-02
8.03179102e+03 9.99390725e-01 3.00000000e-02
8.03079129e+03 9.78991534e-01 3.00000000e-02
8.02979156e+03 9.60587151e-01 3.00000000e-02
8.02879183e+03 1.06212417e+00 3.00000000e-02
8.02779210e+03 9.94919902e-01 3.00000000e-02
8.02679237e+03 9.77832016e-01 3.00000000e-02
8.02579264e+03 9.81322950e-01 3.00000000e-02
8.02479291e+03 1.00786409e+00 3.00000000e-02
8.02379318e+03 1.05915453e+00 3.00000000e-02
8.02279345e+03 9.80863552e-01 3.00000000e-02
8.02179372e+03 1.03102615e+00 3.00000000e-02
8.02079399e+03 1.03527184e+00 3.00000000e-02
8.01979426e+03 1.04190532e+00 3.00000000e-02
8.01879453e+03 9.78034379e-01 3.00000000e-02
8.01779480e+03 1.09818731e+00 3.00000000e-02
8.01679507e+03 9.77101233e-01 3.00000000e-02
8.01579534e+03 9.63509107e-01 3.00000000e-02
8.01479561e+03 9.80463838e-01 3.00000000e-02
8.01379588e+03 1.01265861e+00 3.00000000e-02
8.01279615e+03 1.01131480e+00 3.00000000e-02
8.01179642e+03 9.85215409e-01 3.00000000e-02
8.01079669e+03 9.87883186e-01 3.00000000e-02
8.00979696e+03 1.01826340e+00 3.00000000e-02
8.00879723e+03 1.02108193e+00 3.00000000e-02
8.00779750e+03 1.03328286e+00 3.00000000e-02
8.00679777e+03 1.03821399e+00 3.00000000e-02
8.00579804e+03 1.07903430e+00 3.00000000e-02
8.00479831e+03 1.07331877e+00 3.00000000e-02
8.00379858e+03 1.04528697e+00 3.00000000e-02
8.00279885e+03 9.90064266e-01 3.00000000e-02
8.00179912e+03 9.49687986e-01 3.00000000e-02
8.00079939e+03 9.52427122e-01 3.00000000e-02
7.99979966e+03 1.00127895e+00 3.00000000e-02
7.99879993e+03 9.67767511e-01 3.00000000e-02
7.99780020e+03 1.02649432e+00 3.00000000e-02
7.99680048e+03 9.54790273e-01 3.00000000e-02
7.99580075e+03 1.01961181e+00 3.00000000e-02
7.99480102e+03 1.01493958e+00 3.00000000e-02
7.99380129e+03 9.82991295e-01 3.00000000e-02
7.99280156e+03 1.02860578e+00 3.00000000e-02
7.99180183e+03 1.00327015e+00 3.00000000e-02
7.99080210e+03 9.68479098e-01 3.00000000e-02
7.98980237e+03 1.03352985e+00 3.00000000e-02
7.98880264e+03 9.81781436e-01 3.00000000e-02
7.98780291e+03 9.79384700e-01 3.00000000e-02
7.98680318e+03 9.91027350e-01 3.00000000e-02
7.98580345e+03 9.85195629e-01 3.00000000e-02
7.98480372e+03 1.02213326e+00 3.00000000e-02
7.98380399e+03 1.00933495e+00 3.00000000e-02
7.98280426e+03 9.86990283e-01 3.00000000e-02
7.98180453e+03 9.98167485e-01 3.00000000e-02
7.98080480e+03 1.00656322e+00 3.00000000e-02
7.97980507e+03 1.00589009e+00 3.00000000e-02
7.97880534e+03 9.64097455e-01 3.00000000e-02
7.97780561e+03 9.87342410e-01 3.00000000e-02
7.97680588e+03 9.77804383e-01 3.00000000e-02
7.97580615e+03 1.05493735e+00 3.00000000e-02
7.97480642e+03 9.97577773e-01 3.00000000e-02
7.97380669e+03 9.65233632e-01 3.00000000e-02
7.97280696e+03 9.74433022e-01 3.00000000e-02
7.97180723e+03 1.02698695e+00 3.00000000e-02
7.97080750e+03 9.57936700e-01 3.00000000e-02
7.96980777e+03 1.00974543e+00 3.00000000e-02
7.96880804e+03 9.85181534e-01 3.00000000e-02
7.96780831e+03 9.77832286e-01 3.00000000e-02
7.96680858e+03 9.93212261e-01 3.00000000e-02
7.96580885e+03 1.02805450e+00 3.00000000e-02
7.96480912e+03 1.03042339e+00 3.00000000e-02
7.96380939e+03 9.67013905e-01 3.00000000e-02
7.96280966e+03 9.60085511e-01 3.00000000e-02
7.96180993e+03 9.94213325e-01 3.00000000e-02
7.96081020e+03 1.01218742e+00 3.00000000e-02
7.95981047e+03 9.82640066e-01 3.00000000e-02
7.95881074e+03 1.01776421e+00 3.00000000e-02
7.95781101e+03 9.78660189e-01 3.00000000e-02
7.95681128e+03 1.01989211e+00 3.00000000e-02
7.95581155e+03 1.00256158e+00 3.00000000e-02
7.95481182e+03 1.02176334e+00 3.00000000e-02
7.95381209e+03 1.03919349e+00 3.00000000e-02
7.95281236e+03 9.23889575e-01 3.00000000e-02
7.95181263e+03 9.84351557e-01 3.00000000e-02
7.95081290e+03 1.01312003e+00 3.00000000e-02
7.94981317e+03 1.04467426e+00 3.00000000e-02
7.94881344e+03 9.55220571e-01 3.00000000e-02
7.94781371e+03 9.74433696e-01 3.00000000e-02
7.94681398e+03 9.71843300e-01 3.00000000e-02
7.94581425e+03 9.71476650e-01 3.00000000e-02
7.94481452e+03 9.70592163e-01 3.00000000e-02
7.94381479e+03 1.03752856e+00 3.00000000e-02
7.94281506e+03 1.02485435e+00 3.00000000e-02
7.94181533e+03 1.00669163e+00 3.00000000e-02
7.94081560e+03 9.62558246e-01 3.00000000e-02
7.93981587e+03 9.69900452e-01 3.00000000e-02
7.93881614e+03 9.78687059e-01 3.00000000e-02
7.93781641e+03 1.00083461e+00 3.00000000e-02
7.93681668e+03 1.03497149e+00 3.00000000e-02
7.93581695e+03 9.82937193e-01 3.00000000e-02
7.93481722e+03 9.85540085e-01 3.00000000e-02
7.93381749e+03 9.80914605e-01 3.00000000e-02
7.93281776e+03 1.03600556e+00 3.00000000e-02
7.93181803e+03 1.02347122e+00 3.00000000e-02
7.93081830e+03 9.98247311e-01 3.00000000e-02
7.92981857e+03 1.02709461e+00 3.00000000e-02
7.92881884e+03 1.02754718e+00 3.00000000e-02
7.92781911e+03 1.02644464e+00 3.00000000e-02
7.92681938e+03 9.64007505e-01 3.00000000e-02
7.92581965e+03 1.01832348e+00 3.00000000e-02
7.92481992e+03 1.02572022e+00 3.00000000e-02
7.92382019e+03 9.38017631e-01 3.00000000e-02
7.92282046e+03 1.03900185e+00 3.00000000e-02
7.92182073e+03 1.02867713e+00 3.00000000e-02
7.92082100e+03 1.00807952e+00 3.00000000e-02
7.91982127e+03 9.91474856e-01 3.00000000e-02
7.91882154e+03 9.89201728e-01 3.00000000e-02
7.91782181e+03 9.97430224e-01 3.00000000e-02
7.91682208e+03 1.03222209e+00 3.00000000e-02
7.91582235e+03 1.04972110e+00 3.00000000e-02
7.91482262e+03 9.59496962e-01 3.00000000e-02
7.91382289e+03 1.04941824e+00 3.00000000e-02
7.91282316e+03 9.79976045e-01 3.00000000e-02
7.91182343e+03 9.21024633e-01 3.00000000e-02
7.91082370e+03 1.04005992e+00 3.00000000e-02
7.90982397e+03 9.20316901e-01 3.00000000e-02
7.90882424e+03 9.93487377e-01 3.00000000e-02
7.90782451e+03 9.77996671e-01 3.00000000e-02
7.90682478e+03 1.03029112e+00 3.00000000e-02
7.90582505e+03 1.06135180e+00 3.00000000e-02
7.90482532e+03 1.20941716e+00 3.00000000e-02
7.90382559e+03 1.51325489e+00 3.00000000e-02
7.90282586e+03 1.83773969e+00 3.00000000e-02
7.90182613e+03 2.32314251e+00 3.00000000e-02
7.90082640e+03 2.57620532e+00 3.00000000e-02
7.89982667e+03 2.70052420e+00 3.00000000e-02
7.89882694e+03 2.45508212e+00 3.00000000e-02
7.89782721e+03 2.06639001e+00 3.00000000e-02
7.89682748e+03 1.64292778e+00 3.00000000e-02
7.89582775e+03 1.33407714e+00 3.00000000e-02
7.89482802e+03 1.17749700e+00 3.00000000e-02
7.89382829e+03 1.05827199e+00 3.00000000e-02
7.89282856e+03 1.02288792e+00 3.00000000e-02
7.89182883e+03 1.00736742e+00 3.00000000e-02
7.89082910e+03 1.01696180e+00 3.00000000e-02
7.88982937e+03 9.89191822e-01 3.00000000e-02
7.88882964e+03 1.03081145e+00 3.00000000e-02
7.88782991e+03 1.03714067e+00 3.00000000e-02
7.88683018e+03 9.86749050e-01 3.00000000e-02
7.88583045e+03 1.01227544e+00 3.00000000e-02
7.88483072e+03 1.00765153e+00 3.00000000e-02
7.88383099e+03 1.01200145e+00 3.00000000e-02
7.88283126e+03 1.13612910e+00 3.00000000e-02
7.88183153e+03 1.41507878e+00 3.00000000e-02
7.88083180e+03 2.22147473e+00 3.00000000e-02
7.87983207e+03 3.92083761e+00 3.00000000e-02
7.87883234e+03 6.81493951e+00 3.00000000e-02
7.87783261e+03 1.07606019e+01 3.00000000e-02
7.87683288e+03 1.47985332e+01 3.00000000e-02
7.87583315e+03 1.73744184e+01 3.00000000e-02
7.87483342e+03 1.73022628e+01 3.00000000e-02
7.87383369e+03 1.46234052e+01 3.00000000e-02
7.87283396e+03 1.05266568e+01 3.00000000e-02
7.87183423e+03 6.60447252e+00 3.00000000e-02
7.87083450e+03 3.76069926e+00 3.00000000e-02
7.86983477e+03 2.15532115e+00 3.00000000e-02
7.86883504e+03 1.39623538e+00 3.00000000e-02
7.86783531e+03 1.10177150e+00 3.00000000e-02
7.86683558e+03 1.07772539e+00 3.00000000e-02
7.86583585e+03 9.74883558e-01 3.00000000e-02
7.86483612e+03 1.04335961e+00 3.00000000e-02
7.86383639e+03 1.03507608e+00 3.00000000e-02
7.86283666e+03 9.86652733e-01 3.00000000e-02
7.86183693e+03 9.46323784e-01 3.00000000e-02
7.86083720e+03 1.00479779e+00 3.00000000e-02
7.85983747e+03 9.56672424e-01 3.00000000e-02
7.85883774e+03 1.00222103e+00 3.00000000e-02
7.85783801e+03 9.38848990e-01 3.00000000e-02
7.85683828e+03 1.01306555e+00 3.00000000e-02
7.85583855e+03 9.91935713e-01 3.00000000e-02
7.85483882e+03 9.78297980e-01 3.00000000e-02
7.85383909e+03 9.71414503e-01 3.00000000e-02
7.85283936e+03 1.01424061e+00 3.00000000e-02
7.85183963e+03 9.87027268e-01 3.00000000e-02
7.85083990e+03 1.02844699e+00 3.00000000e-02
7.84984017e+03 9.78710974e-01 3.00000000e-02
7.84884044e+03 1.00889622e+00 3.00000000e-02
7.84784071e+03 9.68303099e-01 3.00000000e-02
7.84684098e+03 9.80806905e-01 3.00000000e-02
7.84584125e+03 9.46108570e-01 3.00000000e-02
7.84484152e+03 1.02430101e+00 3.00000000e-02
7.84384179e+03 1.02498483e+00 3.00000000e-02
7.84284206e+03 9.99866855e-01 3.00000000e-02
7.84184233e+03 9.78536193e-01 3.00000000e-02
7.84084260e+03 1.01248394e+00 3.00000000e-02
7.83984287e+03 9.71425810e-01 3.00000000e-02
7.83884314e+03 9.99068733e-01 3.00000000e-02
7.83784341e+03 1.00714016e+00 3.00000000e-02
7.83684368e+03 1.00814326e+00 3.00000000e-02
7.83584395e+03 1.01693278e+00 3.00000000e-02
7.83484422e+03 1.03302141e+00 3.00000000e-02
7.83384449e+03 9.95072416e-01 3.00000000e-02
7.83284476e+03 1.03853351e+00 3.00000000e-02
7.83184503e+03 1.05076277e+00 3.00000000e-02
7.83084530e+03 1.04078309e+00 3.00000000e-02
7.82984557e+03 1.00795808e+00 3.00000000e-02
7.82884584e+03 1.01953890e+00 3.00000000e-02
7.82784611e+03 9.80676480e-01 3.00000000e-02
7.82684638e+03 9.66848769e-01 3.00000000e-02
7.82584665e+03 1.00147955e+00 3.00000000e-02
7.82484692e+03 1.04097290e+00 3.00000000e-02
7.82384719e+03 1.02570083e+00 3.00000000e-02
7.82284746e+03 9.32686358e-01 3.00000000e-02
7.82184773e+03 9.62763818e-01 3.00000000e-02
7.82084800e+03 1.01448711e+00 3.00000000e-02
7.81984827e+03 9.98296040e-01 3.00000000e-02
7.81884854e+03 1.01276366e+00 3.00000000e-02
7.81784881e+03 1.00640634e+00 3.00000000e-02
7.81684907e+03 9.80142792e-01 3.00000000e-02
7.81584934e+03 9.43943636e-01 3.00000000e-02
7.81484961e+03 1.04597817e+00 3.00000000e-02
7.81384988e+03 9.97282059e-01 3.00000000e-02
7.81285015e+03 1.02817592e+00 3.00000000e-02
7.81185042e+03 1.02385198e+00 3.00000000e-02
7.81085069e+03 9.97182421e-01 3.00000000e-02
7.80985096e+03 1.00852404e+00 3.00000000e-02
7.80885123e+03 9.56337802e-01 3.00000000e-02
7.80785150e+03 9.89166108e-01 3.00000000e-02
7.80685177e+03 1.05940880e+00 3.00000000e-02
7.80585204e+03 1.02930394e+00 3.00000000e-02
7.80485231e+03 9.54838137e-01 3.00000000e-02
7.80385258e+03 1.01560152e+00 3.00000000e-02
7.80285285e+03 1.01063383e+00 3.00000000e-02
7.80185312e+03 9.79859210e-01 3.00000000e-02
7.80085339e+03 9.98673091e-01 3.00000000e-02
7.79985366e+03 1.02633061e+00 3.00000000e-02
7.79885393e+03 9.63886650e-01 3.00000000e-02
7.79785420e+03 9.89627195e-01 3.00000000e-02
7.79685447e+03 1.05556269e+00 3.00000000e-02
7.79585474e+03 1.00422157e+00 3.00000000e-02
7.79485501e+03 1.02323348e+00 3.00000000e-02
7.79385528e+03 1.03919613e+00 3.00000000e-02
7.79285555e+03 1.07656708e+00 3.00000000e-02
7.79185582e+03 1.00837871e+00 3.00000000e-02
7.79085609e+03 1.01301269e+00 3.00000000e-02
7.78985636e+03 9.60416849e-01 3.00000000e-02
7.78885663e+03 1.03378571e+00 3.00000000e-02
7.78785690e+03 9.53754174e-01 3.00000000e-02
7.78685717e+03 9.89431767e-01 3.00000000e-02
7.78585744e+03 9.72184144e-01 3.00000000e-02
7.78485771e+03 1.04577919e+00 3.00000000e-02
7.78385798e+03 9.91545749e-01 3.00000000e-02
7.78285825e+03 1.01818323e+00 3.00000000e-02
7.78185852e+03 9.81555926e-01 3.00000000e-02
7.78085879e+03 9.47131014e-01 3.00000000e-02
7.77985906e+03 9.70487593e-01 3.00000000e-02
7.77885933e+03 9.84695976e-01 3.00000000e-02
7.77785960e+03 9.94831337e-01 3.00000000e-02
7.77685987e+03 1.00670325e+00 3.00000000e-02
7.77586014e+03 9.81801310e-01 3.00000000e-02
7.77486041e+03 1.01228578e+00 3.00000000e-02
7.77386068e+03 9.89886820e-01 3.00000000e-02
7.77286095e+03 9.97642622e-01 3.00000000e-02
7.77186122e+03 9.92011117e-01 3.00000000e-02
7.77086149e+03 9.82605153e-01 3.00000000e-02
7.76986176e+03 1.01241847e+00 3.00000000e-02
7.76886203e+03 1.00030948e+00 3.00000000e-02
7.76786230e+03 9.89670966e-01 3.00000000e-02
7.76686257e+03 1.03143520e+00 3.00000000e-02
7.76586284e+03 9.89159728e-01 3.00000000e-02
7.76486311e+03 1.01402624e+00 3.00000000e-02
7.76386338e+03 9.71230554e-01 3.00000000e-02
7.76286365e+03 1.03081630e+00 3.00000000e-02
7.76186392e+03 9.82464606e-01 3.00000000e-02
7.76086419e+03 1.00096121e+00 3.00000000e-02
7.75986446e+03 9.77117144e-01 3.00000000e-02
7.75886473e+03 1.04275122e+00 3.00000000e-02
7.75786500e+03 1.02468886e+00 3.00000000e-02
7.75686527e+03 9.95256309e-01 3.00000000e-02
7.75586554e+03 1.06680981e+00 3.00000000e-02
7.75486581e+03 1.02804181e+00 3.00000000e-02
7.75386608e+03 1.05399484e+00 3.00000000e-02
7.75286635e+03 1.03108687e+00 3.00000000e-02
7.75186662e+03 9.56311564e-01 3.00000000e-02
7.75086689e+03 1.01377232e+00 3.00000000e-02
7.74986716e+03 1.01556824e+00 3.00000000e-02
7.74886743e+03 1.01763840e+00 3.00000000e-02
7.74786770e+03 9.76207116e-01 3.00000000e-02
7.74686797e+03 1.05323942e+00 3.00000000e-02
7.74586824e+03 1.07044193e+00 3.00000000e-02
7.74486851e+03 1.05714559e+00 3.00000000e-02
7.74386878e+03 9.71662606e-01 3.00000000e-02
7.74286905e+03 9.97948855e-01 3.00000000e-02
7.74186932e+03 9.75696748e-01 3.00000000e-02
7.74086959e+03 9.35888894e-01 3.00000000e-02
7.73986986e+03 9.92147749e-01 3.00000000e-02
7.73887013e+03 9.98827372e-01 3.00000000e-02
7.73787040e+03 1.01105649e+00 3.00000000e-02
7.73687067e+03 9.93725942e-01 3.00000000e-02
7.73587094e+03 1.00451495e+00 3.00000000e-02
7.73487121e+03 1.02838627e+00 3.00000000e-02
7.73387148e+03 1.00623282e+00 3.00000000e-02
7.73287175e+03 9.90919519e-01 3.00000000e-02
7.73187202e+03 9.89498281e-01 3.00000000e-02
7.73087229e+03 1.02998414e+00 3.00000000e-02
7.72987256e+03 9.68906087e-01 3.00000000e-02
7.72887283e+03 9.72510139e-01 3.00000000e-02
7.72787310e+03 1.00304234e+00 3.00000000e-02
7.72687337e+03 9.75889425e-01 3.00000000e-02
7.72587364e+03 1.01889768e+00 3.00000000e-02
7.72487391e+03 1.03379879e+00 3.00000000e-02
7.72387418e+03 1.01466515e+00 3.00000000e-02
7.72287445e+03 9.70947238e-01 3.00000000e-02
7.72187472e+03 9.24194145e-01 3.00000000e-02
7.72087499e+03 9.83794362e-01 3.00000000e-02
7.71987526e+03 9.69670770e-01 3.00000000e-02
7.71887553e+03 1.00041546e+00 3.00000000e-02
7.71787580e+03 9.80408059e-01 3.00000000e-02
7.71687607e+03 9.84307204e-01 3.00000000e-02
7.71587634e+03 1.01330372e+00 3.00000000e-02
7.71487661e+03 1.00395985e+00 3.00000000e-02
7.71387687e+03 9.99481837e-01 3.00000000e-02
7.71287714e+03 1.04122387e+00 3.00000000e-02
7.71187741e+03 9.75293236e-01 3.00000000e-02
7.71087768e+03 1.02076767e+00 3.00000000e-02
7.70987795e+03 1.00973453e+00 3.00000000e-02
7.70887822e+03 1.06579455e+00 3.00000000e-02
7.70787849e+03 1.03786196e+00 3.00000000e-02
7.70687876e+03 9.68088224e-01 3.00000000e-02
7.70587903e+03 9.53768729e-01 3.00000000e-02
7.70487930e+03 1.00758408e+00 3.00000000e-02
7.70387957e+03 9.91163450e-01 3.00000000e-02
7.70287984e+03 9.55250077e-01 3.00000000e-02
7.70188011e+03 1.01513305e+00 3.00000000e-02
7.70088038e+03 9.91004233e-01 3.00000000e-02
7.69988065e+03 9.84741256e-01 3.00000000e-02
7.69888092e+03 1.00657115e+00 3.00000000e-02
7.69788119e+03 9.92875658e-01 3.00000000e-02
7.69688146e+03 1.00536850e+00 3.00000000e-02
7.69588173e+03 1.03187054e+00 3.00000000e-02
7.69488200e+03 9.42577412e-01 3.00000000e-02
7.69388227e+03 9.92140517e-01 3.00000000e-02
7.69288254e+03 9.98392475e-01 3.00000000e-02
7.69188281e+03 1.01559219e+00 3.00000000e-02
7.69088308e+03 1.01348186e+00 3.00000000e-02
7.68988335e+03 9.93534114e-01 3.00000000e-02
7.68888362e+03 1.02068722e+00 3.00000000e-02
7.68788389e+03 1.00957965e+00 3.00000000e-02
7.68688416e+03 9.79077578e-01 3.00000000e-02
7.68588443e+03 9.99100280e-01 3.00000000e-02
7.68488470e+03 9.72088050e-01 3.00000000e-02
7.68388497e+03 1.01870573e+00 3.00000000e-02
7.68288524e+03 9.97189283e-01 3.00000000e-02
7.68188551e+03 1.03085563e+00 3.00000000e-02
7.68088578e+03 9.61085107e-01 3.00000000e-02
7.67988605e+03 1.01593829e+00 3.00000000e-02
7.67888632e+03 1.00886461e+00 3.00000000e-02
7.67788659e+03 1.03197642e+00 3.00000000e-02
7.67688686e+03 9.73160769e-01 3.00000000e-02
7.67588713e+03 1.05971933e+00 3.00000000e-02
7.67488740e+03 8.93357617e-01 3.00000000e-02
7.67388767e+03 1.02331871e+00 3.00000000e-02
7.67288794e+03 9.68296366e-01 3.00000000e-02
7.67188821e+03 9.76893375e-01 3.00000000e-02
7.67088848e+03 9.67131760e-01 3.00000000e-02
7.66988875e+03 9.94157427e-01 3.00000000e-02
7.66888902e+03 1.02085814e+00 3.00000000e-02
7.66788929e+03 1.03225193e+00 3.00000000e-02
7.66688956e+03 1.01399304e+00 3.00000000e-02
7.66588983e+03 1.00324672e+00 3.00000000e-02
7.66489010e+03 1.03650039e+00 3.00000000e-02
7.66389037e+03 9.97451376e-01 3.00000000e-02
7.66289064e+03 1.01768856e+00 3.00000000e-02
7.66189091e+03 1.01469045e+00 3.00000000e-02
7.66089118e+03 9.71475022e-01 3.00000000e-02
7.65989145e+03 9.82456657e-01 3.00000000e-02
7.65889172e+03 1.00078415e+00 3.00000000e-02
7.65789199e+03 1.00443247e+00 3.00000000e-02
7.65689226e+03 9.97025489e-01 3.00000000e-02
7.65589253e+03 1.02439596e+00 3.00000000e-02
7.65489280e+03 9.90637847e-01 3.00000000e-02
7.65389307e+03 1.01419710e+00 3.00000000e-02
7.65289334e+03 1.00320440e+00 3.00000000e-02
7.65189361e+03 1.02977870e+00 3.00000000e-02
7.65089387e+03 9.13443488e-01 3.00000000e-02
7.64989414e+03 1.00617464e+00 3.00000000e-02
7.64889441e+03 9.81107458e-01 3.00000000e-02
7.64789468e+03 1.01224542e+00 3.00000000e-02
7.64689495e+03 9.92272204e-01 3.00000000e-02
7.64589522e+03 9.93879440e-01 3.00000000e-02
7.64489549e+03 9.73903743e-01 3.00000000e-02
7.64389576e+03 1.00567971e+00 3.00000000e-02
7.64289603e+03 9.81715371e-01 3.00000000e-02
7.64189630e+03 1.00194074e+00 3.00000000e-02
7.64089657e+03 1.00633598e+00 3.00000000e-02
7.63989684e+03 9.53366250e-01 3.00000000e-02
7.63889711e+03 9.97405148e-01 3.00000000e-02
7.63789738e+03 1.06533195e+00 3.00000000e-02
7.63689765e+03 9.43229049e-01 3.00000000e-02
7.63589792e+03 1.00223847e+00 3.00000000e-02
7.63489819e+03 9.57139429e-01 3.00000000e-02
7.63389846e+03 9.93269071e-01 3.00000000e-02
7.63289873e+03 9.79471664e-01 3.00000000e-02
7.63189900e+03 9.97480346e-01 3.00000000e-02
7.63089927e+03 1.01093079e+00 3.00000000e-02
7.62989954e+03 1.01597979e+00 3.00000000e-02
7.62889981e+03 1.05793558e+00 3.00000000e-02
7.62790008e+03 9.79107358e-01 3.00000000e-02
7.62690035e+03 1.03301546e+00 3.00000000e-02
7.62590062e+03 9.90681472e-01 3.00000000e-02
7.62490089e+03 9.84236950e-01 3.00000000e-02
7.62390116e+03 1.00544213e+00 3.00000000e-02
7.62290143e+03 1.00791448e+00 3.00000000e-02
7.62190170e+03 1.06012656e+00 3.00000000e-02
7.62090197e+03 1.00816003e+00 3.00000000e-02
7.61990224e+03 9.53140678e-01 3.00000000e-02
7.61890251e+03 9.50811986e-01 3.00000000e-02
7.61790278e+03 1.01181200e+00 3.00000000e-02
7.61690305e+03 1.01541619e+00 3.00000000e-02
7.61590332e+03 1.03482083e+00 3.00000000e-02
7.61490359e+03 9.49035676e-01 3.00000000e-02
7.61390386e+03 1.03334528e+00 3.00000000e-02
7.61290413e+03 1.05742572e+00 3.00000000e-02
7.61190440e+03 9.79915630e-01 3.00000000e-02
7.61090467e+03 1.01126007e+00 3.00000000e-02
7.60990494e+03 1.05191595e+00 3.00000000e-02
7.60890521e+03 1.02550287e+00 3.00000000e-02
7.60790548e+03 9.46801173e-01 3.00000000e-02
7.60690575e+03 1.01299722e+00 3.00000000e-02
7.60590602e+03 1.03304982e+00 3.00000000e-02
7.60490629e+03 9.81808464e-01 3.00000000e-02
7.60390656e+03 1.01920802e+00 3.00000000e-02
7.60290683e+03 1.01429325e+00 3.00000000e-02
7.60190710e+03 1.00318639e+00 3.00000000e-02
7.60090736e+03 9.24922102e-01 3.00000000e-02
7.59990763e+03 1.00684179e+00 3.00000000e-02
7.59890790e+03 1.02959810e+00 3.00000000e-02
7.59790817e+03 1.03577156e+00 3.00000000e-02
7.59690844e+03 1.00092936e+00 3.00000000e-02
7.59590871e+03 9.80889268e-01 3.00000000e-02
7.59490898e+03 9.88423715e-01 3.00000000e-02
7.59390925e+03 1.01236515e+00 3.00000000e-02
7.59290952e+03 9.84391349e-01 3.00000000e-02
7.59190979e+03 1.02955435e+00 3.00000000e-02
7.59091006e+03 9.88583574e-01 3.00000000e-02
7.58991033e+03 1.00178280e+00 3.00000000e-02
7.58891060e+03 1.04785102e+00 3.00000000e-02
7.58791087e+03 1.02938385e+00 3.00000000e-02
7.58691114e+03 1.02616397e+00 3.00000000e-02
7.58591141e+03 1.00915506e+00 3.00000000e-02
7.58491168e+03 9.42312751e-01 3.00000000e-02
7.58391195e+03 9.86588677e-01 3.00000000e-02
7.58291222e+03 9.57642799e-01 3.00000000e-02
7.58191249e+03 1.05128469e+00 3.00000000e-02
7.58091276e+03 9.77902175e-01 3.00000000e-02
7.57991303e+03 1.01162429e+00 3.00000000e-02
7.57891330e+03 9.85100975e-01 3.00000000e-02
7.57791357e+03 1.00255859e+00 3.00000000e-02
7.57691384e+03 1.04052975e+00 3.00000000e-02
7.57591411e+03 9.68619375e-01 3.00000000e-02
7.57491438e+03 1.00340218e+00 3.00000000e-02
7.57391465e+03 1.03053871e+00 3.00000000e-02
7.57291492e+03 9.65833539e-01 3.00000000e-02
7.57191519e+03 1.05860161e+00 3.00000000e-02
7.57091546e+03 9.92787509e-01 3.00000000e-02
7.56991573e+03 9.84231477e-01 3.00000000e-02
7.56891600e+03 1.01224832e+00 3.00000000e-02
7.56791627e+03 9.83354073e-01 3.00000000e-02
7.56691654e+03 1.02621253e+00 3.00000000e-02
7.56591681e+03 9.91791343e-01 3.00000000e-02
7.56491708e+03 1.04384005e+00 3.00000000e-02
7.56391735e+03 9.63030865e-01 3.00000000e-02
7.56291762e+03 1.04621924e+00 3.00000000e-02
7.56191789e+03 1.04469366e+00 3.00000000e-02
7.56091816e+03 1.04748103e+00 3.00000000e-02
7.55991843e+03 1.02463569e+00 3.00000000e-02
7.55891869e+03 1.00000559e+00 3.00000000e-02
7.55791896e+03 1.00514729e+00 3.00000000e-02
7.55691923e+03 1.03061431e+00 3.00000000e-02
7.55591950e+03 1.00959056e+00 3.00000000e-02
7.55491977e+03 9.54765738e-01 3.00000000e-02
7.55392004e+03 1.01676927e+00 3.00000000e-02
7.55292031e+03 1.00527880e+00 3.00000000e-02
7.55192058e+03 9.98723031e-01 3.00000000e-02
7.55092085e+03 9.67190322e-01 3.00000000e-02
7.54992112e+03 9.63873586e-01 3.00000000e-02
7.54892139e+03 9.66951458e-01 3.00000000e-02
7.54792166e+03 1.00441245e+00 3.00000000e-02
7.54692193e+03 1.01794157e+00 3.00000000e-02
7.54592220e+03 1.01089029e+00 3.00000000e-02
7.54492247e+03 9.73513700e-01 3.00000000e-02
7.54392274e+03 1.03389862e+00 3.00000000e-02
7.54292301e+03 9.78385238e-01 3.00000000e-02
7.54192328e+03 1.03676880e+00 3.00000000e-02
7.54092355e+03 1.01712903e+00 3.00000000e-02
7.53992382e+03 1.01216852e+00 3.00000000e-02
7.53892409e+03 1.01071194e+00 3.00000000e-02
7.53792436e+03 1.03053798e+00 3.00000000e-02
7.53692463e+03 9.76692946e-01 3.00000000e-02
7.53592490e+03 1.01931190e+00 3.00000000e-02
7.53492517e+03 9.84440105e-01 3.00000000e-02
7.53392544e+03 9.85485922e-01 3.00000000e-02
7.53292571e+03 1.01229104e+00 3.00000000e-02
7.53192598e+03 9.89833719e-01 3.00000000e-02
7.53092625e+03 9.59443257e-01 3.00000000e-02
7.52992652e+03 9.87328902e-01 3.00000000e-02
7.52892679e+03 9.96647812e-01 3.00000000e-02
7.52792706e+03 9.29981387e-01 3.00000000e-02
7.52692733e+03 1.01121669e+00 3.00000000e-02
7.52592760e+03 9.93499510e-01 3.00000000e-02
7.52492787e+03 9.83241096e-01 3.00000000e-02
7.52392814e+03 9.79740852e-01 3.00000000e-02
7.52292841e+03 9.57778476e-01 3.00000000e-02
7.52192868e+03 1.01806684e+00 3.00000000e-02
7.52092894e+03 9.71971267e-01 3.00000000e-02
7.51992921e+03 1.02405345e+00 3.00000000e-02
7.51892948e+03 1.00319878e+00 3.00000000e-02
7.51792975e+03 1.01059369e+00 3.00000000e-02
7.51693002e+03 9.68396209e-01 3.00000000e-02
7.51593029e+03 9.96291986e-01 3.00000000e-02
7.51493056e+03 9.90762771e-01 3.00000000e-02
7.51393083e+03 1.04005109e+00 3.00000000e-02
7.51293110e+03 9.90074355e-01 3.00000000e-02
7.51193137e+03 9.69773449e-01 3.00000000e-02
7.51093164e+03 9.56488750e-01 3.00000000e-02
7.50993191e+03 1.00417266e+00 3.00000000e-02
7.50893218e+03 1.04980740e+00 3.00000000e-02
7.50793245e+03 1.01755150e+00 3.00000000e-02
7.50693272e+03 9.83588905e-01 3.00000000e-02
7.50593299e+03 1.03549671e+00 3.00000000e-02
7.50493326e+03 9.68103579e-01 3.00000000e-02
7.50393353e+03 1.00072281e+00 3.00000000e-02
7.50293380e+03 1.00598616e+00 3.00000000e-02
7.50193407e+03 1.04101279e+00 3.00000000e-02
7.50093434e+03 1.04573525e+00 3.00000000e-02
7.49993461e+03 1.02828245e+00 3.00000000e-02
7.49893488e+03 1.03720963e+00 3.00000000e-02
7.49793515e+03 1.00267331e+00 3.00000000e-02
7.49693542e+03 9.72437817e-01 3.00000000e-02
7.49593569e+03 9.96182613e-01 3.00000000e-02
7.49493596e+03 1.00077339e+00 3.00000000e-02
7.49393623e+03 9.61958720e-01 3.00000000e-02
7.49293650e+03 9.87198819e-01 3.00000000e-02
7.49193677e+03 1.01899590e+00 3.00000000e-02
7.49093704e+03 1.00353285e+00 3.00000000e-02
7.48993731e+03 9.81823052e-01 3.00000000e-02
7.48893758e+03 1.02916793e+00 3.00000000e-02
7.48793785e+03 9.71939629e-01 3.00000000e-02
7.48693811e+03 9.78152952e-01 3.00000000e-02
7.48593838e+03 9.93270423e-01 3.00000000e-02
7.48493865e+03 9.68063097e-01 3.00000000e-02
7.48393892e+03 1.00566270e+00 3.00000000e-02
7.48293919e+03 9.18541994e-01 3.00000000e-02
7.48193946e+03 9.97277108e-01 3.00000000e-02
7.48093973e+03 1.02444856e+00 3.00000000e-02
7.47994000e+03 9.74309533e-01 3.00000000e-02
7.47894027e+03 1.02955955e+00 3.00000000e-02
7.47794054e+03 1.01192195e+00 3.00000000e-02
7.47694081e+03 1.02633635e+00 3.00000000e-02
7.47594108e+03 1.01062223e+00 3.00000000e-02
7.47494135e+03 9.59408193e-01 3.00000000e-02
7.47394162e+03 9.88372518e-01 3.00000000e-02
7.47294189e+03 9.95737158e-01 3.00000000e-02
7.47194216e+03 1.02717884e+00 3.00000000e-02
7.47094243e+03 9.52578797e-01 3.00000000e-02
7.46994270e+03 9.97112798e-01 3.00000000e-02
7.46894297e+03 9.71777291e-01 3.00000000e-02
7.46794324e+03 1.01504194e+00 3.00000000e-02
7.46694351e+03 1.01589678e+00 3.00000000e-02
7.46594378e+03 1.00913664e+00 3.00000000e-02
7.46494405e+03 9.96167695e-01 3.00000000e-02
7.46394432e+03 9.95591602e-01 3.00000000e-02
7.46294459e+03 1.02883002e+00 3.00000000e-02
7.46194486e+03 1.00495607e+00 3.00000000e-02
7.46094513e+03 1.05445835e+00 3.00000000e-02
7.45994540e+03 9.90173800e-01 3.00000000e-02
7.45894567e+03 9.23381121e-01 3.00000000e-02
7.45794594e+03 9.78686886e-01 3.00000000e-02
7.45694621e+03 9.69202224e-01 3.00000000e-02
7.45594647e+03 9.80891976e-01 3.00000000e-02
7.45494674e+03 1.00046455e+00 3.00000000e-02
7.45394701e+03 9.89852039e-01 3.00000000e-02
7.45294728e+03 9.68819645e-01 3.00000000e-02
7.45194755e+03 9.80883780e-01 3.00000000e-02
7.45094782e+03 9.47027322e-01 3.00000000e-02
7.44994809e+03 1.00981502e+00 3.00000000e-02
7.44894836e+03 9.53792936e-01 3.00000000e-02
7.44794863e+03 9.71267130e-01 3.00000000e-02
7.44694890e+03 1.01892236e+00 3.00000000e-02
7.44594917e+03 9.53086475e-01 3.00000000e-02
7.44494944e+03 1.01376652e+00 3.00000000e-02
7.44394971e+03 1.01372678e+00 3.00000000e-02
7.44294998e+03 9.78141833e-01 3.00000000e-02
7.44195025e+03 9.21941330e-01 3.00000000e-02
7.44095052e+03 9.79906517e-01 3.00000000e-02
7.43995079e+03 9.74485543e-01 3.00000000e-02
7.43895106e+03 1.03427149e+00 3.00000000e-02
7.43795133e+03 9.97749857e-01 3.00000000e-02
7.43695160e+03 9.63497599e-01 3.00000000e-02
7.43595187e+03 9.59268001e-01 3.00000000e-02
7.43495214e+03 1.03397621e+00 3.00000000e-02
7.43395241e+03 1.06610763e+00 3.00000000e-02
7.43295268e+03 9.98895018e-01 3.00000000e-02
7.43195295e+03 9.83510028e-01 3.00000000e-02
7.43095322e+03 1.00986804e+00 3.00000000e-02
7.42995349e+03 1.06045777e+00 3.00000000e-02
7.42895376e+03 9.86589004e-01 3.00000000e-02
7.42795403e+03 9.34638076e-01 3.00000000e-02
7.42695429e+03 1.01446233e+00 3.00000000e-02
7.42595456e+03 1.03303797e+00 3.00000000e-02
7.42495483e+03 1.05321467e+00 3.00000000e-02
7.42395510e+03 9.92156431e-01 3.00000000e-02
7.42295537e+03 9.74928625e-01 3.00000000e-02
7.42195564e+03 1.03657015e+00 3.00000000e-02
7.42095591e+03 1.03992532e+00 3.00000000e-02
7.41995618e+03 1.01513498e+00 3.00000000e-02
7.41895645e+03 9.51677813e-01 3.00000000e-02
7.41795672e+03 9.87752724e-01 3.00000000e-02
7.41695699e+03 9.42294858e-01 3.00000000e-02
7.41595726e+03 9.84181900e-01 3.00000000e-02
7.41495753e+03 9.64819063e-01 3.00000000e-02
7.41395780e+03 9.80171919e-01 3.00000000e-02
7.41295807e+03 1.00363832e+00 3.00000000e-02
7.41195834e+03 9.63495360e-01 3.00000000e-02
7.41095861e+03 1.02453444e+00 3.00000000e-02
7.40995888e+03 1.01058902e+00 3.00000000e-02
7.40895915e+03 9.60036953e-01 3.00000000e-02
7.40795942e+03 1.03881926e+00 3.00000000e-02
7.40695969e+03 9.77436035e-01 3.00000000e-02
7.40595996e+03 1.02891869e+00 3.00000000e-02
7.40496023e+03 9.63703823e-01 3.00000000e-02
7.40396050e+03 9.77777363e-01 3.00000000e-02
7.40296077e+03 9.75897130e-01 3.00000000e-02
7.40196104e+03 9.92516729e-01 3.00000000e-02
7.40096131e+03 9.78196011e-01 3.00000000e-02
7.39996157e+03 1.05234217e+00 3.00000000e-02
7.39896184e+03 9.55709788e-01 3.00000000e-02
7.39796211e+03 9.81363834e-01 3.00000000e-02
7.39696238e+03 9.68545727e-01 3.00000000e-02
7.39596265e+03 1.03452126e+00 3.00000000e-02
7.39496292e+03 9.67069880e-01 3.00000000e-02
7.39396319e+03 9.69270154e-01 3.00000000e-02
7.39296346e+03 1.02048764e+00 3.00000000e-02
7.39196373e+03 1.04846891e+00 3.00000000e-02
7.39096400e+03 1.03606974e+00 3.00000000e-02
7.38996427e+03 9.56111264e-01 3.00000000e-02
7.38896454e+03 9.94846395e-01 3.00000000e-02
7.38796481e+03 1.02413488e+00 3.00000000e-02
7.38696508e+03 9.77228790e-01 3.00000000e-02
7.38596535e+03 9.65653426e-01 3.00000000e-02
7.38496562e+03 9.88233037e-01 3.00000000e-02
7.38396589e+03 9.70062263e-01 3.00000000e-02
7.38296616e+03 1.07783724e+00 3.00000000e-02
7.38196643e+03 1.01937859e+00 3.00000000e-02
7.38096670e+03 1.00543784e+00 3.00000000e-02
7.37996697e+03 9.74377364e-01 3.00000000e-02
7.37896724e+03 9.91809955e-01 3.00000000e-02
7.37796751e+03 1.03091180e+00 3.00000000e-02
7.37696778e+03 9.81624388e-01 3.00000000e-02
7.37596805e+03 9.37456409e-01 3.00000000e-02
7.37496832e+03 9.76623356e-01 3.00000000e-02
7.37396858e+03 1.00136111e+00 3.00000000e-02
7.37296885e+03 1.02064840e+00 3.00000000e-02
7.37196912e+03 1.03979173e+00 3.00000000e-02
7.37096939e+03 1.00690364e+00 3.00000000e-02
7.36996966e+03 1.02571414e+00 3.00000000e-02
7.36896993e+03 9.65749216e-01 3.00000000e-02
7.36797020e+03 9.99687862e-01 3.00000000e-02
7.36697047e+03 1.01357818e+00 3.00000000e-02
7.36597074e+03 9.60609400e-01 3.00000000e-02
7.36497101e+03 9.79873627e-01 3.00000000e-02
7.36397128e+03 9.66628340e-01 3.00000000e-02
7.36297155e+03 1.05704618e+00 3.00000000e-02
7.36197182e+03 9.97052744e-01 3.00000000e-02
7.36097209e+03 9.90745774e-01 3.00000000e-02
7.35997236e+03 9.92470075e-01 3.00000000e-02
7.35897263e+03 9.33656031e-01 3.00000000e-02
7.35797290e+03 1.00521178e+00 3.00000000e-02
7.35697317e+03 9.69817342e-01 3.00000000e-02
7.35597344e+03 1.00234126e+00 3.00000000e-02
7.35497371e+03 9.82392326e-01 3.00000000e-02
7.35397398e+03 1.00846297e+00 3.00000000e-02
7.35297425e+03 9.66016738e-01 3.00000000e-02
7.35197452e+03 1.05797686e+00 3.00000000e-02
7.35097479e+03 1.00136477e+00 3.00000000e-02
7.34997505e+03 9.48319650e-01 3.00000000e-02
7.34897532e+03 1.01105195e+00 3.00000000e-02
7.34797559e+03 9.75655543e-01 3.00000000e-02
7.34697586e+03 1.02769551e+00 3.00000000e-02
7.34597613e+03 1.03224570e+00 3.00000000e-02
7.34497640e+03 9.84505798e-01 3.00000000e-02
7.34397667e+03 9.86208457e-01 3.00000000e-02
7.34297694e+03 9.95136572e-01 3.00000000e-02
7.34197721e+03 1.01423448e+00 3.00000000e-02
7.34097748e+03 1.03027214e+00 3.00000000e-02
7.33997775e+03 9.92250690e-01 3.00000000e-02
7.33897802e+03 1.04392196e+00 3.00000000e-02
7.33797829e+03 1.00948531e+00 3.00000000e-02
7.33697856e+03 1.00395671e+00 3.00000000e-02
7.33597883e+03 1.01884596e+00 3.00000000e-02
7.33497910e+03 9.91567547e-01 3.00000000e-02
7.33397937e+03 1.04106319e+00 3.00000000e-02
7.33297964e+03 9.76612345e-01 3.00000000e-02
7.33197991e+03 9.79134568e-01 3.00000000e-02
7.33098018e+03 1.02026473e+00 3.00000000e-02
7.32998045e+03 1.01863097e+00 3.00000000e-02
7.32898072e+03 1.00036826e+00 3.00000000e-02
7.32798099e+03 9.82546041e-01 3.00000000e-02
7.32698125e+03 9.80004712e-01 3.00000000e-02
7.32598152e+03 9.81970015e-01 3.00000000e-02
7.32498179e+03 9.49265616e-01 3.00000000e-02
7.32398206e+03 9.69108113e-01 3.00000000e-02
7.32298233e+03 1.00284605e+00 3.00000000e-02
7.32198260e+03 1.01622947e+00 3.00000000e-02
7.32098287e+03 9.76941498e-01 3.00000000e-02
7.31998314e+03 9.74350664e-01 3.00000000e-02
7.31898341e+03 9.69327372e-01 3.00000000e-02
7.31798368e+03 1.01544900e+00 3.00000000e-02
7.31698395e+03 9.81283108e-01 3.00000000e-02
7.31598422e+03 9.95178864e-01 3.00000000e-02
7.31498449e+03 9.39083798e-01 3.00000000e-02
7.31398476e+03 1.00326704e+00 3.00000000e-02
7.31298503e+03 1.02039544e+00 3.00000000e-02
7.31198530e+03 1.04989954e+00 3.00000000e-02
7.31098557e+03 1.05540717e+00 3.00000000e-02
7.30998584e+03 1.04142947e+00 3.00000000e-02
7.30898611e+03 1.00147879e+00 3.00000000e-02
7.30798638e+03 9.94095332e-01 3.00000000e-02
7.30698665e+03 9.78618739e-01 3.00000000e-02
7.30598692e+03 9.69108654e-01 3.00000000e-02
7.30498719e+03 9.38865012e-01 3.00000000e-02
7.30398745e+03 1.04247187e+00 3.00000000e-02
7.30298772e+03 9.53423253e-01 3.00000000e-02
7.30198799e+03 1.02271091e+00 3.00000000e-02
7.30098826e+03 9.87987499e-01 3.00000000e-02
7.29998853e+03 1.04539795e+00 3.00000000e-02
7.29898880e+03 9.75393788e-01 3.00000000e-02
7.29798907e+03 9.80911799e-01 3.00000000e-02
7.29698934e+03 1.02168180e+00 3.00000000e-02
7.29598961e+03 1.00716065e+00 3.00000000e-02
7.29498988e+03 9.58650537e-01 3.00000000e-02
7.29399015e+03 1.02196664e+00 3.00000000e-02
7.29299042e+03 9.81804352e-01 3.00000000e-02
7.29199069e+03 1.05715535e+00 3.00000000e-02
7.29099096e+03 9.88976151e-01 3.00000000e-02
7.28999123e+03 9.86054773e-01 3.00000000e-02
7.28899150e+03 1.00427982e+00 3.00000000e-02
7.28799177e+03 1.01063003e+00 3.00000000e-02
7.28699204e+03 9.84710081e-01 3.00000000e-02
7.28599231e+03 9.44628156e-01 3.00000000e-02
7.28499258e+03 1.02255917e+00 3.00000000e-02
7.28399285e+03 1.01796896e+00 3.00000000e-02
7.28299311e+03 9.79931859e-01 3.00000000e-02
7.28199338e+03 1.01612655e+00 3.00000000e-02
7.28099365e+03 1.01809457e+00 3.00000000e-02
7.27999392e+03 9.89070881e-01 3.00000000e-02
7.27899419e+03 9.46998482e-01 3.00000000e-02
7.27799446e+03 1.01787690e+00 3.00000000e-02
7.27699473e+03 9.41362731e-01 3.00000000e-02
7.27599500e+03 9.91701057e-01 3.00000000e-02
7.27499527e+03 9.81364387e-01 3.00000000e-02
7.27399554e+03 9.77506290e-01 3.00000000e-02
7.27299581e+03 1.03467078e+00 3.00000000e-02
7.27199608e+03 1.02893369e+00 3.00000000e-02
7.27099635e+03 1.02375044e+00 3.00000000e-02
7.26999662e+03 9.90623827e-01 3.00000000e-02
7.26899689e+03 9.70163550e-01 3.00000000e-02
7.26799716e+03 1.03954387e+00 3.00000000e-02
7.26699743e+03 9.61572941e-01 3.00000000e-02
7.26599770e+03 9.85190925e-01 3.00000000e-02
7.26499797e+03 9.83372641e-01 3.00000000e-02
7.26399824e+03 1.00330332e+00 3.00000000e-02
7.26299850e+03 9.96970887e-01 3.00000000e-02
7.26199877e+03 9.93927029e-01 3.00000000e-02
7.26099904e+03 1.00606585e+00 3.00000000e-02
7.25999931e+03 1.03183804e+00 3.00000000e-02
7.25899958e+03 9.57386310e-01 3.00000000e-02
7.25799985e+03 1.02592777e+00 3.00000000e-02
7.25700012e+03 1.00108997e+00 3.00000000e-02
7.25600039e+03 1.04015071e+00 3.00000000e-02
7.25500066e+03 1.04681662e+00 3.00000000e-02
7.25400093e+03 9.86538457e-01 3.00000000e-02
7.25300120e+03 9.77145108e-01 3.00000000e-02
7.25200147e+03 9.91204649e-01 3.00000000e-02
7.25100174e+03 1.03581925e+00 3.00000000e-02
7.25000201e+03 9.93911956e-01 3.00000000e-02
7.24900228e+03 1.01687105e+00 3.00000000e-02
7.24800255e+03 9.67238786e-01 3.00000000e-02
7.24700282e+03 9.78600289e-01 3.00000000e-02
7.24600309e+03 1.00957845e+00 3.00000000e-02
7.24500336e+03 9.75511032e-01 3.00000000e-02
7.24400363e+03 9.56368182e-01 3.00000000e-02
7.24300389e+03 9.29675595e-01 3.00000000e-02
7.24200416e+03 9.90623783e-01 3.00000000e-02
7.24100443e+03 9.68680913e-01 3.00000000e-02
7.24000470e+03 9.78958364e-01 3.00000000e-02
7.23900497e+03 9.96145837e-01 3.00000000e-02
7.23800524e+03 9.87942738e-01 3.00000000e-02
7.23700551e+03 9.86867131e-01 3.00000000e-02
7.23600578e+03 9.72283293e-01 3.00000000e-02
7.23500605e+03 9.99014419e-01 3.00000000e-02
7.23400632e+03 1.00303562e+00 3.00000000e-02
7.23300659e+03 1.02609379e+00 3.00000000e-02
7.23200686e+03 1.00484431e+00 3.00000000e-02
7.23100713e+03 9.94081681e-01 3.00000000e-02
7.23000740e+03 9.87223956e-01 3.00000000e-02
7.22900767e+03 1.01317416e+00 3.00000000e-02
7.22800794e+03 1.01261456e+00 3.00000000e-02
7.22700821e+03 1.07989669e+00 3.00000000e-02
7.22600848e+03 9.92459629e-01 3.00000000e-02
7.22500875e+03 1.04855441e+00 3.00000000e-02
7.22400901e+03 9.65712681e-01 3.00000000e-02
7.22300928e+03 9.35998954e-01 3.00000000e-02
7.22200955e+03 1.01684708e+00 3.00000000e-02
7.22100982e+03 1.03197346e+00 3.00000000e-02
7.22001009e+03 9.86795397e-01 3.00000000e-02
7.21901036e+03 1.00367951e+00 3.00000000e-02
7.21801063e+03 1.00722909e+00 3.00000000e-02
7.21701090e+03 1.00026508e+00 3.00000000e-02
7.21601117e+03 1.01754188e+00 3.00000000e-02
7.21501144e+03 9.89501225e-01 3.00000000e-02
7.21401171e+03 1.01758412e+00 3.00000000e-02
7.21301198e+03 9.91669564e-01 3.00000000e-02
7.21201225e+03 1.00426723e+00 3.00000000e-02
7.21101252e+03 9.84798697e-01 3.00000000e-02
7.21001279e+03 9.94448589e-01 3.00000000e-02
7.20901306e+03 9.68049184e-01 3.00000000e-02
7.20801333e+03 1.00029176e+00 3.00000000e-02
7.20701360e+03 9.98671471e-01 3.00000000e-02
7.20601387e+03 9.43031457e-01 3.00000000e-02
7.20501413e+03 1.02184420e+00 3.00000000e-02
7.20401440e+03 9.53261760e-01 3.00000000e-02
7.20301467e+03 1.00328619e+00 3.00000000e-02
7.20201494e+03 1.03957417e+00 3.00000000e-02
7.20101521e+03 1.01036748e+00 3.00000000e-02
7.20001548e+03 1.03579311e+00 3.00000000e-02
7.19901575e+03 1.01890228e+00 3.00000000e-02
7.19801602e+03 9.91735859e-01 3.00000000e-02
7.19701629e+03 9.77422695e-01 3.00000000e-02
7.19601656e+03 9.89426376e-01 3.00000000e-02
7.19501683e+03 9.86805202e-01 3.00000000e-02
7.19401710e+03 1.01756345e+00 3.00000000e-02
7.19301737e+03 9.89266243e-01 3.00000000e-02
7.19201764e+03 9.52405700e-01 3.00000000e-02
7.19101791e+03 1.03927990e+00 3.00000000e-02
7.19001818e+03 1.00401143e+00 3.00000000e-02
7.18901845e+03 9.98760606e-01 3.00000000e-02
7.18801872e+03 9.86711316e-01 3.00000000e-02
7.18701898e+03 9.80419511e-01 3.00000000e-02
7.18601925e+03 1.02131833e+00 3.00000000e-02
7.18501952e+03 9.80795379e-01 3.00000000e-02
7.18401979e+03 9.66747238e-01 3.00000000e-02
7.18302006e+03 1.01364433e+00 3.00000000e-02
7.18202033e+03 9.63413683e-01 3.00000000e-02
7.18102060e+03 1.00571342e+00 3.00000000e-02
7.18002087e+03 1.00217133e+00 3.00000000e-02
7.17902114e+03 1.01733965e+00 3.00000000e-02
7.17802141e+03 1.03739568e+00 3.00000000e-02
7.17702168e+03 9.79716375e-01 3.00000000e-02
7.17602195e+03 9.59791231e-01 3.00000000e-02
7.17502222e+03 1.00498342e+00 3.00000000e-02
7.17402249e+03 9.86055840e-01 3.00000000e-02
7.17302276e+03 1.01656877e+00 3.00000000e-02
7.17202303e+03 1.00257171e+00 3.00000000e-02
7.17102330e+03 1.02780241e+00 3.00000000e-02
7.17002356e+03 9.92447870e-01 3.00000000e-02
7.16902383e+03 9.77648312e-01 3.00000000e-02
7.16802410e+03 1.00976747e+00 3.00000000e-02
7.16702437e+03 1.01115578e+00 3.00000000e-02
7.16602464e+03 9.77141833e-01 3.00000000e-02
7.16502491e+03 1.02168587e+00 3.00000000e-02
7.16402518e+03 9.83333605e-01 3.00000000e-02
7.16302545e+03 1.02317159e+00 3.00000000e-02
7.16202572e+03 9.82922523e-01 3.00000000e-02
7.16102599e+03 9.97237800e-01 3.00000000e-02
7.16002626e+03 1.02390704e+00 3.00000000e-02
7.15902653e+03 1.02151679e+00 3.00000000e-02
7.15802680e+03 1.02396502e+00 3.00000000e-02
7.15702707e+03 1.02116779e+00 3.00000000e-02
7.15602734e+03 9.55701595e-01 3.00000000e-02
7.15502761e+03 1.02321154e+00 3.00000000e-02
7.15402788e+03 9.64704171e-01 3.00000000e-02
7.15302814e+03 1.05161006e+00 3.00000000e-02
7.15202841e+03 1.02641880e+00 3.00000000e-02
7.15102868e+03 1.02491168e+00 3.00000000e-02
7.15002895e+03 1.02511420e+00 3.00000000e-02
7.14902922e+03 9.84965494e-01 3.00000000e-02
7.14802949e+03 1.00353506e+00 3.00000000e-02
7.14702976e+03 9.90456585e-01 3.00000000e-02
7.14603003e+03 1.03229248e+00 3.00000000e-02
7.14503030e+03 1.00713597e+00 3.00000000e-02
7.14403057e+03 9.55228436e-01 3.00000000e-02
7.14303084e+03 9.63960995e-01 3.00000000e-02
7.14203111e+03 9.57457575e-01 3.00000000e-02
7.14103138e+03 9.95293253e-01 3.00000000e-02
7.14003165e+03 1.04024163e+00 3.00000000e-02
7.13903192e+03 9.78910493e-01 3.00000000e-02
7.13803219e+03 9.83256555e-01 3.00000000e-02
7.13703246e+03 1.01184603e+00 3.00000000e-02
7.13603272e+03 1.00947093e+00 3.00000000e-02
7.13503299e+03 1.01600001e+00 3.00000000e-02
7.13403326e+03 1.01993474e+00 3.00000000e-02
7.13303353e+03 9.37047304e-01 3.00000000e-02
7.13203380e+03 1.04313717e+00 3.00000000e-02
7.13103407e+03 9.61191668e-01 3.00000000e-02
7.13003434e+03 9.92085460e-01 3.00000000e-02
7.12903461e+03 9.67777157e-01 3.00000000e-02
7.12803488e+03 9.47080040e-01 3.00000000e-02
7.12703515e+03 1.02894193e+00 3.00000000e-02
7.12603542e+03 9.89894078e-01 3.00000000e-02
7.12503569e+03 1.00134206e+00 3.00000000e-02
7.12403596e+03 1.01336817e+00 3.00000000e-02
7.12303623e+03 9.96580549e-01 3.00000000e-02
7.12203650e+03 1.00088094e+00 3.00000000e-02
7.12103677e+03 1.00861111e+00 3.00000000e-02
7.12003703e+03 9.70591264e-01 3.00000000e-02
7.11903730e+03 9.90483207e-01 3.00000000e-02
7.11803757e+03 1.03562493e+00 3.00000000e-02
7.11703784e+03 1.01116912e+00 3.00000000e-02
7.11603811e+03 9.56396172e-01 3.00000000e-02
7.11503838e+03 9.79937879e-01 3.00000000e-02
7.11403865e+03 9.83123997e-01 3.00000000e-02
7.11303892e+03 1.00566200e+00 3.00000000e-02
7.11203919e+03 1.06062813e+00 3.00000000e-02
7.11103946e+03 1.00095200e+00 3.00000000e-02
7.11003973e+03 9.87515899e-01 3.00000000e-02
7.10904000e+03 1.04933562e+00 3.00000000e-02
7.10804027e+03 9.96627203e-01 3.00000000e-02
7.10704054e+03 9.84928360e-01 3.00000000e-02
7.10604081e+03 9.62850306e-01 3.00000000e-02
7.10504108e+03 9.96218947e-01 3.00000000e-02
7.10404134e+03 1.04837492e+00 3.00000000e-02
7.10304161e+03 9.83145077e-01 3.00000000e-02
7.10204188e+03 1.04078220e+00 3.00000000e-02
7.10104215e+03 9.97848486e-01 3.00000000e-02
7.10004242e+03 1.00883309e+00 3.00000000e-02
7.09904269e+03 9.84423450e-01 3.00000000e-02
7.09804296e+03 1.05287457e+00 3.00000000e-02
7.09704323e+03 9.86533539e-01 3.00000000e-02
7.09604350e+03 1.02812704e+00 3.00000000e-02
7.09504377e+03 1.01098980e+00 3.00000000e-02
7.09404404e+03 9.69902958e-01 3.00000000e-02
7.09304431e+03 9.80863616e-01 3.00000000e-02
7.09204458e+03 9.86522546e-01 3.00000000e-02
7.09104485e+03 1.04650954e+00 3.00000000e-02
7.09004512e+03 1.01730565e+00 3.00000000e-02
7.08904538e+03 1.00511507e+00 3.00000000e-02
7.08804565e+03 1.02529508e+00 3.00000000e-02
7.08704592e+03 1.01783901e+00 3.00000000e-02
7.08604619e+03 9.79353880e-01 3.00000000e-02
7.08504646e+03 1.00299484e+00 3.00000000e-02
7.08404673e+03 1.02988024e+00 3.00000000e-02
7.08304700e+03 1.02025382e+00 3.00000000e-02
7.08204727e+03 1.00731376e+00 3.00000000e-02
7.08104754e+03 9.95544493e-01 3.00000000e-02
7.08004781e+03 1.03127504e+00 3.00000000e-02
7.07904808e+03 1.02306129e+00 3.00000000e-02
7.07804835e+03 1.00291371e+00 3.00000000e-02
7.07704862e+03 9.95633779e-01 3.00000000e-02
7.07604889e+03 9.51542174e-01 3.00000000e-02
7.07504916e+03 9.96086742e-01 3.00000000e-02
7.07404942e+03 9.73817465e-01 3.00000000e-02
7.07304969e+03 9.47908028e-01 3.00000000e-02
7.07204996e+03 1.00201032e+00 3.00000000e-02
7.07105023e+03 9.98952504e-01 3.00000000e-02
7.07005050e+03 9.93873709e-01 3.00000000e-02
7.06905077e+03 9.74435466e-01 3.00000000e-02
7.06805104e+03 1.02134127e+00 3.00000000e-02
7.06705131e+03 1.06558005e+00 3.00000000e-02
7.06605158e+03 9.92627245e-01 3.00000000e-02
7.06505185e+03 9.65083380e-01 3.00000000e-02
7.06405212e+03 9.93382681e-01 3.00000000e-02
7.06305239e+03 1.04634161e+00 3.00000000e-02
7.06205266e+03 9.80373459e-01 3.00000000e-02
7.06105293e+03 9.75985093e-01 3.00000000e-02
7.06005320e+03 9.88777563e-01 3.00000000e-02
7.05905346e+03 9.79842647e-01 3.00000000e-02
7.05805373e+03 9.88234600e-01 3.00000000e-02
7.05705400e+03 9.54347402e-01 3.00000000e-02
7.05605427e+03 1.02245564e+00 3.00000000e-02
7.05505454e+03 1.01002535e+00 3.00000000e-02
7.05405481e+03 1.02589958e+00 3.00000000e-02
7.05305508e+03 9.83342042e-01 3.00000000e-02
7.05205535e+03 9.94920913e-01 3.00000000e-02
7.05105562e+03 9.79066451e-01 3.00000000e-02
7.05005589e+03 9.99384712e-01 3.00000000e-02
7.04905616e+03 9.91903788e-01 3.00000000e-02
7.04805643e+03 1.01185470e+00 3.00000000e-02
7.04705670e+03 9.89448047e-01 3.00000000e-02
7.04605697e+03 9.68646914e-01 3.00000000e-02
7.04505723e+03 1.01594361e+00 3.00000000e-02
7.04405750e+03 1.05582719e+00 3.00000000e-02
7.04305777e+03 1.03320040e+00 3.00000000e-02
7.04205804e+03 9.93436784e-01 3.00000000e-02
7.04105831e+03 1.03254832e+00 3.00000000e-02
7.04005858e+03 9.54746864e-01 3.00000000e-02
7.03905885e+03 1.04886038e+00 3.00000000e-02
7.03805912e+03 1.01437063e+00 3.00000000e-02
7.03705939e+03 9.93457411e-01 3.00000000e-02
7.03605966e+03 9.76155454e-01 3.00000000e-02
7.03505993e+03 9.88360708e-01 3.00000000e-02
7.03406020e+03 1.01835414e+00 3.00000000e-02
7.03306047e+03 1.01657441e+00 3.00000000e-02
7.03206074e+03 1.00254831e+00 3.00000000e-02
7.03106101e+03 1.00645474e+00 3.00000000e-02
7.03006127e+03 9.97578591e-01 3.00000000e-02
7.02906154e+03 9.71737856e-01 3.00000000e-02
7.02806181e+03 9.99038810e-01 3.00000000e-02
7.02706208e+03 1.01853418e+00 3.00000000e-02
7.02606235e+03 1.06103331e+00 3.00000000e-02
7.02506262e+03 1.04775995e+00 3.00000000e-02
7.02406289e+03 1.01058890e+00 3.00000000e-02
7.02306316e+03 9.78049494e-01 3.00000000e-02
7.02206343e+03 1.05541512e+00 3.00000000e-02
7.02106370e+03 1.00941490e+00 3.00000000e-02
7.02006397e+03 1.00631932e+00 3.00000000e-02
7.01906424e+03 1.02785534e+00 3.00000000e-02
7.01806451e+03 1.01271044e+00 3.00000000e-02
7.01706478e+03 1.02083564e+00 3.00000000e-02
7.01606504e+03 9.63167146e-01 3.00000000e-02
7.01506531e+03 9.63403586e-01 3.00000000e-02
7.01406558e+03 9.97687320e-01 3.00000000e-02
7.01306585e+03 9.79323694e-01 3.00000000e-02
7.01206612e+03 1.01046516e+00 3.00000000e-02
7.01106639e+03 1.00463802e+00 3.00000000e-02
7.01006666e+03 9.87485823e-01 3.00000000e-02
7.00906693e+03 9.91238477e-01 3.00000000e-02
7.00806720e+03 1.00608212e+00 3.00000000e-02
7.00706747e+03 1.03721739e+00 3.00000000e-02
7.00606774e+03 1.00662141e+00 3.00000000e-02
7.00506801e+03 1.03184682e+00 3.00000000e-02
7.00406828e+03 9.96979043e-01 3.00000000e-02
7.00306854e+03 1.02849821e+00 3.00000000e-02
7.00206881e+03 1.00866573e+00 3.00000000e-02
7.00106908e+03 9.40855288e-01 3.00000000e-02
7.00006935e+03 9.88915185e-01 3.00000000e-02
6.99906962e+03 9.90227469e-01 3.00000000e-02
6.99806989e+03 1.01333550e+00 3.00000000e-02
6.99707016e+03 9.85025842e-01 3.00000000e-02
6.99607043e+03 1.04108319e+00 3.00000000e-02
6.99507070e+03 1.01771094e+00 3.00000000e-02
6.99407097e+03 9.83365219e-01 3.00000000e-02
6.99307124e+03 9.99941409e-01 3.00000000e-02
6.99207151e+03 1.01242390e+00 3.00000000e-02
6.99107178e+03 1.04262409e+00 3.00000000e-02
6.99007205e+03 9.94815698e-01 3.00000000e-02
6.98907231e+03 9.54518528e-01 3.00000000e-02
6.98807258e+03 1.05451242e+00 3.00000000e-02
6.98707285e+03 9.39522130e-01 3.00000000e-02
6.98607312e+03 1.01952785e+00 3.00000000e-02
6.98507339e+03 1.01989173e+00 3.00000000e-02
6.98407366e+03 1.00897539e+00 3.00000000e-02
6.98307393e+03 9.71562644e-01 3.00000000e-02
6.98207420e+03 1.01456715e+00 3.00000000e-02
6.98107447e+03 1.06700925e+00 3.00000000e-02
6.98007474e+03 9.76453777e-01 3.00000000e-02
6.97907501e+03 1.04305170e+00 3.00000000e-02
6.97807528e+03 1.05756612e+00 3.00000000e-02
6.97707555e+03 9.94525185e-01 3.00000000e-02
6.97607581e+03 9.63321455e-01 3.00000000e-02
6.97507608e+03 1.05252033e+00 3.00000000e-02
6.97407635e+03 9.42900655e-01 3.00000000e-02
6.97307662e+03 9.91163302e-01 3.00000000e-02
6.97207689e+03 9.64506480e-01 3.00000000e-02
6.97107716e+03 1.04090801e+00 3.00000000e-02
6.97007743e+03 1.01653178e+00 3.00000000e-02
6.96907770e+03 1.01604928e+00 3.00000000e-02
6.96807797e+03 9.70331750e-01 3.00000000e-02
6.96707824e+03 9.63626380e-01 3.00000000e-02
6.96607851e+03 1.00447069e+00 3.00000000e-02
6.96507878e+03 9.91049975e-01 3.00000000e-02
6.96407905e+03 9.77348752e-01 3.00000000e-02
6.96307931e+03 1.02015799e+00 3.00000000e-02
6.96207958e+03 1.03083098e+00 3.00000000e-02
6.96107985e+03 9.86938044e-01 3.00000000e-02
6.96008012e+03 1.02359435e+00 3.00000000e-02
6.95908039e+03 1.00643777e+00 3.00000000e-02
6.95808066e+03 1.03368798e+00 3.00000000e-02
6.95708093e+03 9.98760841e-01 3.00000000e-02
6.95608120e+03 1.02058818e+00 3.00000000e-02
6.95508147e+03 9.99308256e-01 3.00000000e-02
6.95408174e+03 1.00893253e+00 3.00000000e-02
6.95308201e+03 1.04470383e+00 3.00000000e-02
6.95208228e+03 1.01592640e+00 3.00000000e-02
6.95108254e+03 1.01505602e+00 3.00000000e-02
6.95008281e+03 1.00415783e+00 3.00000000e-02
6.94908308e+03 1.00540896e+00 3.00000000e-02
6.94808335e+03 1.00290527e+00 3.00000000e-02
6.94708362e+03 1.02912200e+00 3.00000000e-02
6.94608389e+03 9.62965338e-01 3.00000000e-02
6.94508416e+03 1.01991547e+00 3.00000000e-02
6.94408443e+03 1.02501533e+00 3.00000000e-02
6.94308470e+03 1.01907432e+00 3.00000000e-02
6.94208497e+03 9.75041074e-01 3.00000000e-02
6.94108524e+03 9.96841848e-01 3.00000000e-02
6.94008551e+03 1.03375927e+00 3.00000000e-02
6.93908578e+03 9.93380702e-01 3.00000000e-02
6.93808604e+03 9.87824568e-01 3.00000000e-02
6.93708631e+03 1.00437146e+00 3.00000000e-02
6.93608658e+03 9.88578264e-01 3.00000000e-02
6.93508685e+03 9.88598609e-01 3.00000000e-02
6.93408712e+03 1.01067524e+00 3.00000000e-02
6.93308739e+03 9.78765090e-01 3.00000000e-02
6.93208766e+03 9.79847516e-01 3.00000000e-02
6.93108793e+03 9.44968476e-01 3.00000000e-02
6.93008820e+03 9.97576232e-01 3.00000000e-02
6.92908847e+03 9.97465032e-01 3.00000000e-02
6.92808874e+03 1.00541990e+00 3.00000000e-02
6.92708901e+03 9.97622017e-01 3.00000000e-02
6.92608927e+03 9.71243686e-01 3.00000000e-02
6.92508954e+03 9.86722012e-01 3.00000000e-02
6.92408981e+03 9.90991169e-01 3.00000000e-02
6.92309008e+03 1.02136061e+00 3.00000000e-02
6.92209035e+03 1.02713093e+00 3.00000000e-02
6.92109062e+03 1.05420929e+00 3.00000000e-02
6.92009089e+03 9.54297330e-01 3.00000000e-02
6.91909116e+03 1.02744164e+00 3.00000000e-02
6.91809143e+03 1.04577394e+00 3.00000000e-02
6.91709170e+03 1.01539257e+00 3.00000000e-02
6.91609197e+03 1.05153067e+00 3.00000000e-02
6.91509224e+03 9.99059646e-01 3.00000000e-02
6.91409250e+03 9.67897795e-01 3.00000000e-02
6.91309277e+03 1.00753038e+00 3.00000000e-02
6.91209304e+03 9.85992408e-01 3.00000000e-02
6.91109331e+03 9.82775159e-01 3.00000000e-02
6.91009358e+03 9.98417223e-01 3.00000000e-02
6.90909385e+03 9.42528575e-01 3.00000000e-02
6.90809412e+03 1.04604695e+00 3.00000000e-02
6.90709439e+03 9.59108535e-01 3.00000000e-02
6.90609466e+03 1.04294219e+00 3.00000000e-02
6.90509493e+03 1.03495272e+00 3.00000000e-02
6.90409520e+03 9.74093805e-01 3.00000000e-02
6.90309547e+03 1.00464598e+00 3.00000000e-02
6.90209573e+03 1.01685657e+00 3.00000000e-02
6.90109600e+03 9.90708172e-01 3.00000000e-02
6.90009627e+03 9.67878427e-01 3.00000000e-02
6.89909654e+03 1.02232481e+00 3.00000000e-02
6.89809681e+03 1.02698240e+00 3.00000000e-02
6.89709708e+03 9.80279885e-01 3.00000000e-02
6.89609735e+03 1.01058971e+00 3.00000000e-02
6.89509762e+03 9.82024501e-01 3.00000000e-02
6.89409789e+03 1.02382773e+00 3.00000000e-02
6.89309816e+03 1.06990022e+00 3.00000000e-02
6.89209843e+03 9.98616720e-01 3.00000000e-02
6.89109870e+03 1.04805095e+00 3.00000000e-02
6.89009896e+03 9.86996497e-01 3.00000000e-02
6.88909923e+03 1.00630142e+00 3.00000000e-02
6.88809950e+03 1.01332766e+00 3.00000000e-02
6.88709977e+03 9.71728725e-01 3.00000000e-02
6.88610004e+03 1.03324729e+00 3.00000000e-02
6.88510031e+03 1.01481445e+00 3.00000000e-02
6.88410058e+03 9.81516872e-01 3.00000000e-02
6.88310085e+03 1.05247955e+00 3.00000000e-02
6.88210112e+03 1.01055891e+00 3.00000000e-02
6.88110139e+03 9.90949267e-01 3.00000000e-02
6.88010166e+03 1.06182063e+00 3.00000000e-02
6.87910193e+03 1.05267695e+00 3.00000000e-02
6.87810219e+03 9.90799159e-01 3.00000000e-02
6.87710246e+03 1.04479945e+00 3.00000000e-02
6.87610273e+03 9.96005021e-01 3.00000000e-02
6.87510300e+03 9.95018343e-01 3.00000000e-02
6.87410327e+03 1.01191286e+00 3.00000000e-02
6.87310354e+03 1.02938051e+00 3.00000000e-02
6.87210381e+03 1.00548955e+00 3.00000000e-02
6.87110408e+03 9.69973985e-01 3.00000000e-02
6.87010435e+03 1.00211337e+00 3.00000000e-02
6.86910462e+03 9.47417805e-01 3.00000000e-02
6.86810489e+03 9.51058492e-01 3.00000000e-02
6.86710515e+03 1.02234914e+00 3.00000000e-02
6.86610542e+03 1.03979160e+00 3.00000000e-02
6.86510569e+03 9.62541725e-01 3.00000000e-02
6.86410596e+03 1.03225555e+00 3.00000000e-02
6.86310623e+03 9.70443059e-01 3.00000000e-02
6.86210650e+03 9.82542615e-01 3.00000000e-02
6.86110677e+03 9.88653972e-01 3.00000000e-02
6.86010704e+03 9.86522774e-01 3.00000000e-02
6.85910731e+03 1.00897604e+00 3.00000000e-02
6.85810758e+03 1.00123998e+00 3.00000000e-02
6.85710785e+03 9.97841137e-01 3.00000000e-02
6.85610811e+03 1.00664235e+00 3.00000000e-02
6.85510838e+03 1.02271222e+00 3.00000000e-02
6.85410865e+03 1.02418231e+00 3.00000000e-02
6.85310892e+03 9.84828919e-01 3.00000000e-02
6.85210919e+03 1.01014689e+00 3.00000000e-02
6.85110946e+03 9.60611972e-01 3.00000000e-02
6.85010973e+03 1.02813673e+00 3.00000000e-02
6.84911000e+03 1.01109527e+00 3.00000000e-02
6.84811027e+03 1.03087434e+00 3.00000000e-02
6.84711054e+03 9.77767118e-01 3.00000000e-02
6.84611081e+03 1.02648255e+00 3.00000000e-02
6.84511108e+03 9.64318580e-01 3.00000000e-02
6.84411134e+03 1.04986613e+00 3.00000000e-02
6.84311161e+03 9.68657424e-01 3.00000000e-02
6.84211188e+03 9.52456820e-01 3.00000000e-02
6.84111215e+03 9.93924700e-01 3.00000000e-02
6.84011242e+03 9.80027047e-01 3.00000000e-02
6.83911269e+03 9.66266669e-01 3.00000000e-02
6.83811296e+03 1.03531520e+00 3.00000000e-02
6.83711323e+03 1.03203795e+00 3.00000000e-02
6.83611350e+03 9.91009924e-01 3.00000000e-02
6.83511377e+03 1.01485621e+00 3.00000000e-02
6.83411404e+03 1.05583053e+00 3.00000000e-02
6.83311430e+03 1.04868771e+00 3.00000000e-02
6.83211457e+03 1.00644454e+00 3.00000000e-02
6.83111484e+03 1.00966378e+00 3.00000000e-02
6.83011511e+03 1.00897077e+00 3.00000000e-02
6.82911538e+03 9.53895163e-01 3.00000000e-02
6.82811565e+03 1.00956223e+00 3.00000000e-02
6.82711592e+03 9.75776001e-01 3.00000000e-02
6.82611619e+03 9.93224320e-01 3.00000000e-02
6.82511646e+03 1.04997681e+00 3.00000000e-02
6.82411673e+03 1.04611643e+00 3.00000000e-02
6.82311699e+03 9.85676078e-01 3.00000000e-02
6.82211726e+03 9.99461522e-01 3.00000000e-02
6.82111753e+03 1.00028025e+00 3.00000000e-02
6.82011780e+03 1.01973468e+00 3.00000000e-02
6.81911807e+03 1.00248842e+00 3.00000000e-02
6.81811834e+03 9.81666897e-01 3.00000000e-02
6.81711861e+03 9.95671170e-01 3.00000000e-02
6.81611888e+03 9.92261198e-01 3.00000000e-02
6.81511915e+03 1.04130456e+00 3.00000000e-02
6.81411942e+03 9.68135180e-01 3.00000000e-02
6.81311969e+03 1.00354666e+00 3.00000000e-02
6.81211995e+03 1.01449894e+00 3.00000000e-02
6.81112022e+03 1.04033881e+00 3.00000000e-02
6.81012049e+03 9.81353260e-01 3.00000000e-02
6.80912076e+03 9.91007934e-01 3.00000000e-02
6.80812103e+03 1.03587518e+00 3.00000000e-02
6.80712130e+03 1.00829813e+00 3.00000000e-02
6.80612157e+03 1.03584282e+00 3.00000000e-02
6.80512184e+03 9.69106276e-01 3.00000000e-02
6.80412211e+03 1.04267521e+00 3.00000000e-02
6.80312238e+03 1.01992342e+00 3.00000000e-02
6.80212265e+03 9.87178570e-01 3.00000000e-02
6.80112291e+03 1.03732083e+00 3.00000000e-02
6.80012318e+03 9.44138609e-01 3.00000000e-02
6.79912345e+03 1.01318764e+00 3.00000000e-02
6.79812372e+03 9.71602824e-01 3.00000000e-02
6.79712399e+03 1.01544339e+00 3.00000000e-02
6.79612426e+03 1.01450052e+00 3.00000000e-02
6.79512453e+03 1.04047853e+00 3.00000000e-02
6.79412480e+03 9.98398983e-01 3.00000000e-02
6.79312507e+03 9.95175636e-01 3.00000000e-02
6.79212534e+03 1.01930640e+00 3.00000000e-02
6.79112560e+03 1.00858173e+00 3.00000000e-02
6.79012587e+03 9.86087933e-01 3.00000000e-02
6.78912614e+03 1.01908359e+00 3.00000000e-02
6.78812641e+03 1.05995733e+00 3.00000000e-02
6.78712668e+03 1.00972436e+00 3.00000000e-02
6.78612695e+03 1.00674231e+00 3.00000000e-02
6.78512722e+03 9.48685617e-01 3.00000000e-02
6.78412749e+03 1.00219788e+00 3.00000000e-02
6.78312776e+03 1.00333905e+00 3.00000000e-02
6.78212803e+03 1.00555565e+00 3.00000000e-02
6.78112830e+03 9.67849924e-01 3.00000000e-02
6.78012856e+03 9.93718940e-01 3.00000000e-02
6.77912883e+03 1.05239135e+00 3.00000000e-02
6.77812910e+03 9.87411182e-01 3.00000000e-02
6.77712937e+03 9.71246173e-01 3.00000000e-02
6.77612964e+03 1.03418656e+00 3.00000000e-02
6.77512991e+03 9.83701893e-01 3.00000000e-02
6.77413018e+03 9.71798511e-01 3.00000000e-02
6.77313045e+03 9.92074206e-01 3.00000000e-02
6.77213072e+03 9.75872508e-01 3.00000000e-02
6.77113099e+03 9.64688213e-01 3.00000000e-02
6.77013125e+03 1.00767176e+00 3.00000000e-02
6.76913152e+03 1.00542058e+00 3.00000000e-02
6.76813179e+03 1.00711478e+00 3.00000000e-02
6.76713206e+03 9.95727444e-01 3.00000000e-02
6.76613233e+03 9.21981910e-01 3.00000000e-02
6.76513260e+03 9.92960069e-01 3.00000000e-02
6.76413287e+03 9.98058045e-01 3.00000000e-02
6.76313314e+03 9.60015789e-01 3.00000000e-02
6.76213341e+03 1.00082793e+00 3.00000000e-02
6.76113368e+03 9.98960132e-01 3.00000000e-02
6.76013394e+03 9.76475700e-01 3.00000000e-02
6.75913421e+03 1.02507695e+00 3.00000000e-02
6.75813448e+03 9.98712932e-01 3.00000000e-02
6.75713475e+03 1.04682846e+00 3.00000000e-02
6.75613502e+03 1.01377618e+00 3.00000000e-02
6.75513529e+03 9.79785199e-01 3.00000000e-02
6.75413556e+03 9.73636494e-01 3.00000000e-02
6.75313583e+03 1.01372712e+00 3.00000000e-02
6.75213610e+03 1.00293913e+00 3.00000000e-02
6.75113637e+03 9.85401267e-01 3.00000000e-02
6.75013663e+03 9.91827953e-01 3.00000000e-02
6.74913690e+03 1.01944713e+00 3.00000000e-02
6.74813717e+03 9.96134531e-01 3.00000000e-02
6.74713744e+03 9.65198372e-01 3.00000000e-02
6.74613771e+03 1.00530739e+00 3.00000000e-02
6.74513798e+03 9.31675250e-01 3.00000000e-02
6.74413825e+03 9.92628638e-01 3.00000000e-02
6.74313852e+03 1.00598471e+00 3.00000000e-02
6.74213879e+03 9.87710777e-01 3.00000000e-02
6.74113906e+03 9.93691336e-01 3.00000000e-02
6.74013932e+03 1.01472360e+00 3.00000000e-02
6.73913959e+03 9.70997120e-01 3.00000000e-02
6.73813986e+03 1.01737829e+00 3.00000000e-02
6.73714013e+03 1.01589245e+00 3.00000000e-02
6.73614040e+03 9.73942815e-01 3.00000000e-02
6.73514067e+03 1.01826661e+00 3.00000000e-02
6.73414094e+03 1.02116266e+00 3.00000000e-02
6.73314121e+03 1.00209583e+00 3.00000000e-02
6.73214148e+03 9.67765535e-01 3.00000000e-02
6.73114175e+03 9.92467559e-01 3.00000000e-02
6.73014201e+03 9.94286078e-01 3.00000000e-02
6.72914228e+03 1.00221785e+00 3.00000000e-02
6.72814255e+03 9.93181159e-01 3.00000000e-02
6.72714282e+03 9.88912575e-01 3.00000000e-02
6.72614309e+03 1.01587993e+00 3.00000000e-02
6.72514336e+03 1.02069644e+00 3.00000000e-02
6.72414363e+03 9.87321395e-01 3.00000000e-02
6.72314390e+03 1.01574834e+00 3.00000000e-02
6.72214417e+03 1.00940210e+00 3.00000000e-02
6.72114443e+03 9.83205220e-01 3.00000000e-02
6.72014470e+03 1.01652435e+00 3.00000000e-02
6.71914497e+03 9.99157774e-01 3.00000000e-02
6.71814524e+03 9.89204891e-01 3.00000000e-02
6.71714551e+03 1.00443707e+00 3.00000000e-02
6.71614578e+03 1.04067536e+00 3.00000000e-02
6.71514605e+03 1.01674029e+00 3.00000000e-02
6.71414632e+03 9.85043652e-01 3.00000000e-02
6.71314659e+03 1.05398842e+00 3.00000000e-02
6.71214686e+03 9.94903692e-01 3.00000000e-02
6.71114712e+03 9.41500707e-01 3.00000000e-02
6.71014739e+03 9.80809281e-01 3.00000000e-02
6.70914766e+03 1.03282635e+00 3.00000000e-02
6.70814793e+03 9.67049637e-01 3.00000000e-02
6.70714820e+03 1.01294264e+00 3.00000000e-02
6.70614847e+03 1.02874436e+00 3.00000000e-02
6.70514874e+03 1.03372406e+00 3.00000000e-02
6.70414901e+03 9.62115147e-01 3.00000000e-02
6.70314928e+03 9.93710904e-01 3.00000000e-02
6.70214954e+03 1.01860613e+00 3.00000000e-02
6.70114981e+03 9.80917640e-01 3.00000000e-02
6.70015008e+03 9.88786926e-01 3.00000000e-02
6.69915035e+03 1.00948348e+00 3.00000000e-02
6.69815062e+03 9.65221187e-01 3.00000000e-02
6.69715089e+03 9.80653412e-01 3.00000000e-02
6.69615116e+03 9.72750088e-01 3.00000000e-02
6.69515143e+03 1.01288255e+00 3.00000000e-02
6.69415170e+03 1.00096191e+00 3.00000000e-02
6.69315197e+03 9.91154496e-01 3.00000000e-02
6.69215223e+03 9.60509676e-01 3.00000000e-02
6.69115250e+03 1.01438222e+00 3.00000000e-02
6.69015277e+03 1.00817044e+00 3.00000000e-02
6.68915304e+03 9.45398399e-01 3.00000000e-02
6.68815331e+03 1.03321786e+00 3.00000000e-02
6.68715358e+03 1.02445335e+00 3.00000000e-02
6.68615385e+03 1.00292322e+00 3.00000000e-02
6.68515412e+03 9.97905934e-01 3.00000000e-02
6.68415439e+03 9.61619069e-01 3.00000000e-02
6.68315465e+03 9.82931038e-01 3.00000000e-02
6.68215492e+03 1.03970303e+00 3.00000000e-02
6.68115519e+03 9.99415290e-01 3.00000000e-02
6.68015546e+03 1.04011604e+00 3.00000000e-02
6.67915573e+03 1.05024355e+00 3.00000000e-02
6.67815600e+03 1.04813728e+00 3.00000000e-02
6.67715627e+03 9.64489536e-01 3.00000000e-02
6.67615654e+03 9.52020914e-01 3.00000000e-02
6.67515681e+03 1.05572515e+00 3.00000000e-02
6.67415707e+03 1.02536740e+00 3.00000000e-02
6.67315734e+03 1.02138142e+00 3.00000000e-02
6.67215761e+03 9.36124631e-01 3.00000000e-02
6.67115788e+03 9.95023923e-01 3.00000000e-02
6.67015815e+03 1.04800539e+00 3.00000000e-02
6.66915842e+03 1.04774458e+00 3.00000000e-02
6.66815869e+03 1.01108247e+00 3.00000000e-02
6.66715896e+03 1.01193513e+00 3.00000000e-02
6.66615923e+03 9.66523402e-01 3.00000000e-02
6.66515949e+03 9.79740850e-01 3.00000000e-02
6.66415976e+03 1.05326891e+00 3.00000000e-02
6.66316003e+03 9.75531064e-01 3.00000000e-02
6.66216030e+03 9.91789496e-01 3.00000000e-02
6.66116057e+03 9.92487801e-01 3.00000000e-02
6.66016084e+03 9.77710579e-01 3.00000000e-02
6.65916111e+03 1.04941162e+00 3.00000000e-02
6.65816138e+03 1.05436229e+00 3.00000000e-02
6.65716165e+03 1.01843937e+00 3.00000000e-02
6.65616191e+03 9.58033273e-01 3.00000000e-02
6.65516218e+03 9.99745878e-01 3.00000000e-02
6.65416245e+03 9.70209387e-01 3.00000000e-02
6.65316272e+03 9.69167491e-01 3.00000000e-02
6.65216299e+03 9.59487601e-01 3.00000000e-02
6.65116326e+03 1.03674222e+00 3.00000000e-02
6.65016353e+03 1.07877029e+00 3.00000000e-02
6.64916380e+03 1.01964111e+00 3.00000000e-02
6.64816407e+03 9.91539086e-01 3.00000000e-02
6.64716433e+03 1.03838841e+00 3.00000000e-02
6.64616460e+03 9.94235204e-01 3.00000000e-02
6.64516487e+03 1.02000237e+00 3.00000000e-02
6.64416514e+03 9.86515359e-01 3.00000000e-02
6.64316541e+03 9.80817219e-01 3.00000000e-02
6.64216568e+03 1.03854107e+00 3.00000000e-02
6.64116595e+03 9.99468119e-01 3.00000000e-02
6.64016622e+03 9.61909726e-01 3.00000000e-02
6.63916649e+03 1.04170435e+00 3.00000000e-02
6.63816675e+03 1.03147883e+00 3.00000000e-02
6.63716702e+03 1.01189606e+00 3.00000000e-02
6.63616729e+03 1.02466720e+00 3.00000000e-02
6.63516756e+03 1.04256612e+00 3.00000000e-02
6.63416783e+03 1.00974563e+00 3.00000000e-02
6.63316810e+03 9.76699915e-01 3.00000000e-02
6.63216837e+03 9.85479074e-01 3.00000000e-02
6.63116864e+03 1.00007889e+00 3.00000000e-02
6.63016891e+03 1.01418955e+00 3.00000000e-02
6.62916917e+03 1.01211907e+00 3.00000000e-02
6.62816944e+03 1.01925220e+00 3.00000000e-02
6.62716971e+03 9.66788564e-01 3.00000000e-02
6.62616998e+03 1.00694448e+00 3.00000000e-02
6.62517025e+03 9.77650514e-01 3.00000000e-02
6.62417052e+03 9.70470316e-01 3.00000000e-02
6.62317079e+03 1.03186741e+00 3.00000000e-02
6.62217106e+03 9.56068247e-01 3.00000000e-02
6.62117133e+03 9.98299402e-01 3.00000000e-02
6.62017159e+03 1.00091967e+00 3.00000000e-02
6.61917186e+03 9.56207940e-01 3.00000000e-02
6.61817213e+03 9.84231834e-01 3.00000000e-02
6.61717240e+03 1.03414108e+00 3.00000000e-02
6.61617267e+03 1.00357386e+00 3.00000000e-02
6.61517294e+03 1.02604601e+00 3.00000000e-02
6.61417321e+03 1.00470543e+00 3.00000000e-02
6.61317348e+03 9.78599686e-01 3.00000000e-02
6.61217374e+03 9.64940222e-01 3.00000000e-02
6.61117401e+03 9.59208786e-01 3.00000000e-02
6.61017428e+03 1.01919670e+00 3.00000000e-02
6.60917455e+03 1.01929142e+00 3.00000000e-02
6.60817482e+03 1.00189515e+00 3.00000000e-02
6.60717509e+03 1.07496193e+00 3.00000000e-02
6.60617536e+03 1.04038652e+00 3.00000000e-02
6.60517563e+03 9.61575831e-01 3.00000000e-02
6.60417590e+03 1.03449271e+00 3.00000000e-02
6.60317616e+03 9.31372672e-01 3.00000000e-02
6.60217643e+03 1.00656071e+00 3.00000000e-02
6.60117670e+03 1.00441436e+00 3.00000000e-02
6.60017697e+03 1.02614739e+00 3.00000000e-02
6.59917724e+03 1.01318672e+00 3.00000000e-02
6.59817751e+03 9.55718924e-01 3.00000000e-02
6.59717778e+03 9.51552043e-01 3.00000000e-02
6.59617805e+03 9.55892730e-01 3.00000000e-02
6.59517831e+03 9.61180977e-01 3.00000000e-02
6.59417858e+03 1.01878463e+00 3.00000000e-02
6.59317885e+03 9.80365420e-01 3.00000000e-02
6.59217912e+03 1.02425153e+00 3.00000000e-02
6.59117939e+03 9.74256283e-01 3.00000000e-02
6.59017966e+03 9.95186149e-01 3.00000000e-02
6.58917993e+03 9.68923238e-01 3.00000000e-02
6.58818020e+03 9.75894711e-01 3.00000000e-02
6.58718047e+03 1.03852459e+00 3.00000000e-02
6.58618073e+03 1.02192686e+00 3.00000000e-02
6.58518100e+03 9.33662817e-01 3.00000000e-02
6.58418127e+03 9.87364686e-01 3.00000000e-02
6.58318154e+03 9.91218903e-01 3.00000000e-02
6.58218181e+03 9.82724167e-01 3.00000000e-02
6.58118208e+03 9.84794063e-01 3.00000000e-02
6.58018235e+03 1.03959464e+00 3.00000000e-02
6.57918262e+03 1.01465009e+00 3.00000000e-02
6.57818288e+03 1.00597840e+00 3.00000000e-02
6.57718315e+03 9.61378978e-01 3.00000000e-02
6.57618342e+03 9.98812892e-01 3.00000000e-02
6.57518369e+03 1.06383678e+00 3.00000000e-02
6.57418396e+03 9.94919993e-01 3.00000000e-02
6.57318423e+03 1.03077045e+00 3.00000000e-02
6.57218450e+03 1.00510541e+00 3.00000000e-02
6.57118477e+03 1.02561312e+00 3.00000000e-02
6.57018503e+03 9.75750581e-01 3.00000000e-02
6.56918530e+03 9.97437419e-01 3.00000000e-02
6.56818557e+03 1.00518557e+00 3.00000000e-02
6.56718584e+03 1.03977491e+00 3.00000000e-02
6.56618611e+03 1.01023580e+00 3.00000000e-02
6.56518638e+03 9.75839441e-01 3.00000000e-02
6.56418665e+03 1.03383826e+00 3.00000000e-02
6.56318692e+03 1.02596968e+00 3.00000000e-02
6.56218718e+03 1.02866927e+00 3.00000000e-02
6.56118745e+03 9.84148051e-01 3.00000000e-02
6.56018772e+03 9.87813869e-01 3.00000000e-02
6.55918799e+03 9.65107442e-01 3.00000000e-02
6.55818826e+03 9.95585687e-01 3.00000000e-02
6.55718853e+03 9.79600700e-01 3.00000000e-02
6.55618880e+03 9.43816294e-01 3.00000000e-02
6.55518907e+03 9.78206232e-01 3.00000000e-02
6.55418933e+03 1.02202959e+00 3.00000000e-02
6.55318960e+03 9.93030233e-01 3.00000000e-02
6.55218987e+03 1.02166797e+00 3.00000000e-02
6.55119014e+03 9.85510775e-01 3.00000000e-02
6.55019041e+03 9.80254405e-01 3.00000000e-02
6.54919068e+03 9.97699417e-01 3.00000000e-02
6.54819095e+03 9.86913598e-01 3.00000000e-02
6.54719122e+03 1.00227556e+00 3.00000000e-02
6.54619148e+03 1.02327056e+00 3.00000000e-02
6.54519175e+03 9.32771355e-01 3.00000000e-02
6.54419202e+03 9.37491688e-01 3.00000000e-02
6.54319229e+03 1.00176267e+00 3.00000000e-02
6.54219256e+03 9.89982206e-01 3.00000000e-02
6.54119283e+03 1.00680482e+00 3.00000000e-02
6.54019310e+03 9.58036689e-01 3.00000000e-02
6.53919337e+03 1.02998489e+00 3.00000000e-02
6.53819363e+03 1.01455709e+00 3.00000000e-02
6.53719390e+03 1.03800565e+00 3.00000000e-02
6.53619417e+03 1.10004462e+00 3.00000000e-02
6.53519444e+03 1.01031651e+00 3.00000000e-02
6.53419471e+03 1.05856794e+00 3.00000000e-02
6.53319498e+03 9.68615841e-01 3.00000000e-02
6.53219525e+03 1.04289424e+00 3.00000000e-02
6.53119552e+03 9.39874792e-01 3.00000000e-02
6.53019578e+03 9.92123951e-01 3.00000000e-02
6.52919605e+03 1.02165495e+00 3.00000000e-02
6.52819632e+03 1.01212166e+00 3.00000000e-02
6.52719659e+03 1.00987143e+00 3.00000000e-02
6.52619686e+03 1.01062958e+00 3.00000000e-02
6.52519713e+03 1.01807056e+00 3.00000000e-02
6.52419740e+03 1.04210421e+00 3.00000000e-02
6.52319767e+03 1.00119084e+00 3.00000000e-02
6.52219793e+03 9.78245582e-01 3.00000000e-02
6.52119820e+03 1.03950628e+00 3.00000000e-02
6.52019847e+03 9.80365400e-01 3.00000000e-02
6.51919874e+03 1.00602138e+00 3.00000000e-02
6.51819901e+03 9.89154969e-01 3.00000000e-02
6.51719928e+03 1.05863582e+00 3.00000000e-02
6.51619955e+03 1.01851257e+00 3.00000000e-02
6.51519982e+03 1.03456876e+00 3.00000000e-02
6.51420008e+03 9.78556600e-01 3.00000000e-02
6.51320035e+03 1.00846794e+00 3.00000000e-02
6.51220062e+03 1.02741163e+00 3.00000000e-02
6.51120089e+03 9.81772696e-01 3.00000000e-02
6.51020116e+03 1.02435119e+00 3.00000000e-02
6.50920143e+03 9.67495755e-01 3.00000000e-02
6.50820170e+03 1.04996568e+00 3.00000000e-02
6.50720197e+03 1.00175477e+00 3.00000000e-02
6.50620223e+03 9.96292489e-01 3.00000000e-02
6.50520250e+03 1.03158791e+00 3.00000000e-02
6.50420277e+03 1.06247671e+00 3.00000000e-02
6.50320304e+03 9.64773690e-01 3.00000000e-02
6.50220331e+03 9.56124065e-01 3.00000000e-02
6.50120358e+03 9.77802214e-01 3.00000000e-02
6.50020385e+03 8.78292144e-01 3.00000000e-02
6.49920412e+03 9.95745859e-01 3.00000000e-02
6.49820438e+03 1.02402693e+00 3.00000000e-02
6.49720465e+03 9.45680225e-01 3.00000000e-02
6.49620492e+03 9.78691877e-01 3.00000000e-02
6.49520519e+03 1.05451388e+00 3.00000000e-02
6.49420546e+03 1.02041766e+00 3.00000000e-02
6.49320573e+03 9.35400647e-01 3.00000000e-02
6.49220600e+03 9.87372549e-01 3.00000000e-02
6.49120626e+03 9.90907916e-01 3.00000000e-02
6.49020653e+03 1.00344885e+00 3.00000000e-02
6.48920680e+03 1.00541428e+00 3.00000000e-02
6.48820707e+03 9.85943388e-01 3.00000000e-02
6.48720734e+03 9.53457096e-01 3.00000000e-02
6.48620761e+03 9.73481037e-01 3.00000000e-02
6.48520788e+03 1.04685184e+00 3.00000000e-02
6.48420815e+03 9.73211076e-01 3.00000000e-02
6.48320841e+03 1.00114694e+00 3.00000000e-02
6.48220868e+03 1.01166602e+00 3.00000000e-02
6.48120895e+03 9.99204525e-01 3.00000000e-02
6.48020922e+03 1.03569065e+00 3.00000000e-02
6.47920949e+03 1.02704793e+00 3.00000000e-02
6.47820976e+03 9.94009052e-01 3.00000000e-02
6.47721003e+03 1.05149692e+00 3.00000000e-02
6.47621029e+03 9.85350517e-01 3.00000000e-02
6.47521056e+03 1.02041485e+00 3.00000000e-02
6.47421083e+03 9.80445374e-01 3.00000000e-02
6.47321110e+03 1.01966327e+00 3.00000000e-02
6.47221137e+03 9.36334052e-01 3.00000000e-02
6.47121164e+03 9.95759674e-01 3.00000000e-02
6.47021191e+03 1.03404984e+00 3.00000000e-02
6.46921218e+03 1.02429691e+00 3.00000000e-02
6.46821244e+03 1.03573266e+00 3.00000000e-02
6.46721271e+03 1.00855717e+00 3.00000000e-02
6.46621298e+03 1.04159258e+00 3.00000000e-02
6.46521325e+03 9.76039133e-01 3.00000000e-02
6.46421352e+03 9.88042856e-01 3.00000000e-02
6.46321379e+03 1.03964757e+00 3.00000000e-02
6.46221406e+03 1.02132267e+00 3.00000000e-02
6.46121432e+03 9.58375854e-01 3.00000000e-02
6.46021459e+03 1.03640311e+00 3.00000000e-02
6.45921486e+03 9.99336387e-01 3.00000000e-02
6.45821513e+03 1.00105237e+00 3.00000000e-02
6.45721540e+03 9.71857513e-01 3.00000000e-02
6.45621567e+03 1.02677961e+00 3.00000000e-02
6.45521594e+03 1.02007981e+00 3.00000000e-02
6.45421620e+03 1.03254330e+00 3.00000000e-02
6.45321647e+03 9.61676074e-01 3.00000000e-02
6.45221674e+03 1.00259382e+00 3.00000000e-02
6.45121701e+03 1.01399357e+00 3.00000000e-02
6.45021728e+03 9.97909260e-01 3.00000000e-02
6.44921755e+03 1.07476076e+00 3.00000000e-02
6.44821782e+03 9.80513800e-01 3.00000000e-02
6.44721809e+03 1.00855943e+00 3.00000000e-02
6.44621835e+03 9.84279344e-01 3.00000000e-02
6.44521862e+03 9.56285260e-01 3.00000000e-02
6.44421889e+03 9.68289581e-01 3.00000000e-02
6.44321916e+03 1.00303703e+00 3.00000000e-02
6.44221943e+03 1.04591704e+00 3.00000000e-02
6.44121970e+03 1.02035655e+00 3.00000000e-02
6.44021997e+03 1.04625947e+00 3.00000000e-02
6.43922023e+03 9.89816949e-01 3.00000000e-02
6.43822050e+03 1.01532691e+00 3.00000000e-02
6.43722077e+03 9.90590334e-01 3.00000000e-02
6.43622104e+03 1.01953268e+00 3.00000000e-02
6.43522131e+03 9.55301211e-01 3.00000000e-02
6.43422158e+03 9.97181688e-01 3.00000000e-02
6.43322185e+03 9.27816493e-01 3.00000000e-02
6.43222211e+03 9.54388473e-01 3.00000000e-02
6.43122238e+03 9.99328077e-01 3.00000000e-02
6.43022265e+03 1.00692273e+00 3.00000000e-02
6.42922292e+03 9.50808089e-01 3.00000000e-02
6.42822319e+03 9.88820404e-01 3.00000000e-02
6.42722346e+03 1.00096431e+00 3.00000000e-02
6.42622373e+03 9.57693725e-01 3.00000000e-02
6.42522399e+03 1.07734112e+00 3.00000000e-02
6.42422426e+03 9.83805773e-01 3.00000000e-02
6.42322453e+03 9.75303439e-01 3.00000000e-02
6.42222480e+03 9.23887254e-01 3.00000000e-02
6.42122507e+03 9.82292649e-01 3.00000000e-02
6.42022534e+03 9.76551252e-01 3.00000000e-02
6.41922561e+03 1.01198001e+00 3.00000000e-02
6.41822588e+03 1.00064644e+00 3.00000000e-02
6.41722614e+03 1.02282641e+00 3.00000000e-02
6.41622641e+03 1.01993470e+00 3.00000000e-02
6.41522668e+03 9.94631628e-01 3.00000000e-02
6.41422695e+03 9.90154956e-01 3.00000000e-02
6.41322722e+03 9.75906435e-01 3.00000000e-02
6.41222749e+03 9.90207234e-01 3.00000000e-02
6.41122776e+03 9.80902089e-01 3.00000000e-02
6.41022802e+03 1.01480809e+00 3.00000000e-02
6.40922829e+03 1.06469585e+00 3.00000000e-02
6.40822856e+03 1.01436103e+00 3.00000000e-02
6.40722883e+03 1.03247175e+00 3.00000000e-02
6.40622910e+03 1.00029874e+00 3.00000000e-02
6.40522937e+03 1.02333295e+00 3.00000000e-02
6.40422964e+03 1.02757277e+00 3.00000000e-02
6.40322990e+03 9.98546268e-01 3.00000000e-02
6.40223017e+03 9.58703977e-01 3.00000000e-02
6.40123044e+03 9.82773372e-01 3.00000000e-02
6.40023071e+03 9.64336137e-01 3.00000000e-02
6.39923098e+03 9.85555208e-01 3.00000000e-02
6.39823125e+03 1.01943989e+00 3.00000000e-02
6.39723152e+03 9.41021967e-01 3.00000000e-02
6.39623178e+03 1.02905463e+00 3.00000000e-02
6.39523205e+03 9.35093322e-01 3.00000000e-02
6.39423232e+03 1.02393304e+00 3.00000000e-02
6.39323259e+03 1.02361154e+00 3.00000000e-02
6.39223286e+03 1.00570751e+00 3.00000000e-02
6.39123313e+03 9.82701363e-01 3.00000000e-02
6.39023340e+03 9.93904158e-01 3.00000000e-02
6.38923366e+03 9.33519269e-01 3.00000000e-02
6.38823393e+03 1.03906332e+00 3.00000000e-02
6.38723420e+03 9.47402584e-01 3.00000000e-02
6.38623447e+03 9.87508130e-01 3.00000000e-02
6.38523474e+03 1.03483317e+00 3.00000000e-02
6.38423501e+03 1.02088940e+00 3.00000000e-02
6.38323527e+03 1.06452094e+00 3.00000000e-02
6.38223554e+03 9.59429040e-01 3.00000000e-02
6.38123581e+03 9.87996515e-01 3.00000000e-02
6.38023608e+03 1.02407490e+00 3.00000000e-02
6.37923635e+03 1.01658838e+00 3.00000000e-02
6.37823662e+03 1.05179841e+00 3.00000000e-02
6.37723689e+03 1.01949591e+00 3.00000000e-02
6.37623715e+03 9.91011478e-01 3.00000000e-02
6.37523742e+03 1.00273275e+00 3.00000000e-02
6.37423769e+03 9.73012566e-01 3.00000000e-02
6.37323796e+03 9.62684438e-01 3.00000000e-02
6.37223823e+03 9.74938146e-01 3.00000000e-02
6.37123850e+03 1.00431193e+00 3.00000000e-02
6.37023877e+03 1.01337392e+00 3.00000000e-02
6.36923903e+03 1.01279421e+00 3.00000000e-02
6.36823930e+03 1.06932780e+00 3.00000000e-02
6.36723957e+03 9.98314082e-01 3.00000000e-02
6.36623984e+03 9.38921265e-01 3.00000000e-02
6.36524011e+03 1.01395288e+00 3.00000000e-02
6.36424038e+03 1.03753549e+00 3.00000000e-02
6.36324065e+03 9.27896841e-01 3.00000000e-02
6.36224091e+03 9.67225689e-01 3.00000000e-02
6.36124118e+03 9.84855031e-01 3.00000000e-02
6.36024145e+03 9.83854054e-01 3.00000000e-02
6.35924172e+03 1.04734426e+00 3.00000000e-02
6.35824199e+03 1.05942461e+00 3.00000000e-02
6.35724226e+03 1.01242124e+00 3.00000000e-02
6.35624253e+03 9.99459229e-01 3.00000000e-02
6.35524279e+03 9.86818807e-01 3.00000000e-02
6.35424306e+03 9.75498771e-01 3.00000000e-02
6.35324333e+03 1.01107979e+00 3.00000000e-02
6.35224360e+03 1.01453623e+00 3.00000000e-02
6.35124387e+03 1.00053083e+00 3.00000000e-02
6.35024414e+03 1.03738581e+00 3.00000000e-02
6.34924440e+03 1.00481129e+00 3.00000000e-02
6.34824467e+03 9.60050518e-01 3.00000000e-02
6.34724494e+03 1.01341737e+00 3.00000000e-02
6.34624521e+03 9.88433745e-01 3.00000000e-02
6.34524548e+03 9.85607042e-01 3.00000000e-02
6.34424575e+03 9.66309800e-01 3.00000000e-02
6.34324602e+03 1.00007186e+00 3.00000000e-02
6.34224628e+03 9.49678420e-01 3.00000000e-02
6.34124655e+03 1.04939439e+00 3.00000000e-02
6.34024682e+03 9.69326888e-01 3.00000000e-02
6.33924709e+03 1.02140842e+00 3.00000000e-02
6.33824736e+03 1.03636205e+00 3.00000000e-02
6.33724763e+03 1.01764947e+00 3.00000000e-02
6.33624789e+03 9.70362994e-01 3.00000000e-02
6.33524816e+03 1.03081231e+00 3.00000000e-02
6.33424843e+03 1.03988754e+00 3.00000000e-02
6.33324870e+03 9.98248311e-01 3.00000000e-02
6.33224897e+03 9.44632804e-01 3.00000000e-02
6.33124924e+03 1.05749489e+00 3.00000000e-02
6.33024951e+03 9.62847116e-01 3.00000000e-02
6.32924977e+03 1.02429929e+00 3.00000000e-02
6.32825004e+03 1.01029009e+00 3.00000000e-02
6.32725031e+03 1.00662107e+00 3.00000000e-02
6.32625058e+03 9.62786919e-01 3.00000000e-02
6.32525085e+03 9.67193459e-01 3.00000000e-02
6.32425112e+03 1.00300271e+00 3.00000000e-02
6.32325139e+03 1.02827935e+00 3.00000000e-02
6.32225165e+03 9.64843546e-01 3.00000000e-02
6.32125192e+03 1.00359292e+00 3.00000000e-02
6.32025219e+03 1.02549961e+00 3.00000000e-02
6.31925246e+03 1.02824453e+00 3.00000000e-02
6.31825273e+03 1.00478023e+00 3.00000000e-02
6.31725300e+03 9.86765065e-01 3.00000000e-02
6.31625326e+03 9.66426599e-01 3.00000000e-02
6.31525353e+03 9.77040419e-01 3.00000000e-02
6.31425380e+03 1.01333762e+00 3.00000000e-02
6.31325407e+03 1.05294139e+00 3.00000000e-02
6.31225434e+03 9.95478834e-01 3.00000000e-02
6.31125461e+03 1.01282341e+00 3.00000000e-02
6.31025487e+03 1.03945688e+00 3.00000000e-02
6.30925514e+03 9.82238623e-01 3.00000000e-02
6.30825541e+03 9.86864024e-01 3.00000000e-02
6.30725568e+03 1.02643333e+00 3.00000000e-02
6.30625595e+03 9.79509017e-01 3.00000000e-02
6.30525622e+03 9.53507616e-01 3.00000000e-02
6.30425649e+03 9.71628770e-01 3.00000000e-02
6.30325675e+03 1.02087402e+00 3.00000000e-02
6.30225702e+03 9.55257877e-01 3.00000000e-02
6.30125729e+03 1.06401929e+00 3.00000000e-02
6.30025756e+03 1.04619000e+00 3.00000000e-02
6.29925783e+03 1.00081557e+00 3.00000000e-02
6.29825810e+03 1.00389209e+00 3.00000000e-02
6.29725836e+03 1.01262665e+00 3.00000000e-02
6.29625863e+03 9.76412582e-01 3.00000000e-02
6.29525890e+03 9.64667732e-01 3.00000000e-02
6.29425917e+03 9.80380068e-01 3.00000000e-02
6.29325944e+03 1.01293333e+00 3.00000000e-02
6.29225971e+03 9.35661469e-01 3.00000000e-02
6.29125998e+03 9.94478833e-01 3.00000000e-02
6.29026024e+03 9.62077337e-01 3.00000000e-02
6.28926051e+03 9.50222062e-01 3.00000000e-02
6.28826078e+03 9.72676644e-01 3.00000000e-02
6.28726105e+03 9.85436952e-01 3.00000000e-02
6.28626132e+03 9.96126063e-01 3.00000000e-02
6.28526159e+03 9.99162334e-01 3.00000000e-02
6.28426185e+03 1.02814648e+00 3.00000000e-02
6.28326212e+03 9.97593257e-01 3.00000000e-02
6.28226239e+03 9.83698589e-01 3.00000000e-02
6.28126266e+03 9.85852606e-01 3.00000000e-02
6.28026293e+03 9.95865508e-01 3.00000000e-02
6.27926320e+03 9.76569917e-01 3.00000000e-02
6.27826346e+03 9.86919882e-01 3.00000000e-02
6.27726373e+03 9.67377171e-01 3.00000000e-02
6.27626400e+03 1.03842479e+00 3.00000000e-02
6.27526427e+03 9.87752251e-01 3.00000000e-02
6.27426454e+03 1.02065504e+00 3.00000000e-02
6.27326481e+03 9.78559922e-01 3.00000000e-02
6.27226507e+03 9.47413490e-01 3.00000000e-02
6.27126534e+03 1.00406221e+00 3.00000000e-02
6.27026561e+03 9.39749746e-01 3.00000000e-02
6.26926588e+03 1.03882146e+00 3.00000000e-02
6.26826615e+03 9.79636291e-01 3.00000000e-02
6.26726642e+03 9.86253199e-01 3.00000000e-02
6.26626669e+03 9.91039537e-01 3.00000000e-02
6.26526695e+03 9.84752392e-01 3.00000000e-02
6.26426722e+03 1.00338008e+00 3.00000000e-02
6.26326749e+03 1.00685396e+00 3.00000000e-02
6.26226776e+03 1.01023810e+00 3.00000000e-02
6.26126803e+03 9.99146992e-01 3.00000000e-02
6.26026830e+03 9.88342717e-01 3.00000000e-02
6.25926856e+03 9.92520569e-01 3.00000000e-02
6.25826883e+03 9.82344025e-01 3.00000000e-02
6.25726910e+03 9.50900729e-01 3.00000000e-02
6.25626937e+03 9.95544196e-01 3.00000000e-02
6.25526964e+03 1.02269986e+00 3.00000000e-02
6.25426991e+03 9.91300263e-01 3.00000000e-02
6.25327017e+03 1.03215517e+00 3.00000000e-02
6.25227044e+03 1.00583219e+00 3.00000000e-02
6.25127071e+03 9.72628857e-01 3.00000000e-02
6.25027098e+03 1.03205178e+00 3.00000000e-02
6.24927125e+03 9.90056611e-01 3.00000000e-02
6.24827152e+03 9.84195748e-01 3.00000000e-02
6.24727178e+03 1.02811963e+00 3.00000000e-02
6.24627205e+03 1.00733250e+00 3.00000000e-02
6.24527232e+03 9.82842000e-01 3.00000000e-02
6.24427259e+03 9.71546817e-01 3.00000000e-02
6.24327286e+03 1.07632687e+00 3.00000000e-02
6.24227313e+03 1.05867989e+00 3.00000000e-02
6.24127339e+03 1.02424062e+00 3.00000000e-02
6.24027366e+03 1.05155549e+00 3.00000000e-02
6.23927393e+03 9.29766155e-01 3.00000000e-02
6.23827420e+03 1.00753377e+00 3.00000000e-02
6.23727447e+03 1.00647011e+00 3.00000000e-02
6.23627474e+03 9.89104772e-01 3.00000000e-02
6.23527500e+03 9.74956189e-01 3.00000000e-02
6.23427527e+03 1.01009263e+00 3.00000000e-02
6.23327554e+03 9.65094272e-01 3.00000000e-02
6.23227581e+03 9.96077422e-01 3.00000000e-02
6.23127608e+03 1.01765788e+00 3.00000000e-02
6.23027635e+03 1.00944562e+00 3.00000000e-02
6.22927661e+03 9.88810512e-01 3.00000000e-02
6.22827688e+03 9.96204104e-01 3.00000000e-02
6.22727715e+03 9.95252057e-01 3.00000000e-02
6.22627742e+03 1.04575355e+00 3.00000000e-02
6.22527769e+03 9.88001041e-01 3.00000000e-02
6.22427796e+03 9.86408229e-01 3.00000000e-02
6.22327822e+03 1.02310190e+00 3.00000000e-02
6.22227849e+03 9.95166245e-01 3.00000000e-02
6.22127876e+03 1.05692485e+00 3.00000000e-02
6.22027903e+03 1.02081075e+00 3.00000000e-02
6.21927930e+03 1.02134719e+00 3.00000000e-02
6.21827957e+03 9.86453694e-01 3.00000000e-02
6.21727983e+03 9.98103008e-01 3.00000000e-02
6.21628010e+03 9.40379326e-01 3.00000000e-02
6.21528037e+03 9.80627852e-01 3.00000000e-02
6.21428064e+03 1.02566999e+00 3.00000000e-02
6.21328091e+03 1.05826306e+00 3.00000000e-02
6.21228118e+03 9.71256863e-01 3.00000000e-02
6.21128144e+03 1.02307097e+00 3.00000000e-02
6.21028171e+03 9.96751314e-01 3.00000000e-02
6.20928198e+03 9.98199387e-01 3.00000000e-02
6.20828225e+03 9.95349392e-01 3.00000000e-02
6.20728252e+03 9.75668556e-01 3.00000000e-02
6.20628279e+03 9.94006144e-01 3.00000000e-02
6.20528305e+03 1.01718120e+00 3.00000000e-02
6.20428332e+03 9.41237386e-01 3.00000000e-02
6.20328359e+03 1.03117999e+00 3.00000000e-02
6.20228386e+03 1.00208961e+00 3.00000000e-02
6.20128413e+03 9.70226445e-01 3.00000000e-02
6.20028440e+03 9.74957117e-01 3.00000000e-02
6.19928466e+03 9.94713123e-01 3.00000000e-02
6.19828493e+03 1.02944032e+00 3.00000000e-02
6.19728520e+03 9.69525143e-01 3.00000000e-02
6.19628547e+03 1.02420294e+00 3.00000000e-02
6.19528574e+03 1.01384953e+00 3.00000000e-02
6.19428600e+03 9.62236489e-01 3.00000000e-02
6.19328627e+03 1.03980298e+00 3.00000000e-02
6.19228654e+03 9.59471368e-01 3.00000000e-02
6.19128681e+03 9.87229442e-01 3.00000000e-02
6.19028708e+03 9.50327870e-01 3.00000000e-02
6.18928735e+03 9.77441107e-01 3.00000000e-02
6.18828761e+03 1.01661129e+00 3.00000000e-02
6.18728788e+03 1.00825471e+00 3.00000000e-02
6.18628815e+03 9.82563088e-01 3.00000000e-02
6.18528842e+03 9.72651723e-01 3.00000000e-02
6.18428869e+03 9.54794682e-01 3.00000000e-02
6.18328896e+03 9.88624722e-01 3.00000000e-02
6.18228922e+03 1.02584196e+00 3.00000000e-02
6.18128949e+03 1.04874581e+00 3.00000000e-02
6.18028976e+03 1.04233749e+00 3.00000000e-02
6.17929003e+03 9.61387637e-01 3.00000000e-02
6.17829030e+03 1.03368841e+00 3.00000000e-02
6.17729057e+03 1.04294773e+00 3.00000000e-02
6.17629083e+03 1.01632872e+00 3.00000000e-02
6.17529110e+03 9.61092267e-01 3.00000000e-02
6.17429137e+03 1.01054035e+00 3.00000000e-02
6.17329164e+03 1.01438572e+00 3.00000000e-02
6.17229191e+03 1.04346981e+00 3.00000000e-02
6.17129217e+03 9.85192623e-01 3.00000000e-02
6.17029244e+03 1.01213084e+00 3.00000000e-02
6.16929271e+03 1.03767464e+00 3.00000000e-02
6.16829298e+03 9.55043829e-01 3.00000000e-02
6.16729325e+03 1.01804115e+00 3.00000000e-02
6.16629352e+03 9.70260559e-01 3.00000000e-02
6.16529378e+03 9.96769915e-01 3.00000000e-02
6.16429405e+03 1.00406706e+00 3.00000000e-02
6.16329432e+03 9.17574794e-01 3.00000000e-02
6.16229459e+03 1.02430707e+00 3.00000000e-02
6.16129486e+03 1.02554928e+00 3.00000000e-02
6.16029513e+03 1.03154656e+00 3.00000000e-02
6.15929539e+03 9.69911176e-01 3.00000000e-02
6.15829566e+03 1.01127453e+00 3.00000000e-02
6.15729593e+03 1.00826833e+00 3.00000000e-02
6.15629620e+03 9.85261449e-01 3.00000000e-02
6.15529647e+03 9.99479387e-01 3.00000000e-02
6.15429673e+03 1.00698987e+00 3.00000000e-02
6.15329700e+03 9.87201958e-01 3.00000000e-02
6.15229727e+03 1.00746765e+00 3.00000000e-02
6.15129754e+03 1.02451608e+00 3.00000000e-02
6.15029781e+03 1.00733083e+00 3.00000000e-02
6.14929808e+03 1.00487825e+00 3.00000000e-02
6.14829834e+03 9.01990537e-01 3.00000000e-02
6.14729861e+03 9.80347361e-01 3.00000000e-02
6.14629888e+03 1.02097713e+00 3.00000000e-02
6.14529915e+03 9.78093355e-01 3.00000000e-02
6.14429942e+03 9.45795149e-01 3.00000000e-02
6.14329969e+03 1.04947159e+00 3.00000000e-02
6.14229995e+03 1.02751531e+00 3.00000000e-02
6.14130022e+03 1.00930279e+00 3.00000000e-02
6.14030049e+03 9.91353130e-01 3.00000000e-02
6.13930076e+03 1.03944326e+00 3.00000000e-02
6.13830103e+03 9.63726330e-01 3.00000000e-02
6.13730129e+03 9.80792525e-01 3.00000000e-02
6.13630156e+03 1.01809910e+00 3.00000000e-02
6.13530183e+03 9.51926236e-01 3.00000000e-02
6.13430210e+03 1.00579080e+00 3.00000000e-02
6.13330237e+03 1.01339743e+00 3.00000000e-02
6.13230264e+03 1.00714937e+00 3.00000000e-02
6.13130290e+03 1.03958166e+00 3.00000000e-02
6.13030317e+03 9.63595580e-01 3.00000000e-02
6.12930344e+03 1.00515490e+00 3.00000000e-02
6.12830371e+03 1.02403614e+00 3.00000000e-02
6.12730398e+03 1.01743563e+00 3.00000000e-02
6.12630424e+03 9.96450401e-01 3.00000000e-02
6.12530451e+03 1.01084107e+00 3.00000000e-02
6.12430478e+03 1.00070153e+00 3.00000000e-02
6.12330505e+03 9.99342277e-01 3.00000000e-02
6.12230532e+03 9.70766828e-01 3.00000000e-02
6.12130559e+03 9.92643906e-01 3.00000000e-02
6.12030585e+03 9.61898262e-01 3.00000000e-02
6.11930612e+03 9.46736293e-01 3.00000000e-02
6.11830639e+03 1.03272263e+00 3.00000000e-02
6.11730666e+03 1.01875550e+00 3.00000000e-02
6.11630693e+03 1.02745213e+00 3.00000000e-02
6.11530719e+03 9.82180603e-01 3.00000000e-02
6.11430746e+03 9.57837954e-01 3.00000000e-02
6.11330773e+03 1.02395709e+00 3.00000000e-02
6.11230800e+03 1.04353654e+00 3.00000000e-02
6.11130827e+03 9.97127449e-01 3.00000000e-02
6.11030853e+03 9.69974739e-01 3.00000000e-02
6.10930880e+03 1.03153545e+00 3.00000000e-02
6.10830907e+03 9.98829214e-01 3.00000000e-02
6.10730934e+03 1.03122121e+00 3.00000000e-02
6.10630961e+03 1.04356302e+00 3.00000000e-02
6.10530988e+03 1.04534510e+00 3.00000000e-02
6.10431014e+03 1.01929224e+00 3.00000000e-02
6.10331041e+03 1.01504266e+00 3.00000000e-02
6.10231068e+03 9.92518557e-01 3.00000000e-02
6.10131095e+03 9.70850875e-01 3.00000000e-02
6.10031122e+03 9.84658960e-01 3.00000000e-02
6.09931148e+03 9.10438986e-01 3.00000000e-02
6.09831175e+03 1.00081145e+00 3.00000000e-02
6.09731202e+03 9.85425779e-01 3.00000000e-02
6.09631229e+03 9.74711156e-01 3.00000000e-02
6.09531256e+03 1.02842733e+00 3.00000000e-02
6.09431283e+03 9.87074281e-01 3.00000000e-02
6.09331309e+03 9.69563721e-01 3.00000000e-02
6.09231336e+03 1.07514418e+00 3.00000000e-02
6.09131363e+03 9.71020978e-01 3.00000000e-02
6.09031390e+03 1.02678190e+00 3.00000000e-02
6.08931417e+03 9.97533359e-01 3.00000000e-02
6.08831443e+03 9.99624298e-01 3.00000000e-02
6.08731470e+03 9.86682874e-01 3.00000000e-02
6.08631497e+03 9.93978097e-01 3.00000000e-02
6.08531524e+03 1.01721789e+00 3.00000000e-02
6.08431551e+03 9.84580420e-01 3.00000000e-02
6.08331577e+03 1.00438452e+00 3.00000000e-02
6.08231604e+03 1.02015660e+00 3.00000000e-02
6.08131631e+03 1.03277688e+00 3.00000000e-02
6.08031658e+03 1.03092307e+00 3.00000000e-02
6.07931685e+03 1.05304009e+00 3.00000000e-02
6.07831711e+03 9.76246021e-01 3.00000000e-02
6.07731738e+03 9.64963786e-01 3.00000000e-02
6.07631765e+03 1.01265677e+00 3.00000000e-02
6.07531792e+03 1.00455468e+00 3.00000000e-02
6.07431819e+03 9.40307837e-01 3.00000000e-02
6.07331846e+03 9.79845908e-01 3.00000000e-02
6.07231872e+03 1.00897088e+00 3.00000000e-02
6.07131899e+03 9.93839905e-01 3.00000000e-02
6.07031926e+03 9.88280458e-01 3.00000000e-02
6.06931953e+03 9.84506641e-01 3.00000000e-02
6.06831980e+03 9.68403327e-01 3.00000000e-02
6.06732006e+03 9.37032775e-01 3.00000000e-02
6.06632033e+03 9.87075833e-01 3.00000000e-02
6.06532060e+03 9.73511377e-01 3.00000000e-02
6.06432087e+03 1.05209184e+00 3.00000000e-02
6.06332114e+03 1.00458715e+00 3.00000000e-02
6.06232140e+03 1.01159013e+00 3.00000000e-02
6.06132167e+03 1.01816870e+00 3.00000000e-02
6.06032194e+03 9.69616373e-01 3.00000000e-02
6.05932221e+03 1.04721145e+00 3.00000000e-02
6.05832248e+03 9.88196162e-01 3.00000000e-02
6.05732274e+03 9.86345508e-01 3.00000000e-02
6.05632301e+03 1.04707011e+00 3.00000000e-02
6.05532328e+03 1.01100880e+00 3.00000000e-02
6.05432355e+03 1.04196880e+00 3.00000000e-02
6.05332382e+03 1.02347087e+00 3.00000000e-02
6.05232409e+03 9.51188715e-01 3.00000000e-02
6.05132435e+03 9.70025609e-01 3.00000000e-02
6.05032462e+03 9.96752918e-01 3.00000000e-02
6.04932489e+03 1.02874328e+00 3.00000000e-02
6.04832516e+03 1.02334660e+00 3.00000000e-02
6.04732543e+03 1.00335037e+00 3.00000000e-02
6.04632569e+03 9.83031322e-01 3.00000000e-02
6.04532596e+03 9.63204064e-01 3.00000000e-02
6.04432623e+03 1.00522434e+00 3.00000000e-02
6.04332650e+03 9.95329372e-01 3.00000000e-02
6.04232677e+03 9.56389752e-01 3.00000000e-02
6.04132703e+03 9.94116528e-01 3.00000000e-02
6.04032730e+03 9.60802838e-01 3.00000000e-02
6.03932757e+03 1.01846403e+00 3.00000000e-02
6.03832784e+03 9.83851478e-01 3.00000000e-02
6.03732811e+03 9.74795160e-01 3.00000000e-02
6.03632837e+03 9.77785858e-01 3.00000000e-02
6.03532864e+03 9.87032649e-01 3.00000000e-02
6.03432891e+03 9.92174543e-01 3.00000000e-02
6.03332918e+03 1.04750946e+00 3.00000000e-02
6.03232945e+03 9.86815767e-01 3.00000000e-02
6.03132971e+03 9.94630061e-01 3.00000000e-02
6.03032998e+03 9.26571783e-01 3.00000000e-02
6.02933025e+03 1.01046498e+00 3.00000000e-02
6.02833052e+03 9.58350098e-01 3.00000000e-02
6.02733079e+03 1.00047039e+00 3.00000000e-02
6.02633105e+03 1.04022549e+00 3.00000000e-02
6.02533132e+03 1.01055556e+00 3.00000000e-02
6.02433159e+03 1.01482260e+00 3.00000000e-02
6.02333186e+03 9.67142616e-01 3.00000000e-02
6.02233213e+03 1.06922827e+00 3.00000000e-02
6.02133239e+03 9.63468414e-01 3.00000000e-02
6.02033266e+03 1.02647678e+00 3.00000000e-02
6.01933293e+03 1.01504706e+00 3.00000000e-02
6.01833320e+03 1.00272354e+00 3.00000000e-02
6.01733347e+03 1.04612505e+00 3.00000000e-02
6.01633373e+03 9.24146226e-01 3.00000000e-02
6.01533400e+03 1.01305252e+00 3.00000000e-02
6.01433427e+03 9.83445722e-01 3.00000000e-02
6.01333454e+03 1.05286332e+00 3.00000000e-02
6.01233481e+03 1.18552646e+00 3.00000000e-02
6.01133507e+03 1.54578077e+00 3.00000000e-02
6.01033534e+03 2.14565590e+00 3.00000000e-02
6.00933561e+03 2.76656235e+00 3.00000000e-02
6.00833588e+03 3.06833378e+00 3.00000000e-02
6.00733615e+03 2.89172120e+00 3.00000000e-02
6.00633641e+03 2.27973470e+00 3.00000000e-02
6.00533668e+03 1.68182876e+00 3.00000000e-02
6.00433695e+03 1.21473529e+00 3.00000000e-02
6.00333722e+03 1.09653395e+00 3.00000000e-02
6.00233749e+03 1.04717355e+00 3.00000000e-02
6.00133775e+03 9.67971651e-01 3.00000000e-02
6.00033802e+03 1.05044932e+00 3.00000000e-02
5.99933829e+03 1.07758623e+00 3.00000000e-02
5.99833856e+03 9.85087943e-01 3.00000000e-02
5.99733883e+03 1.06452722e+00 3.00000000e-02
5.99633909e+03 9.75369415e-01 3.00000000e-02
5.99533936e+03 1.00381964e+00 3.00000000e-02
5.99433963e+03 9.70262736e-01 3.00000000e-02
5.99333990e+03 1.00415839e+00 3.00000000e-02
5.99234017e+03 9.90472553e-01 3.00000000e-02
5.99134043e+03 9.92584995e-01 3.00000000e-02
5.99034070e+03 9.65696652e-01 3.00000000e-02
5.98934097e+03 9.75617322e-01 3.00000000e-02
5.98834124e+03 9.67130134e-01 3.00000000e-02
5.98734151e+03 1.04130524e+00 3.00000000e-02
5.98634177e+03 1.02585224e+00 3.00000000e-02
5.98534204e+03 1.02505693e+00 3.00000000e-02
5.98434231e+03 1.01896051e+00 3.00000000e-02
5.98334258e+03 1.06419869e+00 3.00000000e-02
5.98234285e+03 1.00351187e+00 3.00000000e-02
5.98134311e+03 9.84332487e-01 3.00000000e-02
5.98034338e+03 9.33061827e-01 3.00000000e-02
5.97934365e+03 1.00082028e+00 3.00000000e-02
5.97834392e+03 1.02791898e+00 3.00000000e-02
5.97734418e+03 1.03461077e+00 3.00000000e-02
5.97634445e+03 9.47604689e-01 3.00000000e-02
5.97534472e+03 1.00900212e+00 3.00000000e-02
5.97434499e+03 1.00672919e+00 3.00000000e-02
5.97334526e+03 1.05040548e+00 3.00000000e-02
5.97234552e+03 1.01595328e+00 3.00000000e-02
5.97134579e+03 1.01087866e+00 3.00000000e-02
5.97034606e+03 9.94778760e-01 3.00000000e-02
5.96934633e+03 1.02589491e+00 3.00000000e-02
5.96834660e+03 9.79010781e-01 3.00000000e-02
5.96734686e+03 9.91092473e-01 3.00000000e-02
5.96634713e+03 1.01287711e+00 3.00000000e-02
5.96534740e+03 1.03282406e+00 3.00000000e-02
5.96434767e+03 9.93888083e-01 3.00000000e-02
5.96334794e+03 9.50453179e-01 3.00000000e-02
5.96234820e+03 1.00909276e+00 3.00000000e-02
5.96134847e+03 1.04859060e+00 3.00000000e-02
5.96034874e+03 1.05252877e+00 3.00000000e-02
5.95934901e+03 9.75986409e-01 3.00000000e-02
5.95834928e+03 9.28206396e-01 3.00000000e-02
5.95734954e+03 1.00762410e+00 3.00000000e-02
5.95634981e+03 1.04157447e+00 3.00000000e-02
5.95535008e+03 9.55813238e-01 3.00000000e-02
5.95435035e+03 1.00404224e+00 3.00000000e-02
5.95335061e+03 1.00638329e+00 3.00000000e-02
5.95235088e+03 9.78600804e-01 3.00000000e-02
5.95135115e+03 9.96956503e-01 3.00000000e-02
5.95035142e+03 1.01543400e+00 3.00000000e-02
5.94935169e+03 9.97978612e-01 3.00000000e-02
5.94835195e+03 9.77650074e-01 3.00000000e-02
5.94735222e+03 1.02473177e+00 3.00000000e-02
5.94635249e+03 1.00938371e+00 3.00000000e-02
5.94535276e+03 9.73956983e-01 3.00000000e-02
5.94435303e+03 1.04146458e+00 3.00000000e-02
5.94335329e+03 9.14412483e-01 3.00000000e-02
5.94235356e+03 1.03726491e+00 3.00000000e-02
5.94135383e+03 9.95829101e-01 3.00000000e-02
5.94035410e+03 9.88211408e-01 3.00000000e-02
5.93935437e+03 9.60615807e-01 3.00000000e-02
5.93835463e+03 9.93996224e-01 3.00000000e-02
5.93735490e+03 9.56975065e-01 3.00000000e-02
5.93635517e+03 1.02755469e+00 3.00000000e-02
5.93535544e+03 9.72935117e-01 3.00000000e-02
5.93435570e+03 9.86393899e-01 3.00000000e-02
5.93335597e+03 1.00928782e+00 3.00000000e-02
5.93235624e+03 1.01159937e+00 3.00000000e-02
5.93135651e+03 1.01475872e+00 3.00000000e-02
5.93035678e+03 9.74755599e-01 3.00000000e-02
5.92935704e+03 9.65790143e-01 3.00000000e-02
5.92835731e+03 9.79448470e-01 3.00000000e-02
5.92735758e+03 1.02138548e+00 3.00000000e-02
5.92635785e+03 9.85363647e-01 3.00000000e-02
5.92535812e+03 9.84061839e-01 3.00000000e-02
5.92435838e+03 1.04168645e+00 3.00000000e-02
5.92335865e+03 9.82136193e-01 3.00000000e-02
5.92235892e+03 9.92755869e-01 3.00000000e-02
5.92135919e+03 9.98367522e-01 3.00000000e-02
5.92035945e+03 9.82017965e-01 3.00000000e-02
5.91935972e+03 1.00712740e+00 3.00000000e-02
5.91835999e+03 1.02499873e+00 3.00000000e-02
5.91736026e+03 9.99339932e-01 3.00000000e-02
5.91636053e+03 1.03076965e+00 3.00000000e-02
5.91536079e+03 1.07132342e+00 3.00000000e-02
5.91436106e+03 1.05465821e+00 3.00000000e-02
5.91336133e+03 1.01129926e+00 3.00000000e-02
5.91236160e+03 9.90385319e-01 3.00000000e-02
5.91136187e+03 1.00314201e+00 3.00000000e-02
5.91036213e+03 9.70044987e-01 3.00000000e-02
5.90936240e+03 1.00752703e+00 3.00000000e-02
5.90836267e+03 9.92239338e-01 3.00000000e-02
5.90736294e+03 1.03117028e+00 3.00000000e-02
5.90636320e+03 9.95083232e-01 3.00000000e-02
5.90536347e+03 1.01873328e+00 3.00000000e-02
5.90436374e+03 1.03164342e+00 3.00000000e-02
5.90336401e+03 1.01532409e+00 3.00000000e-02
5.90236428e+03 1.03490596e+00 3.00000000e-02
5.90136454e+03 9.96065766e-01 3.00000000e-02
5.90036481e+03 9.94739660e-01 3.00000000e-02
5.89936508e+03 9.89629141e-01 3.00000000e-02
5.89836535e+03 9.63474891e-01 3.00000000e-02
5.89736561e+03 9.89236396e-01 3.00000000e-02
5.89636588e+03 1.03187224e+00 3.00000000e-02
5.89536615e+03 9.92075764e-01 3.00000000e-02
5.89436642e+03 1.00386014e+00 3.00000000e-02
5.89336669e+03 1.00120850e+00 3.00000000e-02
5.89236695e+03 9.70082980e-01 3.00000000e-02
5.89136722e+03 9.64488289e-01 3.00000000e-02
5.89036749e+03 9.98442084e-01 3.00000000e-02
5.88936776e+03 1.00540982e+00 3.00000000e-02
5.88836802e+03 9.90634850e-01 3.00000000e-02
5.88736829e+03 1.01752077e+00 3.00000000e-02
5.88636856e+03 9.61490797e-01 3.00000000e-02
5.88536883e+03 1.02060360e+00 3.00000000e-02
5.88436910e+03 1.00701624e+00 3.00000000e-02
5.88336936e+03 9.90911267e-01 3.00000000e-02
5.88236963e+03 1.03685415e+00 3.00000000e-02
5.88136990e+03 1.02761092e+00 3.00000000e-02
5.88037017e+03 9.85050284e-01 3.00000000e-02
5.87937043e+03 9.66064414e-01 3.00000000e-02
5.87837070e+03 9.34773379e-01 3.00000000e-02
5.87737097e+03 1.03882967e+00 3.00000000e-02
5.87637124e+03 1.05614121e+00 3.00000000e-02
5.87537151e+03 9.77407218e-01 3.00000000e-02
5.87437177e+03 1.01993462e+00 3.00000000e-02
5.87337204e+03 1.03136348e+00 3.00000000e-02
5.87237231e+03 1.04395151e+00 3.00000000e-02
5.87137258e+03 9.98331317e-01 3.00000000e-02
5.87037284e+03 1.02461442e+00 3.00000000e-02
5.86937311e+03 1.01965776e+00 3.00000000e-02
5.86837338e+03 9.82590582e-01 3.00000000e-02
5.86737365e+03 9.91751502e-01 3.00000000e-02
5.86637392e+03 9.99594121e-01 3.00000000e-02
5.86537418e+03 9.92964305e-01 3.00000000e-02
5.86437445e+03 1.01399301e+00 3.00000000e-02
5.86337472e+03 9.82846170e-01 3.00000000e-02
5.86237499e+03 1.06131835e+00 3.00000000e-02
5.86137525e+03 1.02757335e+00 3.00000000e-02
5.86037552e+03 9.58587377e-01 3.00000000e-02
5.85937579e+03 1.02782777e+00 3.00000000e-02
5.85837606e+03 1.01563079e+00 3.00000000e-02
5.85737633e+03 9.70508410e-01 3.00000000e-02
5.85637659e+03 1.02634548e+00 3.00000000e-02
5.85537686e+03 9.57196620e-01 3.00000000e-02
5.85437713e+03 1.00550027e+00 3.00000000e-02
5.85337740e+03 9.72857030e-01 3.00000000e-02
5.85237766e+03 9.69804774e-01 3.00000000e-02
5.85137793e+03 9.55075203e-01 3.00000000e-02
5.85037820e+03 9.61922627e-01 3.00000000e-02
5.84937847e+03 9.73230605e-01 3.00000000e-02
5.84837873e+03 1.00161283e+00 3.00000000e-02
5.84737900e+03 9.26326634e-01 3.00000000e-02
5.84637927e+03 1.01025527e+00 3.00000000e-02
5.84537954e+03 9.91487700e-01 3.00000000e-02
5.84437981e+03 9.62622392e-01 3.00000000e-02
5.84338007e+03 9.89964129e-01 3.00000000e-02
5.84238034e+03 9.77652246e-01 3.00000000e-02
5.84138061e+03 9.76008220e-01 3.00000000e-02
5.84038088e+03 9.92447599e-01 3.00000000e-02
5.83938114e+03 1.03085796e+00 3.00000000e-02
5.83838141e+03 1.24212893e+00 3.00000000e-02
5.83738168e+03 1.95014612e+00 3.00000000e-02
5.83638195e+03 3.43080745e+00 3.00000000e-02
5.83538221e+03 5.74131219e+00 3.00000000e-02
5.83438248e+03 7.82153136e+00 3.00000000e-02
5.83338275e+03 8.46956576e+00 3.00000000e-02
5.83238302e+03 7.03780408e+00 3.00000000e-02
5.83138329e+03 4.74792070e+00 3.00000000e-02
5.83038355e+03 2.71677975e+00 3.00000000e-02
5.82938382e+03 1.52443196e+00 3.00000000e-02
5.82838409e+03 1.19571570e+00 3.00000000e-02
5.82738436e+03 1.04441704e+00 3.00000000e-02
5.82638462e+03 9.78889659e-01 3.00000000e-02
5.82538489e+03 1.01693333e+00 3.00000000e-02
5.82438516e+03 9.95617606e-01 3.00000000e-02
5.82338543e+03 9.81248184e-01 3.00000000e-02
5.82238569e+03 9.70698777e-01 3.00000000e-02
5.82138596e+03 1.00463185e+00 3.00000000e-02
5.82038623e+03 9.60815745e-01 3.00000000e-02
5.81938650e+03 9.81416560e-01 3.00000000e-02
5.81838677e+03 9.95406318e-01 3.00000000e-02
5.81738703e+03 1.04575025e+00 3.00000000e-02
5.81638730e+03 1.00043362e+00 3.00000000e-02
5.81538757e+03 9.94157986e-01 3.00000000e-02
5.81438784e+03 9.83049782e-01 3.00000000e-02
5.81338810e+03 1.02939979e+00 3.00000000e-02
5.81238837e+03 9.54158302e-01 3.00000000e-02
5.81138864e+03 1.01834598e+00 3.00000000e-02
5.81038891e+03 9.71070721e-01 3.00000000e-02
5.80938917e+03 1.04897339e+00 3.00000000e-02
5.80838944e+03 1.00961219e+00 3.00000000e-02
5.80738971e+03 9.97794637e-01 3.00000000e-02
5.80638998e+03 1.00757182e+00 3.00000000e-02
5.80539024e+03 9.69407246e-01 3.00000000e-02
5.80439051e+03 9.89856205e-01 3.00000000e-02
5.80339078e+03 9.77907276e-01 3.00000000e-02
5.80239105e+03 1.03670165e+00 3.00000000e-02
5.80139132e+03 1.01824896e+00 3.00000000e-02
5.80039158e+03 1.04678483e+00 3.00000000e-02
5.79939185e+03 9.66556455e-01 3.00000000e-02
5.79839212e+03 9.25071151e-01 3.00000000e-02
5.79739239e+03 9.76487349e-01 3.00000000e-02
5.79639265e+03 9.99256065e-01 3.00000000e-02
5.79539292e+03 1.00986928e+00 3.00000000e-02
5.79439319e+03 9.90521624e-01 3.00000000e-02
5.79339346e+03 1.00500112e+00 3.00000000e-02
5.79239372e+03 9.84240115e-01 3.00000000e-02
5.79139399e+03 9.51072260e-01 3.00000000e-02
5.79039426e+03 1.05379610e+00 3.00000000e-02
5.78939453e+03 9.91350812e-01 3.00000000e-02
5.78839479e+03 1.02619649e+00 3.00000000e-02
5.78739506e+03 9.23184539e-01 3.00000000e-02
5.78639533e+03 9.33469563e-01 3.00000000e-02
5.78539560e+03 9.57734838e-01 3.00000000e-02
5.78439586e+03 9.93270207e-01 3.00000000e-02
5.78339613e+03 9.56094997e-01 3.00000000e-02
5.78239640e+03 1.00413761e+00 3.00000000e-02
5.78139667e+03 1.00802019e+00 3.00000000e-02
5.78039694e+03 9.78129610e-01 3.00000000e-02
5.77939720e+03 9.97405187e-01 3.00000000e-02
5.77839747e+03 9.93623429e-01 3.00000000e-02
5.77739774e+03 9.55253499e-01 3.00000000e-02
5.77639801e+03 9.32352343e-01 3.00000000e-02
5.77539827e+03 1.02582906e+00 3.00000000e-02
5.77439854e+03 9.99728232e-01 3.00000000e-02
5.77339881e+03 9.38947574e-01 3.00000000e-02
5.77239908e+03 1.01359477e+00 3.00000000e-02
5.77139934e+03 9.70709537e-01 3.00000000e-02
5.77039961e+03 1.00027640e+00 3.00000000e-02
5.76939988e+03 9.99001809e-01 3.00000000e-02
5.76840015e+03 9.05471116e-01 3.00000000e-02
5.76740041e+03 1.02698944e+00 3.00000000e-02
5.76640068e+03 9.89484521e-01 3.00000000e-02
5.76540095e+03 9.94177064e-01 3.00000000e-02
5.76440122e+03 1.07232198e+00 3.00000000e-02
5.76340148e+03 9.59464225e-01 3.00000000e-02
5.76240175e+03 9.79255582e-01 3.00000000e-02
5.76140202e+03 9.82507420e-01 3.00000000e-02
5.76040229e+03 9.80192587e-01 3.00000000e-02
5.75940255e+03 1.02185457e+00 3.00000000e-02
5.75840282e+03 9.90829755e-01 3.00000000e-02
5.75740309e+03 9.96685924e-01 3.00000000e-02
5.75640336e+03 1.02312960e+00 3.00000000e-02
5.75540362e+03 9.46395315e-01 3.00000000e-02
5.75440389e+03 9.88212669e-01 3.00000000e-02
5.75340416e+03 9.95494944e-01 3.00000000e-02
5.75240443e+03 1.02046203e+00 3.00000000e-02
5.75140469e+03 1.03294961e+00 3.00000000e-02
5.75040496e+03 9.65901325e-01 3.00000000e-02
5.74940523e+03 1.01681305e+00 3.00000000e-02
5.74840550e+03 9.78733306e-01 3.00000000e-02
5.74740576e+03 1.03188343e+00 3.00000000e-02
5.74640603e+03 1.05341973e+00 3.00000000e-02
5.74540630e+03 9.99168432e-01 3.00000000e-02
5.74440657e+03 1.01438885e+00 3.00000000e-02
5.74340683e+03 1.01052916e+00 3.00000000e-02
5.74240710e+03 1.04819976e+00 3.00000000e-02
5.74140737e+03 1.01265997e+00 3.00000000e-02
5.74040764e+03 1.00587406e+00 3.00000000e-02
5.73940790e+03 1.03631395e+00 3.00000000e-02
5.73840817e+03 9.89953184e-01 3.00000000e-02
5.73740844e+03 9.60902918e-01 3.00000000e-02
5.73640871e+03 1.03340153e+00 3.00000000e-02
5.73540897e+03 1.00561905e+00 3.00000000e-02
5.73440924e+03 9.97576795e-01 3.00000000e-02
5.73340951e+03 9.86373791e-01 3.00000000e-02
5.73240978e+03 9.72734501e-01 3.00000000e-02
5.73141004e+03 9.92088340e-01 3.00000000e-02
5.73041031e+03 9.97642618e-01 3.00000000e-02
5.72941058e+03 1.04276912e+00 3.00000000e-02
5.72841085e+03 9.72413525e-01 3.00000000e-02
5.72741111e+03 1.00238270e+00 3.00000000e-02
5.72641138e+03 1.02151732e+00 3.00000000e-02
5.72541165e+03 9.80709201e-01 3.00000000e-02
5.72441192e+03 1.01481152e+00 3.00000000e-02
5.72341218e+03 9.83089018e-01 3.00000000e-02
5.72241245e+03 1.02052543e+00 3.00000000e-02
5.72141272e+03 9.99664306e-01 3.00000000e-02
5.72041299e+03 9.79762816e-01 3.00000000e-02
5.71941325e+03 1.04722635e+00 3.00000000e-02
5.71841352e+03 9.94969010e-01 3.00000000e-02
5.71741379e+03 9.63079927e-01 3.00000000e-02
5.71641406e+03 1.02187700e+00 3.00000000e-02
5.71541432e+03 9.79677547e-01 3.00000000e-02
5.71441459e+03 9.76348105e-01 3.00000000e-02
5.71341486e+03 9.69294568e-01 3.00000000e-02
5.71241513e+03 1.00783819e+00 3.00000000e-02
5.71141539e+03 9.53705252e-01 3.00000000e-02
5.71041566e+03 1.03389376e+00 3.00000000e-02
5.70941593e+03 9.54785384e-01 3.00000000e-02
5.70841620e+03 1.00177403e+00 3.00000000e-02
5.70741646e+03 1.00608018e+00 3.00000000e-02
5.70641673e+03 9.71135310e-01 3.00000000e-02
5.70541700e+03 9.99351396e-01 3.00000000e-02
5.70441727e+03 1.01419091e+00 3.00000000e-02
5.70341753e+03 9.89850058e-01 3.00000000e-02
5.70241780e+03 1.03850331e+00 3.00000000e-02
5.70141807e+03 1.02750650e+00 3.00000000e-02
5.70041834e+03 9.87558351e-01 3.00000000e-02
5.69941860e+03 9.69545346e-01 3.00000000e-02
5.69841887e+03 9.81261378e-01 3.00000000e-02
5.69741914e+03 1.05114303e+00 3.00000000e-02
5.69641941e+03 9.33197304e-01 3.00000000e-02
5.69541967e+03 1.00558088e+00 3.00000000e-02
5.69441994e+03 9.92472463e-01 3.00000000e-02
5.69342021e+03 9.96497086e-01 3.00000000e-02
5.69242048e+03 1.04018187e+00 3.00000000e-02
5.69142074e+03 1.04282366e+00 3.00000000e-02
5.69042101e+03 1.07884318e+00 3.00000000e-02
5.68942128e+03 1.02252914e+00 3.00000000e-02
5.68842155e+03 1.02197318e+00 3.00000000e-02
5.68742181e+03 9.80457484e-01 3.00000000e-02
5.68642208e+03 9.75417701e-01 3.00000000e-02
5.68542235e+03 1.00125040e+00 3.00000000e-02
5.68442262e+03 9.66363192e-01 3.00000000e-02
5.68342288e+03 1.03283548e+00 3.00000000e-02
5.68242315e+03 1.00657680e+00 3.00000000e-02
5.68142342e+03 9.80805167e-01 3.00000000e-02
5.68042368e+03 1.05364864e+00 3.00000000e-02
5.67942395e+03 1.01242558e+00 3.00000000e-02
5.67842422e+03 1.01190887e+00 3.00000000e-02
5.67742449e+03 9.72702940e-01 3.00000000e-02
5.67642475e+03 1.02881386e+00 3.00000000e-02
5.67542502e+03 9.74090624e-01 3.00000000e-02
5.67442529e+03 1.04696660e+00 3.00000000e-02
5.67342556e+03 1.01770259e+00 3.00000000e-02
5.67242582e+03 9.71388206e-01 3.00000000e-02
5.67142609e+03 1.02556609e+00 3.00000000e-02
5.67042636e+03 9.97021856e-01 3.00000000e-02
5.66942663e+03 9.96883774e-01 3.00000000e-02
5.66842689e+03 9.68894046e-01 3.00000000e-02
5.66742716e+03 9.66490282e-01 3.00000000e-02
5.66642743e+03 1.03067960e+00 3.00000000e-02
5.66542770e+03 1.00548704e+00 3.00000000e-02
5.66442796e+03 1.08412996e+00 3.00000000e-02
5.66342823e+03 9.73069287e-01 3.00000000e-02
5.66242850e+03 9.92528314e-01 3.00000000e-02
5.66142876e+03 9.91832484e-01 3.00000000e-02
5.66042903e+03 1.01169541e+00 3.00000000e-02
5.65942930e+03 1.01861468e+00 3.00000000e-02
5.65842957e+03 9.87776656e-01 3.00000000e-02
5.65742983e+03 1.01945016e+00 3.00000000e-02
5.65643010e+03 1.05315757e+00 3.00000000e-02
5.65543037e+03 1.00479002e+00 3.00000000e-02
5.65443064e+03 1.01905052e+00 3.00000000e-02
5.65343090e+03 9.81225027e-01 3.00000000e-02
5.65243117e+03 1.03865396e+00 3.00000000e-02
5.65143144e+03 9.98231742e-01 3.00000000e-02
5.65043171e+03 1.05803492e+00 3.00000000e-02
5.64943197e+03 1.02814554e+00 3.00000000e-02
5.64843224e+03 1.02456209e+00 3.00000000e-02
5.64743251e+03 1.00240563e+00 3.00000000e-02
5.64643278e+03 9.95731636e-01 3.00000000e-02
5.64543304e+03 9.95355639e-01 3.00000000e-02
5.64443331e+03 1.03606209e+00 3.00000000e-02
5.64343358e+03 1.00498021e+00 3.00000000e-02
5.64243384e+03 1.00298413e+00 3.00000000e-02
5.64143411e+03 1.02127794e+00 3.00000000e-02
5.64043438e+03 1.03209349e+00 3.00000000e-02
5.63943465e+03 9.99737467e-01 3.00000000e-02
5.63843491e+03 1.02541367e+00 3.00000000e-02
5.63743518e+03 9.45235868e-01 3.00000000e-02
5.63643545e+03 9.92446237e-01 3.00000000e-02
5.63543572e+03 9.79708262e-01 3.00000000e-02
5.63443598e+03 1.03886002e+00 3.00000000e-02
5.63343625e+03 9.83926555e-01 3.00000000e-02
5.63243652e+03 1.02514878e+00 3.00000000e-02
5.63143678e+03 1.03365763e+00 3.00000000e-02
5.63043705e+03 9.69235731e-01 3.00000000e-02
5.62943732e+03 9.59479384e-01 3.00000000e-02
5.62843759e+03 1.01486619e+00 3.00000000e-02
5.62743785e+03 1.00015145e+00 3.00000000e-02
5.62643812e+03 9.98689792e-01 3.00000000e-02
5.62543839e+03 9.96959834e-01 3.00000000e-02
5.62443866e+03 1.00027745e+00 3.00000000e-02
5.62343892e+03 9.77368758e-01 3.00000000e-02
5.62243919e+03 9.64716979e-01 3.00000000e-02
5.62143946e+03 9.95028857e-01 3.00000000e-02
5.62043973e+03 1.01638353e+00 3.00000000e-02
5.61943999e+03 1.06619449e+00 3.00000000e-02
5.61844026e+03 1.05537341e+00 3.00000000e-02
5.61744053e+03 1.00963081e+00 3.00000000e-02
5.61644079e+03 1.01844807e+00 3.00000000e-02
5.61544106e+03 1.00705910e+00 3.00000000e-02
5.61444133e+03 1.00361215e+00 3.00000000e-02
5.61344160e+03 1.05263054e+00 3.00000000e-02
5.61244186e+03 9.76602338e-01 3.00000000e-02
5.61144213e+03 1.04031676e+00 3.00000000e-02
5.61044240e+03 9.85736409e-01 3.00000000e-02
5.60944267e+03 1.02630145e+00 3.00000000e-02
5.60844293e+03 1.00557021e+00 3.00000000e-02
5.60744320e+03 9.54490278e-01 3.00000000e-02
5.60644347e+03 9.59050387e-01 3.00000000e-02
5.60544373e+03 1.01153874e+00 3.00000000e-02
5.60444400e+03 9.89799728e-01 3.00000000e-02
5.60344427e+03 9.35029910e-01 3.00000000e-02
5.60244454e+03 1.03522778e+00 3.00000000e-02
5.60144480e+03 9.51564881e-01 3.00000000e-02
5.60044507e+03 1.04832809e+00 3.00000000e-02
5.59944534e+03 1.02153261e+00 3.00000000e-02
5.59844560e+03 9.73662899e-01 3.00000000e-02
5.59744587e+03 9.98633901e-01 3.00000000e-02
5.59644614e+03 1.01508514e+00 3.00000000e-02
5.59544641e+03 1.04005063e+00 3.00000000e-02
5.59444667e+03 1.03318889e+00 3.00000000e-02
5.59344694e+03 9.79640914e-01 3.00000000e-02
5.59244721e+03 9.72306443e-01 3.00000000e-02
5.59144748e+03 9.89411475e-01 3.00000000e-02
5.59044774e+03 9.93094088e-01 3.00000000e-02
5.58944801e+03 1.00919217e+00 3.00000000e-02
5.58844828e+03 9.61468185e-01 3.00000000e-02
5.58744854e+03 1.00679945e+00 3.00000000e-02
5.58644881e+03 9.88828101e-01 3.00000000e-02
5.58544908e+03 9.96322323e-01 3.00000000e-02
5.58444935e+03 1.03113160e+00 3.00000000e-02
5.58344961e+03 1.04672164e+00 3.00000000e-02
5.58244988e+03 9.11993354e-01 3.00000000e-02
5.58145015e+03 1.00085160e+00 3.00000000e-02
5.58045041e+03 1.02290164e+00 3.00000000e-02
5.57945068e+03 9.96690406e-01 3.00000000e-02
5.57845095e+03 1.00508879e+00 3.00000000e-02
5.57745122e+03 1.02305331e+00 3.00000000e-02
5.57645148e+03 9.63105988e-01 3.00000000e-02
5.57545175e+03 1.02463605e+00 3.00000000e-02
5.57445202e+03 1.04322719e+00 3.00000000e-02
5.57345228e+03 1.01284306e+00 3.00000000e-02
5.57245255e+03 1.02016105e+00 3.00000000e-02
5.57145282e+03 1.03008474e+00 3.00000000e-02
5.57045309e+03 1.03971393e+00 3.00000000e-02
5.56945335e+03 9.73790208e-01 3.00000000e-02
5.56845362e+03 9.86864990e-01 3.00000000e-02
5.56745389e+03 1.00019038e+00 3.00000000e-02
5.56645416e+03 1.04995102e+00 3.00000000e-02
5.56545442e+03 9.86813389e-01 3.00000000e-02
5.56445469e+03 9.10768041e-01 3.00000000e-02
5.56345496e+03 1.00642760e+00 3.00000000e-02
5.56245522e+03 1.05713564e+00 3.00000000e-02
5.56145549e+03 9.96949958e-01 3.00000000e-02
5.56045576e+03 1.02883814e+00 3.00000000e-02
5.55945603e+03 9.93876577e-01 3.00000000e-02
5.55845629e+03 9.80420016e-01 3.00000000e-02
5.55745656e+03 9.83416029e-01 3.00000000e-02
5.55645683e+03 1.00808324e+00 3.00000000e-02
5.55545709e+03 9.96191175e-01 3.00000000e-02
5.55445736e+03 9.99320398e-01 3.00000000e-02
5.55345763e+03 1.01108516e+00 3.00000000e-02
5.55245790e+03 9.94932504e-01 3.00000000e-02
5.55145816e+03 9.76663884e-01 3.00000000e-02
5.55045843e+03 1.02477139e+00 3.00000000e-02
5.54945870e+03 9.77717858e-01 3.00000000e-02
5.54845896e+03 1.02375439e+00 3.00000000e-02
5.54745923e+03 1.01835814e+00 3.00000000e-02
5.54645950e+03 9.98603071e-01 3.00000000e-02
5.54545977e+03 9.91530088e-01 3.00000000e-02
5.54446003e+03 9.74167393e-01 3.00000000e-02
5.54346030e+03 1.00248499e+00 3.00000000e-02
5.54246057e+03 9.99771651e-01 3.00000000e-02
5.54146083e+03 9.98354734e-01 3.00000000e-02
5.54046110e+03 1.02998639e+00 3.00000000e-02
5.53946137e+03 1.03701411e+00 3.00000000e-02
5.53846163e+03 9.66723798e-01 3.00000000e-02
5.53746190e+03 1.04016512e+00 3.00000000e-02
5.53646217e+03 9.92196379e-01 3.00000000e-02
5.53546244e+03 9.20759835e-01 3.00000000e-02
5.53446270e+03 9.74231770e-01 3.00000000e-02
5.53346297e+03 9.65952642e-01 3.00000000e-02
5.53246324e+03 1.01829579e+00 3.00000000e-02
5.53146350e+03 1.02263500e+00 3.00000000e-02
5.53046377e+03 1.00808651e+00 3.00000000e-02
5.52946404e+03 1.03673903e+00 3.00000000e-02
5.52846431e+03 1.00405781e+00 3.00000000e-02
5.52746457e+03 9.96067213e-01 3.00000000e-02
5.52646484e+03 1.05046063e+00 3.00000000e-02
5.52546511e+03 1.03270540e+00 3.00000000e-02
5.52446537e+03 1.01874599e+00 3.00000000e-02
5.52346564e+03 1.00347420e+00 3.00000000e-02
5.52246591e+03 1.06455223e+00 3.00000000e-02
5.52146618e+03 1.06773311e+00 3.00000000e-02
5.52046644e+03 1.00137652e+00 3.00000000e-02
5.51946671e+03 9.94866067e-01 3.00000000e-02
5.51846698e+03 1.04966627e+00 3.00000000e-02
5.51746724e+03 9.48846387e-01 3.00000000e-02
5.51646751e+03 1.01318677e+00 3.00000000e-02
5.51546778e+03 9.72523850e-01 3.00000000e-02
5.51446804e+03 1.00347252e+00 3.00000000e-02
5.51346831e+03 1.03569354e+00 3.00000000e-02
5.51246858e+03 9.92376763e-01 3.00000000e-02
5.51146885e+03 9.99708713e-01 3.00000000e-02
5.51046911e+03 1.01798152e+00 3.00000000e-02
5.50946938e+03 1.00550179e+00 3.00000000e-02
5.50846965e+03 1.00270145e+00 3.00000000e-02
5.50746991e+03 1.04041812e+00 3.00000000e-02
5.50647018e+03 9.57629990e-01 3.00000000e-02
5.50547045e+03 1.01533068e+00 3.00000000e-02
5.50447072e+03 9.83664001e-01 3.00000000e-02
5.50347098e+03 1.02396488e+00 3.00000000e-02
5.50247125e+03 1.01097754e+00 3.00000000e-02
5.50147152e+03 1.02349257e+00 3.00000000e-02
5.50047178e+03 1.03230166e+00 3.00000000e-02
5.49947205e+03 9.96371541e-01 3.00000000e-02
5.49847232e+03 9.97278299e-01 3.00000000e-02
5.49747258e+03 9.98880011e-01 3.00000000e-02
5.49647285e+03 1.01554337e+00 3.00000000e-02
5.49547312e+03 1.03412306e+00 3.00000000e-02
5.49447339e+03 1.00495715e+00 3.00000000e-02
5.49347365e+03 1.00459059e+00 3.00000000e-02
5.49247392e+03 1.03752091e+00 3.00000000e-02
5.49147419e+03 9.78924566e-01 3.00000000e-02
5.49047445e+03 9.99893368e-01 3.00000000e-02
5.48947472e+03 9.64206681e-01 3.00000000e-02
5.48847499e+03 9.76646182e-01 3.00000000e-02
5.48747525e+03 9.55630428e-01 3.00000000e-02
5.48647552e+03 9.55564251e-01 3.00000000e-02
5.48547579e+03 9.95424121e-01 3.00000000e-02
5.48447606e+03 9.81869771e-01 3.00000000e-02
5.48347632e+03 1.03027121e+00 3.00000000e-02
5.48247659e+03 9.69044110e-01 3.00000000e-02
5.48147686e+03 1.07278662e+00 3.00000000e-02
5.48047712e+03 1.02393957e+00 3.00000000e-02
5.47947739e+03 9.97658829e-01 3.00000000e-02
5.47847766e+03 9.70706962e-01 3.00000000e-02
5.47747792e+03 9.42731819e-01 3.00000000e-02
5.47647819e+03 9.49344119e-01 3.00000000e-02
5.47547846e+03 9.92536599e-01 3.00000000e-02
5.47447873e+03 9.75115338e-01 3.00000000e-02
5.47347899e+03 1.03186227e+00 3.00000000e-02
5.47247926e+03 9.90108621e-01 3.00000000e-02
5.47147953e+03 1.05556809e+00 3.00000000e-02
5.47047979e+03 9.64626254e-01 3.00000000e-02
5.46948006e+03 9.95906652e-01 3.00000000e-02
5.46848033e+03 1.06169226e+00 3.00000000e-02
5.46748059e+03 9.62192684e-01 3.00000000e-02
5.46648086e+03 9.76738413e-01 3.00000000e-02
5.46548113e+03 1.03642562e+00 3.00000000e-02
5.46448139e+03 9.70128538e-01 3.00000000e-02
5.46348166e+03 1.00949436e+00 3.00000000e-02
5.46248193e+03 9.99411599e-01 3.00000000e-02
5.46148220e+03 1.00519593e+00 3.00000000e-02
5.46048246e+03 1.03177696e+00 3.00000000e-02
5.45948273e+03 1.01982379e+00 3.00000000e-02
5.45848300e+03 1.02541265e+00 3.00000000e-02
5.45748326e+03 1.00508249e+00 3.00000000e-02
5.45648353e+03 9.89426279e-01 3.00000000e-02
5.45548380e+03 1.04114408e+00 3.00000000e-02
5.45448406e+03 9.60519554e-01 3.00000000e-02
5.45348433e+03 1.02322438e+00 3.00000000e-02
5.45248460e+03 1.00039955e+00 3.00000000e-02
5.45148487e+03 9.88941186e-01 3.00000000e-02
5.45048513e+03 9.71407778e-01 3.00000000e-02
5.44948540e+03 1.01375733e+00 3.00000000e-02
5.44848567e+03 9.91338269e-01 3.00000000e-02
5.44748593e+03 9.84807890e-01 3.00000000e-02
5.44648620e+03 1.06174343e+00 3.00000000e-02
5.44548647e+03 9.96045549e-01 3.00000000e-02
5.44448673e+03 9.92862299e-01 3.00000000e-02
5.44348700e+03 9.82472853e-01 3.00000000e-02
5.44248727e+03 9.76065313e-01 3.00000000e-02
5.44148753e+03 9.81784084e-01 3.00000000e-02
5.44048780e+03 9.78709454e-01 3.00000000e-02
5.43948807e+03 1.02552902e+00 3.00000000e-02
5.43848833e+03 1.02243879e+00 3.00000000e-02
5.43748860e+03 9.93900025e-01 3.00000000e-02
5.43648887e+03 9.76066127e-01 3.00000000e-02
5.43548914e+03 9.70604363e-01 3.00000000e-02
5.43448940e+03 1.02877555e+00 3.00000000e-02
5.43348967e+03 1.03020570e+00 3.00000000e-02
5.43248994e+03 1.00536140e+00 3.00000000e-02
5.43149020e+03 1.02955647e+00 3.00000000e-02
5.43049047e+03 9.55471942e-01 3.00000000e-02
5.42949074e+03 1.00630519e+00 3.00000000e-02
5.42849100e+03 9.89689169e-01 3.00000000e-02
5.42749127e+03 9.36458199e-01 3.00000000e-02
5.42649154e+03 1.02327616e+00 3.00000000e-02
5.42549180e+03 9.73238326e-01 3.00000000e-02
5.42449207e+03 9.99907571e-01 3.00000000e-02
5.42349234e+03 9.45111879e-01 3.00000000e-02
5.42249260e+03 1.04447713e+00 3.00000000e-02
5.42149287e+03 9.96698239e-01 3.00000000e-02
5.42049314e+03 1.01140567e+00 3.00000000e-02
5.41949341e+03 9.79839560e-01 3.00000000e-02
5.41849367e+03 9.80311450e-01 3.00000000e-02
5.41749394e+03 9.73580604e-01 3.00000000e-02
5.41649421e+03 9.90102878e-01 3.00000000e-02
5.41549447e+03 1.03305406e+00 3.00000000e-02
5.41449474e+03 9.42530633e-01 3.00000000e-02
5.41349501e+03 1.06758187e+00 3.00000000e-02
5.41249527e+03 9.55206499e-01 3.00000000e-02
5.41149554e+03 1.01531640e+00 3.00000000e-02
5.41049581e+03 1.00949935e+00 3.00000000e-02
5.40949607e+03 1.04726878e+00 3.00000000e-02
5.40849634e+03 1.00706143e+00 3.00000000e-02
5.40749661e+03 1.00725316e+00 3.00000000e-02
5.40649687e+03 9.51754366e-01 3.00000000e-02
5.40549714e+03 1.00445895e+00 3.00000000e-02
5.40449741e+03 9.81296088e-01 3.00000000e-02
5.40349767e+03 9.99843902e-01 3.00000000e-02
5.40249794e+03 9.50758081e-01 3.00000000e-02
5.40149821e+03 1.01977443e+00 3.00000000e-02
5.40049847e+03 1.04991172e+00 3.00000000e-02
5.39949874e+03 9.94758481e-01 3.00000000e-02
5.39849901e+03 9.80446265e-01 3.00000000e-02
nan 1.00000000e+00 3.00000000e-02
6.10000000e+03 1.00000000e+00 0.00000000e+00
