# object 2: absorption star plus one emission line at 4500 Angstrom, vacuum
# wavelength flux err
3.80000000e+03 4.00816368e+01 4.00000000e-02
3.80100000e+03 3.98977734e+01 4.00000000e-02
3.80200000e+03 4.00167240e+01 4.00000000e-02
3.80300000e+03 3.99772892e+01 4.00000000e-02
3.80400000e+03 3.99818940e+01 4.00000000e-02
3.80500000e+03 3.99913761e+01 4.00000000e-02
3.80600000e+03 3.99192006e+01 4.00000000e-02
3.80700000e+03 3.99907227e+01 4.00000000e-02
3.80800000e+03 3.99653915e+01 4.00000000e-02
3.80900000e+03 4.01329200e+01 4.00000000e-02
3.81000000e+03 4.00090315e+01 4.00000000e-02
3.81100000e+03 3.99858948e+01 4.00000000e-02
3.81200000e+03 3.99887485e+01 4.00000000e-02
3.81300000e+03 3.99732781e+01 4.00000000e-02
3.81400000e+03 3.99577940e+01 4.00000000e-02
3.81500000e+03 3.99843680e+01 4.00000000e-02
3.81600000e+03 4.00192778e+01 4.00000000e-02
3.81700000e+03 3.99904579e+01 4.00000000e-02
3.81800000e+03 4.00383103e+01 4.00000000e-02
3.81900000e+03 3.99920079e+01 4.00000000e-02
3.82000000e+03 4.00009704e+01 4.00000000e-02
3.82100000e+03 4.00618328e+01 4.00000000e-02
3.82200000e+03 4.00218042e+01 4.00000000e-02
3.82300000e+03 3.99797909e+01 4.00000000e-02
3.82400000e+03 3.99926864e+01 4.00000000e-02
3.82500000e+03 4.00216210e+01 4.00000000e-02
3.82600000e+03 4.00774035e+01 4.00000000e-02
3.82700000e+03 3.99892152e+01 4.00000000e-02
3.82800000e+03 3.99902577e+01 4.00000000e-02
3.82900000e+03 4.00400925e+01 4.00000000e-02
3.83000000e+03 3.99645416e+01 4.00000000e-02
3.83100000e+03 3.99883312e+01 4.00000000e-02
3.83200000e+03 4.00353016e+01 4.00000000e-02
3.83300000e+03 4.00232140e+01 4.00000000e-02
3.83400000e+03 4.00036607e+01 4.00000000e-02
3.83500000e+03 4.00268042e+01 4.00000000e-02
3.83600000e+03 3.98868735e+01 4.00000000e-02
3.83700000e+03 4.00408523e+01 4.00000000e-02
3.83800000e+03 3.99616142e+01 4.00000000e-02
3.83900000e+03 3.99332552e+01 4.00000000e-02
3.84000000e+03 4.00110578e+01 4.00000000e-02
3.84100000e+03 4.00280218e+01 4.00000000e-02
3.84200000e+03 3.99822093e+01 4.00000000e-02
3.84300000e+03 3.99569438e+01 4.00000000e-02
3.84400000e+03 4.00010450e+01 4.00000000e-02
3.84500000e+03 3.99978901e+01 4.00000000e-02
3.84600000e+03 4.00562239e+01 4.00000000e-02
3.84700000e+03 4.00298963e+01 4.00000000e-02
3.84800000e+03 4.00077526e+01 4.00000000e-02
3.84900000e+03 4.00444653e+01 4.00000000e-02
3.85000000e+03 3.99917791e+01 4.00000000e-02
3.85100000e+03 3.99629640e+01 4.00000000e-02
3.85200000e+03 4.00233623e+01 4.00000000e-02
3.85300000e+03 4.00233015e+01 4.00000000e-02
3.85400000e+03 3.99914068e+01 4.00000000e-02
3.85500000e+03 3.99686877e+01 4.00000000e-02
3.85600000e+03 4.00091662e+01 4.00000000e-02
3.85700000e+03 3.99002442e+01 4.00000000e-02
3.85800000e+03 4.00276050e+01 4.00000000e-02
3.85900000e+03 4.00196547e+01 4.00000000e-02
3.86000000e+03 3.99344457e+01 4.00000000e-02
3.86100000e+03 4.00024541e+01 4.00000000e-02
3.86200000e+03 3.99614360e+01 4.00000000e-02
3.86300000e+03 4.00302888e+01 4.00000000e-02
3.86400000e+03 3.99186333e+01 4.00000000e-02
3.86500000e+03 3.99634202e+01 4.00000000e-02
3.86600000e+03 4.00283832e+01 4.00000000e-02
3.86700000e+03 4.00462560e+01 4.00000000e-02
3.86800000e+03 3.99136798e+01 4.00000000e-02
3.86900000e+03 3.99800784e+01 4.00000000e-02
3.87000000e+03 4.00131208e+01 4.00000000e-02
3.87100000e+03 3.99756314e+01 4.00000000e-02
3.87200000e+03 4.00636256e+01 4.00000000e-02
3.87300000e+03 3.99523509e+01 4.00000000e-02
3.87400000e+03 4.00141813e+01 4.00000000e-02
3.87500000e+03 3.99580638e+01 4.00000000e-02
3.87600000e+03 4.00562385e+01 4.00000000e-02
3.87700000e+03 3.99991340e+01 4.00000000e-02
3.87800000e+03 3.99851100e+01 4.00000000e-02
3.87900000e+03 3.99312726e+01 4.00000000e-02
3.88000000e+03 4.00672730e+01 4.00000000e-02
3.88100000e+03 4.00301111e+01 4.00000000e-02
3.88200000e+03 4.00301426e+01 4.00000000e-02
3.88300000e+03 4.00455153e+01 4.00000000e-02
3.88400000e+03 4.00139691e+01 4.00000000e-02
3.88500000e+03 3.99744301e+01 4.00000000e-02
3.88600000e+03 3.99679904e+01 4.00000000e-02
3.88700000e+03 3.99679920e+01 4.00000000e-02
3.88800000e+03 4.00548029e+01 4.00000000e-02
3.88900000e+03 3.99415848e+01 4.00000000e-02
3.89000000e+03 3.99761452e+01 4.00000000e-02
3.89100000e+03 3.99871502e+01 4.00000000e-02
3.89200000e+03 4.00089848e+01 4.00000000e-02
3.89300000e+03 4.00230140e+01 4.00000000e-02
3.89400000e+03 3.99500361e+01 4.00000000e-02
3.89500000e+03 3.99307995e+01 4.00000000e-02
3.89600000e+03 3.99998234e+01 4.00000000e-02
3.89700000e+03 4.00485426e+01 4.00000000e-02
3.89800000e+03 4.00302823e+01 4.00000000e-02
3.89900000e+03 4.00086260e+01 4.00000000e-02
3.90000000e+03 3.99873138e+01 4.00000000e-02
3.90100000e+03 4.00117293e+01 4.00000000e-02
3.90200000e+03 3.99902666e+01 4.00000000e-02
3.90300000e+03 4.00326883e+01 4.00000000e-02
3.90400000e+03 3.99682221e+01 4.00000000e-02
3.90500000e+03 4.00053696e+01 4.00000000e-02
3.90600000e+03 3.99955688e+01 4.00000000e-02
3.90700000e+03 4.00217344e+01 4.00000000e-02
3.90800000e+03 4.00089855e+01 4.00000000e-02
3.90900000e+03 4.01020014e+01 4.00000000e-02
3.91000000e+03 4.00599462e+01 4.00000000e-02
3.91100000e+03 4.00598695e+01 4.00000000e-02
3.91200000e+03 3.99184198e+01 4.00000000e-02
3.91300000e+03 3.99863873e+01 4.00000000e-02
3.91400000e+03 3.99756556e+01 4.00000000e-02
3.91500000e+03 4.00213089e+01 4.00000000e-02
3.91600000e+03 3.99088389e+01 4.00000000e-02
3.91700000e+03 4.00469799e+01 4.00000000e-02
3.91800000e+03 4.00426793e+01 4.00000000e-02
3.91900000e+03 3.99479172e+01 4.00000000e-02
3.92000000e+03 3.99608581e+01 4.00000000e-02
3.92100000e+03 3.99679531e+01 4.00000000e-02
3.92200000e+03 4.00017318e+01 4.00000000e-02
3.92300000e+03 4.00256388e+01 4.00000000e-02
3.92400000e+03 4.00819154e+01 4.00000000e-02
3.92500000e+03 3.99921022e+01 4.00000000e-02
3.92600000e+03 4.00307001e+01 4.00000000e-02
3.92700000e+03 4.00062167e+01 4.00000000e-02
3.92800000e+03 4.00703956e+01 4.00000000e-02
3.92900000e+03 4.00296013e+01 4.00000000e-02
3.93000000e+03 4.00519027e+01 4.00000000e-02
3.93100000e+03 3.99037250e+01 4.00000000e-02
3.93200000e+03 3.94341056e+01 4.00000000e-02
3.93300000e+03 3.66815797e+01 4.00000000e-02
3.93400000e+03 2.92154247e+01 4.00000000e-02
3.93500000e+03 1.99583045e+01 4.00000000e-02
3.93600000e+03 1.91668116e+01 4.00000000e-02
3.93700000e+03 2.78700148e+01 4.00000000e-02
3.93800000e+03 3.60690344e+01 4.00000000e-02
3.93900000e+03 3.92495475e+01 4.00000000e-02
3.94000000e+03 3.98887095e+01 4.00000000e-02
3.94100000e+03 4.00149931e+01 4.00000000e-02
3.94200000e+03 4.00983880e+01 4.00000000e-02
3.94300000e+03 3.99901522e+01 4.00000000e-02
3.94400000e+03 3.99777653e+01 4.00000000e-02
3.94500000e+03 3.99531537e+01 4.00000000e-02
3.94600000e+03 3.99465996e+01 4.00000000e-02
3.94700000e+03 4.00209993e+01 4.00000000e-02
3.94800000e+03 4.00340321e+01 4.00000000e-02
3.94900000e+03 4.00003670e+01 4.00000000e-02
3.95000000e+03 4.00133030e+01 4.00000000e-02
3.95100000e+03 4.00046367e+01 4.00000000e-02
3.95200000e+03 4.00055462e+01 4.00000000e-02
3.95300000e+03 3.99389536e+01 4.00000000e-02
3.95400000e+03 3.99816753e+01 4.00000000e-02
3.95500000e+03 4.00044592e+01 4.00000000e-02
3.95600000e+03 3.99686733e+01 4.00000000e-02
3.95700000e+03 3.99809428e+01 4.00000000e-02
3.95800000e+03 3.99672352e+01 4.00000000e-02
3.95900000e+03 3.99866601e+01 4.00000000e-02
3.96000000e+03 4.00341243e+01 4.00000000e-02
3.96100000e+03 3.99837368e+01 4.00000000e-02
3.96200000e+03 3.99938451e+01 4.00000000e-02
3.96300000e+03 4.00325451e+01 4.00000000e-02
3.96400000e+03 4.00256039e+01 4.00000000e-02
3.96500000e+03 4.00623709e+01 4.00000000e-02
3.96600000e+03 3.98271491e+01 4.00000000e-02
3.96700000e+03 3.92083585e+01 4.00000000e-02
3.96800000e+03 3.56690702e+01 4.00000000e-02
3.96900000e+03 2.73102361e+01 4.00000000e-02
3.97000000e+03 1.89509901e+01 4.00000000e-02
3.97100000e+03 2.02965564e+01 4.00000000e-02
3.97200000e+03 2.96097836e+01 4.00000000e-02
3.97300000e+03 3.68979925e+01 4.00000000e-02
3.97400000e+03 3.95420488e+01 4.00000000e-02
3.97500000e+03 3.99391724e+01 4.00000000e-02
3.97600000e+03 3.99917141e+01 4.00000000e-02
3.97700000e+03 4.00318942e+01 4.00000000e-02
3.97800000e+03 3.99779437e+01 4.00000000e-02
3.97900000e+03 4.00864362e+01 4.00000000e-02
3.98000000e+03 4.00407683e+01 4.00000000e-02
3.98100000e+03 4.00870230e+01 4.00000000e-02
3.98200000e+03 3.99989364e+01 4.00000000e-02
3.98300000e+03 3.99846765e+01 4.00000000e-02
3.98400000e+03 4.00066819e+01 4.00000000e-02
3.98500000e+03 4.00293831e+01 4.00000000e-02
3.98600000e+03 3.99765029e+01 4.00000000e-02
3.98700000e+03 4.00151881e+01 4.00000000e-02
3.98800000e+03 3.99993278e+01 4.00000000e-02
3.98900000e+03 4.00646273e+01 4.00000000e-02
3.99000000e+03 3.99734919e+01 4.00000000e-02
3.99100000e+03 4.00418465e+01 4.00000000e-02
3.99200000e+03 3.99742455e+01 4.00000000e-02
3.99300000e+03 3.99615746e+01 4.00000000e-02
3.99400000e+03 3.99715880e+01 4.00000000e-02
3.99500000e+03 3.99523926e+01 4.00000000e-02
3.99600000e+03 4.00058540e+01 4.00000000e-02
3.99700000e+03 4.00412504e+01 4.00000000e-02
3.99800000e+03 4.00065726e+01 4.00000000e-02
3.99900000e+03 4.00249730e+01 4.00000000e-02
4.00000000e+03 4.00652870e+01 4.00000000e-02
4.00100000e+03 4.00108011e+01 4.00000000e-02
4.00200000e+03 4.00078065e+01 4.00000000e-02
4.00300000e+03 3.99889975e+01 4.00000000e-02
4.00400000e+03 3.99356703e+01 4.00000000e-02
4.00500000e+03 4.00303896e+01 4.00000000e-02
4.00600000e+03 3.99297416e+01 4.00000000e-02
4.00700000e+03 4.00261071e+01 4.00000000e-02
4.00800000e+03 3.99994272e+01 4.00000000e-02
4.00900000e+03 4.00450713e+01 4.00000000e-02
4.01000000e+03 3.99972892e+01 4.00000000e-02
4.01100000e+03 3.99670720e+01 4.00000000e-02
4.01200000e+03 4.00143164e+01 4.00000000e-02
4.01300000e+03 3.99775906e+01 4.00000000e-02
4.01400000e+03 3.99927617e+01 4.00000000e-02
4.01500000e+03 4.00016748e+01 4.00000000e-02
4.01600000e+03 3.99946180e+01 4.00000000e-02
4.01700000e+03 3.99924479e+01 4.00000000e-02
4.01800000e+03 3.99667022e+01 4.00000000e-02
4.01900000e+03 3.99924346e+01 4.00000000e-02
4.02000000e+03 3.99144664e+01 4.00000000e-02
4.02100000e+03 3.99937067e+01 4.00000000e-02
4.02200000e+03 3.99520778e+01 4.00000000e-02
4.02300000e+03 4.00448105e+01 4.00000000e-02
4.02400000e+03 4.00507971e+01 4.00000000e-02
4.02500000e+03 3.99219590e+01 4.00000000e-02
4.02600000e+03 4.00057967e+01 4.00000000e-02
4.02700000e+03 3.99949454e+01 4.00000000e-02
4.02800000e+03 3.99581314e+01 4.00000000e-02
4.02900000e+03 4.00212661e+01 4.00000000e-02
4.03000000e+03 3.99815324e+01 4.00000000e-02
4.03100000e+03 3.99292960e+01 4.00000000e-02
4.03200000e+03 3.99893329e+01 4.00000000e-02
4.03300000e+03 3.99940699e+01 4.00000000e-02
4.03400000e+03 4.00042572e+01 4.00000000e-02
4.03500000e+03 3.99507507e+01 4.00000000e-02
4.03600000e+03 4.00246272e+01 4.00000000e-02
4.03700000e+03 4.00294183e+01 4.00000000e-02
4.03800000e+03 3.99541669e+01 4.00000000e-02
4.03900000e+03 3.99736458e+01 4.00000000e-02
4.04000000e+03 3.99967865e+01 4.00000000e-02
4.04100000e+03 3.99773630e+01 4.00000000e-02
4.04200000e+03 4.00697502e+01 4.00000000e-02
4.04300000e+03 4.00083349e+01 4.00000000e-02
4.04400000e+03 3.99595767e+01 4.00000000e-02
4.04500000e+03 3.99684756e+01 4.00000000e-02
4.04600000e+03 3.99977012e+01 4.00000000e-02
4.04700000e+03 4.00918312e+01 4.00000000e-02
4.04800000e+03 3.99928694e+01 4.00000000e-02
4.04900000e+03 4.00050991e+01 4.00000000e-02
4.05000000e+03 4.00205618e+01 4.00000000e-02
4.05100000e+03 3.99983950e+01 4.00000000e-02
4.05200000e+03 4.00912264e+01 4.00000000e-02
4.05300000e+03 3.99787390e+01 4.00000000e-02
4.05400000e+03 4.00297681e+01 4.00000000e-02
4.05500000e+03 4.00064175e+01 4.00000000e-02
4.05600000e+03 4.00248479e+01 4.00000000e-02
4.05700000e+03 3.99529343e+01 4.00000000e-02
4.05800000e+03 4.00707245e+01 4.00000000e-02
4.05900000e+03 3.99951389e+01 4.00000000e-02
4.06000000e+03 4.00013665e+01 4.00000000e-02
4.06100000e+03 3.99626009e+01 4.00000000e-02
4.06200000e+03 3.99708122e+01 4.00000000e-02
4.06300000e+03 4.00225696e+01 4.00000000e-02
4.06400000e+03 4.00394600e+01 4.00000000e-02
4.06500000e+03 4.00301302e+01 4.00000000e-02
4.06600000e+03 4.00483588e+01 4.00000000e-02
4.06700000e+03 4.00285796e+01 4.00000000e-02
4.06800000e+03 4.00011385e+01 4.00000000e-02
4.06900000e+03 4.00334610e+01 4.00000000e-02
4.07000000e+03 4.00237441e+01 4.00000000e-02
4.07100000e+03 3.99959770e+01 4.00000000e-02
4.07200000e+03 4.00290429e+01 4.00000000e-02
4.07300000e+03 4.00514279e+01 4.00000000e-02
4.07400000e+03 4.00093829e+01 4.00000000e-02
4.07500000e+03 3.99857518e+01 4.00000000e-02
4.07600000e+03 4.00287485e+01 4.00000000e-02
4.07700000e+03 4.00760289e+01 4.00000000e-02
4.07800000e+03 3.99915775e+01 4.00000000e-02
4.07900000e+03 3.99963076e+01 4.00000000e-02
4.08000000e+03 3.99945441e+01 4.00000000e-02
4.08100000e+03 4.00489207e+01 4.00000000e-02
4.08200000e+03 3.99265121e+01 4.00000000e-02
4.08300000e+03 4.00146338e+01 4.00000000e-02
4.08400000e+03 4.00476906e+01 4.00000000e-02
4.08500000e+03 3.99674647e+01 4.00000000e-02
4.08600000e+03 4.00595591e+01 4.00000000e-02
4.08700000e+03 4.00214124e+01 4.00000000e-02
4.08800000e+03 3.99780386e+01 4.00000000e-02
4.08900000e+03 4.00081656e+01 4.00000000e-02
4.09000000e+03 3.99386203e+01 4.00000000e-02
4.09100000e+03 3.99773772e+01 4.00000000e-02
4.09200000e+03 4.00730762e+01 4.00000000e-02
4.09300000e+03 3.99642478e+01 4.00000000e-02
4.09400000e+03 4.00737829e+01 4.00000000e-02
4.09500000e+03 3.99967371e+01 4.00000000e-02
4.09600000e+03 4.00397865e+01 4.00000000e-02
4.09700000e+03 4.00017559e+01 4.00000000e-02
4.09800000e+03 3.99103407e+01 4.00000000e-02
4.09900000e+03 3.99770939e+01 4.00000000e-02
4.10000000e+03 4.00075941e+01 4.00000000e-02
4.10100000e+03 3.99539620e+01 4.00000000e-02
4.10200000e+03 3.99461036e+01 4.00000000e-02
4.10300000e+03 4.00146474e+01 4.00000000e-02
4.10400000e+03 3.99740234e+01 4.00000000e-02
4.10500000e+03 3.99321669e+01 4.00000000e-02
4.10600000e+03 3.99726354e+01 4.00000000e-02
4.10700000e+03 4.00344295e+01 4.00000000e-02
4.10800000e+03 3.99810502e+01 4.00000000e-02
4.10900000e+03 4.00373909e+01 4.00000000e-02
4.11000000e+03 4.00610909e+01 4.00000000e-02
4.11100000e+03 4.00013006e+01 4.00000000e-02
4.11200000e+03 3.99548127e+01 4.00000000e-02
4.11300000e+03 3.99479374e+01 4.00000000e-02
4.11400000e+03 3.99989498e+01 4.00000000e-02
4.11500000e+03 4.00352422e+01 4.00000000e-02
4.11600000e+03 4.00107606e+01 4.00000000e-02
4.11700000e+03 4.00218903e+01 4.00000000e-02
4.11800000e+03 3.99822663e+01 4.00000000e-02
4.11900000e+03 4.00120169e+01 4.00000000e-02
4.12000000e+03 3.99811476e+01 4.00000000e-02
4.12100000e+03 3.99869756e+01 4.00000000e-02
4.12200000e+03 3.99483101e+01 4.00000000e-02
4.12300000e+03 3.99371115e+01 4.00000000e-02
4.12400000e+03 3.99807217e+01 4.00000000e-02
4.12500000e+03 3.99556960e+01 4.00000000e-02
4.12600000e+03 3.99616502e+01 4.00000000e-02
4.12700000e+03 4.00268419e+01 4.00000000e-02
4.12800000e+03 3.99957168e+01 4.00000000e-02
4.12900000e+03 4.01165650e+01 4.00000000e-02
4.13000000e+03 4.00370537e+01 4.00000000e-02
4.13100000e+03 3.99746725e+01 4.00000000e-02
4.13200000e+03 4.00311203e+01 4.00000000e-02
4.13300000e+03 4.00142722e+01 4.00000000e-02
4.13400000e+03 3.99725728e+01 4.00000000e-02
4.13500000e+03 4.00441038e+01 4.00000000e-02
4.13600000e+03 3.99689869e+01 4.00000000e-02
4.13700000e+03 3.98776647e+01 4.00000000e-02
4.13800000e+03 4.00317626e+01 4.00000000e-02
4.13900000e+03 3.99753096e+01 4.00000000e-02
4.14000000e+03 4.00594415e+01 4.00000000e-02
4.14100000e+03 3.99740131e+01 4.00000000e-02
4.14200000e+03 3.99527458e+01 4.00000000e-02
4.14300000e+03 4.00619385e+01 4.00000000e-02
4.14400000e+03 3.99569801e+01 4.00000000e-02
4.14500000e+03 4.00081357e+01 4.00000000e-02
4.14600000e+03 4.00579891e+01 4.00000000e-02
4.14700000e+03 4.00045799e+01 4.00000000e-02
4.14800000e+03 3.99967766e+01 4.00000000e-02
4.14900000e+03 4.00040969e+01 4.00000000e-02
4.15000000e+03 4.00335621e+01 4.00000000e-02
4.15100000e+03 3.99677275e+01 4.00000000e-02
4.15200000e+03 4.00244256e+01 4.00000000e-02
4.15300000e+03 4.00230830e+01 4.00000000e-02
4.15400000e+03 4.00933085e+01 4.00000000e-02
4.15500000e+03 3.99865390e+01 4.00000000e-02
4.15600000e+03 3.99634068e+01 4.00000000e-02
4.15700000e+03 4.00294275e+01 4.00000000e-02
4.15800000e+03 3.99841137e+01 4.00000000e-02
4.15900000e+03 4.00115646e+01 4.00000000e-02
4.16000000e+03 4.00053031e+01 4.00000000e-02
4.16100000e+03 4.00467358e+01 4.00000000e-02
4.16200000e+03 3.99737265e+01 4.00000000e-02
4.16300000e+03 3.99963088e+01 4.00000000e-02
4.16400000e+03 3.98979155e+01 4.00000000e-02
4.16500000e+03 3.99643954e+01 4.00000000e-02
4.16600000e+03 4.00614536e+01 4.00000000e-02
4.16700000e+03 3.99727398e+01 4.00000000e-02
4.16800000e+03 3.99719409e+01 4.00000000e-02
4.16900000e+03 3.99512837e+01 4.00000000e-02
4.17000000e+03 4.00231934e+01 4.00000000e-02
4.17100000e+03 4.00071196e+01 4.00000000e-02
4.17200000e+03 3.99525253e+01 4.00000000e-02
4.17300000e+03 4.00266980e+01 4.00000000e-02
4.17400000e+03 4.00104042e+01 4.00000000e-02
4.17500000e+03 4.00301613e+01 4.00000000e-02
4.17600000e+03 3.99743408e+01 4.00000000e-02
4.17700000e+03 4.00695204e+01 4.00000000e-02
4.17800000e+03 4.00163947e+01 4.00000000e-02
4.17900000e+03 3.99953244e+01 4.00000000e-02
4.18000000e+03 3.99792466e+01 4.00000000e-02
4.18100000e+03 3.99902069e+01 4.00000000e-02
4.18200000e+03 4.00343517e+01 4.00000000e-02
4.18300000e+03 3.99892413e+01 4.00000000e-02
4.18400000e+03 4.00431258e+01 4.00000000e-02
4.18500000e+03 4.00232270e+01 4.00000000e-02
4.18600000e+03 4.00538598e+01 4.00000000e-02
4.18700000e+03 4.00325642e+01 4.00000000e-02
4.18800000e+03 3.99974824e+01 4.00000000e-02
4.18900000e+03 3.99236264e+01 4.00000000e-02
4.19000000e+03 4.00119428e+01 4.00000000e-02
4.19100000e+03 4.00315630e+01 4.00000000e-02
4.19200000e+03 4.00065157e+01 4.00000000e-02
4.19300000e+03 4.00222573e+01 4.00000000e-02
4.19400000e+03 3.99811352e+01 4.00000000e-02
4.19500000e+03 3.99847809e+01 4.00000000e-02
4.19600000e+03 3.99623044e+01 4.00000000e-02
4.19700000e+03 4.00544760e+01 4.00000000e-02
4.19800000e+03 4.00063358e+01 4.00000000e-02
4.19900000e+03 3.99803006e+01 4.00000000e-02
4.20000000e+03 3.99467259e+01 4.00000000e-02
4.20100000e+03 3.99938677e+01 4.00000000e-02
4.20200000e+03 4.00577052e+01 4.00000000e-02
4.20300000e+03 4.00184769e+01 4.00000000e-02
4.20400000e+03 3.99710191e+01 4.00000000e-02
4.20500000e+03 4.00571798e+01 4.00000000e-02
4.20600000e+03 4.00571404e+01 4.00000000e-02
4.20700000e+03 4.00392310e+01 4.00000000e-02
4.20800000e+03 4.00315527e+01 4.00000000e-02
4.20900000e+03 4.00462261e+01 4.00000000e-02
4.21000000e+03 4.00217304e+01 4.00000000e-02
4.21100000e+03 4.00310000e+01 4.00000000e-02
4.21200000e+03 3.99687990e+01 4.00000000e-02
4.21300000e+03 4.00599823e+01 4.00000000e-02
4.21400000e+03 4.00092472e+01 4.00000000e-02
4.21500000e+03 4.00809685e+01 4.00000000e-02
4.21600000e+03 3.99183101e+01 4.00000000e-02
4.21700000e+03 4.00282164e+01 4.00000000e-02
4.21800000e+03 4.00392585e+01 4.00000000e-02
4.21900000e+03 3.99862827e+01 4.00000000e-02
4.22000000e+03 4.00180978e+01 4.00000000e-02
4.22100000e+03 4.00299331e+01 4.00000000e-02
4.22200000e+03 4.00230953e+01 4.00000000e-02
4.22300000e+03 3.99784136e+01 4.00000000e-02
4.22400000e+03 3.99943225e+01 4.00000000e-02
4.22500000e+03 4.00407616e+01 4.00000000e-02
4.22600000e+03 4.00510928e+01 4.00000000e-02
4.22700000e+03 4.00039591e+01 4.00000000e-02
4.22800000e+03 4.00030813e+01 4.00000000e-02
4.22900000e+03 4.00080199e+01 4.00000000e-02
4.23000000e+03 4.00415066e+01 4.00000000e-02
4.23100000e+03 3.99578385e+01 4.00000000e-02
4.23200000e+03 3.99468374e+01 4.00000000e-02
4.23300000e+03 4.00049726e+01 4.00000000e-02
4.23400000e+03 3.99557388e+01 4.00000000e-02
4.23500000e+03 3.99765156e+01 4.00000000e-02
4.23600000e+03 4.00034518e+01 4.00000000e-02
4.23700000e+03 4.00193002e+01 4.00000000e-02
4.23800000e+03 3.99571163e+01 4.00000000e-02
4.23900000e+03 4.00320642e+01 4.00000000e-02
4.24000000e+03 3.99290514e+01 4.00000000e-02
4.24100000e+03 4.00218166e+01 4.00000000e-02
4.24200000e+03 3.99368907e+01 4.00000000e-02
4.24300000e+03 3.99490031e+01 4.00000000e-02
4.24400000e+03 4.00256889e+01 4.00000000e-02
4.24500000e+03 3.99837455e+01 4.00000000e-02
4.24600000e+03 3.99681777e+01 4.00000000e-02
4.24700000e+03 3.99822089e+01 4.00000000e-02
4.24800000e+03 4.00186013e+01 4.00000000e-02
4.24900000e+03 3.99978381e+01 4.00000000e-02
4.25000000e+03 3.99988247e+01 4.00000000e-02
4.25100000e+03 4.00421911e+01 4.00000000e-02
4.25200000e+03 3.99713444e+01 4.00000000e-02
4.25300000e+03 3.99811227e+01 4.00000000e-02
4.25400000e+03 3.99791028e+01 4.00000000e-02
4.25500000e+03 4.00467569e+01 4.00000000e-02
4.25600000e+03 4.00396562e+01 4.00000000e-02
4.25700000e+03 4.00514831e+01 4.00000000e-02
4.25800000e+03 3.99986500e+01 4.00000000e-02
4.25900000e+03 3.99937279e+01 4.00000000e-02
4.26000000e+03 4.00341109e+01 4.00000000e-02
4.26100000e+03 3.99842235e+01 4.00000000e-02
4.26200000e+03 4.00332267e+01 4.00000000e-02
4.26300000e+03 4.00289717e+01 4.00000000e-02
4.26400000e+03 3.99720673e+01 4.00000000e-02
4.26500000e+03 3.99966722e+01 4.00000000e-02
4.26600000e+03 3.99952300e+01 4.00000000e-02
4.26700000e+03 4.00693336e+01 4.00000000e-02
4.26800000e+03 4.01035129e+01 4.00000000e-02
4.26900000e+03 3.99960029e+01 4.00000000e-02
4.27000000e+03 4.00005626e+01 4.00000000e-02
4.27100000e+03 3.99087366e+01 4.00000000e-02
4.27200000e+03 4.00084613e+01 4.00000000e-02
4.27300000e+03 3.99997187e+01 4.00000000e-02
4.27400000e+03 3.99570862e+01 4.00000000e-02
4.27500000e+03 4.00314238e+01 4.00000000e-02
4.27600000e+03 3.99373698e+01 4.00000000e-02
4.27700000e+03 3.99914059e+01 4.00000000e-02
4.27800000e+03 4.00055543e+01 4.00000000e-02
4.27900000e+03 3.99500400e+01 4.00000000e-02
4.28000000e+03 4.00342696e+01 4.00000000e-02
4.28100000e+03 4.00422225e+01 4.00000000e-02
4.28200000e+03 3.99445432e+01 4.00000000e-02
4.28300000e+03 3.99436865e+01 4.00000000e-02
4.28400000e+03 4.00240904e+01 4.00000000e-02
4.28500000e+03 3.99987801e+01 4.00000000e-02
4.28600000e+03 3.99515439e+01 4.00000000e-02
4.28700000e+03 3.99881909e+01 4.00000000e-02
4.28800000e+03 3.99956993e+01 4.00000000e-02
4.28900000e+03 3.99942784e+01 4.00000000e-02
4.29000000e+03 4.00330995e+01 4.00000000e-02
4.29100000e+03 4.00153679e+01 4.00000000e-02
4.29200000e+03 4.00707786e+01 4.00000000e-02
4.29300000e+03 4.00549744e+01 4.00000000e-02
4.29400000e+03 4.00271390e+01 4.00000000e-02
4.29500000e+03 4.00430832e+01 4.00000000e-02
4.29600000e+03 4.00529528e+01 4.00000000e-02
4.29700000e+03 4.00282398e+01 4.00000000e-02
4.29800000e+03 3.99509703e+01 4.00000000e-02
4.29900000e+03 4.00343767e+01 4.00000000e-02
4.30000000e+03 4.00028909e+01 4.00000000e-02
4.30100000e+03 4.00647524e+01 4.00000000e-02
4.30200000e+03 4.00037390e+01 4.00000000e-02
4.30300000e+03 4.00210397e+01 4.00000000e-02
4.30400000e+03 4.00131856e+01 4.00000000e-02
4.30500000e+03 4.00672490e+01 4.00000000e-02
4.30600000e+03 4.00070873e+01 4.00000000e-02
4.30700000e+03 3.99892184e+01 4.00000000e-02
4.30800000e+03 4.00123637e+01 4.00000000e-02
4.30900000e+03 3.99824197e+01 4.00000000e-02
4.31000000e+03 4.00064816e+01 4.00000000e-02
4.31100000e+03 3.99997011e+01 4.00000000e-02
4.31200000e+03 4.00108649e+01 4.00000000e-02
4.31300000e+03 4.00769314e+01 4.00000000e-02
4.31400000e+03 3.99837724e+01 4.00000000e-02
4.31500000e+03 4.00014789e+01 4.00000000e-02
4.31600000e+03 3.99920203e+01 4.00000000e-02
4.31700000e+03 4.00269045e+01 4.00000000e-02
4.31800000e+03 3.99527370e+01 4.00000000e-02
4.31900000e+03 3.99722908e+01 4.00000000e-02
4.32000000e+03 3.99984204e+01 4.00000000e-02
4.32100000e+03 4.00218459e+01 4.00000000e-02
4.32200000e+03 3.99981488e+01 4.00000000e-02
4.32300000e+03 3.99799885e+01 4.00000000e-02
4.32400000e+03 3.99653269e+01 4.00000000e-02
4.32500000e+03 4.00204701e+01 4.00000000e-02
4.32600000e+03 4.00576879e+01 4.00000000e-02
4.32700000e+03 4.00129150e+01 4.00000000e-02
4.32800000e+03 4.00075254e+01 4.00000000e-02
4.32900000e+03 4.00177549e+01 4.00000000e-02
4.33000000e+03 3.99622939e+01 4.00000000e-02
4.33100000e+03 3.99875330e+01 4.00000000e-02
4.33200000e+03 3.99892829e+01 4.00000000e-02
4.33300000e+03 4.00118096e+01 4.00000000e-02
4.33400000e+03 3.99987190e+01 4.00000000e-02
4.33500000e+03 3.99513440e+01 4.00000000e-02
4.33600000e+03 4.00450092e+01 4.00000000e-02
4.33700000e+03 4.00676963e+01 4.00000000e-02
4.33800000e+03 3.99894721e+01 4.00000000e-02
4.33900000e+03 4.00159536e+01 4.00000000e-02
4.34000000e+03 4.00106865e+01 4.00000000e-02
4.34100000e+03 4.00313865e+01 4.00000000e-02
4.34200000e+03 3.99408087e+01 4.00000000e-02
4.34300000e+03 4.00645204e+01 4.00000000e-02
4.34400000e+03 3.99812859e+01 4.00000000e-02
4.34500000e+03 4.00505690e+01 4.00000000e-02
4.34600000e+03 4.00032268e+01 4.00000000e-02
4.34700000e+03 3.99844178e+01 4.00000000e-02
4.34800000e+03 3.99943819e+01 4.00000000e-02
4.34900000e+03 4.00358869e+01 4.00000000e-02
4.35000000e+03 3.99654690e+01 4.00000000e-02
4.35100000e+03 3.99849929e+01 4.00000000e-02
4.35200000e+03 3.99807128e+01 4.00000000e-02
4.35300000e+03 3.99313821e+01 4.00000000e-02
4.35400000e+03 4.00520170e+01 4.00000000e-02
4.35500000e+03 4.00231556e+01 4.00000000e-02
4.35600000e+03 3.99991474e+01 4.00000000e-02
4.35700000e+03 4.00465465e+01 4.00000000e-02
4.35800000e+03 3.99617428e+01 4.00000000e-02
4.35900000e+03 3.99970620e+01 4.00000000e-02
4.36000000e+03 4.00690161e+01 4.00000000e-02
4.36100000e+03 4.00391867e+01 4.00000000e-02
4.36200000e+03 3.99109820e+01 4.00000000e-02
4.36300000e+03 3.98667167e+01 4.00000000e-02
4.36400000e+03 3.99584838e+01 4.00000000e-02
4.36500000e+03 4.00424513e+01 4.00000000e-02
4.36600000e+03 3.99811022e+01 4.00000000e-02
4.36700000e+03 3.99912902e+01 4.00000000e-02
4.36800000e+03 4.00243309e+01 4.00000000e-02
4.36900000e+03 3.99645919e+01 4.00000000e-02
4.37000000e+03 4.00085151e+01 4.00000000e-02
4.37100000e+03 4.00316839e+01 4.00000000e-02
4.37200000e+03 4.00186805e+01 4.00000000e-02
4.37300000e+03 4.00158378e+01 4.00000000e-02
4.37400000e+03 3.99759182e+01 4.00000000e-02
4.37500000e+03 4.00205715e+01 4.00000000e-02
4.37600000e+03 3.99828948e+01 4.00000000e-02
4.37700000e+03 4.00521979e+01 4.00000000e-02
4.37800000e+03 4.01028037e+01 4.00000000e-02
4.37900000e+03 3.99704038e+01 4.00000000e-02
4.38000000e+03 3.99130199e+01 4.00000000e-02
4.38100000e+03 3.99829824e+01 4.00000000e-02
4.38200000e+03 4.00150738e+01 4.00000000e-02
4.38300000e+03 4.00420053e+01 4.00000000e-02
4.38400000e+03 4.00431606e+01 4.00000000e-02
4.38500000e+03 3.99686419e+01 4.00000000e-02
4.38600000e+03 3.99682706e+01 4.00000000e-02
4.38700000e+03 4.00506920e+01 4.00000000e-02
4.38800000e+03 3.99563045e+01 4.00000000e-02
4.38900000e+03 4.00436093e+01 4.00000000e-02
4.39000000e+03 3.99909245e+01 4.00000000e-02
4.39100000e+03 4.00306561e+01 4.00000000e-02
4.39200000e+03 4.00282466e+01 4.00000000e-02
4.39300000e+03 4.00310661e+01 4.00000000e-02
4.39400000e+03 4.00328171e+01 4.00000000e-02
4.39500000e+03 3.99604244e+01 4.00000000e-02
4.39600000e+03 4.00119008e+01 4.00000000e-02
4.39700000e+03 4.00005593e+01 4.00000000e-02
4.39800000e+03 4.00123363e+01 4.00000000e-02
4.39900000e+03 4.00493299e+01 4.00000000e-02
4.40000000e+03 3.99891557e+01 4.00000000e-02
4.40100000e+03 3.99715212e+01 4.00000000e-02
4.40200000e+03 3.99708754e+01 4.00000000e-02
4.40300000e+03 3.99875673e+01 4.00000000e-02
4.40400000e+03 4.00301044e+01 4.00000000e-02
4.40500000e+03 3.99674074e+01 4.00000000e-02
4.40600000e+03 4.00463703e+01 4.00000000e-02
4.40700000e+03 4.00116181e+01 4.00000000e-02
4.40800000e+03 3.99909556e+01 4.00000000e-02
4.40900000e+03 3.99467340e+01 4.00000000e-02
4.41000000e+03 4.00097973e+01 4.00000000e-02
4.41100000e+03 4.00276588e+01 4.00000000e-02
4.41200000e+03 3.99293694e+01 4.00000000e-02
4.41300000e+03 4.00476784e+01 4.00000000e-02
4.41400000e+03 4.00659099e+01 4.00000000e-02
4.41500000e+03 4.00135401e+01 4.00000000e-02
4.41600000e+03 4.00196712e+01 4.00000000e-02
4.41700000e+03 4.00965478e+01 4.00000000e-02
4.41800000e+03 4.00492756e+01 4.00000000e-02
4.41900000e+03 3.99640897e+01 4.00000000e-02
4.42000000e+03 3.99993342e+01 4.00000000e-02
4.42100000e+03 3.99937228e+01 4.00000000e-02
4.42200000e+03 3.99939649e+01 4.00000000e-02
4.42300000e+03 3.99054293e+01 4.00000000e-02
4.42400000e+03 4.00302802e+01 4.00000000e-02
4.42500000e+03 3.99745306e+01 4.00000000e-02
4.42600000e+03 4.00065461e+01 4.00000000e-02
4.42700000e+03 3.99945544e+01 4.00000000e-02
4.42800000e+03 4.00348438e+01 4.00000000e-02
4.42900000e+03 3.99881677e+01 4.00000000e-02
4.43000000e+03 3.99681829e+01 4.00000000e-02
4.43100000e+03 4.00212969e+01 4.00000000e-02
4.43200000e+03 4.00561954e+01 4.00000000e-02
4.43300000e+03 3.99872076e+01 4.00000000e-02
4.43400000e+03 4.00547979e+01 4.00000000e-02
4.43500000e+03 4.00104873e+01 4.00000000e-02
4.43600000e+03 3.99786908e+01 4.00000000e-02
4.43700000e+03 4.00610063e+01 4.00000000e-02
4.43800000e+03 3.99672549e+01 4.00000000e-02
4.43900000e+03 4.00405619e+01 4.00000000e-02
4.44000000e+03 3.99800726e+01 4.00000000e-02
4.44100000e+03 4.00180087e+01 4.00000000e-02
4.44200000e+03 3.99506341e+01 4.00000000e-02
4.44300000e+03 3.99664963e+01 4.00000000e-02
4.44400000e+03 4.00426021e+01 4.00000000e-02
4.44500000e+03 4.00075247e+01 4.00000000e-02
4.44600000e+03 4.00015317e+01 4.00000000e-02
4.44700000e+03 3.99824077e+01 4.00000000e-02
4.44800000e+03 4.00178592e+01 4.00000000e-02
4.44900000e+03 3.99441092e+01 4.00000000e-02
4.45000000e+03 3.99552026e+01 4.00000000e-02
4.45100000e+03 3.99936884e+01 4.00000000e-02
4.45200000e+03 3.99666288e+01 4.00000000e-02
4.45300000e+03 3.99719762e+01 4.00000000e-02
4.45400000e+03 3.99971399e+01 4.00000000e-02
4.45500000e+03 3.99944991e+01 4.00000000e-02
4.45600000e+03 3.99910997e+01 4.00000000e-02
4.45700000e+03 4.00666110e+01 4.00000000e-02
4.45800000e+03 4.00404430e+01 4.00000000e-02
4.45900000e+03 4.00491894e+01 4.00000000e-02
4.46000000e+03 3.99988735e+01 4.00000000e-02
4.46100000e+03 3.99798126e+01 4.00000000e-02
4.46200000e+03 3.99418440e+01 4.00000000e-02
4.46300000e+03 3.99860745e+01 4.00000000e-02
4.46400000e+03 3.99165618e+01 4.00000000e-02
4.46500000e+03 3.99766503e+01 4.00000000e-02
4.46600000e+03 4.00305696e+01 4.00000000e-02
4.46700000e+03 4.00648612e+01 4.00000000e-02
4.46800000e+03 4.00386243e+01 4.00000000e-02
4.46900000e+03 3.99655360e+01 4.00000000e-02
4.47000000e+03 4.00197047e+01 4.00000000e-02
4.47100000e+03 3.99684334e+01 4.00000000e-02
4.47200000e+03 4.00329190e+01 4.00000000e-02
4.47300000e+03 3.99955456e+01 4.00000000e-02
4.47400000e+03 4.00343280e+01 4.00000000e-02
4.47500000e+03 4.01029158e+01 4.00000000e-02
4.47600000e+03 4.00369010e+01 4.00000000e-02
4.47700000e+03 4.00932980e+01 4.00000000e-02
4.47800000e+03 4.00070977e+01 4.00000000e-02
4.47900000e+03 3.99868113e+01 4.00000000e-02
4.48000000e+03 4.00533482e+01 4.00000000e-02
4.48100000e+03 4.00689743e+01 4.00000000e-02
4.48200000e+03 3.99777994e+01 4.00000000e-02
4.48300000e+03 4.00030653e+01 4.00000000e-02
4.48400000e+03 3.99426188e+01 4.00000000e-02
4.48500000e+03 3.99919982e+01 4.00000000e-02
4.48600000e+03 4.00355333e+01 4.00000000e-02
4.48700000e+03 3.99965446e+01 4.00000000e-02
4.48800000e+03 3.99772313e+01 4.00000000e-02
4.48900000e+03 3.99437120e+01 4.00000000e-02
4.49000000e+03 4.00147525e+01 4.00000000e-02
4.49100000e+03 4.00321414e+01 4.00000000e-02
4.49200000e+03 4.00258675e+01 4.00000000e-02
4.49300000e+03 4.00233029e+01 4.00000000e-02
4.49400000e+03 4.00155151e+01 4.00000000e-02
4.49500000e+03 4.03333969e+01 4.00000000e-02
4.49600000e+03 4.08076030e+01 4.00000000e-02
4.49700000e+03 4.19369721e+01 4.00000000e-02
4.49800000e+03 4.36588780e+01 4.00000000e-02
4.49900000e+03 4.51944525e+01 4.00000000e-02
4.50000000e+03 4.59815555e+01 4.00000000e-02
4.50100000e+03 4.52755083e+01 4.00000000e-02
4.50200000e+03 4.36444522e+01 4.00000000e-02
4.50300000e+03 4.19966503e+01 4.00000000e-02
4.50400000e+03 4.08287525e+01 4.00000000e-02
4.50500000e+03 4.01896406e+01 4.00000000e-02
4.50600000e+03 4.00529147e+01 4.00000000e-02
4.50700000e+03 4.00213115e+01 4.00000000e-02
4.50800000e+03 4.00078941e+01 4.00000000e-02
4.50900000e+03 3.99489892e+01 4.00000000e-02
4.51000000e+03 3.99334720e+01 4.00000000e-02
4.51100000e+03 4.00219621e+01 4.00000000e-02
4.51200000e+03 4.00137415e+01 4.00000000e-02
4.51300000e+03 3.99991480e+01 4.00000000e-02
4.51400000e+03 3.99309831e+01 4.00000000e-02
4.51500000e+03 4.00709620e+01 4.00000000e-02
4.51600000e+03 3.98839907e+01 4.00000000e-02
4.51700000e+03 3.99854361e+01 4.00000000e-02
4.51800000e+03 4.00836461e+01 4.00000000e-02
4.51900000e+03 3.99937030e+01 4.00000000e-02
4.52000000e+03 4.00092828e+01 4.00000000e-02
4.52100000e+03 3.99528341e+01 4.00000000e-02
4.52200000e+03 4.00543456e+01 4.00000000e-02
4.52300000e+03 3.99482951e+01 4.00000000e-02
4.52400000e+03 4.00101768e+01 4.00000000e-02
4.52500000e+03 4.00053962e+01 4.00000000e-02
4.52600000e+03 3.99579710e+01 4.00000000e-02
4.52700000e+03 4.00354792e+01 4.00000000e-02
4.52800000e+03 3.99433617e+01 4.00000000e-02
4.52900000e+03 3.99726606e+01 4.00000000e-02
4.53000000e+03 3.99988519e+01 4.00000000e-02
4.53100000e+03 3.99835001e+01 4.00000000e-02
4.53200000e+03 4.00187123e+01 4.00000000e-02
4.53300000e+03 4.00369622e+01 4.00000000e-02
4.53400000e+03 3.99882490e+01 4.00000000e-02
4.53500000e+03 3.99783414e+01 4.00000000e-02
4.53600000e+03 3.99793209e+01 4.00000000e-02
4.53700000e+03 3.99853762e+01 4.00000000e-02
4.53800000e+03 4.00323860e+01 4.00000000e-02
4.53900000e+03 3.99912966e+01 4.00000000e-02
4.54000000e+03 4.00163056e+01 4.00000000e-02
4.54100000e+03 3.99963539e+01 4.00000000e-02
4.54200000e+03 3.99662214e+01 4.00000000e-02
4.54300000e+03 4.00345488e+01 4.00000000e-02
4.54400000e+03 3.99584783e+01 4.00000000e-02
4.54500000e+03 4.00002479e+01 4.00000000e-02
4.54600000e+03 4.00594810e+01 4.00000000e-02
4.54700000e+03 3.99562757e+01 4.00000000e-02
4.54800000e+03 3.99977925e+01 4.00000000e-02
4.54900000e+03 3.99366088e+01 4.00000000e-02
4.55000000e+03 3.99796233e+01 4.00000000e-02
4.55100000e+03 3.99402160e+01 4.00000000e-02
4.55200000e+03 3.99855365e+01 4.00000000e-02
4.55300000e+03 3.99784681e+01 4.00000000e-02
4.55400000e+03 4.00052789e+01 4.00000000e-02
4.55500000e+03 4.00633720e+01 4.00000000e-02
4.55600000e+03 4.00113194e+01 4.00000000e-02
4.55700000e+03 4.00263270e+01 4.00000000e-02
4.55800000e+03 3.99979719e+01 4.00000000e-02
4.55900000e+03 3.99902191e+01 4.00000000e-02
4.56000000e+03 3.99666407e+01 4.00000000e-02
4.56100000e+03 3.99279657e+01 4.00000000e-02
4.56200000e+03 4.00027448e+01 4.00000000e-02
4.56300000e+03 4.00651649e+01 4.00000000e-02
4.56400000e+03 4.00190520e+01 4.00000000e-02
4.56500000e+03 3.99786404e+01 4.00000000e-02
4.56600000e+03 4.00659762e+01 4.00000000e-02
4.56700000e+03 3.99826951e+01 4.00000000e-02
4.56800000e+03 3.99752464e+01 4.00000000e-02
4.56900000e+03 3.99514922e+01 4.00000000e-02
4.57000000e+03 3.99615180e+01 4.00000000e-02
4.57100000e+03 3.99901455e+01 4.00000000e-02
4.57200000e+03 4.00799608e+01 4.00000000e-02
4.57300000e+03 3.99917530e+01 4.00000000e-02
4.57400000e+03 3.99587393e+01 4.00000000e-02
4.57500000e+03 3.99757833e+01 4.00000000e-02
4.57600000e+03 3.99910855e+01 4.00000000e-02
4.57700000e+03 3.99315299e+01 4.00000000e-02
4.57800000e+03 4.00050651e+01 4.00000000e-02
4.57900000e+03 4.00280267e+01 4.00000000e-02
4.58000000e+03 4.00128325e+01 4.00000000e-02
4.58100000e+03 4.00240293e+01 4.00000000e-02
4.58200000e+03 3.99484181e+01 4.00000000e-02
4.58300000e+03 3.99320563e+01 4.00000000e-02
4.58400000e+03 4.00514230e+01 4.00000000e-02
4.58500000e+03 4.00437733e+01 4.00000000e-02
4.58600000e+03 3.99383894e+01 4.00000000e-02
4.58700000e+03 4.00082553e+01 4.00000000e-02
4.58800000e+03 4.00010211e+01 4.00000000e-02
4.58900000e+03 4.00217955e+01 4.00000000e-02
4.59000000e+03 4.00083434e+01 4.00000000e-02
4.59100000e+03 3.99799147e+01 4.00000000e-02
4.59200000e+03 4.00078103e+01 4.00000000e-02
4.59300000e+03 4.00062819e+01 4.00000000e-02
4.59400000e+03 3.99980549e+01 4.00000000e-02
4.59500000e+03 3.99259033e+01 4.00000000e-02
4.59600000e+03 3.98801920e+01 4.00000000e-02
4.59700000e+03 3.99683924e+01 4.00000000e-02
4.59800000e+03 3.99346091e+01 4.00000000e-02
4.59900000e+03 4.00101025e+01 4.00000000e-02
4.60000000e+03 4.00286439e+01 4.00000000e-02
4.60100000e+03 4.00105246e+01 4.00000000e-02
4.60200000e+03 3.99852189e+01 4.00000000e-02
4.60300000e+03 4.00028192e+01 4.00000000e-02
4.60400000e+03 4.00466936e+01 4.00000000e-02
4.60500000e+03 3.99708477e+01 4.00000000e-02
4.60600000e+03 4.00368918e+01 4.00000000e-02
4.60700000e+03 4.00283047e+01 4.00000000e-02
4.60800000e+03 4.00104674e+01 4.00000000e-02
4.60900000e+03 4.00580772e+01 4.00000000e-02
4.61000000e+03 3.99712873e+01 4.00000000e-02
4.61100000e+03 4.00377002e+01 4.00000000e-02
4.61200000e+03 3.99628419e+01 4.00000000e-02
4.61300000e+03 3.99693187e+01 4.00000000e-02
4.61400000e+03 3.99576116e+01 4.00000000e-02
4.61500000e+03 4.00178333e+01 4.00000000e-02
4.61600000e+03 3.99624096e+01 4.00000000e-02
4.61700000e+03 4.00020864e+01 4.00000000e-02
4.61800000e+03 3.99545315e+01 4.00000000e-02
4.61900000e+03 4.00426503e+01 4.00000000e-02
4.62000000e+03 4.00734469e+01 4.00000000e-02
4.62100000e+03 4.00090431e+01 4.00000000e-02
4.62200000e+03 4.00657346e+01 4.00000000e-02
4.62300000e+03 4.00224265e+01 4.00000000e-02
4.62400000e+03 4.00867724e+01 4.00000000e-02
4.62500000e+03 4.00039886e+01 4.00000000e-02
4.62600000e+03 3.99371831e+01 4.00000000e-02
4.62700000e+03 4.00596234e+01 4.00000000e-02
4.62800000e+03 3.99949453e+01 4.00000000e-02
4.62900000e+03 3.99585662e+01 4.00000000e-02
4.63000000e+03 3.99737494e+01 4.00000000e-02
4.63100000e+03 3.99349467e+01 4.00000000e-02
4.63200000e+03 3.99932919e+01 4.00000000e-02
4.63300000e+03 3.99571494e+01 4.00000000e-02
4.63400000e+03 4.00593672e+01 4.00000000e-02
4.63500000e+03 4.00265797e+01 4.00000000e-02
4.63600000e+03 3.99335838e+01 4.00000000e-02
4.63700000e+03 3.99396251e+01 4.00000000e-02
4.63800000e+03 3.99773210e+01 4.00000000e-02
4.63900000e+03 3.99229984e+01 4.00000000e-02
4.64000000e+03 3.99956078e+01 4.00000000e-02
4.64100000e+03 3.99982621e+01 4.00000000e-02
4.64200000e+03 3.99690877e+01 4.00000000e-02
4.64300000e+03 3.99781402e+01 4.00000000e-02
4.64400000e+03 4.00199541e+01 4.00000000e-02
4.64500000e+03 4.00568674e+01 4.00000000e-02
4.64600000e+03 4.00598269e+01 4.00000000e-02
4.64700000e+03 4.00013724e+01 4.00000000e-02
4.64800000e+03 4.00342340e+01 4.00000000e-02
4.64900000e+03 3.99704658e+01 4.00000000e-02
4.65000000e+03 4.00164782e+01 4.00000000e-02
4.65100000e+03 3.99616131e+01 4.00000000e-02
4.65200000e+03 4.00291829e+01 4.00000000e-02
4.65300000e+03 3.99504640e+01 4.00000000e-02
4.65400000e+03 3.99613967e+01 4.00000000e-02
4.65500000e+03 3.99996662e+01 4.00000000e-02
4.65600000e+03 4.00222796e+01 4.00000000e-02
4.65700000e+03 3.99424730e+01 4.00000000e-02
4.65800000e+03 3.99785345e+01 4.00000000e-02
4.65900000e+03 4.00054060e+01 4.00000000e-02
4.66000000e+03 4.00091619e+01 4.00000000e-02
4.66100000e+03 3.99664480e+01 4.00000000e-02
4.66200000e+03 4.00038753e+01 4.00000000e-02
4.66300000e+03 3.99893105e+01 4.00000000e-02
4.66400000e+03 4.00561532e+01 4.00000000e-02
4.66500000e+03 4.00222759e+01 4.00000000e-02
4.66600000e+03 3.99470362e+01 4.00000000e-02
4.66700000e+03 3.99119377e+01 4.00000000e-02
4.66800000e+03 4.00039953e+01 4.00000000e-02
4.66900000e+03 4.00472834e+01 4.00000000e-02
4.67000000e+03 4.00069496e+01 4.00000000e-02
4.67100000e+03 4.00352826e+01 4.00000000e-02
4.67200000e+03 3.99806131e+01 4.00000000e-02
4.67300000e+03 3.99454432e+01 4.00000000e-02
4.67400000e+03 4.00299437e+01 4.00000000e-02
4.67500000e+03 4.00039577e+01 4.00000000e-02
4.67600000e+03 4.00273473e+01 4.00000000e-02
4.67700000e+03 3.99447374e+01 4.00000000e-02
4.67800000e+03 4.00072621e+01 4.00000000e-02
4.67900000e+03 3.99749800e+01 4.00000000e-02
4.68000000e+03 4.00322636e+01 4.00000000e-02
4.68100000e+03 3.99767725e+01 4.00000000e-02
4.68200000e+03 3.99757042e+01 4.00000000e-02
4.68300000e+03 3.99765712e+01 4.00000000e-02
4.68400000e+03 4.00505487e+01 4.00000000e-02
4.68500000e+03 4.00011546e+01 4.00000000e-02
4.68600000e+03 3.99696001e+01 4.00000000e-02
4.68700000e+03 3.99590966e+01 4.00000000e-02
4.68800000e+03 3.99582351e+01 4.00000000e-02
4.68900000e+03 4.00585051e+01 4.00000000e-02
4.69000000e+03 3.99274090e+01 4.00000000e-02
4.69100000e+03 3.99659857e+01 4.00000000e-02
4.69200000e+03 4.00255156e+01 4.00000000e-02
4.69300000e+03 4.00471398e+01 4.00000000e-02
4.69400000e+03 3.99940689e+01 4.00000000e-02
4.69500000e+03 4.00314206e+01 4.00000000e-02
4.69600000e+03 4.00303847e+01 4.00000000e-02
4.69700000e+03 4.00394475e+01 4.00000000e-02
4.69800000e+03 4.00018566e+01 4.00000000e-02
4.69900000e+03 4.00661987e+01 4.00000000e-02
4.70000000e+03 4.00086450e+01 4.00000000e-02
4.70100000e+03 4.00619280e+01 4.00000000e-02
4.70200000e+03 3.99566885e+01 4.00000000e-02
4.70300000e+03 4.00384245e+01 4.00000000e-02
4.70400000e+03 3.99505985e+01 4.00000000e-02
4.70500000e+03 3.99409767e+01 4.00000000e-02
4.70600000e+03 4.00210200e+01 4.00000000e-02
4.70700000e+03 3.99680102e+01 4.00000000e-02
4.70800000e+03 4.00190797e+01 4.00000000e-02
4.70900000e+03 3.99584297e+01 4.00000000e-02
4.71000000e+03 4.00656150e+01 4.00000000e-02
4.71100000e+03 4.00018165e+01 4.00000000e-02
4.71200000e+03 3.99562291e+01 4.00000000e-02
4.71300000e+03 4.00086264e+01 4.00000000e-02
4.71400000e+03 4.00369632e+01 4.00000000e-02
4.71500000e+03 3.99709246e+01 4.00000000e-02
4.71600000e+03 4.00224700e+01 4.00000000e-02
4.71700000e+03 4.00837339e+01 4.00000000e-02
4.71800000e+03 4.00366194e+01 4.00000000e-02
4.71900000e+03 4.00015699e+01 4.00000000e-02
4.72000000e+03 3.99792190e+01 4.00000000e-02
4.72100000e+03 4.00251655e+01 4.00000000e-02
4.72200000e+03 3.99414238e+01 4.00000000e-02
4.72300000e+03 3.98805409e+01 4.00000000e-02
4.72400000e+03 3.99754641e+01 4.00000000e-02
4.72500000e+03 3.99588614e+01 4.00000000e-02
4.72600000e+03 4.00719936e+01 4.00000000e-02
4.72700000e+03 4.00078355e+01 4.00000000e-02
4.72800000e+03 3.99628639e+01 4.00000000e-02
4.72900000e+03 3.99557917e+01 4.00000000e-02
4.73000000e+03 4.00223257e+01 4.00000000e-02
4.73100000e+03 3.99691516e+01 4.00000000e-02
4.73200000e+03 3.99791080e+01 4.00000000e-02
4.73300000e+03 3.99987852e+01 4.00000000e-02
4.73400000e+03 4.00060145e+01 4.00000000e-02
4.73500000e+03 4.00064218e+01 4.00000000e-02
4.73600000e+03 4.00071769e+01 4.00000000e-02
4.73700000e+03 4.00547133e+01 4.00000000e-02
4.73800000e+03 4.00707472e+01 4.00000000e-02
4.73900000e+03 3.99366034e+01 4.00000000e-02
4.74000000e+03 4.01058513e+01 4.00000000e-02
4.74100000e+03 4.00079652e+01 4.00000000e-02
4.74200000e+03 4.00525944e+01 4.00000000e-02
4.74300000e+03 3.99732713e+01 4.00000000e-02
4.74400000e+03 4.00158925e+01 4.00000000e-02
4.74500000e+03 4.00115003e+01 4.00000000e-02
4.74600000e+03 4.00074452e+01 4.00000000e-02
4.74700000e+03 4.00370286e+01 4.00000000e-02
4.74800000e+03 4.00282294e+01 4.00000000e-02
4.74900000e+03 3.99627434e+01 4.00000000e-02
4.75000000e+03 3.99982631e+01 4.00000000e-02
4.75100000e+03 4.00321385e+01 4.00000000e-02
4.75200000e+03 4.00304766e+01 4.00000000e-02
4.75300000e+03 3.99895612e+01 4.00000000e-02
4.75400000e+03 3.99917756e+01 4.00000000e-02
4.75500000e+03 3.99968516e+01 4.00000000e-02
4.75600000e+03 3.99588364e+01 4.00000000e-02
4.75700000e+03 3.99515108e+01 4.00000000e-02
4.75800000e+03 4.00657849e+01 4.00000000e-02
4.75900000e+03 3.99872068e+01 4.00000000e-02
4.76000000e+03 4.00068273e+01 4.00000000e-02
4.76100000e+03 3.99730913e+01 4.00000000e-02
4.76200000e+03 4.00549111e+01 4.00000000e-02
4.76300000e+03 4.00731054e+01 4.00000000e-02
4.76400000e+03 3.99942166e+01 4.00000000e-02
4.76500000e+03 4.00235898e+01 4.00000000e-02
4.76600000e+03 3.99728138e+01 4.00000000e-02
4.76700000e+03 4.00736139e+01 4.00000000e-02
4.76800000e+03 4.00400457e+01 4.00000000e-02
4.76900000e+03 3.99694153e+01 4.00000000e-02
4.77000000e+03 4.00529269e+01 4.00000000e-02
4.77100000e+03 4.00174102e+01 4.00000000e-02
4.77200000e+03 4.00195482e+01 4.00000000e-02
4.77300000e+03 4.00172899e+01 4.00000000e-02
4.77400000e+03 3.99762291e+01 4.00000000e-02
4.77500000e+03 3.99814387e+01 4.00000000e-02
4.77600000e+03 4.00278484e+01 4.00000000e-02
4.77700000e+03 4.00009401e+01 4.00000000e-02
4.77800000e+03 3.99649676e+01 4.00000000e-02
4.77900000e+03 4.00841340e+01 4.00000000e-02
4.78000000e+03 3.99944754e+01 4.00000000e-02
4.78100000e+03 3.99804637e+01 4.00000000e-02
4.78200000e+03 3.99749127e+01 4.00000000e-02
4.78300000e+03 4.00304175e+01 4.00000000e-02
4.78400000e+03 4.00417866e+01 4.00000000e-02
4.78500000e+03 4.00126158e+01 4.00000000e-02
4.78600000e+03 4.00375370e+01 4.00000000e-02
4.78700000e+03 3.99427942e+01 4.00000000e-02
4.78800000e+03 3.99878746e+01 4.00000000e-02
4.78900000e+03 3.99839051e+01 4.00000000e-02
4.79000000e+03 4.00029071e+01 4.00000000e-02
4.79100000e+03 4.00222128e+01 4.00000000e-02
4.79200000e+03 3.99210621e+01 4.00000000e-02
4.79300000e+03 4.01276509e+01 4.00000000e-02
4.79400000e+03 3.99678938e+01 4.00000000e-02
4.79500000e+03 4.00163435e+01 4.00000000e-02
4.79600000e+03 4.00356266e+01 4.00000000e-02
4.79700000e+03 4.00365297e+01 4.00000000e-02
4.79800000e+03 4.00120612e+01 4.00000000e-02
4.79900000e+03 3.98859584e+01 4.00000000e-02
4.80000000e+03 3.99588233e+01 4.00000000e-02
4.80100000e+03 4.00326018e+01 4.00000000e-02
4.80200000e+03 3.99653099e+01 4.00000000e-02
4.80300000e+03 3.99598639e+01 4.00000000e-02
4.80400000e+03 3.99078018e+01 4.00000000e-02
4.80500000e+03 4.00506628e+01 4.00000000e-02
4.80600000e+03 4.00222611e+01 4.00000000e-02
4.80700000e+03 3.99660410e+01 4.00000000e-02
4.80800000e+03 3.99963625e+01 4.00000000e-02
4.80900000e+03 3.99975588e+01 4.00000000e-02
4.81000000e+03 3.99568333e+01 4.00000000e-02
4.81100000e+03 3.99904362e+01 4.00000000e-02
4.81200000e+03 4.00114899e+01 4.00000000e-02
4.81300000e+03 4.00233504e+01 4.00000000e-02
4.81400000e+03 4.00518266e+01 4.00000000e-02
4.81500000e+03 4.00022819e+01 4.00000000e-02
4.81600000e+03 3.99825699e+01 4.00000000e-02
4.81700000e+03 4.00171178e+01 4.00000000e-02
4.81800000e+03 3.99757817e+01 4.00000000e-02
4.81900000e+03 3.99508639e+01 4.00000000e-02
4.82000000e+03 4.00466327e+01 4.00000000e-02
4.82100000e+03 3.99856135e+01 4.00000000e-02
4.82200000e+03 4.00056755e+01 4.00000000e-02
4.82300000e+03 4.00268042e+01 4.00000000e-02
4.82400000e+03 3.99564999e+01 4.00000000e-02
4.82500000e+03 4.00264428e+01 4.00000000e-02
4.82600000e+03 4.00188003e+01 4.00000000e-02
4.82700000e+03 3.99968522e+01 4.00000000e-02
4.82800000e+03 4.00165531e+01 4.00000000e-02
4.82900000e+03 3.99704970e+01 4.00000000e-02
4.83000000e+03 3.99125349e+01 4.00000000e-02
4.83100000e+03 3.99894232e+01 4.00000000e-02
4.83200000e+03 3.99642954e+01 4.00000000e-02
4.83300000e+03 4.00354803e+01 4.00000000e-02
4.83400000e+03 4.00113136e+01 4.00000000e-02
4.83500000e+03 3.99795355e+01 4.00000000e-02
4.83600000e+03 4.00026238e+01 4.00000000e-02
4.83700000e+03 4.00548434e+01 4.00000000e-02
4.83800000e+03 4.00461227e+01 4.00000000e-02
4.83900000e+03 4.00154761e+01 4.00000000e-02
4.84000000e+03 4.00179411e+01 4.00000000e-02
4.84100000e+03 3.99895837e+01 4.00000000e-02
4.84200000e+03 3.99954855e+01 4.00000000e-02
4.84300000e+03 4.00242668e+01 4.00000000e-02
4.84400000e+03 3.99959126e+01 4.00000000e-02
4.84500000e+03 4.00126454e+01 4.00000000e-02
4.84600000e+03 3.99560430e+01 4.00000000e-02
4.84700000e+03 3.99339071e+01 4.00000000e-02
4.84800000e+03 3.99326923e+01 4.00000000e-02
4.84900000e+03 3.99831494e+01 4.00000000e-02
4.85000000e+03 4.00537716e+01 4.00000000e-02
4.85100000e+03 4.00479838e+01 4.00000000e-02
4.85200000e+03 3.99607428e+01 4.00000000e-02
4.85300000e+03 3.99383677e+01 4.00000000e-02
4.85400000e+03 4.00323559e+01 4.00000000e-02
4.85500000e+03 4.00191594e+01 4.00000000e-02
4.85600000e+03 3.99458693e+01 4.00000000e-02
4.85700000e+03 4.00429425e+01 4.00000000e-02
4.85800000e+03 4.00076099e+01 4.00000000e-02
4.85900000e+03 4.00535781e+01 4.00000000e-02
4.86000000e+03 4.00143189e+01 4.00000000e-02
4.86100000e+03 4.00362376e+01 4.00000000e-02
4.86200000e+03 4.00134738e+01 4.00000000e-02
4.86300000e+03 3.99624941e+01 4.00000000e-02
4.86400000e+03 3.99912844e+01 4.00000000e-02
4.86500000e+03 3.99734792e+01 4.00000000e-02
4.86600000e+03 4.00338101e+01 4.00000000e-02
4.86700000e+03 3.99607294e+01 4.00000000e-02
4.86800000e+03 3.99392227e+01 4.00000000e-02
4.86900000e+03 4.00278724e+01 4.00000000e-02
4.87000000e+03 4.00464373e+01 4.00000000e-02
4.87100000e+03 4.00583964e+01 4.00000000e-02
4.87200000e+03 4.00442720e+01 4.00000000e-02
4.87300000e+03 3.99402202e+01 4.00000000e-02
4.87400000e+03 3.99726495e+01 4.00000000e-02
4.87500000e+03 3.99785798e+01 4.00000000e-02
4.87600000e+03 3.99995991e+01 4.00000000e-02
4.87700000e+03 3.99143211e+01 4.00000000e-02
4.87800000e+03 4.00000987e+01 4.00000000e-02
4.87900000e+03 4.00115520e+01 4.00000000e-02
4.88000000e+03 3.99624386e+01 4.00000000e-02
4.88100000e+03 4.00051853e+01 4.00000000e-02
4.88200000e+03 4.00481217e+01 4.00000000e-02
4.88300000e+03 4.00023016e+01 4.00000000e-02
4.88400000e+03 4.00427356e+01 4.00000000e-02
4.88500000e+03 4.00410174e+01 4.00000000e-02
4.88600000e+03 4.00168659e+01 4.00000000e-02
4.88700000e+03 4.00157973e+01 4.00000000e-02
4.88800000e+03 3.99855810e+01 4.00000000e-02
4.88900000e+03 4.00500979e+01 4.00000000e-02
4.89000000e+03 3.99816103e+01 4.00000000e-02
4.89100000e+03 3.99725580e+01 4.00000000e-02
4.89200000e+03 4.00286929e+01 4.00000000e-02
4.89300000e+03 3.99714098e+01 4.00000000e-02
4.89400000e+03 4.00174945e+01 4.00000000e-02
4.89500000e+03 4.00427450e+01 4.00000000e-02
4.89600000e+03 4.00036942e+01 4.00000000e-02
4.89700000e+03 4.00047006e+01 4.00000000e-02
4.89800000e+03 4.00372288e+01 4.00000000e-02
4.89900000e+03 4.00306515e+01 4.00000000e-02
4.90000000e+03 3.99389023e+01 4.00000000e-02
4.90100000e+03 3.99480938e+01 4.00000000e-02
4.90200000e+03 4.00537974e+01 4.00000000e-02
4.90300000e+03 4.00161650e+01 4.00000000e-02
4.90400000e+03 3.99173118e+01 4.00000000e-02
4.90500000e+03 3.99466332e+01 4.00000000e-02
4.90600000e+03 4.00016038e+01 4.00000000e-02
4.90700000e+03 3.99614153e+01 4.00000000e-02
4.90800000e+03 4.00194089e+01 4.00000000e-02
4.90900000e+03 4.00038073e+01 4.00000000e-02
4.91000000e+03 4.00203151e+01 4.00000000e-02
4.91100000e+03 3.99539743e+01 4.00000000e-02
4.91200000e+03 4.00255734e+01 4.00000000e-02
4.91300000e+03 4.00791332e+01 4.00000000e-02
4.91400000e+03 3.99689654e+01 4.00000000e-02
4.91500000e+03 4.00533529e+01 4.00000000e-02
4.91600000e+03 4.00400847e+01 4.00000000e-02
4.91700000e+03 4.00265996e+01 4.00000000e-02
4.91800000e+03 3.99982168e+01 4.00000000e-02
4.91900000e+03 3.99543772e+01 4.00000000e-02
4.92000000e+03 3.99657532e+01 4.00000000e-02
4.92100000e+03 4.00314451e+01 4.00000000e-02
4.92200000e+03 4.00400643e+01 4.00000000e-02
4.92300000e+03 4.00498263e+01 4.00000000e-02
4.92400000e+03 4.00393407e+01 4.00000000e-02
4.92500000e+03 4.00370602e+01 4.00000000e-02
4.92600000e+03 3.99835496e+01 4.00000000e-02
4.92700000e+03 3.99526237e+01 4.00000000e-02
4.92800000e+03 4.00091104e+01 4.00000000e-02
4.92900000e+03 4.00209626e+01 4.00000000e-02
4.93000000e+03 4.00043881e+01 4.00000000e-02
4.93100000e+03 3.99401437e+01 4.00000000e-02
4.93200000e+03 3.99801502e+01 4.00000000e-02
4.93300000e+03 3.99418784e+01 4.00000000e-02
4.93400000e+03 4.00067994e+01 4.00000000e-02
4.93500000e+03 3.99589659e+01 4.00000000e-02
4.93600000e+03 3.99943009e+01 4.00000000e-02
4.93700000e+03 4.00138905e+01 4.00000000e-02
4.93800000e+03 4.00064842e+01 4.00000000e-02
4.93900000e+03 4.00557444e+01 4.00000000e-02
4.94000000e+03 3.99568110e+01 4.00000000e-02
4.94100000e+03 3.99136775e+01 4.00000000e-02
4.94200000e+03 4.00388357e+01 4.00000000e-02
4.94300000e+03 4.00571410e+01 4.00000000e-02
4.94400000e+03 4.00583514e+01 4.00000000e-02
4.94500000e+03 4.00124740e+01 4.00000000e-02
4.94600000e+03 4.00226716e+01 4.00000000e-02
4.94700000e+03 4.00060262e+01 4.00000000e-02
4.94800000e+03 3.99493335e+01 4.00000000e-02
4.94900000e+03 3.99783057e+01 4.00000000e-02
4.95000000e+03 4.00210291e+01 4.00000000e-02
4.95100000e+03 3.99780891e+01 4.00000000e-02
4.95200000e+03 4.00774896e+01 4.00000000e-02
4.95300000e+03 3.99395608e+01 4.00000000e-02
4.95400000e+03 3.99838485e+01 4.00000000e-02
4.95500000e+03 4.00456212e+01 4.00000000e-02
4.95600000e+03 3.99769090e+01 4.00000000e-02
4.95700000e+03 3.99559210e+01 4.00000000e-02
4.95800000e+03 3.99468527e+01 4.00000000e-02
4.95900000e+03 3.99721526e+01 4.00000000e-02
4.96000000e+03 4.00616384e+01 4.00000000e-02
4.96100000e+03 4.00176020e+01 4.00000000e-02
4.96200000e+03 4.00219131e+01 4.00000000e-02
4.96300000e+03 3.99804907e+01 4.00000000e-02
4.96400000e+03 4.00350428e+01 4.00000000e-02
4.96500000e+03 4.00055538e+01 4.00000000e-02
4.96600000e+03 3.99644459e+01 4.00000000e-02
4.96700000e+03 3.99832028e+01 4.00000000e-02
4.96800000e+03 4.00094034e+01 4.00000000e-02
4.96900000e+03 4.00481388e+01 4.00000000e-02
4.97000000e+03 3.99989886e+01 4.00000000e-02
4.97100000e+03 4.00213224e+01 4.00000000e-02
4.97200000e+03 4.00821141e+01 4.00000000e-02
4.97300000e+03 3.99693857e+01 4.00000000e-02
4.97400000e+03 3.99517130e+01 4.00000000e-02
4.97500000e+03 4.00406785e+01 4.00000000e-02
4.97600000e+03 4.00188854e+01 4.00000000e-02
4.97700000e+03 3.99974320e+01 4.00000000e-02
4.97800000e+03 4.00119280e+01 4.00000000e-02
4.97900000e+03 3.99881902e+01 4.00000000e-02
4.98000000e+03 4.00220168e+01 4.00000000e-02
4.98100000e+03 3.99879509e+01 4.00000000e-02
4.98200000e+03 4.00333865e+01 4.00000000e-02
4.98300000e+03 3.99545699e+01 4.00000000e-02
4.98400000e+03 3.99687338e+01 4.00000000e-02
4.98500000e+03 4.00060614e+01 4.00000000e-02
4.98600000e+03 3.99826190e+01 4.00000000e-02
4.98700000e+03 4.00292439e+01 4.00000000e-02
4.98800000e+03 3.99997410e+01 4.00000000e-02
4.98900000e+03 3.99797454e+01 4.00000000e-02
4.99000000e+03 4.00098386e+01 4.00000000e-02
4.99100000e+03 3.99803414e+01 4.00000000e-02
4.99200000e+03 3.99391668e+01 4.00000000e-02
4.99300000e+03 3.99560413e+01 4.00000000e-02
4.99400000e+03 3.99694353e+01 4.00000000e-02
4.99500000e+03 3.99827159e+01 4.00000000e-02
4.99600000e+03 4.00054443e+01 4.00000000e-02
4.99700000e+03 4.00379995e+01 4.00000000e-02
4.99800000e+03 4.00236537e+01 4.00000000e-02
4.99900000e+03 4.00728247e+01 4.00000000e-02
5.00000000e+03 4.00526436e+01 4.00000000e-02
5.00100000e+03 3.99941372e+01 4.00000000e-02
5.00200000e+03 4.00677436e+01 4.00000000e-02
5.00300000e+03 4.00489680e+01 4.00000000e-02
5.00400000e+03 3.99836103e+01 4.00000000e-02
5.00500000e+03 4.00142176e+01 4.00000000e-02
5.00600000e+03 4.00455553e+01 4.00000000e-02
5.00700000e+03 4.00114650e+01 4.00000000e-02
5.00800000e+03 4.00424578e+01 4.00000000e-02
5.00900000e+03 4.00176390e+01 4.00000000e-02
5.01000000e+03 4.00299720e+01 4.00000000e-02
5.01100000e+03 3.99891119e+01 4.00000000e-02
5.01200000e+03 4.00170101e+01 4.00000000e-02
5.01300000e+03 3.99873057e+01 4.00000000e-02
5.01400000e+03 4.00289043e+01 4.00000000e-02
5.01500000e+03 3.99343176e+01 4.00000000e-02
5.01600000e+03 4.00152695e+01 4.00000000e-02
5.01700000e+03 4.00518931e+01 4.00000000e-02
5.01800000e+03 4.00250979e+01 4.00000000e-02
5.01900000e+03 4.00008655e+01 4.00000000e-02
5.02000000e+03 4.00234460e+01 4.00000000e-02
5.02100000e+03 3.99680621e+01 4.00000000e-02
5.02200000e+03 3.99686277e+01 4.00000000e-02
5.02300000e+03 3.99875327e+01 4.00000000e-02
5.02400000e+03 3.99959738e+01 4.00000000e-02
5.02500000e+03 4.00405275e+01 4.00000000e-02
5.02600000e+03 3.99661200e+01 4.00000000e-02
5.02700000e+03 4.00419111e+01 4.00000000e-02
5.02800000e+03 3.99389666e+01 4.00000000e-02
5.02900000e+03 3.99703983e+01 4.00000000e-02
5.03000000e+03 4.00004037e+01 4.00000000e-02
5.03100000e+03 4.00481822e+01 4.00000000e-02
5.03200000e+03 3.99773244e+01 4.00000000e-02
5.03300000e+03 3.99161258e+01 4.00000000e-02
5.03400000e+03 4.00186655e+01 4.00000000e-02
5.03500000e+03 4.00007014e+01 4.00000000e-02
5.03600000e+03 3.99585750e+01 4.00000000e-02
5.03700000e+03 3.99601059e+01 4.00000000e-02
5.03800000e+03 3.99740321e+01 4.00000000e-02
5.03900000e+03 4.00057850e+01 4.00000000e-02
5.04000000e+03 4.00283921e+01 4.00000000e-02
5.04100000e+03 3.99427157e+01 4.00000000e-02
5.04200000e+03 4.00934005e+01 4.00000000e-02
5.04300000e+03 4.00003281e+01 4.00000000e-02
5.04400000e+03 3.99869218e+01 4.00000000e-02
5.04500000e+03 4.00287458e+01 4.00000000e-02
5.04600000e+03 4.00061806e+01 4.00000000e-02
5.04700000e+03 4.00952715e+01 4.00000000e-02
5.04800000e+03 4.00456599e+01 4.00000000e-02
5.04900000e+03 3.99870689e+01 4.00000000e-02
5.05000000e+03 3.99861805e+01 4.00000000e-02
5.05100000e+03 3.99818774e+01 4.00000000e-02
5.05200000e+03 3.99881254e+01 4.00000000e-02
5.05300000e+03 4.00286969e+01 4.00000000e-02
5.05400000e+03 3.99759414e+01 4.00000000e-02
5.05500000e+03 4.00662930e+01 4.00000000e-02
5.05600000e+03 3.99984859e+01 4.00000000e-02
5.05700000e+03 3.99959328e+01 4.00000000e-02
5.05800000e+03 4.00397092e+01 4.00000000e-02
5.05900000e+03 3.99225740e+01 4.00000000e-02
5.06000000e+03 3.99643018e+01 4.00000000e-02
5.06100000e+03 4.00256865e+01 4.00000000e-02
5.06200000e+03 4.00021835e+01 4.00000000e-02
5.06300000e+03 4.00012362e+01 4.00000000e-02
5.06400000e+03 4.00175905e+01 4.00000000e-02
5.06500000e+03 3.99776654e+01 4.00000000e-02
5.06600000e+03 3.99948675e+01 4.00000000e-02
5.06700000e+03 3.99472505e+01 4.00000000e-02
5.06800000e+03 3.99266762e+01 4.00000000e-02
5.06900000e+03 4.00522689e+01 4.00000000e-02
5.07000000e+03 3.99643536e+01 4.00000000e-02
5.07100000e+03 3.99730132e+01 4.00000000e-02
5.07200000e+03 4.00575069e+01 4.00000000e-02
5.07300000e+03 4.00440213e+01 4.00000000e-02
5.07400000e+03 3.99805714e+01 4.00000000e-02
5.07500000e+03 3.99803808e+01 4.00000000e-02
5.07600000e+03 3.99983312e+01 4.00000000e-02
5.07700000e+03 3.99633994e+01 4.00000000e-02
5.07800000e+03 4.00235214e+01 4.00000000e-02
5.07900000e+03 4.00073840e+01 4.00000000e-02
5.08000000e+03 4.00067586e+01 4.00000000e-02
5.08100000e+03 4.00317045e+01 4.00000000e-02
5.08200000e+03 4.00303123e+01 4.00000000e-02
5.08300000e+03 4.00752410e+01 4.00000000e-02
5.08400000e+03 4.00622263e+01 4.00000000e-02
5.08500000e+03 3.99331527e+01 4.00000000e-02
5.08600000e+03 4.00374653e+01 4.00000000e-02
5.08700000e+03 3.99568045e+01 4.00000000e-02
5.08800000e+03 3.99444203e+01 4.00000000e-02
5.08900000e+03 4.00299886e+01 4.00000000e-02
5.09000000e+03 3.99734502e+01 4.00000000e-02
5.09100000e+03 3.99889016e+01 4.00000000e-02
5.09200000e+03 4.00443394e+01 4.00000000e-02
5.09300000e+03 3.99750021e+01 4.00000000e-02
5.09400000e+03 3.99657263e+01 4.00000000e-02
5.09500000e+03 4.00146084e+01 4.00000000e-02
5.09600000e+03 4.00504640e+01 4.00000000e-02
5.09700000e+03 4.00226877e+01 4.00000000e-02
5.09800000e+03 3.99393906e+01 4.00000000e-02
5.09900000e+03 3.99754938e+01 4.00000000e-02
5.10000000e+03 3.99954519e+01 4.00000000e-02
5.10100000e+03 4.00787478e+01 4.00000000e-02
5.10200000e+03 4.00372704e+01 4.00000000e-02
5.10300000e+03 4.00355949e+01 4.00000000e-02
5.10400000e+03 4.00496537e+01 4.00000000e-02
5.10500000e+03 3.99891743e+01 4.00000000e-02
5.10600000e+03 4.00207258e+01 4.00000000e-02
5.10700000e+03 4.00211517e+01 4.00000000e-02
5.10800000e+03 3.99624623e+01 4.00000000e-02
5.10900000e+03 4.00008681e+01 4.00000000e-02
5.11000000e+03 4.00241051e+01 4.00000000e-02
5.11100000e+03 3.99583496e+01 4.00000000e-02
5.11200000e+03 4.00338658e+01 4.00000000e-02
5.11300000e+03 4.00318884e+01 4.00000000e-02
5.11400000e+03 4.00428883e+01 4.00000000e-02
5.11500000e+03 3.99705453e+01 4.00000000e-02
5.11600000e+03 4.00058283e+01 4.00000000e-02
5.11700000e+03 4.00596663e+01 4.00000000e-02
5.11800000e+03 4.00332400e+01 4.00000000e-02
5.11900000e+03 3.99699990e+01 4.00000000e-02
5.12000000e+03 4.00105321e+01 4.00000000e-02
5.12100000e+03 4.00583412e+01 4.00000000e-02
5.12200000e+03 3.99984660e+01 4.00000000e-02
5.12300000e+03 4.00167485e+01 4.00000000e-02
5.12400000e+03 4.01042472e+01 4.00000000e-02
5.12500000e+03 4.00000165e+01 4.00000000e-02
5.12600000e+03 3.99971659e+01 4.00000000e-02
5.12700000e+03 3.99612357e+01 4.00000000e-02
5.12800000e+03 3.99750976e+01 4.00000000e-02
5.12900000e+03 4.00608441e+01 4.00000000e-02
5.13000000e+03 3.99958344e+01 4.00000000e-02
5.13100000e+03 3.99539153e+01 4.00000000e-02
5.13200000e+03 3.99640929e+01 4.00000000e-02
5.13300000e+03 4.00015635e+01 4.00000000e-02
5.13400000e+03 4.00319115e+01 4.00000000e-02
5.13500000e+03 3.99715068e+01 4.00000000e-02
5.13600000e+03 4.00297746e+01 4.00000000e-02
5.13700000e+03 3.99816674e+01 4.00000000e-02
5.13800000e+03 4.00153921e+01 4.00000000e-02
5.13900000e+03 4.00218845e+01 4.00000000e-02
5.14000000e+03 4.00253507e+01 4.00000000e-02
5.14100000e+03 3.99837306e+01 4.00000000e-02
5.14200000e+03 3.99941804e+01 4.00000000e-02
5.14300000e+03 4.00211359e+01 4.00000000e-02
5.14400000e+03 3.99490704e+01 4.00000000e-02
5.14500000e+03 4.00076437e+01 4.00000000e-02
5.14600000e+03 4.00212317e+01 4.00000000e-02
5.14700000e+03 4.00423699e+01 4.00000000e-02
5.14800000e+03 3.99990643e+01 4.00000000e-02
5.14900000e+03 3.99931198e+01 4.00000000e-02
5.15000000e+03 4.00060997e+01 4.00000000e-02
5.15100000e+03 3.99710695e+01 4.00000000e-02
5.15200000e+03 3.99919741e+01 4.00000000e-02
5.15300000e+03 4.00166394e+01 4.00000000e-02
5.15400000e+03 4.00114957e+01 4.00000000e-02
5.15500000e+03 3.99584284e+01 4.00000000e-02
5.15600000e+03 3.99870937e+01 4.00000000e-02
5.15700000e+03 3.99155298e+01 4.00000000e-02
5.15800000e+03 4.00320681e+01 4.00000000e-02
5.15900000e+03 3.99787029e+01 4.00000000e-02
5.16000000e+03 4.00094932e+01 4.00000000e-02
5.16100000e+03 3.99559097e+01 4.00000000e-02
5.16200000e+03 3.99963429e+01 4.00000000e-02
5.16300000e+03 4.00157430e+01 4.00000000e-02
5.16400000e+03 4.00150939e+01 4.00000000e-02
5.16500000e+03 3.97397542e+01 4.00000000e-02
5.16600000e+03 3.88552774e+01 4.00000000e-02
5.16700000e+03 3.54954538e+01 4.00000000e-02
5.16800000e+03 2.85347927e+01 4.00000000e-02
5.16900000e+03 2.06563392e+01 4.00000000e-02
5.17000000e+03 1.80776530e+01 4.00000000e-02
5.17100000e+03 2.29635895e+01 4.00000000e-02
5.17200000e+03 2.88941819e+01 4.00000000e-02
5.17300000e+03 2.87530079e+01 4.00000000e-02
5.17400000e+03 2.26544952e+01 4.00000000e-02
5.17500000e+03 1.80169328e+01 4.00000000e-02
5.17600000e+03 2.08913756e+01 4.00000000e-02
5.17700000e+03 2.89183541e+01 4.00000000e-02
5.17800000e+03 3.57397292e+01 4.00000000e-02
5.17900000e+03 3.89483096e+01 4.00000000e-02
5.18000000e+03 3.97969633e+01 4.00000000e-02
5.18100000e+03 3.99168308e+01 4.00000000e-02
5.18200000e+03 3.92463697e+01 4.00000000e-02
5.18300000e+03 3.67504792e+01 4.00000000e-02
5.18400000e+03 3.08975066e+01 4.00000000e-02
5.18500000e+03 2.26234511e+01 4.00000000e-02
5.18600000e+03 1.80472184e+01 4.00000000e-02
5.18700000e+03 2.14738771e+01 4.00000000e-02
5.18800000e+03 2.95178723e+01 4.00000000e-02
5.18900000e+03 3.60583114e+01 4.00000000e-02
5.19000000e+03 3.91100510e+01 4.00000000e-02
5.19100000e+03 3.98434726e+01 4.00000000e-02
5.19200000e+03 3.99913306e+01 4.00000000e-02
5.19300000e+03 4.00290699e+01 4.00000000e-02
5.19400000e+03 3.99952405e+01 4.00000000e-02
5.19500000e+03 3.99957100e+01 4.00000000e-02
5.19600000e+03 4.00144779e+01 4.00000000e-02
5.19700000e+03 3.99036627e+01 4.00000000e-02
5.19800000e+03 4.00558216e+01 4.00000000e-02
5.19900000e+03 3.99566124e+01 4.00000000e-02
5.20000000e+03 3.99561829e+01 4.00000000e-02
5.20100000e+03 4.00208076e+01 4.00000000e-02
5.20200000e+03 4.00003526e+01 4.00000000e-02
5.20300000e+03 3.99493389e+01 4.00000000e-02
5.20400000e+03 4.00077476e+01 4.00000000e-02
5.20500000e+03 3.99537350e+01 4.00000000e-02
5.20600000e+03 3.99714652e+01 4.00000000e-02
5.20700000e+03 3.99392457e+01 4.00000000e-02
5.20800000e+03 3.99662584e+01 4.00000000e-02
5.20900000e+03 4.00151606e+01 4.00000000e-02
5.21000000e+03 4.00042059e+01 4.00000000e-02
5.21100000e+03 4.00116434e+01 4.00000000e-02
5.21200000e+03 4.00361098e+01 4.00000000e-02
5.21300000e+03 3.99975758e+01 4.00000000e-02
5.21400000e+03 3.99729261e+01 4.00000000e-02
5.21500000e+03 3.99881114e+01 4.00000000e-02
5.21600000e+03 4.00650955e+01 4.00000000e-02
5.21700000e+03 4.00006202e+01 4.00000000e-02
5.21800000e+03 4.00120336e+01 4.00000000e-02
5.21900000e+03 3.99954374e+01 4.00000000e-02
5.22000000e+03 4.00090690e+01 4.00000000e-02
5.22100000e+03 4.00164995e+01 4.00000000e-02
5.22200000e+03 3.99989131e+01 4.00000000e-02
5.22300000e+03 3.99930885e+01 4.00000000e-02
5.22400000e+03 3.99680687e+01 4.00000000e-02
5.22500000e+03 3.99654958e+01 4.00000000e-02
5.22600000e+03 4.00155198e+01 4.00000000e-02
5.22700000e+03 4.00291485e+01 4.00000000e-02
5.22800000e+03 4.00361214e+01 4.00000000e-02
5.22900000e+03 4.00014229e+01 4.00000000e-02
5.23000000e+03 3.99663394e+01 4.00000000e-02
5.23100000e+03 4.00244220e+01 4.00000000e-02
5.23200000e+03 4.00238459e+01 4.00000000e-02
5.23300000e+03 3.99392858e+01 4.00000000e-02
5.23400000e+03 4.00313141e+01 4.00000000e-02
5.23500000e+03 4.00225221e+01 4.00000000e-02
5.23600000e+03 4.00657838e+01 4.00000000e-02
5.23700000e+03 3.99542979e+01 4.00000000e-02
5.23800000e+03 3.99481986e+01 4.00000000e-02
5.23900000e+03 4.00306779e+01 4.00000000e-02
5.24000000e+03 3.99276452e+01 4.00000000e-02
5.24100000e+03 3.99701596e+01 4.00000000e-02
5.24200000e+03 3.99557640e+01 4.00000000e-02
5.24300000e+03 3.99589290e+01 4.00000000e-02
5.24400000e+03 3.99232851e+01 4.00000000e-02
5.24500000e+03 3.99898803e+01 4.00000000e-02
5.24600000e+03 4.00382846e+01 4.00000000e-02
5.24700000e+03 4.00170121e+01 4.00000000e-02
5.24800000e+03 4.00171861e+01 4.00000000e-02
5.24900000e+03 3.99851736e+01 4.00000000e-02
5.25000000e+03 4.00571438e+01 4.00000000e-02
5.25100000e+03 4.00205203e+01 4.00000000e-02
5.25200000e+03 4.00414082e+01 4.00000000e-02
5.25300000e+03 3.99376991e+01 4.00000000e-02
5.25400000e+03 4.00132990e+01 4.00000000e-02
5.25500000e+03 3.99539786e+01 4.00000000e-02
5.25600000e+03 4.00135133e+01 4.00000000e-02
5.25700000e+03 4.00075361e+01 4.00000000e-02
5.25800000e+03 3.99547207e+01 4.00000000e-02
5.25900000e+03 4.00067242e+01 4.00000000e-02
5.26000000e+03 4.00459953e+01 4.00000000e-02
5.26100000e+03 4.00197434e+01 4.00000000e-02
5.26200000e+03 4.00233575e+01 4.00000000e-02
5.26300000e+03 3.99654241e+01 4.00000000e-02
5.26400000e+03 3.99727664e+01 4.00000000e-02
5.26500000e+03 3.99555303e+01 4.00000000e-02
5.26600000e+03 4.00051516e+01 4.00000000e-02
5.26700000e+03 4.00473077e+01 4.00000000e-02
5.26800000e+03 4.00172737e+01 4.00000000e-02
5.26900000e+03 3.99998630e+01 4.00000000e-02
5.27000000e+03 3.99553369e+01 4.00000000e-02
5.27100000e+03 4.00176694e+01 4.00000000e-02
5.27200000e+03 3.99904901e+01 4.00000000e-02
5.27300000e+03 3.99240943e+01 4.00000000e-02
5.27400000e+03 3.99311285e+01 4.00000000e-02
5.27500000e+03 3.99864896e+01 4.00000000e-02
5.27600000e+03 3.99643717e+01 4.00000000e-02
5.27700000e+03 4.00658411e+01 4.00000000e-02
5.27800000e+03 4.00014364e+01 4.00000000e-02
5.27900000e+03 3.99586987e+01 4.00000000e-02
5.28000000e+03 3.99806214e+01 4.00000000e-02
5.28100000e+03 4.00635215e+01 4.00000000e-02
5.28200000e+03 3.99623224e+01 4.00000000e-02
5.28300000e+03 4.00307822e+01 4.00000000e-02
5.28400000e+03 4.00175547e+01 4.00000000e-02
5.28500000e+03 4.00586105e+01 4.00000000e-02
5.28600000e+03 4.00212755e+01 4.00000000e-02
5.28700000e+03 3.99841113e+01 4.00000000e-02
5.28800000e+03 4.00211437e+01 4.00000000e-02
5.28900000e+03 4.00028126e+01 4.00000000e-02
5.29000000e+03 4.00389719e+01 4.00000000e-02
5.29100000e+03 3.99977278e+01 4.00000000e-02
5.29200000e+03 4.00790047e+01 4.00000000e-02
5.29300000e+03 3.99962039e+01 4.00000000e-02
5.29400000e+03 4.00177879e+01 4.00000000e-02
5.29500000e+03 3.99741582e+01 4.00000000e-02
5.29600000e+03 4.00053496e+01 4.00000000e-02
5.29700000e+03 4.00014499e+01 4.00000000e-02
5.29800000e+03 4.00071672e+01 4.00000000e-02
5.29900000e+03 4.00362826e+01 4.00000000e-02
5.30000000e+03 3.99790405e+01 4.00000000e-02
5.30100000e+03 3.99667393e+01 4.00000000e-02
5.30200000e+03 4.00446038e+01 4.00000000e-02
5.30300000e+03 3.99891007e+01 4.00000000e-02
5.30400000e+03 3.99738623e+01 4.00000000e-02
5.30500000e+03 4.00464610e+01 4.00000000e-02
5.30600000e+03 4.00315002e+01 4.00000000e-02
5.30700000e+03 3.98952720e+01 4.00000000e-02
5.30800000e+03 3.99855255e+01 4.00000000e-02
5.30900000e+03 4.00318522e+01 4.00000000e-02
5.31000000e+03 4.00338373e+01 4.00000000e-02
5.31100000e+03 3.99802184e+01 4.00000000e-02
5.31200000e+03 4.00629131e+01 4.00000000e-02
5.31300000e+03 3.99691522e+01 4.00000000e-02
5.31400000e+03 3.99915193e+01 4.00000000e-02
5.31500000e+03 4.00058502e+01 4.00000000e-02
5.31600000e+03 4.00005656e+01 4.00000000e-02
5.31700000e+03 4.00328958e+01 4.00000000e-02
5.31800000e+03 4.00414498e+01 4.00000000e-02
5.31900000e+03 3.99990757e+01 4.00000000e-02
5.32000000e+03 4.00565175e+01 4.00000000e-02
5.32100000e+03 3.99736275e+01 4.00000000e-02
5.32200000e+03 3.99924223e+01 4.00000000e-02
5.32300000e+03 4.00693975e+01 4.00000000e-02
5.32400000e+03 4.00048517e+01 4.00000000e-02
5.32500000e+03 4.00434823e+01 4.00000000e-02
5.32600000e+03 3.99838853e+01 4.00000000e-02
5.32700000e+03 3.99905057e+01 4.00000000e-02
5.32800000e+03 3.99968725e+01 4.00000000e-02
5.32900000e+03 4.00079397e+01 4.00000000e-02
5.33000000e+03 3.99876777e+01 4.00000000e-02
5.33100000e+03 4.00018324e+01 4.00000000e-02
5.33200000e+03 4.00278376e+01 4.00000000e-02
5.33300000e+03 4.00491839e+01 4.00000000e-02
5.33400000e+03 4.00055681e+01 4.00000000e-02
5.33500000e+03 4.00270710e+01 4.00000000e-02
5.33600000e+03 4.00375626e+01 4.00000000e-02
5.33700000e+03 3.99584424e+01 4.00000000e-02
5.33800000e+03 3.99386993e+01 4.00000000e-02
5.33900000e+03 4.00656310e+01 4.00000000e-02
5.34000000e+03 4.00538214e+01 4.00000000e-02
5.34100000e+03 4.00036137e+01 4.00000000e-02
5.34200000e+03 4.00153093e+01 4.00000000e-02
5.34300000e+03 3.99638501e+01 4.00000000e-02
5.34400000e+03 3.99462918e+01 4.00000000e-02
5.34500000e+03 4.00139036e+01 4.00000000e-02
5.34600000e+03 3.99421857e+01 4.00000000e-02
5.34700000e+03 4.00376684e+01 4.00000000e-02
5.34800000e+03 3.99742472e+01 4.00000000e-02
5.34900000e+03 4.00128685e+01 4.00000000e-02
5.35000000e+03 4.00782905e+01 4.00000000e-02
5.35100000e+03 4.00764114e+01 4.00000000e-02
5.35200000e+03 3.99904535e+01 4.00000000e-02
5.35300000e+03 4.00437517e+01 4.00000000e-02
5.35400000e+03 3.99602212e+01 4.00000000e-02
5.35500000e+03 3.99779313e+01 4.00000000e-02
5.35600000e+03 4.00159715e+01 4.00000000e-02
5.35700000e+03 4.00564271e+01 4.00000000e-02
5.35800000e+03 3.99783471e+01 4.00000000e-02
5.35900000e+03 4.00227548e+01 4.00000000e-02
5.36000000e+03 4.00052246e+01 4.00000000e-02
5.36100000e+03 3.99508651e+01 4.00000000e-02
5.36200000e+03 3.99958060e+01 4.00000000e-02
5.36300000e+03 4.00608435e+01 4.00000000e-02
5.36400000e+03 3.99974483e+01 4.00000000e-02
5.36500000e+03 4.00211108e+01 4.00000000e-02
5.36600000e+03 4.00341164e+01 4.00000000e-02
5.36700000e+03 3.99717613e+01 4.00000000e-02
5.36800000e+03 4.00501298e+01 4.00000000e-02
5.36900000e+03 4.00609670e+01 4.00000000e-02
5.37000000e+03 4.00647125e+01 4.00000000e-02
5.37100000e+03 4.00533805e+01 4.00000000e-02
5.37200000e+03 3.99825231e+01 4.00000000e-02
5.37300000e+03 3.99776834e+01 4.00000000e-02
5.37400000e+03 3.99697109e+01 4.00000000e-02
5.37500000e+03 3.99648388e+01 4.00000000e-02
5.37600000e+03 3.99692750e+01 4.00000000e-02
5.37700000e+03 4.00404930e+01 4.00000000e-02
5.37800000e+03 4.00592389e+01 4.00000000e-02
5.37900000e+03 3.99753849e+01 4.00000000e-02
5.38000000e+03 4.00332266e+01 4.00000000e-02
5.38100000e+03 3.99504348e+01 4.00000000e-02
5.38200000e+03 3.99878512e+01 4.00000000e-02
5.38300000e+03 3.99611200e+01 4.00000000e-02
5.38400000e+03 3.99358678e+01 4.00000000e-02
5.38500000e+03 4.00029256e+01 4.00000000e-02
5.38600000e+03 4.00038617e+01 4.00000000e-02
5.38700000e+03 3.99844615e+01 4.00000000e-02
5.38800000e+03 3.99798126e+01 4.00000000e-02
5.38900000e+03 3.99613285e+01 4.00000000e-02
5.39000000e+03 3.99953353e+01 4.00000000e-02
5.39100000e+03 3.99766358e+01 4.00000000e-02
5.39200000e+03 4.00101726e+01 4.00000000e-02
5.39300000e+03 3.99524298e+01 4.00000000e-02
5.39400000e+03 4.00095867e+01 4.00000000e-02
5.39500000e+03 4.00209068e+01 4.00000000e-02
5.39600000e+03 4.00500957e+01 4.00000000e-02
5.39700000e+03 4.00424120e+01 4.00000000e-02
5.39800000e+03 4.00080578e+01 4.00000000e-02
5.39900000e+03 3.99731635e+01 4.00000000e-02
5.40000000e+03 3.99273261e+01 4.00000000e-02
5.40100000e+03 4.00001077e+01 4.00000000e-02
5.40200000e+03 4.00568303e+01 4.00000000e-02
5.40300000e+03 4.00666024e+01 4.00000000e-02
5.40400000e+03 3.98988276e+01 4.00000000e-02
5.40500000e+03 3.99701088e+01 4.00000000e-02
5.40600000e+03 3.99863184e+01 4.00000000e-02
5.40700000e+03 3.99587237e+01 4.00000000e-02
5.40800000e+03 4.00077517e+01 4.00000000e-02
5.40900000e+03 4.00018399e+01 4.00000000e-02
5.41000000e+03 3.99796309e+01 4.00000000e-02
5.41100000e+03 3.99988518e+01 4.00000000e-02
5.41200000e+03 3.99366564e+01 4.00000000e-02
5.41300000e+03 3.99614497e+01 4.00000000e-02
5.41400000e+03 3.99644683e+01 4.00000000e-02
5.41500000e+03 4.00361151e+01 4.00000000e-02
5.41600000e+03 3.99352334e+01 4.00000000e-02
5.41700000e+03 3.99917419e+01 4.00000000e-02
5.41800000e+03 4.00313458e+01 4.00000000e-02
5.41900000e+03 3.99980826e+01 4.00000000e-02
5.42000000e+03 4.00326731e+01 4.00000000e-02
5.42100000e+03 3.99741541e+01 4.00000000e-02
5.42200000e+03 4.00176494e+01 4.00000000e-02
5.42300000e+03 4.00363873e+01 4.00000000e-02
5.42400000e+03 4.00895047e+01 4.00000000e-02
5.42500000e+03 4.00293530e+01 4.00000000e-02
5.42600000e+03 4.00573712e+01 4.00000000e-02
5.42700000e+03 4.00007789e+01 4.00000000e-02
5.42800000e+03 4.00042841e+01 4.00000000e-02
5.42900000e+03 4.00630960e+01 4.00000000e-02
5.43000000e+03 4.00237172e+01 4.00000000e-02
5.43100000e+03 4.00571441e+01 4.00000000e-02
5.43200000e+03 4.00288303e+01 4.00000000e-02
5.43300000e+03 4.00853122e+01 4.00000000e-02
5.43400000e+03 4.00957921e+01 4.00000000e-02
5.43500000e+03 3.99671242e+01 4.00000000e-02
5.43600000e+03 4.00749281e+01 4.00000000e-02
5.43700000e+03 4.00180036e+01 4.00000000e-02
5.43800000e+03 4.00197471e+01 4.00000000e-02
5.43900000e+03 3.99960977e+01 4.00000000e-02
5.44000000e+03 4.00294906e+01 4.00000000e-02
5.44100000e+03 3.99563324e+01 4.00000000e-02
5.44200000e+03 3.99717497e+01 4.00000000e-02
5.44300000e+03 3.99702832e+01 4.00000000e-02
5.44400000e+03 4.00124745e+01 4.00000000e-02
5.44500000e+03 4.00377791e+01 4.00000000e-02
5.44600000e+03 4.00304398e+01 4.00000000e-02
5.44700000e+03 4.00157457e+01 4.00000000e-02
5.44800000e+03 3.99773346e+01 4.00000000e-02
5.44900000e+03 3.99306687e+01 4.00000000e-02
5.45000000e+03 4.00172374e+01 4.00000000e-02
5.45100000e+03 4.00069449e+01 4.00000000e-02
5.45200000e+03 4.00154224e+01 4.00000000e-02
5.45300000e+03 4.00582406e+01 4.00000000e-02
5.45400000e+03 3.99938695e+01 4.00000000e-02
5.45500000e+03 3.99930860e+01 4.00000000e-02
5.45600000e+03 3.99085311e+01 4.00000000e-02
5.45700000e+03 4.00235434e+01 4.00000000e-02
5.45800000e+03 3.99992267e+01 4.00000000e-02
5.45900000e+03 3.99716199e+01 4.00000000e-02
5.46000000e+03 4.00166125e+01 4.00000000e-02
5.46100000e+03 3.99594150e+01 4.00000000e-02
5.46200000e+03 3.99795054e+01 4.00000000e-02
5.46300000e+03 4.00796783e+01 4.00000000e-02
5.46400000e+03 4.00312437e+01 4.00000000e-02
5.46500000e+03 4.00381935e+01 4.00000000e-02
5.46600000e+03 4.00311059e+01 4.00000000e-02
5.46700000e+03 4.00268374e+01 4.00000000e-02
5.46800000e+03 4.00088645e+01 4.00000000e-02
5.46900000e+03 4.00925188e+01 4.00000000e-02
5.47000000e+03 3.99981328e+01 4.00000000e-02
5.47100000e+03 4.00304789e+01 4.00000000e-02
5.47200000e+03 3.99922947e+01 4.00000000e-02
5.47300000e+03 3.99869653e+01 4.00000000e-02
5.47400000e+03 3.99034736e+01 4.00000000e-02
5.47500000e+03 3.99240232e+01 4.00000000e-02
5.47600000e+03 4.00628720e+01 4.00000000e-02
5.47700000e+03 4.00604779e+01 4.00000000e-02
5.47800000e+03 3.99834205e+01 4.00000000e-02
5.47900000e+03 3.99995729e+01 4.00000000e-02
5.48000000e+03 4.00253522e+01 4.00000000e-02
5.48100000e+03 3.99610371e+01 4.00000000e-02
5.48200000e+03 4.00715683e+01 4.00000000e-02
5.48300000e+03 3.99591589e+01 4.00000000e-02
5.48400000e+03 3.99719224e+01 4.00000000e-02
5.48500000e+03 3.98901763e+01 4.00000000e-02
5.48600000e+03 4.00612826e+01 4.00000000e-02
5.48700000e+03 4.00029933e+01 4.00000000e-02
5.48800000e+03 4.00655760e+01 4.00000000e-02
5.48900000e+03 3.99605574e+01 4.00000000e-02
5.49000000e+03 4.00141530e+01 4.00000000e-02
5.49100000e+03 4.00036023e+01 4.00000000e-02
5.49200000e+03 4.00085671e+01 4.00000000e-02
5.49300000e+03 4.00835915e+01 4.00000000e-02
5.49400000e+03 4.00912313e+01 4.00000000e-02
5.49500000e+03 4.00557373e+01 4.00000000e-02
5.49600000e+03 3.99845120e+01 4.00000000e-02
5.49700000e+03 4.00362785e+01 4.00000000e-02
5.49800000e+03 4.00543505e+01 4.00000000e-02
5.49900000e+03 4.00228530e+01 4.00000000e-02
5.50000000e+03 4.00232932e+01 4.00000000e-02
5.50100000e+03 4.00197841e+01 4.00000000e-02
5.50200000e+03 3.99644406e+01 4.00000000e-02
5.50300000e+03 4.00102911e+01 4.00000000e-02
5.50400000e+03 4.00646197e+01 4.00000000e-02
5.50500000e+03 3.99606306e+01 4.00000000e-02
5.50600000e+03 4.00037227e+01 4.00000000e-02
5.50700000e+03 4.00338430e+01 4.00000000e-02
5.50800000e+03 3.99458433e+01 4.00000000e-02
5.50900000e+03 3.99949079e+01 4.00000000e-02
5.51000000e+03 3.99325204e+01 4.00000000e-02
5.51100000e+03 3.99761377e+01 4.00000000e-02
5.51200000e+03 3.99440782e+01 4.00000000e-02
5.51300000e+03 3.99644915e+01 4.00000000e-02
5.51400000e+03 3.99807112e+01 4.00000000e-02
5.51500000e+03 3.99892056e+01 4.00000000e-02
5.51600000e+03 3.99920629e+01 4.00000000e-02
5.51700000e+03 3.99039537e+01 4.00000000e-02
5.51800000e+03 4.00637227e+01 4.00000000e-02
5.51900000e+03 3.99891425e+01 4.00000000e-02
5.52000000e+03 3.99562658e+01 4.00000000e-02
5.52100000e+03 3.99749311e+01 4.00000000e-02
5.52200000e+03 4.00124598e+01 4.00000000e-02
5.52300000e+03 3.99599537e+01 4.00000000e-02
5.52400000e+03 3.99834585e+01 4.00000000e-02
5.52500000e+03 3.99812060e+01 4.00000000e-02
5.52600000e+03 4.00215896e+01 4.00000000e-02
5.52700000e+03 3.99700564e+01 4.00000000e-02
5.52800000e+03 4.00181396e+01 4.00000000e-02
5.52900000e+03 4.00139628e+01 4.00000000e-02
5.53000000e+03 3.99940626e+01 4.00000000e-02
5.53100000e+03 4.00496441e+01 4.00000000e-02
5.53200000e+03 4.00008176e+01 4.00000000e-02
5.53300000e+03 3.99528950e+01 4.00000000e-02
5.53400000e+03 4.00119127e+01 4.00000000e-02
5.53500000e+03 4.00049276e+01 4.00000000e-02
5.53600000e+03 3.99983799e+01 4.00000000e-02
5.53700000e+03 4.00092931e+01 4.00000000e-02
5.53800000e+03 4.00939821e+01 4.00000000e-02
5.53900000e+03 4.00093408e+01 4.00000000e-02
5.54000000e+03 4.00183118e+01 4.00000000e-02
5.54100000e+03 3.99901418e+01 4.00000000e-02
5.54200000e+03 4.00524155e+01 4.00000000e-02
5.54300000e+03 3.99977376e+01 4.00000000e-02
5.54400000e+03 3.99679157e+01 4.00000000e-02
5.54500000e+03 3.99510943e+01 4.00000000e-02
5.54600000e+03 4.00210837e+01 4.00000000e-02
5.54700000e+03 4.00297694e+01 4.00000000e-02
5.54800000e+03 3.99364579e+01 4.00000000e-02
5.54900000e+03 3.99710514e+01 4.00000000e-02
5.55000000e+03 4.00256555e+01 4.00000000e-02
5.55100000e+03 4.00410846e+01 4.00000000e-02
5.55200000e+03 3.99471510e+01 4.00000000e-02
5.55300000e+03 3.99836515e+01 4.00000000e-02
5.55400000e+03 4.00332708e+01 4.00000000e-02
5.55500000e+03 3.99786042e+01 4.00000000e-02
5.55600000e+03 3.99819306e+01 4.00000000e-02
5.55700000e+03 3.99783281e+01 4.00000000e-02
5.55800000e+03 3.99476714e+01 4.00000000e-02
5.55900000e+03 4.00018164e+01 4.00000000e-02
5.56000000e+03 4.00121170e+01 4.00000000e-02
5.56100000e+03 3.99438565e+01 4.00000000e-02
5.56200000e+03 4.00039394e+01 4.00000000e-02
5.56300000e+03 4.00442423e+01 4.00000000e-02
5.56400000e+03 4.00082269e+01 4.00000000e-02
5.56500000e+03 4.00378154e+01 4.00000000e-02
5.56600000e+03 3.99779474e+01 4.00000000e-02
5.56700000e+03 4.00546882e+01 4.00000000e-02
5.56800000e+03 3.99684745e+01 4.00000000e-02
5.56900000e+03 4.00753353e+01 4.00000000e-02
5.57000000e+03 3.99819558e+01 4.00000000e-02
5.57100000e+03 3.99711689e+01 4.00000000e-02
5.57200000e+03 3.99642008e+01 4.00000000e-02
5.57300000e+03 3.99833982e+01 4.00000000e-02
5.57400000e+03 3.99801769e+01 4.00000000e-02
5.57500000e+03 3.99723291e+01 4.00000000e-02
5.57600000e+03 3.99867286e+01 4.00000000e-02
5.57700000e+03 4.00264816e+01 4.00000000e-02
5.57800000e+03 4.00351889e+01 4.00000000e-02
5.57900000e+03 3.99863988e+01 4.00000000e-02
5.58000000e+03 4.00492859e+01 4.00000000e-02
5.58100000e+03 3.99599730e+01 4.00000000e-02
5.58200000e+03 3.99587488e+01 4.00000000e-02
5.58300000e+03 3.99546478e+01 4.00000000e-02
5.58400000e+03 4.00239451e+01 4.00000000e-02
5.58500000e+03 3.99378464e+01 4.00000000e-02
5.58600000e+03 3.99440066e+01 4.00000000e-02
5.58700000e+03 4.00510037e+01 4.00000000e-02
5.58800000e+03 4.00683555e+01 4.00000000e-02
5.58900000e+03 4.00535645e+01 4.00000000e-02
5.59000000e+03 3.99401450e+01 4.00000000e-02
5.59100000e+03 4.00002616e+01 4.00000000e-02
5.59200000e+03 4.00330464e+01 4.00000000e-02
5.59300000e+03 4.00036291e+01 4.00000000e-02
5.59400000e+03 3.99350309e+01 4.00000000e-02
5.59500000e+03 3.99860511e+01 4.00000000e-02
5.59600000e+03 3.99317944e+01 4.00000000e-02
5.59700000e+03 3.99504224e+01 4.00000000e-02
5.59800000e+03 4.00858061e+01 4.00000000e-02
5.59900000e+03 4.00268775e+01 4.00000000e-02
5.60000000e+03 3.99409972e+01 4.00000000e-02
5.60100000e+03 3.99396553e+01 4.00000000e-02
5.60200000e+03 4.00179250e+01 4.00000000e-02
5.60300000e+03 3.99752819e+01 4.00000000e-02
5.60400000e+03 4.00227475e+01 4.00000000e-02
5.60500000e+03 3.99737464e+01 4.00000000e-02
5.60600000e+03 3.99916326e+01 4.00000000e-02
5.60700000e+03 4.00091655e+01 4.00000000e-02
5.60800000e+03 3.99582966e+01 4.00000000e-02
5.60900000e+03 3.99227922e+01 4.00000000e-02
5.61000000e+03 3.99518199e+01 4.00000000e-02
5.61100000e+03 3.99716463e+01 4.00000000e-02
5.61200000e+03 3.99913969e+01 4.00000000e-02
5.61300000e+03 3.99971724e+01 4.00000000e-02
5.61400000e+03 3.99968315e+01 4.00000000e-02
5.61500000e+03 4.00200781e+01 4.00000000e-02
5.61600000e+03 3.99637986e+01 4.00000000e-02
5.61700000e+03 4.00552855e+01 4.00000000e-02
5.61800000e+03 4.00795339e+01 4.00000000e-02
5.61900000e+03 4.00140825e+01 4.00000000e-02
5.62000000e+03 4.00069577e+01 4.00000000e-02
5.62100000e+03 4.00493311e+01 4.00000000e-02
5.62200000e+03 4.00253501e+01 4.00000000e-02
5.62300000e+03 4.00069176e+01 4.00000000e-02
5.62400000e+03 3.99926882e+01 4.00000000e-02
5.62500000e+03 3.99698368e+01 4.00000000e-02
5.62600000e+03 3.99526245e+01 4.00000000e-02
5.62700000e+03 4.00259981e+01 4.00000000e-02
5.62800000e+03 4.00468894e+01 4.00000000e-02
5.62900000e+03 3.99570961e+01 4.00000000e-02
5.63000000e+03 3.99964850e+01 4.00000000e-02
5.63100000e+03 4.00080850e+01 4.00000000e-02
5.63200000e+03 3.99823409e+01 4.00000000e-02
5.63300000e+03 3.99689039e+01 4.00000000e-02
5.63400000e+03 3.99836510e+01 4.00000000e-02
5.63500000e+03 3.99205370e+01 4.00000000e-02
5.63600000e+03 3.99969093e+01 4.00000000e-02
5.63700000e+03 3.99875741e+01 4.00000000e-02
5.63800000e+03 4.00840106e+01 4.00000000e-02
5.63900000e+03 4.00367908e+01 4.00000000e-02
5.64000000e+03 3.99855065e+01 4.00000000e-02
5.64100000e+03 3.99990007e+01 4.00000000e-02
5.64200000e+03 4.00679575e+01 4.00000000e-02
5.64300000e+03 4.00635518e+01 4.00000000e-02
5.64400000e+03 4.00066965e+01 4.00000000e-02
5.64500000e+03 3.99941702e+01 4.00000000e-02
5.64600000e+03 3.99415073e+01 4.00000000e-02
5.64700000e+03 3.99862206e+01 4.00000000e-02
5.64800000e+03 3.99925471e+01 4.00000000e-02
5.64900000e+03 3.99698720e+01 4.00000000e-02
5.65000000e+03 4.00685035e+01 4.00000000e-02
5.65100000e+03 3.99242793e+01 4.00000000e-02
5.65200000e+03 3.99938748e+01 4.00000000e-02
5.65300000e+03 4.00155810e+01 4.00000000e-02
5.65400000e+03 4.00167701e+01 4.00000000e-02
5.65500000e+03 4.00667643e+01 4.00000000e-02
5.65600000e+03 3.99433541e+01 4.00000000e-02
5.65700000e+03 3.99693770e+01 4.00000000e-02
5.65800000e+03 4.00031760e+01 4.00000000e-02
5.65900000e+03 4.00045866e+01 4.00000000e-02
5.66000000e+03 3.99838634e+01 4.00000000e-02
5.66100000e+03 3.99687241e+01 4.00000000e-02
5.66200000e+03 4.00422103e+01 4.00000000e-02
5.66300000e+03 3.99572918e+01 4.00000000e-02
5.66400000e+03 3.99762824e+01 4.00000000e-02
5.66500000e+03 4.00567816e+01 4.00000000e-02
5.66600000e+03 4.00686405e+01 4.00000000e-02
5.66700000e+03 4.00341519e+01 4.00000000e-02
5.66800000e+03 3.99648692e+01 4.00000000e-02
5.66900000e+03 3.99651604e+01 4.00000000e-02
5.67000000e+03 3.99633113e+01 4.00000000e-02
5.67100000e+03 3.99539008e+01 4.00000000e-02
5.67200000e+03 3.99826370e+01 4.00000000e-02
5.67300000e+03 4.00500987e+01 4.00000000e-02
5.67400000e+03 4.00081613e+01 4.00000000e-02
5.67500000e+03 3.99690172e+01 4.00000000e-02
5.67600000e+03 3.99681177e+01 4.00000000e-02
5.67700000e+03 3.99521920e+01 4.00000000e-02
5.67800000e+03 4.00474647e+01 4.00000000e-02
5.67900000e+03 3.99183798e+01 4.00000000e-02
5.68000000e+03 4.00100692e+01 4.00000000e-02
5.68100000e+03 3.99415081e+01 4.00000000e-02
5.68200000e+03 3.99566895e+01 4.00000000e-02
5.68300000e+03 3.99394835e+01 4.00000000e-02
5.68400000e+03 4.00375195e+01 4.00000000e-02
5.68500000e+03 3.99956867e+01 4.00000000e-02
5.68600000e+03 4.01086491e+01 4.00000000e-02
5.68700000e+03 3.99574009e+01 4.00000000e-02
5.68800000e+03 3.99550660e+01 4.00000000e-02
5.68900000e+03 4.00224403e+01 4.00000000e-02
5.69000000e+03 4.00212917e+01 4.00000000e-02
5.69100000e+03 3.99874899e+01 4.00000000e-02
5.69200000e+03 3.99178866e+01 4.00000000e-02
5.69300000e+03 4.00564642e+01 4.00000000e-02
5.69400000e+03 4.00213740e+01 4.00000000e-02
5.69500000e+03 4.00145403e+01 4.00000000e-02
5.69600000e+03 3.99748080e+01 4.00000000e-02
5.69700000e+03 4.00241381e+01 4.00000000e-02
5.69800000e+03 3.99760304e+01 4.00000000e-02
5.69900000e+03 4.00001113e+01 4.00000000e-02
5.70000000e+03 3.99907875e+01 4.00000000e-02
5.70100000e+03 4.00486138e+01 4.00000000e-02
5.70200000e+03 3.99794308e+01 4.00000000e-02
5.70300000e+03 3.99843839e+01 4.00000000e-02
5.70400000e+03 4.00423738e+01 4.00000000e-02
5.70500000e+03 4.00071945e+01 4.00000000e-02
5.70600000e+03 3.99972980e+01 4.00000000e-02
5.70700000e+03 3.99883996e+01 4.00000000e-02
5.70800000e+03 4.00360420e+01 4.00000000e-02
5.70900000e+03 3.99719524e+01 4.00000000e-02
5.71000000e+03 4.00167899e+01 4.00000000e-02
5.71100000e+03 4.00791413e+01 4.00000000e-02
5.71200000e+03 4.00138613e+01 4.00000000e-02
5.71300000e+03 3.99664264e+01 4.00000000e-02
5.71400000e+03 3.99497169e+01 4.00000000e-02
5.71500000e+03 4.00036557e+01 4.00000000e-02
5.71600000e+03 3.99486298e+01 4.00000000e-02
5.71700000e+03 3.99339280e+01 4.00000000e-02
5.71800000e+03 3.99672856e+01 4.00000000e-02
5.71900000e+03 3.99538046e+01 4.00000000e-02
5.72000000e+03 4.00326129e+01 4.00000000e-02
5.72100000e+03 3.99394827e+01 4.00000000e-02
5.72200000e+03 4.00608274e+01 4.00000000e-02
5.72300000e+03 3.99673926e+01 4.00000000e-02
5.72400000e+03 4.00021865e+01 4.00000000e-02
5.72500000e+03 4.00243043e+01 4.00000000e-02
5.72600000e+03 4.00063202e+01 4.00000000e-02
5.72700000e+03 4.00262099e+01 4.00000000e-02
5.72800000e+03 3.99578254e+01 4.00000000e-02
5.72900000e+03 3.99063568e+01 4.00000000e-02
5.73000000e+03 3.99891703e+01 4.00000000e-02
5.73100000e+03 3.99298842e+01 4.00000000e-02
5.73200000e+03 3.99738993e+01 4.00000000e-02
5.73300000e+03 4.00348822e+01 4.00000000e-02
5.73400000e+03 3.99891448e+01 4.00000000e-02
5.73500000e+03 3.99732728e+01 4.00000000e-02
5.73600000e+03 3.99517673e+01 4.00000000e-02
5.73700000e+03 3.99852531e+01 4.00000000e-02
5.73800000e+03 3.99899673e+01 4.00000000e-02
5.73900000e+03 3.99335591e+01 4.00000000e-02
5.74000000e+03 4.00086294e+01 4.00000000e-02
5.74100000e+03 3.99537763e+01 4.00000000e-02
5.74200000e+03 4.00055367e+01 4.00000000e-02
5.74300000e+03 3.99786967e+01 4.00000000e-02
5.74400000e+03 4.00363795e+01 4.00000000e-02
5.74500000e+03 4.00310299e+01 4.00000000e-02
5.74600000e+03 3.99971232e+01 4.00000000e-02
5.74700000e+03 3.99924226e+01 4.00000000e-02
5.74800000e+03 4.00143454e+01 4.00000000e-02
5.74900000e+03 4.00522289e+01 4.00000000e-02
5.75000000e+03 4.00396366e+01 4.00000000e-02
5.75100000e+03 4.00035438e+01 4.00000000e-02
5.75200000e+03 4.00099706e+01 4.00000000e-02
5.75300000e+03 4.00606254e+01 4.00000000e-02
5.75400000e+03 3.99321793e+01 4.00000000e-02
5.75500000e+03 4.00193959e+01 4.00000000e-02
5.75600000e+03 3.99617308e+01 4.00000000e-02
5.75700000e+03 4.00521567e+01 4.00000000e-02
5.75800000e+03 3.99782555e+01 4.00000000e-02
5.75900000e+03 3.99936754e+01 4.00000000e-02
5.76000000e+03 3.99547734e+01 4.00000000e-02
5.76100000e+03 3.99990332e+01 4.00000000e-02
5.76200000e+03 4.00302792e+01 4.00000000e-02
5.76300000e+03 4.00655815e+01 4.00000000e-02
5.76400000e+03 3.99481815e+01 4.00000000e-02
5.76500000e+03 3.99812025e+01 4.00000000e-02
5.76600000e+03 4.01554582e+01 4.00000000e-02
5.76700000e+03 4.00368694e+01 4.00000000e-02
5.76800000e+03 3.99989743e+01 4.00000000e-02
5.76900000e+03 4.00202833e+01 4.00000000e-02
5.77000000e+03 3.98927239e+01 4.00000000e-02
5.77100000e+03 4.00641408e+01 4.00000000e-02
5.77200000e+03 4.00059006e+01 4.00000000e-02
5.77300000e+03 3.99421749e+01 4.00000000e-02
5.77400000e+03 4.00464849e+01 4.00000000e-02
5.77500000e+03 3.99745182e+01 4.00000000e-02
5.77600000e+03 3.99586319e+01 4.00000000e-02
5.77700000e+03 4.00207818e+01 4.00000000e-02
5.77800000e+03 4.00159484e+01 4.00000000e-02
5.77900000e+03 3.99815130e+01 4.00000000e-02
5.78000000e+03 3.99969675e+01 4.00000000e-02
5.78100000e+03 3.99461323e+01 4.00000000e-02
5.78200000e+03 3.99420651e+01 4.00000000e-02
5.78300000e+03 4.00359664e+01 4.00000000e-02
5.78400000e+03 4.00526914e+01 4.00000000e-02
5.78500000e+03 4.00172514e+01 4.00000000e-02
5.78600000e+03 4.00149456e+01 4.00000000e-02
5.78700000e+03 3.99841561e+01 4.00000000e-02
5.78800000e+03 3.99947923e+01 4.00000000e-02
5.78900000e+03 3.99625070e+01 4.00000000e-02
5.79000000e+03 4.00703308e+01 4.00000000e-02
5.79100000e+03 3.99772783e+01 4.00000000e-02
5.79200000e+03 4.00164241e+01 4.00000000e-02
5.79300000e+03 4.00000067e+01 4.00000000e-02
5.79400000e+03 3.99439888e+01 4.00000000e-02
5.79500000e+03 4.00775677e+01 4.00000000e-02
5.79600000e+03 3.99849668e+01 4.00000000e-02
5.79700000e+03 3.99692510e+01 4.00000000e-02
5.79800000e+03 4.00045866e+01 4.00000000e-02
5.79900000e+03 3.99640681e+01 4.00000000e-02
5.80000000e+03 4.00011852e+01 4.00000000e-02
5.80100000e+03 3.99615886e+01 4.00000000e-02
5.80200000e+03 4.00226134e+01 4.00000000e-02
5.80300000e+03 4.00022264e+01 4.00000000e-02
5.80400000e+03 3.99452685e+01 4.00000000e-02
5.80500000e+03 4.00415079e+01 4.00000000e-02
5.80600000e+03 4.00077729e+01 4.00000000e-02
5.80700000e+03 3.99558837e+01 4.00000000e-02
5.80800000e+03 4.00144561e+01 4.00000000e-02
5.80900000e+03 4.00173233e+01 4.00000000e-02
5.81000000e+03 4.00746292e+01 4.00000000e-02
5.81100000e+03 3.99655897e+01 4.00000000e-02
5.81200000e+03 4.00344450e+01 4.00000000e-02
5.81300000e+03 3.99964498e+01 4.00000000e-02
5.81400000e+03 4.00249313e+01 4.00000000e-02
5.81500000e+03 3.99897756e+01 4.00000000e-02
5.81600000e+03 3.99979801e+01 4.00000000e-02
5.81700000e+03 4.00202305e+01 4.00000000e-02
5.81800000e+03 3.99526348e+01 4.00000000e-02
5.81900000e+03 3.99160569e+01 4.00000000e-02
5.82000000e+03 3.99999934e+01 4.00000000e-02
5.82100000e+03 3.99825289e+01 4.00000000e-02
5.82200000e+03 4.00039248e+01 4.00000000e-02
5.82300000e+03 4.00262362e+01 4.00000000e-02
5.82400000e+03 3.99918646e+01 4.00000000e-02
5.82500000e+03 4.00484507e+01 4.00000000e-02
5.82600000e+03 3.99990380e+01 4.00000000e-02
5.82700000e+03 4.00052910e+01 4.00000000e-02
5.82800000e+03 4.00342038e+01 4.00000000e-02
5.82900000e+03 4.00244639e+01 4.00000000e-02
5.83000000e+03 3.99974161e+01 4.00000000e-02
5.83100000e+03 4.00060591e+01 4.00000000e-02
5.83200000e+03 3.99706997e+01 4.00000000e-02
5.83300000e+03 3.99764584e+01 4.00000000e-02
5.83400000e+03 4.00052529e+01 4.00000000e-02
5.83500000e+03 4.00338502e+01 4.00000000e-02
5.83600000e+03 3.99837622e+01 4.00000000e-02
5.83700000e+03 4.00349415e+01 4.00000000e-02
5.83800000e+03 4.00791775e+01 4.00000000e-02
5.83900000e+03 4.00875110e+01 4.00000000e-02
5.84000000e+03 4.00025429e+01 4.00000000e-02
5.84100000e+03 4.00438366e+01 4.00000000e-02
5.84200000e+03 4.00261142e+01 4.00000000e-02
5.84300000e+03 4.00332275e+01 4.00000000e-02
5.84400000e+03 4.00353662e+01 4.00000000e-02
5.84500000e+03 4.00228037e+01 4.00000000e-02
5.84600000e+03 4.00350176e+01 4.00000000e-02
5.84700000e+03 4.00096273e+01 4.00000000e-02
5.84800000e+03 3.99916062e+01 4.00000000e-02
5.84900000e+03 4.00122303e+01 4.00000000e-02
5.85000000e+03 4.00218830e+01 4.00000000e-02
5.85100000e+03 4.00512190e+01 4.00000000e-02
5.85200000e+03 4.00170523e+01 4.00000000e-02
5.85300000e+03 4.00319597e+01 4.00000000e-02
5.85400000e+03 4.00593338e+01 4.00000000e-02
5.85500000e+03 3.99648057e+01 4.00000000e-02
5.85600000e+03 3.99917053e+01 4.00000000e-02
5.85700000e+03 4.00238743e+01 4.00000000e-02
5.85800000e+03 4.00032598e+01 4.00000000e-02
5.85900000e+03 3.99615785e+01 4.00000000e-02
5.86000000e+03 4.00418609e+01 4.00000000e-02
5.86100000e+03 3.99993600e+01 4.00000000e-02
5.86200000e+03 3.99620613e+01 4.00000000e-02
5.86300000e+03 4.00781235e+01 4.00000000e-02
5.86400000e+03 3.99507078e+01 4.00000000e-02
5.86500000e+03 4.00015451e+01 4.00000000e-02
5.86600000e+03 3.99751711e+01 4.00000000e-02
5.86700000e+03 4.00064469e+01 4.00000000e-02
5.86800000e+03 4.00246475e+01 4.00000000e-02
5.86900000e+03 3.99692546e+01 4.00000000e-02
5.87000000e+03 3.99978133e+01 4.00000000e-02
5.87100000e+03 3.99967188e+01 4.00000000e-02
5.87200000e+03 3.99617197e+01 4.00000000e-02
5.87300000e+03 4.00486730e+01 4.00000000e-02
5.87400000e+03 4.00088067e+01 4.00000000e-02
5.87500000e+03 3.99903139e+01 4.00000000e-02
5.87600000e+03 3.99751587e+01 4.00000000e-02
5.87700000e+03 3.99884382e+01 4.00000000e-02
5.87800000e+03 4.00075344e+01 4.00000000e-02
5.87900000e+03 3.99832987e+01 4.00000000e-02
5.88000000e+03 4.00518795e+01 4.00000000e-02
5.88100000e+03 3.98997841e+01 4.00000000e-02
5.88200000e+03 3.99158843e+01 4.00000000e-02
5.88300000e+03 3.99914828e+01 4.00000000e-02
5.88400000e+03 3.99277623e+01 4.00000000e-02
5.88500000e+03 3.99981403e+01 4.00000000e-02
5.88600000e+03 3.99651496e+01 4.00000000e-02
5.88700000e+03 3.99413858e+01 4.00000000e-02
5.88800000e+03 3.95290592e+01 4.00000000e-02
5.88900000e+03 3.80082377e+01 4.00000000e-02
5.89000000e+03 3.39230696e+01 4.00000000e-02
5.89100000e+03 2.69840261e+01 4.00000000e-02
5.89200000e+03 2.00536239e+01 4.00000000e-02
5.89300000e+03 1.81648752e+01 4.00000000e-02
5.89400000e+03 2.25026494e+01 4.00000000e-02
5.89500000e+03 2.83723407e+01 4.00000000e-02
5.89600000e+03 2.99015138e+01 4.00000000e-02
5.89700000e+03 2.56099371e+01 4.00000000e-02
5.89800000e+03 1.97180636e+01 4.00000000e-02
5.89900000e+03 1.81267695e+01 4.00000000e-02
5.90000000e+03 2.31627725e+01 4.00000000e-02
5.90100000e+03 3.06421258e+01 4.00000000e-02
5.90200000e+03 3.63353971e+01 4.00000000e-02
5.90300000e+03 3.89626482e+01 4.00000000e-02
5.90400000e+03 3.97595454e+01 4.00000000e-02
5.90500000e+03 3.99716065e+01 4.00000000e-02
5.90600000e+03 3.99074777e+01 4.00000000e-02
5.90700000e+03 4.00123740e+01 4.00000000e-02
5.90800000e+03 4.00204763e+01 4.00000000e-02
5.90900000e+03 3.99281344e+01 4.00000000e-02
5.91000000e+03 4.00362118e+01 4.00000000e-02
5.91100000e+03 3.99970580e+01 4.00000000e-02
5.91200000e+03 4.00087657e+01 4.00000000e-02
5.91300000e+03 3.99449485e+01 4.00000000e-02
5.91400000e+03 4.00261270e+01 4.00000000e-02
5.91500000e+03 4.00252081e+01 4.00000000e-02
5.91600000e+03 4.00013393e+01 4.00000000e-02
5.91700000e+03 3.99625149e+01 4.00000000e-02
5.91800000e+03 4.00325347e+01 4.00000000e-02
5.91900000e+03 4.00519702e+01 4.00000000e-02
5.92000000e+03 4.00181056e+01 4.00000000e-02
5.92100000e+03 4.00422331e+01 4.00000000e-02
5.92200000e+03 3.99787715e+01 4.00000000e-02
5.92300000e+03 4.00084917e+01 4.00000000e-02
5.92400000e+03 4.00174381e+01 4.00000000e-02
5.92500000e+03 4.00082690e+01 4.00000000e-02
5.92600000e+03 4.01154610e+01 4.00000000e-02
5.92700000e+03 4.00194807e+01 4.00000000e-02
5.92800000e+03 3.99802918e+01 4.00000000e-02
5.92900000e+03 4.00360194e+01 4.00000000e-02
5.93000000e+03 3.99594519e+01 4.00000000e-02
5.93100000e+03 4.00177815e+01 4.00000000e-02
5.93200000e+03 4.00339513e+01 4.00000000e-02
5.93300000e+03 3.99835001e+01 4.00000000e-02
5.93400000e+03 3.99904685e+01 4.00000000e-02
5.93500000e+03 3.99657871e+01 4.00000000e-02
5.93600000e+03 4.00087144e+01 4.00000000e-02
5.93700000e+03 3.99764728e+01 4.00000000e-02
5.93800000e+03 4.00730555e+01 4.00000000e-02
5.93900000e+03 4.00295946e+01 4.00000000e-02
5.94000000e+03 3.99948013e+01 4.00000000e-02
5.94100000e+03 3.99471099e+01 4.00000000e-02
5.94200000e+03 4.00853575e+01 4.00000000e-02
5.94300000e+03 4.00561029e+01 4.00000000e-02
5.94400000e+03 4.00229432e+01 4.00000000e-02
5.94500000e+03 4.00119643e+01 4.00000000e-02
5.94600000e+03 4.00109822e+01 4.00000000e-02
5.94700000e+03 3.99853789e+01 4.00000000e-02
5.94800000e+03 4.00794452e+01 4.00000000e-02
5.94900000e+03 4.00123730e+01 4.00000000e-02
5.95000000e+03 3.99465633e+01 4.00000000e-02
5.95100000e+03 3.99778723e+01 4.00000000e-02
5.95200000e+03 3.99008255e+01 4.00000000e-02
5.95300000e+03 4.00305604e+01 4.00000000e-02
5.95400000e+03 4.00347626e+01 4.00000000e-02
5.95500000e+03 4.00750653e+01 4.00000000e-02
5.95600000e+03 4.00881775e+01 4.00000000e-02
5.95700000e+03 3.99728510e+01 4.00000000e-02
5.95800000e+03 4.00221336e+01 4.00000000e-02
5.95900000e+03 4.00440043e+01 4.00000000e-02
5.96000000e+03 4.00358432e+01 4.00000000e-02
5.96100000e+03 3.99836828e+01 4.00000000e-02
5.96200000e+03 4.00361939e+01 4.00000000e-02
5.96300000e+03 4.00238283e+01 4.00000000e-02
5.96400000e+03 4.00584807e+01 4.00000000e-02
5.96500000e+03 4.00027747e+01 4.00000000e-02
5.96600000e+03 3.99943169e+01 4.00000000e-02
5.96700000e+03 3.99834069e+01 4.00000000e-02
5.96800000e+03 3.99886481e+01 4.00000000e-02
5.96900000e+03 3.99730646e+01 4.00000000e-02
5.97000000e+03 3.99900540e+01 4.00000000e-02
5.97100000e+03 4.00237397e+01 4.00000000e-02
5.97200000e+03 4.00219749e+01 4.00000000e-02
5.97300000e+03 4.00563410e+01 4.00000000e-02
5.97400000e+03 4.00472949e+01 4.00000000e-02
5.97500000e+03 4.00284923e+01 4.00000000e-02
5.97600000e+03 3.99572479e+01 4.00000000e-02
5.97700000e+03 4.00261120e+01 4.00000000e-02
5.97800000e+03 4.00498522e+01 4.00000000e-02
5.97900000e+03 3.99509959e+01 4.00000000e-02
5.98000000e+03 3.99584095e+01 4.00000000e-02
5.98100000e+03 3.99648220e+01 4.00000000e-02
5.98200000e+03 3.99613162e+01 4.00000000e-02
5.98300000e+03 3.99912484e+01 4.00000000e-02
5.98400000e+03 3.99652968e+01 4.00000000e-02
5.98500000e+03 4.00181785e+01 4.00000000e-02
5.98600000e+03 3.99540583e+01 4.00000000e-02
5.98700000e+03 3.99974209e+01 4.00000000e-02
5.98800000e+03 3.99824758e+01 4.00000000e-02
5.98900000e+03 3.99636058e+01 4.00000000e-02
5.99000000e+03 4.00437919e+01 4.00000000e-02
5.99100000e+03 4.00034702e+01 4.00000000e-02
5.99200000e+03 4.00240096e+01 4.00000000e-02
5.99300000e+03 3.99889703e+01 4.00000000e-02
5.99400000e+03 4.00304461e+01 4.00000000e-02
5.99500000e+03 4.00268844e+01 4.00000000e-02
5.99600000e+03 3.99961851e+01 4.00000000e-02
5.99700000e+03 3.99312836e+01 4.00000000e-02
5.99800000e+03 4.00351116e+01 4.00000000e-02
5.99900000e+03 4.00299888e+01 4.00000000e-02
6.00000000e+03 4.00095224e+01 4.00000000e-02
6.00100000e+03 4.00119965e+01 4.00000000e-02
6.00200000e+03 4.00072414e+01 4.00000000e-02
6.00300000e+03 4.00100007e+01 4.00000000e-02
6.00400000e+03 3.99620878e+01 4.00000000e-02
6.00500000e+03 4.00000688e+01 4.00000000e-02
6.00600000e+03 4.00150301e+01 4.00000000e-02
6.00700000e+03 3.99778092e+01 4.00000000e-02
6.00800000e+03 3.99634807e+01 4.00000000e-02
6.00900000e+03 4.00766957e+01 4.00000000e-02
6.01000000e+03 4.00266077e+01 4.00000000e-02
6.01100000e+03 3.99900501e+01 4.00000000e-02
6.01200000e+03 3.99826249e+01 4.00000000e-02
6.01300000e+03 3.98965982e+01 4.00000000e-02
6.01400000e+03 3.99452967e+01 4.00000000e-02
6.01500000e+03 3.99923476e+01 4.00000000e-02
6.01600000e+03 4.00538698e+01 4.00000000e-02
6.01700000e+03 3.99200070e+01 4.00000000e-02
6.01800000e+03 3.99743319e+01 4.00000000e-02
6.01900000e+03 4.00789238e+01 4.00000000e-02
6.02000000e+03 4.00291436e+01 4.00000000e-02
6.02100000e+03 4.00189428e+01 4.00000000e-02
6.02200000e+03 4.00501597e+01 4.00000000e-02
6.02300000e+03 3.99975625e+01 4.00000000e-02
6.02400000e+03 3.99952705e+01 4.00000000e-02
6.02500000e+03 4.00309754e+01 4.00000000e-02
6.02600000e+03 4.00364426e+01 4.00000000e-02
6.02700000e+03 3.99597095e+01 4.00000000e-02
6.02800000e+03 4.00635254e+01 4.00000000e-02
6.02900000e+03 3.99326499e+01 4.00000000e-02
6.03000000e+03 3.99746117e+01 4.00000000e-02
6.03100000e+03 4.01254273e+01 4.00000000e-02
6.03200000e+03 3.99819758e+01 4.00000000e-02
6.03300000e+03 4.00286945e+01 4.00000000e-02
6.03400000e+03 3.99623792e+01 4.00000000e-02
6.03500000e+03 3.99896473e+01 4.00000000e-02
6.03600000e+03 3.99736655e+01 4.00000000e-02
6.03700000e+03 3.99865372e+01 4.00000000e-02
6.03800000e+03 4.00287498e+01 4.00000000e-02
6.03900000e+03 4.00724772e+01 4.00000000e-02
6.04000000e+03 4.00374638e+01 4.00000000e-02
6.04100000e+03 4.00648126e+01 4.00000000e-02
6.04200000e+03 3.99822512e+01 4.00000000e-02
6.04300000e+03 4.00611769e+01 4.00000000e-02
6.04400000e+03 4.00250935e+01 4.00000000e-02
6.04500000e+03 4.00574056e+01 4.00000000e-02
6.04600000e+03 3.99857770e+01 4.00000000e-02
6.04700000e+03 3.99931835e+01 4.00000000e-02
6.04800000e+03 4.00571449e+01 4.00000000e-02
6.04900000e+03 4.00268382e+01 4.00000000e-02
6.05000000e+03 4.00066573e+01 4.00000000e-02
6.05100000e+03 3.99749303e+01 4.00000000e-02
6.05200000e+03 3.99982455e+01 4.00000000e-02
6.05300000e+03 4.00215957e+01 4.00000000e-02
6.05400000e+03 4.00310048e+01 4.00000000e-02
6.05500000e+03 3.99798497e+01 4.00000000e-02
6.05600000e+03 3.99883383e+01 4.00000000e-02
6.05700000e+03 4.00190433e+01 4.00000000e-02
6.05800000e+03 3.99574612e+01 4.00000000e-02
6.05900000e+03 4.00391895e+01 4.00000000e-02
6.06000000e+03 4.00011977e+01 4.00000000e-02
6.06100000e+03 3.99958994e+01 4.00000000e-02
6.06200000e+03 3.99045470e+01 4.00000000e-02
6.06300000e+03 3.99370617e+01 4.00000000e-02
6.06400000e+03 3.99591358e+01 4.00000000e-02
6.06500000e+03 3.99771403e+01 4.00000000e-02
6.06600000e+03 3.99564379e+01 4.00000000e-02
6.06700000e+03 4.00151290e+01 4.00000000e-02
6.06800000e+03 4.00054516e+01 4.00000000e-02
6.06900000e+03 3.99893485e+01 4.00000000e-02
6.07000000e+03 3.99186257e+01 4.00000000e-02
6.07100000e+03 4.00559139e+01 4.00000000e-02
6.07200000e+03 3.99888484e+01 4.00000000e-02
6.07300000e+03 4.00236188e+01 4.00000000e-02
6.07400000e+03 3.99731532e+01 4.00000000e-02
6.07500000e+03 3.99998824e+01 4.00000000e-02
6.07600000e+03 4.00277755e+01 4.00000000e-02
6.07700000e+03 4.00093302e+01 4.00000000e-02
6.07800000e+03 4.00383686e+01 4.00000000e-02
6.07900000e+03 3.99926234e+01 4.00000000e-02
6.08000000e+03 4.00795347e+01 4.00000000e-02
6.08100000e+03 3.99241007e+01 4.00000000e-02
6.08200000e+03 3.99777456e+01 4.00000000e-02
6.08300000e+03 4.00389781e+01 4.00000000e-02
6.08400000e+03 3.99897198e+01 4.00000000e-02
6.08500000e+03 3.99820115e+01 4.00000000e-02
6.08600000e+03 3.99287139e+01 4.00000000e-02
6.08700000e+03 4.00476290e+01 4.00000000e-02
6.08800000e+03 3.99237333e+01 4.00000000e-02
6.08900000e+03 4.00199174e+01 4.00000000e-02
6.09000000e+03 4.00073722e+01 4.00000000e-02
6.09100000e+03 4.00345504e+01 4.00000000e-02
6.09200000e+03 4.00578799e+01 4.00000000e-02
6.09300000e+03 3.99713644e+01 4.00000000e-02
6.09400000e+03 3.99670458e+01 4.00000000e-02
6.09500000e+03 3.99866938e+01 4.00000000e-02
6.09600000e+03 3.99305986e+01 4.00000000e-02
6.09700000e+03 4.00321253e+01 4.00000000e-02
6.09800000e+03 3.99833283e+01 4.00000000e-02
6.09900000e+03 4.00055313e+01 4.00000000e-02
6.10000000e+03 3.99539129e+01 4.00000000e-02
6.10100000e+03 3.99994141e+01 4.00000000e-02
6.10200000e+03 3.99740739e+01 4.00000000e-02
6.10300000e+03 3.99958585e+01 4.00000000e-02
6.10400000e+03 3.99551000e+01 4.00000000e-02
6.10500000e+03 4.00397687e+01 4.00000000e-02
6.10600000e+03 3.99727008e+01 4.00000000e-02
6.10700000e+03 3.98964909e+01 4.00000000e-02
6.10800000e+03 4.00243981e+01 4.00000000e-02
6.10900000e+03 3.99865571e+01 4.00000000e-02
6.11000000e+03 3.99631477e+01 4.00000000e-02
6.11100000e+03 4.00986868e+01 4.00000000e-02
6.11200000e+03 3.99963469e+01 4.00000000e-02
6.11300000e+03 3.99448550e+01 4.00000000e-02
6.11400000e+03 3.99737684e+01 4.00000000e-02
6.11500000e+03 4.00135447e+01 4.00000000e-02
6.11600000e+03 3.99892791e+01 4.00000000e-02
6.11700000e+03 4.00479641e+01 4.00000000e-02
6.11800000e+03 4.00408661e+01 4.00000000e-02
6.11900000e+03 3.99666431e+01 4.00000000e-02
6.12000000e+03 3.99998167e+01 4.00000000e-02
6.12100000e+03 4.00239627e+01 4.00000000e-02
6.12200000e+03 3.99817877e+01 4.00000000e-02
6.12300000e+03 3.99797459e+01 4.00000000e-02
6.12400000e+03 4.00334834e+01 4.00000000e-02
6.12500000e+03 4.00163384e+01 4.00000000e-02
6.12600000e+03 3.99422061e+01 4.00000000e-02
6.12700000e+03 3.99763532e+01 4.00000000e-02
6.12800000e+03 3.99817739e+01 4.00000000e-02
6.12900000e+03 3.99935841e+01 4.00000000e-02
6.13000000e+03 3.99696040e+01 4.00000000e-02
6.13100000e+03 4.00520028e+01 4.00000000e-02
6.13200000e+03 3.99595280e+01 4.00000000e-02
6.13300000e+03 3.99548895e+01 4.00000000e-02
6.13400000e+03 4.00067562e+01 4.00000000e-02
6.13500000e+03 3.99081962e+01 4.00000000e-02
6.13600000e+03 3.99570960e+01 4.00000000e-02
6.13700000e+03 4.00233955e+01 4.00000000e-02
6.13800000e+03 3.99453605e+01 4.00000000e-02
6.13900000e+03 3.99645986e+01 4.00000000e-02
6.14000000e+03 4.00418548e+01 4.00000000e-02
6.14100000e+03 4.00167081e+01 4.00000000e-02
6.14200000e+03 4.00007596e+01 4.00000000e-02
6.14300000e+03 4.00082700e+01 4.00000000e-02
6.14400000e+03 3.99714695e+01 4.00000000e-02
6.14500000e+03 4.00109678e+01 4.00000000e-02
6.14600000e+03 3.99905154e+01 4.00000000e-02
6.14700000e+03 4.00986677e+01 4.00000000e-02
6.14800000e+03 4.00202736e+01 4.00000000e-02
6.14900000e+03 3.99852431e+01 4.00000000e-02
6.15000000e+03 3.99966853e+01 4.00000000e-02
6.15100000e+03 4.00009802e+01 4.00000000e-02
6.15200000e+03 3.99436559e+01 4.00000000e-02
6.15300000e+03 3.99659274e+01 4.00000000e-02
6.15400000e+03 4.00599928e+01 4.00000000e-02
6.15500000e+03 3.99427689e+01 4.00000000e-02
6.15600000e+03 3.99757239e+01 4.00000000e-02
6.15700000e+03 4.00399375e+01 4.00000000e-02
6.15800000e+03 4.00594802e+01 4.00000000e-02
6.15900000e+03 3.99581099e+01 4.00000000e-02
6.16000000e+03 4.00576048e+01 4.00000000e-02
6.16100000e+03 3.99846189e+01 4.00000000e-02
6.16200000e+03 4.00654375e+01 4.00000000e-02
6.16300000e+03 4.00192586e+01 4.00000000e-02
6.16400000e+03 3.99879424e+01 4.00000000e-02
6.16500000e+03 4.00284518e+01 4.00000000e-02
6.16600000e+03 4.00217411e+01 4.00000000e-02
6.16700000e+03 3.99684311e+01 4.00000000e-02
6.16800000e+03 4.00853200e+01 4.00000000e-02
6.16900000e+03 3.99856255e+01 4.00000000e-02
6.17000000e+03 4.00455318e+01 4.00000000e-02
6.17100000e+03 3.99800088e+01 4.00000000e-02
6.17200000e+03 3.99263423e+01 4.00000000e-02
6.17300000e+03 3.99545382e+01 4.00000000e-02
6.17400000e+03 3.99954260e+01 4.00000000e-02
6.17500000e+03 4.00267617e+01 4.00000000e-02
6.17600000e+03 4.00699268e+01 4.00000000e-02
6.17700000e+03 4.00027270e+01 4.00000000e-02
6.17800000e+03 3.99881728e+01 4.00000000e-02
6.17900000e+03 3.99502574e+01 4.00000000e-02
6.18000000e+03 3.99976163e+01 4.00000000e-02
6.18100000e+03 4.00114697e+01 4.00000000e-02
6.18200000e+03 3.99108890e+01 4.00000000e-02
6.18300000e+03 4.00516536e+01 4.00000000e-02
6.18400000e+03 4.00449534e+01 4.00000000e-02
6.18500000e+03 4.00905427e+01 4.00000000e-02
6.18600000e+03 3.99629899e+01 4.00000000e-02
6.18700000e+03 4.00009704e+01 4.00000000e-02
6.18800000e+03 4.00000007e+01 4.00000000e-02
6.18900000e+03 3.99462656e+01 4.00000000e-02
6.19000000e+03 3.99653011e+01 4.00000000e-02
6.19100000e+03 3.99598851e+01 4.00000000e-02
6.19200000e+03 4.00198990e+01 4.00000000e-02
6.19300000e+03 4.00165495e+01 4.00000000e-02
6.19400000e+03 4.00532563e+01 4.00000000e-02
6.19500000e+03 3.99831114e+01 4.00000000e-02
6.19600000e+03 3.99432680e+01 4.00000000e-02
6.19700000e+03 4.00167897e+01 4.00000000e-02
6.19800000e+03 4.00140085e+01 4.00000000e-02
6.19900000e+03 4.00258590e+01 4.00000000e-02
6.20000000e+03 4.00490766e+01 4.00000000e-02
6.20100000e+03 3.99757347e+01 4.00000000e-02
6.20200000e+03 4.00311352e+01 4.00000000e-02
6.20300000e+03 3.99589388e+01 4.00000000e-02
6.20400000e+03 4.00054232e+01 4.00000000e-02
6.20500000e+03 4.00267777e+01 4.00000000e-02
6.20600000e+03 3.99945112e+01 4.00000000e-02
6.20700000e+03 4.00078534e+01 4.00000000e-02
6.20800000e+03 3.99433367e+01 4.00000000e-02
6.20900000e+03 3.99730847e+01 4.00000000e-02
6.21000000e+03 4.00051128e+01 4.00000000e-02
6.21100000e+03 3.99509278e+01 4.00000000e-02
6.21200000e+03 3.99648979e+01 4.00000000e-02
6.21300000e+03 4.00964979e+01 4.00000000e-02
6.21400000e+03 4.00093467e+01 4.00000000e-02
6.21500000e+03 3.99659228e+01 4.00000000e-02
6.21600000e+03 3.99574951e+01 4.00000000e-02
6.21700000e+03 4.00539968e+01 4.00000000e-02
6.21800000e+03 3.98862946e+01 4.00000000e-02
6.21900000e+03 3.99836913e+01 4.00000000e-02
6.22000000e+03 4.00217432e+01 4.00000000e-02
6.22100000e+03 3.99737738e+01 4.00000000e-02
6.22200000e+03 4.00170036e+01 4.00000000e-02
6.22300000e+03 3.99538626e+01 4.00000000e-02
6.22400000e+03 3.99951030e+01 4.00000000e-02
6.22500000e+03 3.99972227e+01 4.00000000e-02
6.22600000e+03 3.99959512e+01 4.00000000e-02
6.22700000e+03 4.00011699e+01 4.00000000e-02
6.22800000e+03 3.99967886e+01 4.00000000e-02
6.22900000e+03 4.00400512e+01 4.00000000e-02
6.23000000e+03 3.99845842e+01 4.00000000e-02
6.23100000e+03 3.99714839e+01 4.00000000e-02
6.23200000e+03 3.99837153e+01 4.00000000e-02
6.23300000e+03 3.99827669e+01 4.00000000e-02
6.23400000e+03 3.99338953e+01 4.00000000e-02
6.23500000e+03 3.99183205e+01 4.00000000e-02
6.23600000e+03 3.99406425e+01 4.00000000e-02
6.23700000e+03 4.00061298e+01 4.00000000e-02
6.23800000e+03 3.99680200e+01 4.00000000e-02
6.23900000e+03 3.99782221e+01 4.00000000e-02
6.24000000e+03 4.01095079e+01 4.00000000e-02
6.24100000e+03 4.00397251e+01 4.00000000e-02
6.24200000e+03 3.99862763e+01 4.00000000e-02
6.24300000e+03 3.99693961e+01 4.00000000e-02
6.24400000e+03 4.00497525e+01 4.00000000e-02
6.24500000e+03 3.99633828e+01 4.00000000e-02
6.24600000e+03 4.00441707e+01 4.00000000e-02
6.24700000e+03 4.00181967e+01 4.00000000e-02
6.24800000e+03 4.00501106e+01 4.00000000e-02
6.24900000e+03 3.99656308e+01 4.00000000e-02
6.25000000e+03 4.00308315e+01 4.00000000e-02
6.25100000e+03 3.99220740e+01 4.00000000e-02
6.25200000e+03 3.99876598e+01 4.00000000e-02
6.25300000e+03 4.00378100e+01 4.00000000e-02
6.25400000e+03 4.00224327e+01 4.00000000e-02
6.25500000e+03 3.99210542e+01 4.00000000e-02
6.25600000e+03 4.00219769e+01 4.00000000e-02
6.25700000e+03 4.00127104e+01 4.00000000e-02
6.25800000e+03 3.99919058e+01 4.00000000e-02
6.25900000e+03 3.99655076e+01 4.00000000e-02
6.26000000e+03 3.99831786e+01 4.00000000e-02
6.26100000e+03 3.99714472e+01 4.00000000e-02
6.26200000e+03 4.00323262e+01 4.00000000e-02
6.26300000e+03 4.00130783e+01 4.00000000e-02
6.26400000e+03 4.00372077e+01 4.00000000e-02
6.26500000e+03 4.00220227e+01 4.00000000e-02
6.26600000e+03 3.99430999e+01 4.00000000e-02
6.26700000e+03 3.99998541e+01 4.00000000e-02
6.26800000e+03 4.00802040e+01 4.00000000e-02
6.26900000e+03 3.99499517e+01 4.00000000e-02
6.27000000e+03 4.00056339e+01 4.00000000e-02
6.27100000e+03 3.99631376e+01 4.00000000e-02
6.27200000e+03 3.99587810e+01 4.00000000e-02
6.27300000e+03 4.00028462e+01 4.00000000e-02
6.27400000e+03 4.00311558e+01 4.00000000e-02
6.27500000e+03 4.00251168e+01 4.00000000e-02
6.27600000e+03 4.00128762e+01 4.00000000e-02
6.27700000e+03 4.00324049e+01 4.00000000e-02
6.27800000e+03 3.99291286e+01 4.00000000e-02
6.27900000e+03 4.00270620e+01 4.00000000e-02
6.28000000e+03 4.00105069e+01 4.00000000e-02
6.28100000e+03 3.99869670e+01 4.00000000e-02
6.28200000e+03 3.99938874e+01 4.00000000e-02
6.28300000e+03 3.99601437e+01 4.00000000e-02
6.28400000e+03 4.00409217e+01 4.00000000e-02
6.28500000e+03 3.99641220e+01 4.00000000e-02
6.28600000e+03 3.99352005e+01 4.00000000e-02
6.28700000e+03 3.99940185e+01 4.00000000e-02
6.28800000e+03 3.99710724e+01 4.00000000e-02
6.28900000e+03 3.99914673e+01 4.00000000e-02
6.29000000e+03 4.00548453e+01 4.00000000e-02
6.29100000e+03 3.99887833e+01 4.00000000e-02
6.29200000e+03 3.99992639e+01 4.00000000e-02
6.29300000e+03 4.00851074e+01 4.00000000e-02
6.29400000e+03 3.99381298e+01 4.00000000e-02
6.29500000e+03 4.00091046e+01 4.00000000e-02
6.29600000e+03 4.00412014e+01 4.00000000e-02
6.29700000e+03 4.00551610e+01 4.00000000e-02
6.29800000e+03 4.00844900e+01 4.00000000e-02
6.29900000e+03 3.99681291e+01 4.00000000e-02
6.30000000e+03 4.00189990e+01 4.00000000e-02
6.30100000e+03 3.99907708e+01 4.00000000e-02
6.30200000e+03 3.99764143e+01 4.00000000e-02
6.30300000e+03 3.99655423e+01 4.00000000e-02
6.30400000e+03 3.99359811e+01 4.00000000e-02
6.30500000e+03 4.00080806e+01 4.00000000e-02
6.30600000e+03 4.00249127e+01 4.00000000e-02
6.30700000e+03 3.99520670e+01 4.00000000e-02
6.30800000e+03 4.00252827e+01 4.00000000e-02
6.30900000e+03 3.99725265e+01 4.00000000e-02
6.31000000e+03 3.99540353e+01 4.00000000e-02
6.31100000e+03 3.98893834e+01 4.00000000e-02
6.31200000e+03 4.00391168e+01 4.00000000e-02
6.31300000e+03 4.00236005e+01 4.00000000e-02
6.31400000e+03 3.99822629e+01 4.00000000e-02
6.31500000e+03 3.99792758e+01 4.00000000e-02
6.31600000e+03 3.99425469e+01 4.00000000e-02
6.31700000e+03 4.00156727e+01 4.00000000e-02
6.31800000e+03 3.99923556e+01 4.00000000e-02
6.31900000e+03 4.00166854e+01 4.00000000e-02
6.32000000e+03 4.00021451e+01 4.00000000e-02
6.32100000e+03 3.99384081e+01 4.00000000e-02
6.32200000e+03 3.99324372e+01 4.00000000e-02
6.32300000e+03 4.00119954e+01 4.00000000e-02
6.32400000e+03 3.99271449e+01 4.00000000e-02
6.32500000e+03 4.00062882e+01 4.00000000e-02
6.32600000e+03 4.00318799e+01 4.00000000e-02
6.32700000e+03 3.99437806e+01 4.00000000e-02
6.32800000e+03 4.00227793e+01 4.00000000e-02
6.32900000e+03 3.99975540e+01 4.00000000e-02
6.33000000e+03 4.00174664e+01 4.00000000e-02
6.33100000e+03 3.99705951e+01 4.00000000e-02
6.33200000e+03 3.99956568e+01 4.00000000e-02
6.33300000e+03 4.00136210e+01 4.00000000e-02
6.33400000e+03 4.00702565e+01 4.00000000e-02
6.33500000e+03 4.00263420e+01 4.00000000e-02
6.33600000e+03 4.00169623e+01 4.00000000e-02
6.33700000e+03 3.99447824e+01 4.00000000e-02
6.33800000e+03 4.00105582e+01 4.00000000e-02
6.33900000e+03 3.99697993e+01 4.00000000e-02
6.34000000e+03 3.99945583e+01 4.00000000e-02
6.34100000e+03 4.00082877e+01 4.00000000e-02
6.34200000e+03 4.00366353e+01 4.00000000e-02
6.34300000e+03 4.00215704e+01 4.00000000e-02
6.34400000e+03 4.00053737e+01 4.00000000e-02
6.34500000e+03 3.99955261e+01 4.00000000e-02
6.34600000e+03 4.00525490e+01 4.00000000e-02
6.34700000e+03 3.99622999e+01 4.00000000e-02
6.34800000e+03 3.99996351e+01 4.00000000e-02
6.34900000e+03 4.00535502e+01 4.00000000e-02
6.35000000e+03 3.99903409e+01 4.00000000e-02
6.35100000e+03 4.00316298e+01 4.00000000e-02
6.35200000e+03 4.00341191e+01 4.00000000e-02
6.35300000e+03 4.00780012e+01 4.00000000e-02
6.35400000e+03 4.00438335e+01 4.00000000e-02
6.35500000e+03 3.99317665e+01 4.00000000e-02
6.35600000e+03 3.99982319e+01 4.00000000e-02
6.35700000e+03 4.00099737e+01 4.00000000e-02
6.35800000e+03 4.00314191e+01 4.00000000e-02
6.35900000e+03 4.00136049e+01 4.00000000e-02
6.36000000e+03 4.00738912e+01 4.00000000e-02
6.36100000e+03 4.00421994e+01 4.00000000e-02
6.36200000e+03 3.99500773e+01 4.00000000e-02
6.36300000e+03 3.99719758e+01 4.00000000e-02
6.36400000e+03 3.99141593e+01 4.00000000e-02
6.36500000e+03 4.00669511e+01 4.00000000e-02
6.36600000e+03 3.99918545e+01 4.00000000e-02
6.36700000e+03 3.99909414e+01 4.00000000e-02
6.36800000e+03 3.99326285e+01 4.00000000e-02
6.36900000e+03 3.99783135e+01 4.00000000e-02
6.37000000e+03 4.00129938e+01 4.00000000e-02
6.37100000e+03 3.99790451e+01 4.00000000e-02
6.37200000e+03 3.99792214e+01 4.00000000e-02
6.37300000e+03 3.99698500e+01 4.00000000e-02
6.37400000e+03 4.00746883e+01 4.00000000e-02
6.37500000e+03 3.99721708e+01 4.00000000e-02
6.37600000e+03 3.99354611e+01 4.00000000e-02
6.37700000e+03 3.99729626e+01 4.00000000e-02
6.37800000e+03 3.99794583e+01 4.00000000e-02
6.37900000e+03 3.99895758e+01 4.00000000e-02
6.38000000e+03 3.99832593e+01 4.00000000e-02
6.38100000e+03 3.99476963e+01 4.00000000e-02
6.38200000e+03 3.99846778e+01 4.00000000e-02
6.38300000e+03 4.00082818e+01 4.00000000e-02
6.38400000e+03 3.99357604e+01 4.00000000e-02
6.38500000e+03 4.00725772e+01 4.00000000e-02
6.38600000e+03 4.00612879e+01 4.00000000e-02
6.38700000e+03 3.99187792e+01 4.00000000e-02
6.38800000e+03 3.99774017e+01 4.00000000e-02
6.38900000e+03 4.00332143e+01 4.00000000e-02
6.39000000e+03 4.00467337e+01 4.00000000e-02
6.39100000e+03 4.00647338e+01 4.00000000e-02
6.39200000e+03 3.99173526e+01 4.00000000e-02
6.39300000e+03 3.99472382e+01 4.00000000e-02
6.39400000e+03 3.99714606e+01 4.00000000e-02
6.39500000e+03 4.00146718e+01 4.00000000e-02
6.39600000e+03 3.99487734e+01 4.00000000e-02
6.39700000e+03 4.00100947e+01 4.00000000e-02
6.39800000e+03 4.00110151e+01 4.00000000e-02
6.39900000e+03 4.00219798e+01 4.00000000e-02
6.40000000e+03 3.99405026e+01 4.00000000e-02
6.40100000e+03 4.00009608e+01 4.00000000e-02
6.40200000e+03 3.99960463e+01 4.00000000e-02
6.40300000e+03 3.99762989e+01 4.00000000e-02
6.40400000e+03 4.00463773e+01 4.00000000e-02
6.40500000e+03 3.99817059e+01 4.00000000e-02
6.40600000e+03 4.00526253e+01 4.00000000e-02
6.40700000e+03 3.99697398e+01 4.00000000e-02
6.40800000e+03 4.00633651e+01 4.00000000e-02
6.40900000e+03 4.00612651e+01 4.00000000e-02
6.41000000e+03 3.99610153e+01 4.00000000e-02
6.41100000e+03 4.00083185e+01 4.00000000e-02
6.41200000e+03 4.00075309e+01 4.00000000e-02
6.41300000e+03 3.99552316e+01 4.00000000e-02
6.41400000e+03 4.00270023e+01 4.00000000e-02
6.41500000e+03 4.00194199e+01 4.00000000e-02
6.41600000e+03 3.99599969e+01 4.00000000e-02
6.41700000e+03 3.99995594e+01 4.00000000e-02
6.41800000e+03 4.00318820e+01 4.00000000e-02
6.41900000e+03 3.99893579e+01 4.00000000e-02
6.42000000e+03 3.99669019e+01 4.00000000e-02
6.42100000e+03 4.00627112e+01 4.00000000e-02
6.42200000e+03 3.99563171e+01 4.00000000e-02
6.42300000e+03 4.00102425e+01 4.00000000e-02
6.42400000e+03 4.00421807e+01 4.00000000e-02
6.42500000e+03 4.00288372e+01 4.00000000e-02
6.42600000e+03 3.99221252e+01 4.00000000e-02
6.42700000e+03 3.99836749e+01 4.00000000e-02
6.42800000e+03 3.99917347e+01 4.00000000e-02
6.42900000e+03 3.99886799e+01 4.00000000e-02
6.43000000e+03 4.00229123e+01 4.00000000e-02
6.43100000e+03 4.00196765e+01 4.00000000e-02
6.43200000e+03 4.00032304e+01 4.00000000e-02
6.43300000e+03 4.00087455e+01 4.00000000e-02
6.43400000e+03 4.00392519e+01 4.00000000e-02
6.43500000e+03 4.00489507e+01 4.00000000e-02
6.43600000e+03 3.99214019e+01 4.00000000e-02
6.43700000e+03 4.00871768e+01 4.00000000e-02
6.43800000e+03 3.99761677e+01 4.00000000e-02
6.43900000e+03 4.00304906e+01 4.00000000e-02
6.44000000e+03 3.99326990e+01 4.00000000e-02
6.44100000e+03 3.99780017e+01 4.00000000e-02
6.44200000e+03 3.99479106e+01 4.00000000e-02
6.44300000e+03 4.00431998e+01 4.00000000e-02
6.44400000e+03 4.00351677e+01 4.00000000e-02
6.44500000e+03 3.99994297e+01 4.00000000e-02
6.44600000e+03 3.99923351e+01 4.00000000e-02
6.44700000e+03 4.00149747e+01 4.00000000e-02
6.44800000e+03 3.99611283e+01 4.00000000e-02
6.44900000e+03 3.99746339e+01 4.00000000e-02
6.45000000e+03 3.99682373e+01 4.00000000e-02
6.45100000e+03 4.00326016e+01 4.00000000e-02
6.45200000e+03 4.00003956e+01 4.00000000e-02
6.45300000e+03 3.99475921e+01 4.00000000e-02
6.45400000e+03 4.00133612e+01 4.00000000e-02
6.45500000e+03 4.00207301e+01 4.00000000e-02
6.45600000e+03 4.00557208e+01 4.00000000e-02
6.45700000e+03 3.99767968e+01 4.00000000e-02
6.45800000e+03 4.00158246e+01 4.00000000e-02
6.45900000e+03 4.00839257e+01 4.00000000e-02
6.46000000e+03 3.99861745e+01 4.00000000e-02
6.46100000e+03 3.99846277e+01 4.00000000e-02
6.46200000e+03 4.00200743e+01 4.00000000e-02
6.46300000e+03 3.99790158e+01 4.00000000e-02
6.46400000e+03 3.99994196e+01 4.00000000e-02
6.46500000e+03 3.99788780e+01 4.00000000e-02
6.46600000e+03 3.99674890e+01 4.00000000e-02
6.46700000e+03 4.00349534e+01 4.00000000e-02
6.46800000e+03 3.99840261e+01 4.00000000e-02
6.46900000e+03 3.99584291e+01 4.00000000e-02
6.47000000e+03 3.99875414e+01 4.00000000e-02
6.47100000e+03 3.99934109e+01 4.00000000e-02
6.47200000e+03 4.00112971e+01 4.00000000e-02
6.47300000e+03 4.00370764e+01 4.00000000e-02
6.47400000e+03 4.00709417e+01 4.00000000e-02
6.47500000e+03 3.99493089e+01 4.00000000e-02
6.47600000e+03 3.99889738e+01 4.00000000e-02
6.47700000e+03 3.99250571e+01 4.00000000e-02
6.47800000e+03 4.00077581e+01 4.00000000e-02
6.47900000e+03 4.00199313e+01 4.00000000e-02
6.48000000e+03 3.99721342e+01 4.00000000e-02
6.48100000e+03 3.99614424e+01 4.00000000e-02
6.48200000e+03 3.99581914e+01 4.00000000e-02
6.48300000e+03 3.99375864e+01 4.00000000e-02
6.48400000e+03 4.00237932e+01 4.00000000e-02
6.48500000e+03 4.00755199e+01 4.00000000e-02
6.48600000e+03 3.99518750e+01 4.00000000e-02
6.48700000e+03 4.00641299e+01 4.00000000e-02
6.48800000e+03 3.99932286e+01 4.00000000e-02
6.48900000e+03 3.99413608e+01 4.00000000e-02
6.49000000e+03 4.00204801e+01 4.00000000e-02
6.49100000e+03 4.00283136e+01 4.00000000e-02
6.49200000e+03 4.00134503e+01 4.00000000e-02
6.49300000e+03 3.99868404e+01 4.00000000e-02
6.49400000e+03 4.00649978e+01 4.00000000e-02
6.49500000e+03 3.99857732e+01 4.00000000e-02
6.49600000e+03 4.00229716e+01 4.00000000e-02
6.49700000e+03 4.00234923e+01 4.00000000e-02
6.49800000e+03 3.99608027e+01 4.00000000e-02
6.49900000e+03 3.99220238e+01 4.00000000e-02
6.50000000e+03 3.99267966e+01 4.00000000e-02
6.50100000e+03 3.99807812e+01 4.00000000e-02
6.50200000e+03 4.00112742e+01 4.00000000e-02
6.50300000e+03 3.99245982e+01 4.00000000e-02
6.50400000e+03 3.99674577e+01 4.00000000e-02
6.50500000e+03 4.00588113e+01 4.00000000e-02
6.50600000e+03 3.99237614e+01 4.00000000e-02
6.50700000e+03 4.00152925e+01 4.00000000e-02
6.50800000e+03 4.00107590e+01 4.00000000e-02
6.50900000e+03 4.00284099e+01 4.00000000e-02
6.51000000e+03 3.99367187e+01 4.00000000e-02
6.51100000e+03 4.00100234e+01 4.00000000e-02
6.51200000e+03 3.99398779e+01 4.00000000e-02
6.51300000e+03 4.00503667e+01 4.00000000e-02
6.51400000e+03 3.99611550e+01 4.00000000e-02
6.51500000e+03 4.00115954e+01 4.00000000e-02
6.51600000e+03 3.99637077e+01 4.00000000e-02
6.51700000e+03 4.00017293e+01 4.00000000e-02
6.51800000e+03 3.99338429e+01 4.00000000e-02
6.51900000e+03 4.00075831e+01 4.00000000e-02
6.52000000e+03 4.00205118e+01 4.00000000e-02
6.52100000e+03 3.99955964e+01 4.00000000e-02
6.52200000e+03 4.00615684e+01 4.00000000e-02
6.52300000e+03 4.00109959e+01 4.00000000e-02
6.52400000e+03 4.00278957e+01 4.00000000e-02
6.52500000e+03 4.00165621e+01 4.00000000e-02
6.52600000e+03 4.00721437e+01 4.00000000e-02
6.52700000e+03 3.99693940e+01 4.00000000e-02
6.52800000e+03 3.99851089e+01 4.00000000e-02
6.52900000e+03 3.99872240e+01 4.00000000e-02
6.53000000e+03 4.00212310e+01 4.00000000e-02
6.53100000e+03 4.00068186e+01 4.00000000e-02
6.53200000e+03 4.00301544e+01 4.00000000e-02
6.53300000e+03 4.00083308e+01 4.00000000e-02
6.53400000e+03 3.99754220e+01 4.00000000e-02
6.53500000e+03 3.99938839e+01 4.00000000e-02
6.53600000e+03 4.00142319e+01 4.00000000e-02
6.53700000e+03 3.99036410e+01 4.00000000e-02
6.53800000e+03 4.00530996e+01 4.00000000e-02
6.53900000e+03 3.99736526e+01 4.00000000e-02
6.54000000e+03 3.99823309e+01 4.00000000e-02
6.54100000e+03 4.00074570e+01 4.00000000e-02
6.54200000e+03 3.99867696e+01 4.00000000e-02
6.54300000e+03 3.99379446e+01 4.00000000e-02
6.54400000e+03 3.99878140e+01 4.00000000e-02
6.54500000e+03 4.00536366e+01 4.00000000e-02
6.54600000e+03 4.00399325e+01 4.00000000e-02
6.54700000e+03 4.00477153e+01 4.00000000e-02
6.54800000e+03 3.99750708e+01 4.00000000e-02
6.54900000e+03 3.99888238e+01 4.00000000e-02
6.55000000e+03 4.00405985e+01 4.00000000e-02
6.55100000e+03 4.00582985e+01 4.00000000e-02
6.55200000e+03 3.99992390e+01 4.00000000e-02
6.55300000e+03 3.99586004e+01 4.00000000e-02
6.55400000e+03 3.99194350e+01 4.00000000e-02
6.55500000e+03 4.00561309e+01 4.00000000e-02
6.55600000e+03 3.99362624e+01 4.00000000e-02
6.55700000e+03 4.00160294e+01 4.00000000e-02
6.55800000e+03 4.00349491e+01 4.00000000e-02
6.55900000e+03 4.01317463e+01 4.00000000e-02
6.56000000e+03 4.00066319e+01 4.00000000e-02
6.56100000e+03 3.99942902e+01 4.00000000e-02
6.56200000e+03 4.00179080e+01 4.00000000e-02
6.56300000e+03 4.00200873e+01 4.00000000e-02
6.56400000e+03 4.00542460e+01 4.00000000e-02
6.56500000e+03 4.00275761e+01 4.00000000e-02
6.56600000e+03 3.99681092e+01 4.00000000e-02
6.56700000e+03 3.99129916e+01 4.00000000e-02
6.56800000e+03 4.00117319e+01 4.00000000e-02
6.56900000e+03 3.99718329e+01 4.00000000e-02
6.57000000e+03 4.00575693e+01 4.00000000e-02
6.57100000e+03 3.99457509e+01 4.00000000e-02
6.57200000e+03 4.00080228e+01 4.00000000e-02
6.57300000e+03 3.99697465e+01 4.00000000e-02
6.57400000e+03 3.99637593e+01 4.00000000e-02
6.57500000e+03 4.00684360e+01 4.00000000e-02
6.57600000e+03 4.00068674e+01 4.00000000e-02
6.57700000e+03 3.99924738e+01 4.00000000e-02
6.57800000e+03 4.00304252e+01 4.00000000e-02
6.57900000e+03 3.99676117e+01 4.00000000e-02
6.58000000e+03 3.99848131e+01 4.00000000e-02
6.58100000e+03 3.99736855e+01 4.00000000e-02
6.58200000e+03 4.00816907e+01 4.00000000e-02
6.58300000e+03 4.00135974e+01 4.00000000e-02
6.58400000e+03 4.00259248e+01 4.00000000e-02
6.58500000e+03 4.00460108e+01 4.00000000e-02
6.58600000e+03 3.99923041e+01 4.00000000e-02
6.58700000e+03 3.99935841e+01 4.00000000e-02
6.58800000e+03 3.99323699e+01 4.00000000e-02
6.58900000e+03 4.00197262e+01 4.00000000e-02
6.59000000e+03 4.00106264e+01 4.00000000e-02
6.59100000e+03 3.99829066e+01 4.00000000e-02
6.59200000e+03 4.00496792e+01 4.00000000e-02
6.59300000e+03 3.99260413e+01 4.00000000e-02
6.59400000e+03 4.00172337e+01 4.00000000e-02
6.59500000e+03 3.99428931e+01 4.00000000e-02
6.59600000e+03 3.99525589e+01 4.00000000e-02
6.59700000e+03 3.99911323e+01 4.00000000e-02
6.59800000e+03 4.00549760e+01 4.00000000e-02
6.59900000e+03 3.99506113e+01 4.00000000e-02
6.60000000e+03 3.99584628e+01 4.00000000e-02
6.60100000e+03 3.99496750e+01 4.00000000e-02
6.60200000e+03 4.00831667e+01 4.00000000e-02
6.60300000e+03 4.00214675e+01 4.00000000e-02
6.60400000e+03 4.00166130e+01 4.00000000e-02
6.60500000e+03 4.00853654e+01 4.00000000e-02
6.60600000e+03 4.00101602e+01 4.00000000e-02
6.60700000e+03 3.99126775e+01 4.00000000e-02
6.60800000e+03 3.99788781e+01 4.00000000e-02
6.60900000e+03 3.99502098e+01 4.00000000e-02
6.61000000e+03 4.00838098e+01 4.00000000e-02
6.61100000e+03 3.99410808e+01 4.00000000e-02
6.61200000e+03 4.00124007e+01 4.00000000e-02
6.61300000e+03 3.99784152e+01 4.00000000e-02
6.61400000e+03 3.99814823e+01 4.00000000e-02
6.61500000e+03 4.00006420e+01 4.00000000e-02
6.61600000e+03 3.99941822e+01 4.00000000e-02
6.61700000e+03 3.99713419e+01 4.00000000e-02
6.61800000e+03 3.99484323e+01 4.00000000e-02
6.61900000e+03 3.99726792e+01 4.00000000e-02
6.62000000e+03 3.99563593e+01 4.00000000e-02
6.62100000e+03 3.99620164e+01 4.00000000e-02
6.62200000e+03 4.00045954e+01 4.00000000e-02
6.62300000e+03 3.99933178e+01 4.00000000e-02
6.62400000e+03 4.00195144e+01 4.00000000e-02
6.62500000e+03 3.99897386e+01 4.00000000e-02
6.62600000e+03 4.00795162e+01 4.00000000e-02
6.62700000e+03 3.99692073e+01 4.00000000e-02
6.62800000e+03 3.99580217e+01 4.00000000e-02
6.62900000e+03 4.00421564e+01 4.00000000e-02
6.63000000e+03 3.99702162e+01 4.00000000e-02
6.63100000e+03 4.00047104e+01 4.00000000e-02
6.63200000e+03 4.00402121e+01 4.00000000e-02
6.63300000e+03 3.99954281e+01 4.00000000e-02
6.63400000e+03 3.99847408e+01 4.00000000e-02
6.63500000e+03 4.00397440e+01 4.00000000e-02
6.63600000e+03 4.00132895e+01 4.00000000e-02
6.63700000e+03 3.99773556e+01 4.00000000e-02
6.63800000e+03 3.99496372e+01 4.00000000e-02
6.63900000e+03 3.99836803e+01 4.00000000e-02
6.64000000e+03 3.99304792e+01 4.00000000e-02
6.64100000e+03 3.99631039e+01 4.00000000e-02
6.64200000e+03 3.99538172e+01 4.00000000e-02
6.64300000e+03 4.00115787e+01 4.00000000e-02
6.64400000e+03 4.00310354e+01 4.00000000e-02
6.64500000e+03 3.99722223e+01 4.00000000e-02
6.64600000e+03 3.99809599e+01 4.00000000e-02
6.64700000e+03 3.99534572e+01 4.00000000e-02
6.64800000e+03 3.99417651e+01 4.00000000e-02
6.64900000e+03 3.99812003e+01 4.00000000e-02
6.65000000e+03 4.00225861e+01 4.00000000e-02
6.65100000e+03 4.00186347e+01 4.00000000e-02
6.65200000e+03 4.00236065e+01 4.00000000e-02
6.65300000e+03 3.99877600e+01 4.00000000e-02
6.65400000e+03 3.98855751e+01 4.00000000e-02
6.65500000e+03 4.00376749e+01 4.00000000e-02
6.65600000e+03 4.00540683e+01 4.00000000e-02
6.65700000e+03 4.00370707e+01 4.00000000e-02
6.65800000e+03 4.00367507e+01 4.00000000e-02
6.65900000e+03 4.00448580e+01 4.00000000e-02
6.66000000e+03 4.01107873e+01 4.00000000e-02
6.66100000e+03 4.00128365e+01 4.00000000e-02
6.66200000e+03 4.00641957e+01 4.00000000e-02
6.66300000e+03 4.00332724e+01 4.00000000e-02
6.66400000e+03 4.00278839e+01 4.00000000e-02
6.66500000e+03 3.99942763e+01 4.00000000e-02
6.66600000e+03 3.99854886e+01 4.00000000e-02
6.66700000e+03 3.99530432e+01 4.00000000e-02
6.66800000e+03 4.00241835e+01 4.00000000e-02
6.66900000e+03 3.99868383e+01 4.00000000e-02
6.67000000e+03 3.99499550e+01 4.00000000e-02
6.67100000e+03 3.99682719e+01 4.00000000e-02
6.67200000e+03 3.99505059e+01 4.00000000e-02
6.67300000e+03 4.00663182e+01 4.00000000e-02
6.67400000e+03 3.99896463e+01 4.00000000e-02
6.67500000e+03 4.00043004e+01 4.00000000e-02
6.67600000e+03 3.99494730e+01 4.00000000e-02
6.67700000e+03 3.99568917e+01 4.00000000e-02
6.67800000e+03 4.00434135e+01 4.00000000e-02
6.67900000e+03 3.99900714e+01 4.00000000e-02
6.68000000e+03 4.00090708e+01 4.00000000e-02
6.68100000e+03 4.00761488e+01 4.00000000e-02
6.68200000e+03 4.00867366e+01 4.00000000e-02
6.68300000e+03 4.00285293e+01 4.00000000e-02
6.68400000e+03 4.00201601e+01 4.00000000e-02
6.68500000e+03 4.00097448e+01 4.00000000e-02
6.68600000e+03 3.99880729e+01 4.00000000e-02
6.68700000e+03 4.00840772e+01 4.00000000e-02
6.68800000e+03 3.99494480e+01 4.00000000e-02
6.68900000e+03 3.99962222e+01 4.00000000e-02
6.69000000e+03 3.99200143e+01 4.00000000e-02
6.69100000e+03 3.99473615e+01 4.00000000e-02
6.69200000e+03 4.00167190e+01 4.00000000e-02
6.69300000e+03 4.00189518e+01 4.00000000e-02
6.69400000e+03 4.00139796e+01 4.00000000e-02
6.69500000e+03 3.99865045e+01 4.00000000e-02
6.69600000e+03 3.99705806e+01 4.00000000e-02
6.69700000e+03 3.99775784e+01 4.00000000e-02
6.69800000e+03 3.99840585e+01 4.00000000e-02
6.69900000e+03 4.00454621e+01 4.00000000e-02
6.70000000e+03 4.00606012e+01 4.00000000e-02
6.70100000e+03 4.00183749e+01 4.00000000e-02
6.70200000e+03 3.99775999e+01 4.00000000e-02
6.70300000e+03 3.99610446e+01 4.00000000e-02
6.70400000e+03 4.00126419e+01 4.00000000e-02
6.70500000e+03 3.99904881e+01 4.00000000e-02
6.70600000e+03 3.99241596e+01 4.00000000e-02
6.70700000e+03 4.00569737e+01 4.00000000e-02
6.70800000e+03 3.99996567e+01 4.00000000e-02
6.70900000e+03 3.99867416e+01 4.00000000e-02
6.71000000e+03 3.99638148e+01 4.00000000e-02
6.71100000e+03 3.99636560e+01 4.00000000e-02
6.71200000e+03 4.00373642e+01 4.00000000e-02
6.71300000e+03 3.99607624e+01 4.00000000e-02
6.71400000e+03 4.00039779e+01 4.00000000e-02
6.71500000e+03 4.00263767e+01 4.00000000e-02
6.71600000e+03 4.00766572e+01 4.00000000e-02
6.71700000e+03 4.00251229e+01 4.00000000e-02
6.71800000e+03 3.99985782e+01 4.00000000e-02
6.71900000e+03 3.99817095e+01 4.00000000e-02
6.72000000e+03 4.00355749e+01 4.00000000e-02
6.72100000e+03 4.00417562e+01 4.00000000e-02
6.72200000e+03 3.99822938e+01 4.00000000e-02
6.72300000e+03 4.00244219e+01 4.00000000e-02
6.72400000e+03 3.99942521e+01 4.00000000e-02
6.72500000e+03 3.99325392e+01 4.00000000e-02
6.72600000e+03 3.99581435e+01 4.00000000e-02
6.72700000e+03 4.00336459e+01 4.00000000e-02
6.72800000e+03 4.00599444e+01 4.00000000e-02
6.72900000e+03 4.00282150e+01 4.00000000e-02
6.73000000e+03 3.99915955e+01 4.00000000e-02
6.73100000e+03 3.99702217e+01 4.00000000e-02
6.73200000e+03 4.00223103e+01 4.00000000e-02
6.73300000e+03 4.00137581e+01 4.00000000e-02
6.73400000e+03 3.99327512e+01 4.00000000e-02
6.73500000e+03 4.00270802e+01 4.00000000e-02
6.73600000e+03 3.99706033e+01 4.00000000e-02
6.73700000e+03 4.00279338e+01 4.00000000e-02
6.73800000e+03 4.00223321e+01 4.00000000e-02
6.73900000e+03 4.00301869e+01 4.00000000e-02
6.74000000e+03 4.00445616e+01 4.00000000e-02
6.74100000e+03 4.00293131e+01 4.00000000e-02
6.74200000e+03 3.99563943e+01 4.00000000e-02
6.74300000e+03 3.99576850e+01 4.00000000e-02
6.74400000e+03 4.00432419e+01 4.00000000e-02
6.74500000e+03 4.00198680e+01 4.00000000e-02
6.74600000e+03 3.99347071e+01 4.00000000e-02
6.74700000e+03 3.99166015e+01 4.00000000e-02
6.74800000e+03 4.00372015e+01 4.00000000e-02
6.74900000e+03 4.00925349e+01 4.00000000e-02
6.75000000e+03 4.00344830e+01 4.00000000e-02
6.75100000e+03 3.99902305e+01 4.00000000e-02
6.75200000e+03 4.00112203e+01 4.00000000e-02
6.75300000e+03 3.98868699e+01 4.00000000e-02
6.75400000e+03 3.99586135e+01 4.00000000e-02
6.75500000e+03 4.00422587e+01 4.00000000e-02
6.75600000e+03 4.00359263e+01 4.00000000e-02
6.75700000e+03 3.99116878e+01 4.00000000e-02
6.75800000e+03 4.00492912e+01 4.00000000e-02
6.75900000e+03 4.00223668e+01 4.00000000e-02
6.76000000e+03 4.00390761e+01 4.00000000e-02
6.76100000e+03 3.99917222e+01 4.00000000e-02
6.76200000e+03 4.00003041e+01 4.00000000e-02
6.76300000e+03 3.99553221e+01 4.00000000e-02
6.76400000e+03 4.00134685e+01 4.00000000e-02
6.76500000e+03 4.00373958e+01 4.00000000e-02
6.76600000e+03 3.99610305e+01 4.00000000e-02
6.76700000e+03 4.00153674e+01 4.00000000e-02
6.76800000e+03 3.99780299e+01 4.00000000e-02
6.76900000e+03 4.00434897e+01 4.00000000e-02
6.77000000e+03 4.00408963e+01 4.00000000e-02
6.77100000e+03 3.99019888e+01 4.00000000e-02
6.77200000e+03 4.00189649e+01 4.00000000e-02
6.77300000e+03 4.00423455e+01 4.00000000e-02
6.77400000e+03 3.99768411e+01 4.00000000e-02
6.77500000e+03 3.99911454e+01 4.00000000e-02
6.77600000e+03 3.99938253e+01 4.00000000e-02
6.77700000e+03 3.99524903e+01 4.00000000e-02
6.77800000e+03 3.99952834e+01 4.00000000e-02
6.77900000e+03 4.00648006e+01 4.00000000e-02
6.78000000e+03 4.00199698e+01 4.00000000e-02
6.78100000e+03 4.00634701e+01 4.00000000e-02
6.78200000e+03 4.00414026e+01 4.00000000e-02
6.78300000e+03 4.00500735e+01 4.00000000e-02
6.78400000e+03 4.00052365e+01 4.00000000e-02
6.78500000e+03 4.00323978e+01 4.00000000e-02
6.78600000e+03 4.00840089e+01 4.00000000e-02
6.78700000e+03 4.00613897e+01 4.00000000e-02
6.78800000e+03 4.00136047e+01 4.00000000e-02
6.78900000e+03 3.99711302e+01 4.00000000e-02
6.79000000e+03 3.99618005e+01 4.00000000e-02
6.79100000e+03 4.00101501e+01 4.00000000e-02
6.79200000e+03 4.00184051e+01 4.00000000e-02
6.79300000e+03 3.99238167e+01 4.00000000e-02
6.79400000e+03 4.00092890e+01 4.00000000e-02
6.79500000e+03 4.00146053e+01 4.00000000e-02
6.79600000e+03 4.00127364e+01 4.00000000e-02
6.79700000e+03 3.99773257e+01 4.00000000e-02
6.79800000e+03 4.00959305e+01 4.00000000e-02
6.79900000e+03 4.00364316e+01 4.00000000e-02
6.80000000e+03 3.99430866e+01 4.00000000e-02
6.80100000e+03 3.99703764e+01 4.00000000e-02
6.80200000e+03 4.00333561e+01 4.00000000e-02
6.80300000e+03 4.00213174e+01 4.00000000e-02
6.80400000e+03 4.00052753e+01 4.00000000e-02
6.80500000e+03 3.99986260e+01 4.00000000e-02
6.80600000e+03 3.99909493e+01 4.00000000e-02
6.80700000e+03 3.99811449e+01 4.00000000e-02
6.80800000e+03 3.99570871e+01 4.00000000e-02
6.80900000e+03 4.00235182e+01 4.00000000e-02
6.81000000e+03 3.98840554e+01 4.00000000e-02
6.81100000e+03 3.99690394e+01 4.00000000e-02
6.81200000e+03 4.00506998e+01 4.00000000e-02
6.81300000e+03 3.99665470e+01 4.00000000e-02
6.81400000e+03 3.99494695e+01 4.00000000e-02
6.81500000e+03 4.00775699e+01 4.00000000e-02
6.81600000e+03 4.00420310e+01 4.00000000e-02
6.81700000e+03 3.99925803e+01 4.00000000e-02
6.81800000e+03 3.99744203e+01 4.00000000e-02
6.81900000e+03 3.99889988e+01 4.00000000e-02
6.82000000e+03 3.99841263e+01 4.00000000e-02
6.82100000e+03 3.99884583e+01 4.00000000e-02
6.82200000e+03 3.99678000e+01 4.00000000e-02
6.82300000e+03 4.00208660e+01 4.00000000e-02
6.82400000e+03 3.99752348e+01 4.00000000e-02
6.82500000e+03 3.99230694e+01 4.00000000e-02
6.82600000e+03 3.99445579e+01 4.00000000e-02
6.82700000e+03 3.99981429e+01 4.00000000e-02
6.82800000e+03 3.99557579e+01 4.00000000e-02
6.82900000e+03 3.98953073e+01 4.00000000e-02
6.83000000e+03 4.00600504e+01 4.00000000e-02
6.83100000e+03 4.00183468e+01 4.00000000e-02
6.83200000e+03 3.99779869e+01 4.00000000e-02
6.83300000e+03 3.99759324e+01 4.00000000e-02
6.83400000e+03 4.00187585e+01 4.00000000e-02
6.83500000e+03 4.00543499e+01 4.00000000e-02
6.83600000e+03 3.99715692e+01 4.00000000e-02
6.83700000e+03 4.00143721e+01 4.00000000e-02
6.83800000e+03 3.99713989e+01 4.00000000e-02
6.83900000e+03 4.00107390e+01 4.00000000e-02
6.84000000e+03 3.99500373e+01 4.00000000e-02
6.84100000e+03 3.99213494e+01 4.00000000e-02
6.84200000e+03 4.00007046e+01 4.00000000e-02
6.84300000e+03 3.99944176e+01 4.00000000e-02
6.84400000e+03 4.00270065e+01 4.00000000e-02
6.84500000e+03 3.99693669e+01 4.00000000e-02
6.84600000e+03 4.00539132e+01 4.00000000e-02
6.84700000e+03 4.00009965e+01 4.00000000e-02
6.84800000e+03 4.00609628e+01 4.00000000e-02
6.84900000e+03 3.99829198e+01 4.00000000e-02
6.85000000e+03 4.00595236e+01 4.00000000e-02
6.85100000e+03 3.99943682e+01 4.00000000e-02
6.85200000e+03 4.00029067e+01 4.00000000e-02
6.85300000e+03 4.00370119e+01 4.00000000e-02
6.85400000e+03 3.99237654e+01 4.00000000e-02
6.85500000e+03 3.99528907e+01 4.00000000e-02
6.85600000e+03 4.00730516e+01 4.00000000e-02
6.85700000e+03 3.99346217e+01 4.00000000e-02
6.85800000e+03 3.99764137e+01 4.00000000e-02
6.85900000e+03 4.00196019e+01 4.00000000e-02
6.86000000e+03 4.00576488e+01 4.00000000e-02
6.86100000e+03 3.99761286e+01 4.00000000e-02
6.86200000e+03 4.00025189e+01 4.00000000e-02
6.86300000e+03 3.99503402e+01 4.00000000e-02
6.86400000e+03 3.99812648e+01 4.00000000e-02
6.86500000e+03 4.00396719e+01 4.00000000e-02
6.86600000e+03 4.00107853e+01 4.00000000e-02
6.86700000e+03 3.99959793e+01 4.00000000e-02
6.86800000e+03 4.00149508e+01 4.00000000e-02
6.86900000e+03 4.00030875e+01 4.00000000e-02
6.87000000e+03 4.00044535e+01 4.00000000e-02
6.87100000e+03 3.99828626e+01 4.00000000e-02
6.87200000e+03 3.99569981e+01 4.00000000e-02
6.87300000e+03 4.00255289e+01 4.00000000e-02
6.87400000e+03 3.99498890e+01 4.00000000e-02
6.87500000e+03 4.00398144e+01 4.00000000e-02
6.87600000e+03 4.00857146e+01 4.00000000e-02
6.87700000e+03 4.00604298e+01 4.00000000e-02
6.87800000e+03 4.00936660e+01 4.00000000e-02
6.87900000e+03 3.99547377e+01 4.00000000e-02
6.88000000e+03 4.00079623e+01 4.00000000e-02
6.88100000e+03 3.99637036e+01 4.00000000e-02
6.88200000e+03 3.99674126e+01 4.00000000e-02
6.88300000e+03 3.99270664e+01 4.00000000e-02
6.88400000e+03 3.99478960e+01 4.00000000e-02
6.88500000e+03 4.00335937e+01 4.00000000e-02
6.88600000e+03 4.00271720e+01 4.00000000e-02
6.88700000e+03 4.00481405e+01 4.00000000e-02
6.88800000e+03 4.00450390e+01 4.00000000e-02
6.88900000e+03 4.00309320e+01 4.00000000e-02
6.89000000e+03 3.99654174e+01 4.00000000e-02
6.89100000e+03 3.99939926e+01 4.00000000e-02
6.89200000e+03 4.00291628e+01 4.00000000e-02
6.89300000e+03 4.00505105e+01 4.00000000e-02
6.89400000e+03 3.99835242e+01 4.00000000e-02
6.89500000e+03 3.99786852e+01 4.00000000e-02
6.89600000e+03 3.99810977e+01 4.00000000e-02
6.89700000e+03 4.00650538e+01 4.00000000e-02
6.89800000e+03 4.00226442e+01 4.00000000e-02
6.89900000e+03 3.99863046e+01 4.00000000e-02
6.90000000e+03 3.99677386e+01 4.00000000e-02
6.90100000e+03 4.00174819e+01 4.00000000e-02
6.90200000e+03 3.99301936e+01 4.00000000e-02
6.90300000e+03 3.99901843e+01 4.00000000e-02
6.90400000e+03 3.99761134e+01 4.00000000e-02
6.90500000e+03 3.99755517e+01 4.00000000e-02
6.90600000e+03 4.00080586e+01 4.00000000e-02
6.90700000e+03 4.00168690e+01 4.00000000e-02
6.90800000e+03 4.01251774e+01 4.00000000e-02
6.90900000e+03 4.00041414e+01 4.00000000e-02
6.91000000e+03 4.00286880e+01 4.00000000e-02
6.91100000e+03 3.99668330e+01 4.00000000e-02
6.91200000e+03 3.99318031e+01 4.00000000e-02
6.91300000e+03 4.00471944e+01 4.00000000e-02
6.91400000e+03 4.00810465e+01 4.00000000e-02
6.91500000e+03 3.99591147e+01 4.00000000e-02
6.91600000e+03 3.99973215e+01 4.00000000e-02
6.91700000e+03 4.00461773e+01 4.00000000e-02
6.91800000e+03 4.00043204e+01 4.00000000e-02
6.91900000e+03 3.99017895e+01 4.00000000e-02
6.92000000e+03 4.00421342e+01 4.00000000e-02
6.92100000e+03 3.99946728e+01 4.00000000e-02
6.92200000e+03 4.00304560e+01 4.00000000e-02
6.92300000e+03 3.99608672e+01 4.00000000e-02
6.92400000e+03 4.00369502e+01 4.00000000e-02
6.92500000e+03 4.00433872e+01 4.00000000e-02
6.92600000e+03 3.99708961e+01 4.00000000e-02
6.92700000e+03 4.00209199e+01 4.00000000e-02
6.92800000e+03 3.99744635e+01 4.00000000e-02
6.92900000e+03 3.99798840e+01 4.00000000e-02
6.93000000e+03 3.99632809e+01 4.00000000e-02
6.93100000e+03 3.99828057e+01 4.00000000e-02
6.93200000e+03 3.99727543e+01 4.00000000e-02
6.93300000e+03 4.00488620e+01 4.00000000e-02
6.93400000e+03 3.99913378e+01 4.00000000e-02
6.93500000e+03 3.99543038e+01 4.00000000e-02
6.93600000e+03 4.00570066e+01 4.00000000e-02
6.93700000e+03 4.00230055e+01 4.00000000e-02
6.93800000e+03 4.00414002e+01 4.00000000e-02
6.93900000e+03 3.99980900e+01 4.00000000e-02
6.94000000e+03 4.00294544e+01 4.00000000e-02
6.94100000e+03 3.99967804e+01 4.00000000e-02
6.94200000e+03 3.99616036e+01 4.00000000e-02
6.94300000e+03 4.00052718e+01 4.00000000e-02
6.94400000e+03 4.00068698e+01 4.00000000e-02
6.94500000e+03 4.00065565e+01 4.00000000e-02
6.94600000e+03 4.00355913e+01 4.00000000e-02
6.94700000e+03 3.99298279e+01 4.00000000e-02
6.94800000e+03 4.00132436e+01 4.00000000e-02
6.94900000e+03 3.99683377e+01 4.00000000e-02
6.95000000e+03 3.99896375e+01 4.00000000e-02
6.95100000e+03 4.00195541e+01 4.00000000e-02
6.95200000e+03 4.00039737e+01 4.00000000e-02
6.95300000e+03 3.99737849e+01 4.00000000e-02
6.95400000e+03 4.00325181e+01 4.00000000e-02
6.95500000e+03 3.99992048e+01 4.00000000e-02
6.95600000e+03 4.00399667e+01 4.00000000e-02
6.95700000e+03 4.00523077e+01 4.00000000e-02
6.95800000e+03 3.99871193e+01 4.00000000e-02
6.95900000e+03 3.99567951e+01 4.00000000e-02
6.96000000e+03 4.00052186e+01 4.00000000e-02
6.96100000e+03 4.00353521e+01 4.00000000e-02
6.96200000e+03 4.00150733e+01 4.00000000e-02
6.96300000e+03 3.99541320e+01 4.00000000e-02
6.96400000e+03 3.99325792e+01 4.00000000e-02
6.96500000e+03 3.99635410e+01 4.00000000e-02
6.96600000e+03 3.99632050e+01 4.00000000e-02
6.96700000e+03 4.00276399e+01 4.00000000e-02
6.96800000e+03 4.00047449e+01 4.00000000e-02
6.96900000e+03 4.00380174e+01 4.00000000e-02
6.97000000e+03 3.99987704e+01 4.00000000e-02
6.97100000e+03 4.00708018e+01 4.00000000e-02
6.97200000e+03 4.00028284e+01 4.00000000e-02
6.97300000e+03 4.00250567e+01 4.00000000e-02
6.97400000e+03 3.99856876e+01 4.00000000e-02
6.97500000e+03 4.00207861e+01 4.00000000e-02
6.97600000e+03 4.00469816e+01 4.00000000e-02
6.97700000e+03 4.00342721e+01 4.00000000e-02
6.97800000e+03 4.00548276e+01 4.00000000e-02
6.97900000e+03 3.99779116e+01 4.00000000e-02
6.98000000e+03 4.00213457e+01 4.00000000e-02
6.98100000e+03 4.00725160e+01 4.00000000e-02
6.98200000e+03 4.00131033e+01 4.00000000e-02
6.98300000e+03 3.99961211e+01 4.00000000e-02
6.98400000e+03 3.99934300e+01 4.00000000e-02
6.98500000e+03 3.99814035e+01 4.00000000e-02
6.98600000e+03 4.00087725e+01 4.00000000e-02
6.98700000e+03 4.00596115e+01 4.00000000e-02
6.98800000e+03 4.00213410e+01 4.00000000e-02
6.98900000e+03 4.00018469e+01 4.00000000e-02
6.99000000e+03 3.99704813e+01 4.00000000e-02
6.99100000e+03 3.99564835e+01 4.00000000e-02
6.99200000e+03 4.01000433e+01 4.00000000e-02
6.99300000e+03 3.99836674e+01 4.00000000e-02
6.99400000e+03 4.00068091e+01 4.00000000e-02
6.99500000e+03 3.99829672e+01 4.00000000e-02
6.99600000e+03 4.00095142e+01 4.00000000e-02
6.99700000e+03 3.99852036e+01 4.00000000e-02
6.99800000e+03 4.00068891e+01 4.00000000e-02
6.99900000e+03 4.00615121e+01 4.00000000e-02
7.00000000e+03 3.99723690e+01 4.00000000e-02
7.00100000e+03 4.00238585e+01 4.00000000e-02
7.00200000e+03 3.99995188e+01 4.00000000e-02
7.00300000e+03 4.00314830e+01 4.00000000e-02
7.00400000e+03 3.99744725e+01 4.00000000e-02
7.00500000e+03 4.00185698e+01 4.00000000e-02
7.00600000e+03 3.99620717e+01 4.00000000e-02
7.00700000e+03 3.99277317e+01 4.00000000e-02
7.00800000e+03 3.99482111e+01 4.00000000e-02
7.00900000e+03 3.99628283e+01 4.00000000e-02
7.01000000e+03 3.99556515e+01 4.00000000e-02
7.01100000e+03 3.99878980e+01 4.00000000e-02
7.01200000e+03 4.00457023e+01 4.00000000e-02
7.01300000e+03 3.99546172e+01 4.00000000e-02
7.01400000e+03 4.00188485e+01 4.00000000e-02
7.01500000e+03 4.00066932e+01 4.00000000e-02
7.01600000e+03 3.99718385e+01 4.00000000e-02
7.01700000e+03 3.99625620e+01 4.00000000e-02
7.01800000e+03 4.00176749e+01 4.00000000e-02
7.01900000e+03 4.00197317e+01 4.00000000e-02
7.02000000e+03 3.99861665e+01 4.00000000e-02
7.02100000e+03 3.99941226e+01 4.00000000e-02
7.02200000e+03 3.99997832e+01 4.00000000e-02
7.02300000e+03 3.99469991e+01 4.00000000e-02
7.02400000e+03 4.00044708e+01 4.00000000e-02
7.02500000e+03 4.00124558e+01 4.00000000e-02
7.02600000e+03 4.00711019e+01 4.00000000e-02
7.02700000e+03 3.99485367e+01 4.00000000e-02
7.02800000e+03 3.99649097e+01 4.00000000e-02
7.02900000e+03 4.00034345e+01 4.00000000e-02
7.03000000e+03 3.99763339e+01 4.00000000e-02
7.03100000e+03 3.99836308e+01 4.00000000e-02
7.03200000e+03 4.00003127e+01 4.00000000e-02
7.03300000e+03 3.99881346e+01 4.00000000e-02
7.03400000e+03 3.99986432e+01 4.00000000e-02
7.03500000e+03 4.00177639e+01 4.00000000e-02
7.03600000e+03 3.99346592e+01 4.00000000e-02
7.03700000e+03 4.00226578e+01 4.00000000e-02
7.03800000e+03 3.99093754e+01 4.00000000e-02
7.03900000e+03 4.00687095e+01 4.00000000e-02
7.04000000e+03 4.00374247e+01 4.00000000e-02
7.04100000e+03 3.99756001e+01 4.00000000e-02
7.04200000e+03 4.00411768e+01 4.00000000e-02
7.04300000e+03 3.99942513e+01 4.00000000e-02
7.04400000e+03 4.00176879e+01 4.00000000e-02
7.04500000e+03 4.00307045e+01 4.00000000e-02
7.04600000e+03 4.00143066e+01 4.00000000e-02
7.04700000e+03 4.00004194e+01 4.00000000e-02
7.04800000e+03 4.00253866e+01 4.00000000e-02
7.04900000e+03 3.99927603e+01 4.00000000e-02
7.05000000e+03 3.99852930e+01 4.00000000e-02
7.05100000e+03 3.99623617e+01 4.00000000e-02
7.05200000e+03 3.99278183e+01 4.00000000e-02
7.05300000e+03 4.00642338e+01 4.00000000e-02
7.05400000e+03 4.00319302e+01 4.00000000e-02
7.05500000e+03 3.99442889e+01 4.00000000e-02
7.05600000e+03 4.00165187e+01 4.00000000e-02
7.05700000e+03 4.00089823e+01 4.00000000e-02
7.05800000e+03 3.99122223e+01 4.00000000e-02
7.05900000e+03 3.99671961e+01 4.00000000e-02
7.06000000e+03 3.99964849e+01 4.00000000e-02
7.06100000e+03 4.00697280e+01 4.00000000e-02
7.06200000e+03 4.00447372e+01 4.00000000e-02
7.06300000e+03 4.00513169e+01 4.00000000e-02
7.06400000e+03 4.00135382e+01 4.00000000e-02
7.06500000e+03 4.00409451e+01 4.00000000e-02
7.06600000e+03 3.99537486e+01 4.00000000e-02
7.06700000e+03 4.00256584e+01 4.00000000e-02
7.06800000e+03 4.00302263e+01 4.00000000e-02
7.06900000e+03 3.99502286e+01 4.00000000e-02
7.07000000e+03 4.00111259e+01 4.00000000e-02
7.07100000e+03 4.00621805e+01 4.00000000e-02
7.07200000e+03 4.00784405e+01 4.00000000e-02
7.07300000e+03 4.00580298e+01 4.00000000e-02
7.07400000e+03 3.99729483e+01 4.00000000e-02
7.07500000e+03 3.99976747e+01 4.00000000e-02
7.07600000e+03 3.99806207e+01 4.00000000e-02
7.07700000e+03 4.00507885e+01 4.00000000e-02
7.07800000e+03 3.99675845e+01 4.00000000e-02
7.07900000e+03 3.99594502e+01 4.00000000e-02
7.08000000e+03 3.99365181e+01 4.00000000e-02
7.08100000e+03 4.00094347e+01 4.00000000e-02
7.08200000e+03 4.00190240e+01 4.00000000e-02
7.08300000e+03 3.99775597e+01 4.00000000e-02
7.08400000e+03 3.99712671e+01 4.00000000e-02
7.08500000e+03 3.99941539e+01 4.00000000e-02
7.08600000e+03 4.00555680e+01 4.00000000e-02
7.08700000e+03 3.99477884e+01 4.00000000e-02
7.08800000e+03 4.00000556e+01 4.00000000e-02
7.08900000e+03 4.00101683e+01 4.00000000e-02
7.09000000e+03 4.00168021e+01 4.00000000e-02
7.09100000e+03 4.00522178e+01 4.00000000e-02
7.09200000e+03 4.00351274e+01 4.00000000e-02
7.09300000e+03 4.00128885e+01 4.00000000e-02
7.09400000e+03 4.00605585e+01 4.00000000e-02
7.09500000e+03 4.00477507e+01 4.00000000e-02
7.09600000e+03 4.00136020e+01 4.00000000e-02
7.09700000e+03 4.00114850e+01 4.00000000e-02
7.09800000e+03 3.99545633e+01 4.00000000e-02
7.09900000e+03 4.00072292e+01 4.00000000e-02
7.10000000e+03 3.99705968e+01 4.00000000e-02
7.10100000e+03 3.99563206e+01 4.00000000e-02
7.10200000e+03 3.99909366e+01 4.00000000e-02
7.10300000e+03 3.99327701e+01 4.00000000e-02
7.10400000e+03 3.99662028e+01 4.00000000e-02
7.10500000e+03 3.99811514e+01 4.00000000e-02
7.10600000e+03 4.00151127e+01 4.00000000e-02
7.10700000e+03 3.99887547e+01 4.00000000e-02
7.10800000e+03 4.00173296e+01 4.00000000e-02
7.10900000e+03 4.00648554e+01 4.00000000e-02
7.11000000e+03 4.00341835e+01 4.00000000e-02
7.11100000e+03 3.99549923e+01 4.00000000e-02
7.11200000e+03 3.99299128e+01 4.00000000e-02
7.11300000e+03 3.99642511e+01 4.00000000e-02
7.11400000e+03 3.99652289e+01 4.00000000e-02
7.11500000e+03 3.99212732e+01 4.00000000e-02
7.11600000e+03 3.99315923e+01 4.00000000e-02
7.11700000e+03 3.99315434e+01 4.00000000e-02
7.11800000e+03 3.99759056e+01 4.00000000e-02
7.11900000e+03 4.00569649e+01 4.00000000e-02
7.12000000e+03 4.00680068e+01 4.00000000e-02
7.12100000e+03 3.99584299e+01 4.00000000e-02
7.12200000e+03 3.99807110e+01 4.00000000e-02
7.12300000e+03 3.99438891e+01 4.00000000e-02
7.12400000e+03 3.99332756e+01 4.00000000e-02
7.12500000e+03 3.99953257e+01 4.00000000e-02
7.12600000e+03 3.99998254e+01 4.00000000e-02
7.12700000e+03 3.99723488e+01 4.00000000e-02
7.12800000e+03 4.00227004e+01 4.00000000e-02
7.12900000e+03 3.99838895e+01 4.00000000e-02
7.13000000e+03 4.00406894e+01 4.00000000e-02
7.13100000e+03 3.99768673e+01 4.00000000e-02
7.13200000e+03 4.00310444e+01 4.00000000e-02
7.13300000e+03 3.99886427e+01 4.00000000e-02
7.13400000e+03 4.00016301e+01 4.00000000e-02
7.13500000e+03 4.00215321e+01 4.00000000e-02
7.13600000e+03 3.99430381e+01 4.00000000e-02
7.13700000e+03 3.99668086e+01 4.00000000e-02
7.13800000e+03 3.99936158e+01 4.00000000e-02
7.13900000e+03 3.99852402e+01 4.00000000e-02
7.14000000e+03 4.00067158e+01 4.00000000e-02
7.14100000e+03 3.99639485e+01 4.00000000e-02
7.14200000e+03 3.99431278e+01 4.00000000e-02
7.14300000e+03 3.99920176e+01 4.00000000e-02
7.14400000e+03 4.00077893e+01 4.00000000e-02
7.14500000e+03 3.99640061e+01 4.00000000e-02
7.14600000e+03 4.00449110e+01 4.00000000e-02
7.14700000e+03 4.00241229e+01 4.00000000e-02
7.14800000e+03 4.00304363e+01 4.00000000e-02
7.14900000e+03 4.00279397e+01 4.00000000e-02
7.15000000e+03 3.99624111e+01 4.00000000e-02
7.15100000e+03 4.00819807e+01 4.00000000e-02
7.15200000e+03 3.99688244e+01 4.00000000e-02
7.15300000e+03 4.00127371e+01 4.00000000e-02
7.15400000e+03 4.00270434e+01 4.00000000e-02
7.15500000e+03 4.00117082e+01 4.00000000e-02
7.15600000e+03 4.00062040e+01 4.00000000e-02
7.15700000e+03 3.99665386e+01 4.00000000e-02
7.15800000e+03 3.99833908e+01 4.00000000e-02
7.15900000e+03 4.00008860e+01 4.00000000e-02
7.16000000e+03 4.00518906e+01 4.00000000e-02
7.16100000e+03 3.99736851e+01 4.00000000e-02
7.16200000e+03 4.00278497e+01 4.00000000e-02
7.16300000e+03 4.00180767e+01 4.00000000e-02
7.16400000e+03 4.00043008e+01 4.00000000e-02
7.16500000e+03 3.99791168e+01 4.00000000e-02
7.16600000e+03 3.99957936e+01 4.00000000e-02
7.16700000e+03 3.99325182e+01 4.00000000e-02
7.16800000e+03 4.00062026e+01 4.00000000e-02
7.16900000e+03 4.00151980e+01 4.00000000e-02
7.17000000e+03 3.99817586e+01 4.00000000e-02
7.17100000e+03 4.00237038e+01 4.00000000e-02
7.17200000e+03 4.00154926e+01 4.00000000e-02
7.17300000e+03 3.99739845e+01 4.00000000e-02
7.17400000e+03 4.00367230e+01 4.00000000e-02
7.17500000e+03 3.99820438e+01 4.00000000e-02
7.17600000e+03 4.00998096e+01 4.00000000e-02
7.17700000e+03 3.99624169e+01 4.00000000e-02
7.17800000e+03 3.99712164e+01 4.00000000e-02
7.17900000e+03 3.99781344e+01 4.00000000e-02
7.18000000e+03 4.00130893e+01 4.00000000e-02
7.18100000e+03 4.00499862e+01 4.00000000e-02
7.18200000e+03 4.00072394e+01 4.00000000e-02
7.18300000e+03 3.99875526e+01 4.00000000e-02
7.18400000e+03 4.00795643e+01 4.00000000e-02
7.18500000e+03 4.00443121e+01 4.00000000e-02
7.18600000e+03 3.99922579e+01 4.00000000e-02
7.18700000e+03 3.99988831e+01 4.00000000e-02
7.18800000e+03 3.99420785e+01 4.00000000e-02
7.18900000e+03 4.00047565e+01 4.00000000e-02
7.19000000e+03 4.00719390e+01 4.00000000e-02
7.19100000e+03 3.99565372e+01 4.00000000e-02
7.19200000e+03 3.99463764e+01 4.00000000e-02
7.19300000e+03 4.00082311e+01 4.00000000e-02
7.19400000e+03 3.99071641e+01 4.00000000e-02
7.19500000e+03 4.00583329e+01 4.00000000e-02
7.19600000e+03 3.99421168e+01 4.00000000e-02
7.19700000e+03 3.99735289e+01 4.00000000e-02
7.19800000e+03 3.99958760e+01 4.00000000e-02
7.19900000e+03 4.00500509e+01 4.00000000e-02
7.20000000e+03 4.00176641e+01 4.00000000e-02
7.20100000e+03 3.99258336e+01 4.00000000e-02
7.20200000e+03 3.99339725e+01 4.00000000e-02
7.20300000e+03 4.00093766e+01 4.00000000e-02
7.20400000e+03 3.99172797e+01 4.00000000e-02
7.20500000e+03 3.99889846e+01 4.00000000e-02
7.20600000e+03 3.99675112e+01 4.00000000e-02
7.20700000e+03 4.00323071e+01 4.00000000e-02
7.20800000e+03 4.00483171e+01 4.00000000e-02
7.20900000e+03 3.98995191e+01 4.00000000e-02
7.21000000e+03 4.00170030e+01 4.00000000e-02
7.21100000e+03 4.00252951e+01 4.00000000e-02
7.21200000e+03 3.99689221e+01 4.00000000e-02
7.21300000e+03 3.99754671e+01 4.00000000e-02
7.21400000e+03 3.99513198e+01 4.00000000e-02
7.21500000e+03 3.99853740e+01 4.00000000e-02
7.21600000e+03 4.00153079e+01 4.00000000e-02
7.21700000e+03 4.00525358e+01 4.00000000e-02
7.21800000e+03 4.00564626e+01 4.00000000e-02
7.21900000e+03 3.99874232e+01 4.00000000e-02
7.22000000e+03 3.99654969e+01 4.00000000e-02
7.22100000e+03 4.00386377e+01 4.00000000e-02
7.22200000e+03 3.98881932e+01 4.00000000e-02
7.22300000e+03 3.99425064e+01 4.00000000e-02
7.22400000e+03 4.00241669e+01 4.00000000e-02
7.22500000e+03 4.00875942e+01 4.00000000e-02
7.22600000e+03 3.99671197e+01 4.00000000e-02
7.22700000e+03 4.00025179e+01 4.00000000e-02
7.22800000e+03 3.99538077e+01 4.00000000e-02
7.22900000e+03 3.99954993e+01 4.00000000e-02
7.23000000e+03 3.99954085e+01 4.00000000e-02
7.23100000e+03 3.99682794e+01 4.00000000e-02
7.23200000e+03 4.00142541e+01 4.00000000e-02
7.23300000e+03 3.99918308e+01 4.00000000e-02
7.23400000e+03 4.00189626e+01 4.00000000e-02
7.23500000e+03 3.99907054e+01 4.00000000e-02
7.23600000e+03 3.99506165e+01 4.00000000e-02
7.23700000e+03 4.00045480e+01 4.00000000e-02
7.23800000e+03 4.00332727e+01 4.00000000e-02
7.23900000e+03 3.99675523e+01 4.00000000e-02
7.24000000e+03 4.00527630e+01 4.00000000e-02
7.24100000e+03 4.00172214e+01 4.00000000e-02
7.24200000e+03 3.99848440e+01 4.00000000e-02
7.24300000e+03 4.00007025e+01 4.00000000e-02
7.24400000e+03 3.99825348e+01 4.00000000e-02
7.24500000e+03 3.99633245e+01 4.00000000e-02
7.24600000e+03 4.00361841e+01 4.00000000e-02
7.24700000e+03 4.00356135e+01 4.00000000e-02
7.24800000e+03 3.99814253e+01 4.00000000e-02
7.24900000e+03 3.99922011e+01 4.00000000e-02
7.25000000e+03 3.99911845e+01 4.00000000e-02
7.25100000e+03 4.00274606e+01 4.00000000e-02
7.25200000e+03 4.00582774e+01 4.00000000e-02
7.25300000e+03 3.99732729e+01 4.00000000e-02
7.25400000e+03 4.00120645e+01 4.00000000e-02
7.25500000e+03 3.99989538e+01 4.00000000e-02
7.25600000e+03 4.00222109e+01 4.00000000e-02
7.25700000e+03 4.00576462e+01 4.00000000e-02
7.25800000e+03 3.99649426e+01 4.00000000e-02
7.25900000e+03 3.99175336e+01 4.00000000e-02
7.26000000e+03 3.99932601e+01 4.00000000e-02
7.26100000e+03 3.99359495e+01 4.00000000e-02
7.26200000e+03 4.00670663e+01 4.00000000e-02
7.26300000e+03 3.99722509e+01 4.00000000e-02
7.26400000e+03 3.99889220e+01 4.00000000e-02
7.26500000e+03 4.00099926e+01 4.00000000e-02
7.26600000e+03 4.00086205e+01 4.00000000e-02
7.26700000e+03 3.99834648e+01 4.00000000e-02
7.26800000e+03 4.00003610e+01 4.00000000e-02
7.26900000e+03 4.00383350e+01 4.00000000e-02
7.27000000e+03 3.99881018e+01 4.00000000e-02
7.27100000e+03 4.00746530e+01 4.00000000e-02
7.27200000e+03 4.00148009e+01 4.00000000e-02
7.27300000e+03 3.99063712e+01 4.00000000e-02
7.27400000e+03 4.00363423e+01 4.00000000e-02
7.27500000e+03 3.99303376e+01 4.00000000e-02
7.27600000e+03 4.00142253e+01 4.00000000e-02
7.27700000e+03 4.00911957e+01 4.00000000e-02
7.27800000e+03 4.00440054e+01 4.00000000e-02
7.27900000e+03 3.99555078e+01 4.00000000e-02
7.28000000e+03 3.99682945e+01 4.00000000e-02
7.28100000e+03 4.00017159e+01 4.00000000e-02
7.28200000e+03 4.00591146e+01 4.00000000e-02
7.28300000e+03 3.99716474e+01 4.00000000e-02
7.28400000e+03 4.00453484e+01 4.00000000e-02
7.28500000e+03 4.00133686e+01 4.00000000e-02
7.28600000e+03 3.99970044e+01 4.00000000e-02
7.28700000e+03 3.99944403e+01 4.00000000e-02
7.28800000e+03 4.00684086e+01 4.00000000e-02
7.28900000e+03 3.99407512e+01 4.00000000e-02
7.29000000e+03 3.99556116e+01 4.00000000e-02
7.29100000e+03 4.00370655e+01 4.00000000e-02
7.29200000e+03 4.00408295e+01 4.00000000e-02
7.29300000e+03 3.99489783e+01 4.00000000e-02
7.29400000e+03 3.99642179e+01 4.00000000e-02
7.29500000e+03 3.99548533e+01 4.00000000e-02
7.29600000e+03 4.00230723e+01 4.00000000e-02
7.29700000e+03 3.99747076e+01 4.00000000e-02
7.29800000e+03 4.00580635e+01 4.00000000e-02
7.29900000e+03 4.00318672e+01 4.00000000e-02
7.30000000e+03 4.00116770e+01 4.00000000e-02
7.30100000e+03 4.00090676e+01 4.00000000e-02
7.30200000e+03 4.00227258e+01 4.00000000e-02
7.30300000e+03 4.00348188e+01 4.00000000e-02
7.30400000e+03 4.00014574e+01 4.00000000e-02
7.30500000e+03 4.00112440e+01 4.00000000e-02
7.30600000e+03 4.00324811e+01 4.00000000e-02
7.30700000e+03 3.99981425e+01 4.00000000e-02
7.30800000e+03 4.00409425e+01 4.00000000e-02
7.30900000e+03 3.99953740e+01 4.00000000e-02
7.31000000e+03 3.99700846e+01 4.00000000e-02
7.31100000e+03 4.00083878e+01 4.00000000e-02
7.31200000e+03 4.00671206e+01 4.00000000e-02
7.31300000e+03 4.00607990e+01 4.00000000e-02
7.31400000e+03 3.99367140e+01 4.00000000e-02
7.31500000e+03 4.00130097e+01 4.00000000e-02
7.31600000e+03 3.99807900e+01 4.00000000e-02
7.31700000e+03 3.99875319e+01 4.00000000e-02
7.31800000e+03 3.99867045e+01 4.00000000e-02
7.31900000e+03 3.99912247e+01 4.00000000e-02
7.32000000e+03 3.99793715e+01 4.00000000e-02
7.32100000e+03 3.99892069e+01 4.00000000e-02
7.32200000e+03 4.00091662e+01 4.00000000e-02
7.32300000e+03 3.99519827e+01 4.00000000e-02
7.32400000e+03 3.99507310e+01 4.00000000e-02
7.32500000e+03 3.99552744e+01 4.00000000e-02
7.32600000e+03 3.99546822e+01 4.00000000e-02
7.32700000e+03 4.00238614e+01 4.00000000e-02
7.32800000e+03 3.99557432e+01 4.00000000e-02
7.32900000e+03 3.99967927e+01 4.00000000e-02
7.33000000e+03 4.00025300e+01 4.00000000e-02
7.33100000e+03 4.00286138e+01 4.00000000e-02
7.33200000e+03 4.00010886e+01 4.00000000e-02
7.33300000e+03 4.00422148e+01 4.00000000e-02
7.33400000e+03 3.99976352e+01 4.00000000e-02
7.33500000e+03 4.00099540e+01 4.00000000e-02
7.33600000e+03 4.00303796e+01 4.00000000e-02
7.33700000e+03 3.99415904e+01 4.00000000e-02
7.33800000e+03 4.00155551e+01 4.00000000e-02
7.33900000e+03 4.00604677e+01 4.00000000e-02
7.34000000e+03 4.00044544e+01 4.00000000e-02
7.34100000e+03 3.99902620e+01 4.00000000e-02
7.34200000e+03 4.00761160e+01 4.00000000e-02
7.34300000e+03 4.00042161e+01 4.00000000e-02
7.34400000e+03 4.00493638e+01 4.00000000e-02
7.34500000e+03 3.99049396e+01 4.00000000e-02
7.34600000e+03 4.00042009e+01 4.00000000e-02
7.34700000e+03 3.99798934e+01 4.00000000e-02
7.34800000e+03 4.00153837e+01 4.00000000e-02
7.34900000e+03 4.00473647e+01 4.00000000e-02
7.35000000e+03 3.99940600e+01 4.00000000e-02
7.35100000e+03 3.99910500e+01 4.00000000e-02
7.35200000e+03 3.98871729e+01 4.00000000e-02
7.35300000e+03 4.00315499e+01 4.00000000e-02
7.35400000e+03 4.00532432e+01 4.00000000e-02
7.35500000e+03 4.00060611e+01 4.00000000e-02
7.35600000e+03 3.99809917e+01 4.00000000e-02
7.35700000e+03 4.00146893e+01 4.00000000e-02
7.35800000e+03 4.00414588e+01 4.00000000e-02
7.35900000e+03 4.00259452e+01 4.00000000e-02
7.36000000e+03 4.00833101e+01 4.00000000e-02
7.36100000e+03 3.99777147e+01 4.00000000e-02
7.36200000e+03 3.99457175e+01 4.00000000e-02
7.36300000e+03 4.00197277e+01 4.00000000e-02
7.36400000e+03 4.00509098e+01 4.00000000e-02
7.36500000e+03 3.99818278e+01 4.00000000e-02
7.36600000e+03 4.00003242e+01 4.00000000e-02
7.36700000e+03 3.99743845e+01 4.00000000e-02
7.36800000e+03 3.99498060e+01 4.00000000e-02
7.36900000e+03 3.99706516e+01 4.00000000e-02
7.37000000e+03 3.99173229e+01 4.00000000e-02
7.37100000e+03 4.00108925e+01 4.00000000e-02
7.37200000e+03 4.00184838e+01 4.00000000e-02
7.37300000e+03 4.00354335e+01 4.00000000e-02
7.37400000e+03 3.99668147e+01 4.00000000e-02
7.37500000e+03 3.99743569e+01 4.00000000e-02
7.37600000e+03 3.99326566e+01 4.00000000e-02
7.37700000e+03 3.99415175e+01 4.00000000e-02
7.37800000e+03 4.00354042e+01 4.00000000e-02
7.37900000e+03 4.01127275e+01 4.00000000e-02
7.38000000e+03 3.99574791e+01 4.00000000e-02
7.38100000e+03 3.99839149e+01 4.00000000e-02
7.38200000e+03 4.00369908e+01 4.00000000e-02
7.38300000e+03 3.99718647e+01 4.00000000e-02
7.38400000e+03 4.00230507e+01 4.00000000e-02
7.38500000e+03 3.99876265e+01 4.00000000e-02
7.38600000e+03 3.99877271e+01 4.00000000e-02
7.38700000e+03 4.00359611e+01 4.00000000e-02
7.38800000e+03 3.99895515e+01 4.00000000e-02
7.38900000e+03 3.99489943e+01 4.00000000e-02
7.39000000e+03 4.00326856e+01 4.00000000e-02
7.39100000e+03 4.00007530e+01 4.00000000e-02
7.39200000e+03 3.99775793e+01 4.00000000e-02
7.39300000e+03 3.99675688e+01 4.00000000e-02
7.39400000e+03 4.00229532e+01 4.00000000e-02
7.39500000e+03 3.99709562e+01 4.00000000e-02
7.39600000e+03 4.00045978e+01 4.00000000e-02
7.39700000e+03 4.00398742e+01 4.00000000e-02
7.39800000e+03 3.99954324e+01 4.00000000e-02
7.39900000e+03 4.00434017e+01 4.00000000e-02
7.40000000e+03 3.99446083e+01 4.00000000e-02
7.40100000e+03 4.00241386e+01 4.00000000e-02
7.40200000e+03 4.00211058e+01 4.00000000e-02
7.40300000e+03 4.00747988e+01 4.00000000e-02
7.40400000e+03 4.00006730e+01 4.00000000e-02
7.40500000e+03 4.00356736e+01 4.00000000e-02
7.40600000e+03 3.99934942e+01 4.00000000e-02
7.40700000e+03 3.99573994e+01 4.00000000e-02
7.40800000e+03 3.99646931e+01 4.00000000e-02
7.40900000e+03 3.99715922e+01 4.00000000e-02
7.41000000e+03 4.00310043e+01 4.00000000e-02
7.41100000e+03 3.99687111e+01 4.00000000e-02
7.41200000e+03 4.00015607e+01 4.00000000e-02
7.41300000e+03 4.00359139e+01 4.00000000e-02
7.41400000e+03 4.00496226e+01 4.00000000e-02
7.41500000e+03 4.00374655e+01 4.00000000e-02
7.41600000e+03 4.00596629e+01 4.00000000e-02
7.41700000e+03 3.99545974e+01 4.00000000e-02
7.41800000e+03 3.99804259e+01 4.00000000e-02
7.41900000e+03 4.00126818e+01 4.00000000e-02
7.42000000e+03 4.00445892e+01 4.00000000e-02
7.42100000e+03 4.00201162e+01 4.00000000e-02
7.42200000e+03 3.99693031e+01 4.00000000e-02
7.42300000e+03 3.99923908e+01 4.00000000e-02
7.42400000e+03 3.99339369e+01 4.00000000e-02
7.42500000e+03 4.00323026e+01 4.00000000e-02
7.42600000e+03 3.99285288e+01 4.00000000e-02
7.42700000e+03 4.00086305e+01 4.00000000e-02
7.42800000e+03 4.00430791e+01 4.00000000e-02
7.42900000e+03 4.00361529e+01 4.00000000e-02
7.43000000e+03 3.99355115e+01 4.00000000e-02
7.43100000e+03 4.00085639e+01 4.00000000e-02
7.43200000e+03 3.99860930e+01 4.00000000e-02
7.43300000e+03 3.99881241e+01 4.00000000e-02
7.43400000e+03 4.00657044e+01 4.00000000e-02
7.43500000e+03 4.00114913e+01 4.00000000e-02
7.43600000e+03 3.99427036e+01 4.00000000e-02
7.43700000e+03 3.99568124e+01 4.00000000e-02
7.43800000e+03 4.00283981e+01 4.00000000e-02
7.43900000e+03 4.00089895e+01 4.00000000e-02
7.44000000e+03 3.99545706e+01 4.00000000e-02
7.44100000e+03 3.99328459e+01 4.00000000e-02
7.44200000e+03 3.99777074e+01 4.00000000e-02
7.44300000e+03 3.99822348e+01 4.00000000e-02
7.44400000e+03 4.00324845e+01 4.00000000e-02
7.44500000e+03 3.99752906e+01 4.00000000e-02
7.44600000e+03 4.00264306e+01 4.00000000e-02
7.44700000e+03 4.00481005e+01 4.00000000e-02
7.44800000e+03 3.99354504e+01 4.00000000e-02
7.44900000e+03 3.99760775e+01 4.00000000e-02
7.45000000e+03 4.00615556e+01 4.00000000e-02
7.45100000e+03 3.99815586e+01 4.00000000e-02
7.45200000e+03 3.99987478e+01 4.00000000e-02
7.45300000e+03 4.00379239e+01 4.00000000e-02
7.45400000e+03 3.99688223e+01 4.00000000e-02
7.45500000e+03 3.99825698e+01 4.00000000e-02
7.45600000e+03 3.99329034e+01 4.00000000e-02
7.45700000e+03 4.00211848e+01 4.00000000e-02
7.45800000e+03 3.99793651e+01 4.00000000e-02
7.45900000e+03 3.99840092e+01 4.00000000e-02
7.46000000e+03 3.98957396e+01 4.00000000e-02
7.46100000e+03 4.00373917e+01 4.00000000e-02
7.46200000e+03 4.00263187e+01 4.00000000e-02
7.46300000e+03 3.99666586e+01 4.00000000e-02
7.46400000e+03 4.00475010e+01 4.00000000e-02
7.46500000e+03 3.99001838e+01 4.00000000e-02
7.46600000e+03 3.99954715e+01 4.00000000e-02
7.46700000e+03 3.99306652e+01 4.00000000e-02
7.46800000e+03 4.01071727e+01 4.00000000e-02
7.46900000e+03 3.98932687e+01 4.00000000e-02
7.47000000e+03 3.99490286e+01 4.00000000e-02
7.47100000e+03 3.99673981e+01 4.00000000e-02
7.47200000e+03 4.00299296e+01 4.00000000e-02
7.47300000e+03 4.00309025e+01 4.00000000e-02
7.47400000e+03 4.00130791e+01 4.00000000e-02
7.47500000e+03 3.99875091e+01 4.00000000e-02
7.47600000e+03 4.00831841e+01 4.00000000e-02
7.47700000e+03 3.99684910e+01 4.00000000e-02
7.47800000e+03 4.00098712e+01 4.00000000e-02
7.47900000e+03 4.00674477e+01 4.00000000e-02
7.48000000e+03 3.99477834e+01 4.00000000e-02
7.48100000e+03 3.99647641e+01 4.00000000e-02
7.48200000e+03 4.00414248e+01 4.00000000e-02
7.48300000e+03 4.00154397e+01 4.00000000e-02
7.48400000e+03 3.99445099e+01 4.00000000e-02
7.48500000e+03 3.99984351e+01 4.00000000e-02
7.48600000e+03 4.00742868e+01 4.00000000e-02
7.48700000e+03 3.99867873e+01 4.00000000e-02
7.48800000e+03 4.00293901e+01 4.00000000e-02
7.48900000e+03 4.00021392e+01 4.00000000e-02
7.49000000e+03 3.99693621e+01 4.00000000e-02
7.49100000e+03 4.00617297e+01 4.00000000e-02
7.49200000e+03 4.00358953e+01 4.00000000e-02
7.49300000e+03 4.00450074e+01 4.00000000e-02
7.49400000e+03 3.99908657e+01 4.00000000e-02
7.49500000e+03 4.00009961e+01 4.00000000e-02
7.49600000e+03 4.00058925e+01 4.00000000e-02
7.49700000e+03 4.00147939e+01 4.00000000e-02
7.49800000e+03 3.99829159e+01 4.00000000e-02
7.49900000e+03 3.99765620e+01 4.00000000e-02
7.50000000e+03 4.00493935e+01 4.00000000e-02
7.50100000e+03 3.99525039e+01 4.00000000e-02
7.50200000e+03 3.99788764e+01 4.00000000e-02
7.50300000e+03 3.99814505e+01 4.00000000e-02
7.50400000e+03 3.99759728e+01 4.00000000e-02
7.50500000e+03 3.99480585e+01 4.00000000e-02
7.50600000e+03 3.99657061e+01 4.00000000e-02
7.50700000e+03 4.00287361e+01 4.00000000e-02
7.50800000e+03 3.99820257e+01 4.00000000e-02
7.50900000e+03 3.99667971e+01 4.00000000e-02
7.51000000e+03 4.00634950e+01 4.00000000e-02
7.51100000e+03 3.99428809e+01 4.00000000e-02
7.51200000e+03 4.00381062e+01 4.00000000e-02
7.51300000e+03 4.00106431e+01 4.00000000e-02
7.51400000e+03 3.99420916e+01 4.00000000e-02
7.51500000e+03 3.99802866e+01 4.00000000e-02
7.51600000e+03 3.99808189e+01 4.00000000e-02
7.51700000e+03 4.00483701e+01 4.00000000e-02
7.51800000e+03 4.00332561e+01 4.00000000e-02
7.51900000e+03 3.99852015e+01 4.00000000e-02
7.52000000e+03 3.99491367e+01 4.00000000e-02
7.52100000e+03 3.99283833e+01 4.00000000e-02
7.52200000e+03 3.99895397e+01 4.00000000e-02
7.52300000e+03 3.99400376e+01 4.00000000e-02
7.52400000e+03 3.99892168e+01 4.00000000e-02
7.52500000e+03 3.99880818e+01 4.00000000e-02
7.52600000e+03 4.00114515e+01 4.00000000e-02
7.52700000e+03 4.00365104e+01 4.00000000e-02
7.52800000e+03 4.00007072e+01 4.00000000e-02
7.52900000e+03 4.00152635e+01 4.00000000e-02
7.53000000e+03 3.99894299e+01 4.00000000e-02
7.53100000e+03 4.00381234e+01 4.00000000e-02
7.53200000e+03 4.00290969e+01 4.00000000e-02
7.53300000e+03 4.00603884e+01 4.00000000e-02
7.53400000e+03 4.00517040e+01 4.00000000e-02
7.53500000e+03 3.99670623e+01 4.00000000e-02
7.53600000e+03 3.99376889e+01 4.00000000e-02
7.53700000e+03 4.00221639e+01 4.00000000e-02
7.53800000e+03 4.00423542e+01 4.00000000e-02
7.53900000e+03 3.99693793e+01 4.00000000e-02
7.54000000e+03 4.00566186e+01 4.00000000e-02
7.54100000e+03 4.00002634e+01 4.00000000e-02
7.54200000e+03 3.99927808e+01 4.00000000e-02
7.54300000e+03 4.00106154e+01 4.00000000e-02
7.54400000e+03 3.99398023e+01 4.00000000e-02
7.54500000e+03 3.99300809e+01 4.00000000e-02
7.54600000e+03 3.99821530e+01 4.00000000e-02
7.54700000e+03 3.99487748e+01 4.00000000e-02
7.54800000e+03 3.99951163e+01 4.00000000e-02
7.54900000e+03 3.99955314e+01 4.00000000e-02
7.55000000e+03 3.98925030e+01 4.00000000e-02
7.55100000e+03 3.99632272e+01 4.00000000e-02
7.55200000e+03 4.00165053e+01 4.00000000e-02
7.55300000e+03 3.99019658e+01 4.00000000e-02
7.55400000e+03 3.99816494e+01 4.00000000e-02
7.55500000e+03 3.99408144e+01 4.00000000e-02
7.55600000e+03 3.99162440e+01 4.00000000e-02
7.55700000e+03 4.00397467e+01 4.00000000e-02
7.55800000e+03 4.00381798e+01 4.00000000e-02
7.55900000e+03 3.99779162e+01 4.00000000e-02
7.56000000e+03 3.99747477e+01 4.00000000e-02
7.56100000e+03 4.00504858e+01 4.00000000e-02
7.56200000e+03 4.00428798e+01 4.00000000e-02
7.56300000e+03 3.99942888e+01 4.00000000e-02
7.56400000e+03 4.00294994e+01 4.00000000e-02
7.56500000e+03 3.99988227e+01 4.00000000e-02
7.56600000e+03 3.99820682e+01 4.00000000e-02
7.56700000e+03 4.00193703e+01 4.00000000e-02
7.56800000e+03 3.99774060e+01 4.00000000e-02
7.56900000e+03 4.00181925e+01 4.00000000e-02
7.57000000e+03 3.99846119e+01 4.00000000e-02
7.57100000e+03 3.99761361e+01 4.00000000e-02
7.57200000e+03 3.99716188e+01 4.00000000e-02
7.57300000e+03 4.00126886e+01 4.00000000e-02
7.57400000e+03 4.00319901e+01 4.00000000e-02
7.57500000e+03 4.00115892e+01 4.00000000e-02
7.57600000e+03 3.99596055e+01 4.00000000e-02
7.57700000e+03 4.00191601e+01 4.00000000e-02
7.57800000e+03 3.99584604e+01 4.00000000e-02
7.57900000e+03 3.99493566e+01 4.00000000e-02
7.58000000e+03 3.99864505e+01 4.00000000e-02
7.58100000e+03 4.00269212e+01 4.00000000e-02
7.58200000e+03 4.00221304e+01 4.00000000e-02
7.58300000e+03 4.00170983e+01 4.00000000e-02
7.58400000e+03 4.00498660e+01 4.00000000e-02
7.58500000e+03 4.00293816e+01 4.00000000e-02
7.58600000e+03 3.99805859e+01 4.00000000e-02
7.58700000e+03 4.00263677e+01 4.00000000e-02
7.58800000e+03 3.99843171e+01 4.00000000e-02
7.58900000e+03 4.00110250e+01 4.00000000e-02
7.59000000e+03 4.00189196e+01 4.00000000e-02
7.59100000e+03 3.99926010e+01 4.00000000e-02
7.59200000e+03 3.99361583e+01 4.00000000e-02
7.59300000e+03 3.99899169e+01 4.00000000e-02
7.59400000e+03 3.99835169e+01 4.00000000e-02
7.59500000e+03 3.99916211e+01 4.00000000e-02
7.59600000e+03 3.99792739e+01 4.00000000e-02
7.59700000e+03 3.99512716e+01 4.00000000e-02
7.59800000e+03 3.99322205e+01 4.00000000e-02
7.59900000e+03 4.00228631e+01 4.00000000e-02
7.60000000e+03 4.00279014e+01 4.00000000e-02
7.60100000e+03 4.00115324e+01 4.00000000e-02
7.60200000e+03 3.99948577e+01 4.00000000e-02
7.60300000e+03 4.00747536e+01 4.00000000e-02
7.60400000e+03 4.00233301e+01 4.00000000e-02
7.60500000e+03 3.99976612e+01 4.00000000e-02
7.60600000e+03 4.00300019e+01 4.00000000e-02
7.60700000e+03 3.99942396e+01 4.00000000e-02
7.60800000e+03 4.00250737e+01 4.00000000e-02
7.60900000e+03 4.00083687e+01 4.00000000e-02
7.61000000e+03 4.00186985e+01 4.00000000e-02
7.61100000e+03 3.99998714e+01 4.00000000e-02
7.61200000e+03 3.99794685e+01 4.00000000e-02
7.61300000e+03 4.00177644e+01 4.00000000e-02
7.61400000e+03 4.00422363e+01 4.00000000e-02
7.61500000e+03 3.99613246e+01 4.00000000e-02
7.61600000e+03 3.99766744e+01 4.00000000e-02
7.61700000e+03 3.99544655e+01 4.00000000e-02
7.61800000e+03 4.00326604e+01 4.00000000e-02
7.61900000e+03 3.99891549e+01 4.00000000e-02
7.62000000e+03 4.00332668e+01 4.00000000e-02
7.62100000e+03 3.99665140e+01 4.00000000e-02
7.62200000e+03 4.00308037e+01 4.00000000e-02
7.62300000e+03 3.99752883e+01 4.00000000e-02
7.62400000e+03 3.99797480e+01 4.00000000e-02
7.62500000e+03 4.00195090e+01 4.00000000e-02
7.62600000e+03 3.99827013e+01 4.00000000e-02
7.62700000e+03 3.99745278e+01 4.00000000e-02
7.62800000e+03 4.00336701e+01 4.00000000e-02
7.62900000e+03 3.99956530e+01 4.00000000e-02
7.63000000e+03 4.00475038e+01 4.00000000e-02
7.63100000e+03 4.00987280e+01 4.00000000e-02
7.63200000e+03 3.99760481e+01 4.00000000e-02
7.63300000e+03 3.99848958e+01 4.00000000e-02
7.63400000e+03 3.99380353e+01 4.00000000e-02
7.63500000e+03 3.99515107e+01 4.00000000e-02
7.63600000e+03 4.00221998e+01 4.00000000e-02
7.63700000e+03 4.00103052e+01 4.00000000e-02
7.63800000e+03 4.00094445e+01 4.00000000e-02
7.63900000e+03 4.00166949e+01 4.00000000e-02
7.64000000e+03 3.99650476e+01 4.00000000e-02
7.64100000e+03 3.99316842e+01 4.00000000e-02
7.64200000e+03 4.00414073e+01 4.00000000e-02
7.64300000e+03 4.00083213e+01 4.00000000e-02
7.64400000e+03 4.00434701e+01 4.00000000e-02
7.64500000e+03 3.99973385e+01 4.00000000e-02
7.64600000e+03 4.00286022e+01 4.00000000e-02
7.64700000e+03 3.99777407e+01 4.00000000e-02
7.64800000e+03 3.99984298e+01 4.00000000e-02
7.64900000e+03 3.99921592e+01 4.00000000e-02
7.65000000e+03 4.00133934e+01 4.00000000e-02
7.65100000e+03 4.00540265e+01 4.00000000e-02
7.65200000e+03 4.00242534e+01 4.00000000e-02
7.65300000e+03 3.98842172e+01 4.00000000e-02
7.65400000e+03 3.99945753e+01 4.00000000e-02
7.65500000e+03 3.99990348e+01 4.00000000e-02
7.65600000e+03 4.00305866e+01 4.00000000e-02
7.65700000e+03 4.00043279e+01 4.00000000e-02
7.65800000e+03 3.99710004e+01 4.00000000e-02
7.65900000e+03 3.99676839e+01 4.00000000e-02
7.66000000e+03 3.99854552e+01 4.00000000e-02
7.66100000e+03 3.99707628e+01 4.00000000e-02
7.66200000e+03 4.00551130e+01 4.00000000e-02
7.66300000e+03 4.00226818e+01 4.00000000e-02
7.66400000e+03 4.00010376e+01 4.00000000e-02
7.66500000e+03 4.00372317e+01 4.00000000e-02
7.66600000e+03 4.00841364e+01 4.00000000e-02
7.66700000e+03 3.99906898e+01 4.00000000e-02
7.66800000e+03 3.99977803e+01 4.00000000e-02
7.66900000e+03 3.99871164e+01 4.00000000e-02
7.67000000e+03 3.99503772e+01 4.00000000e-02
7.67100000e+03 3.99740508e+01 4.00000000e-02
7.67200000e+03 3.99620663e+01 4.00000000e-02
7.67300000e+03 4.00180263e+01 4.00000000e-02
7.67400000e+03 4.00168931e+01 4.00000000e-02
7.67500000e+03 4.00336121e+01 4.00000000e-02
7.67600000e+03 3.99684860e+01 4.00000000e-02
7.67700000e+03 4.00383477e+01 4.00000000e-02
7.67800000e+03 3.99605330e+01 4.00000000e-02
7.67900000e+03 3.99919172e+01 4.00000000e-02
7.68000000e+03 4.00501689e+01 4.00000000e-02
7.68100000e+03 4.00480228e+01 4.00000000e-02
7.68200000e+03 4.00422996e+01 4.00000000e-02
7.68300000e+03 4.00826889e+01 4.00000000e-02
7.68400000e+03 4.00407274e+01 4.00000000e-02
7.68500000e+03 3.99896206e+01 4.00000000e-02
7.68600000e+03 3.99908580e+01 4.00000000e-02
7.68700000e+03 3.99689560e+01 4.00000000e-02
7.68800000e+03 4.00089002e+01 4.00000000e-02
7.68900000e+03 3.99698636e+01 4.00000000e-02
7.69000000e+03 3.99751305e+01 4.00000000e-02
7.69100000e+03 3.99608521e+01 4.00000000e-02
7.69200000e+03 3.99328669e+01 4.00000000e-02
7.69300000e+03 4.00979710e+01 4.00000000e-02
7.69400000e+03 4.00349520e+01 4.00000000e-02
7.69500000e+03 3.99176971e+01 4.00000000e-02
7.69600000e+03 4.00173808e+01 4.00000000e-02
7.69700000e+03 3.99776626e+01 4.00000000e-02
7.69800000e+03 3.99151393e+01 4.00000000e-02
7.69900000e+03 3.99913808e+01 4.00000000e-02
7.70000000e+03 4.00082275e+01 4.00000000e-02
7.70100000e+03 4.00227110e+01 4.00000000e-02
7.70200000e+03 4.00435570e+01 4.00000000e-02
7.70300000e+03 3.99662874e+01 4.00000000e-02
7.70400000e+03 3.99978875e+01 4.00000000e-02
7.70500000e+03 4.00262546e+01 4.00000000e-02
7.70600000e+03 4.00214063e+01 4.00000000e-02
7.70700000e+03 4.00153222e+01 4.00000000e-02
7.70800000e+03 4.00038740e+01 4.00000000e-02
7.70900000e+03 4.00488625e+01 4.00000000e-02
7.71000000e+03 3.99501752e+01 4.00000000e-02
7.71100000e+03 3.99409197e+01 4.00000000e-02
7.71200000e+03 4.00689005e+01 4.00000000e-02
7.71300000e+03 4.00168417e+01 4.00000000e-02
7.71400000e+03 4.00442302e+01 4.00000000e-02
7.71500000e+03 4.00092893e+01 4.00000000e-02
7.71600000e+03 3.99859240e+01 4.00000000e-02
7.71700000e+03 3.99823020e+01 4.00000000e-02
7.71800000e+03 4.00060676e+01 4.00000000e-02
7.71900000e+03 3.99819559e+01 4.00000000e-02
7.72000000e+03 3.99979094e+01 4.00000000e-02
7.72100000e+03 3.99975010e+01 4.00000000e-02
7.72200000e+03 4.00332801e+01 4.00000000e-02
7.72300000e+03 4.00323190e+01 4.00000000e-02
7.72400000e+03 4.00642173e+01 4.00000000e-02
7.72500000e+03 3.99730610e+01 4.00000000e-02
7.72600000e+03 3.99996348e+01 4.00000000e-02
7.72700000e+03 4.00393389e+01 4.00000000e-02
7.72800000e+03 4.00153355e+01 4.00000000e-02
7.72900000e+03 3.99051416e+01 4.00000000e-02
7.73000000e+03 4.00160394e+01 4.00000000e-02
7.73100000e+03 4.00014640e+01 4.00000000e-02
7.73200000e+03 3.99831058e+01 4.00000000e-02
7.73300000e+03 3.99855305e+01 4.00000000e-02
7.73400000e+03 3.99736314e+01 4.00000000e-02
7.73500000e+03 4.00481845e+01 4.00000000e-02
7.73600000e+03 4.00294193e+01 4.00000000e-02
7.73700000e+03 4.00108262e+01 4.00000000e-02
7.73800000e+03 4.00466820e+01 4.00000000e-02
7.73900000e+03 4.00395650e+01 4.00000000e-02
7.74000000e+03 3.99702591e+01 4.00000000e-02
7.74100000e+03 3.99613380e+01 4.00000000e-02
7.74200000e+03 3.99631000e+01 4.00000000e-02
7.74300000e+03 4.00327013e+01 4.00000000e-02
7.74400000e+03 4.00025092e+01 4.00000000e-02
7.74500000e+03 4.00511333e+01 4.00000000e-02
7.74600000e+03 4.00240871e+01 4.00000000e-02
7.74700000e+03 3.99956426e+01 4.00000000e-02
7.74800000e+03 3.99541037e+01 4.00000000e-02
7.74900000e+03 3.99934013e+01 4.00000000e-02
7.75000000e+03 4.00917574e+01 4.00000000e-02
7.75100000e+03 3.99767700e+01 4.00000000e-02
7.75200000e+03 3.99715541e+01 4.00000000e-02
7.75300000e+03 3.99953569e+01 4.00000000e-02
7.75400000e+03 4.00575092e+01 4.00000000e-02
7.75500000e+03 4.00024536e+01 4.00000000e-02
7.75600000e+03 3.99605818e+01 4.00000000e-02
7.75700000e+03 3.99800562e+01 4.00000000e-02
7.75800000e+03 3.99987131e+01 4.00000000e-02
7.75900000e+03 4.00072283e+01 4.00000000e-02
7.76000000e+03 4.00441038e+01 4.00000000e-02
7.76100000e+03 4.01022024e+01 4.00000000e-02
7.76200000e+03 4.00577316e+01 4.00000000e-02
7.76300000e+03 4.00292083e+01 4.00000000e-02
7.76400000e+03 4.00032684e+01 4.00000000e-02
7.76500000e+03 3.99725497e+01 4.00000000e-02
7.76600000e+03 4.00268732e+01 4.00000000e-02
7.76700000e+03 4.00544762e+01 4.00000000e-02
7.76800000e+03 4.00365679e+01 4.00000000e-02
7.76900000e+03 3.99990889e+01 4.00000000e-02
7.77000000e+03 4.00304005e+01 4.00000000e-02
7.77100000e+03 3.99953895e+01 4.00000000e-02
7.77200000e+03 3.99978042e+01 4.00000000e-02
7.77300000e+03 3.99949723e+01 4.00000000e-02
7.77400000e+03 4.00069125e+01 4.00000000e-02
7.77500000e+03 4.00007603e+01 4.00000000e-02
7.77600000e+03 4.00436331e+01 4.00000000e-02
7.77700000e+03 4.00038830e+01 4.00000000e-02
7.77800000e+03 3.99999207e+01 4.00000000e-02
7.77900000e+03 4.00445755e+01 4.00000000e-02
7.78000000e+03 4.00306488e+01 4.00000000e-02
7.78100000e+03 4.00478330e+01 4.00000000e-02
7.78200000e+03 3.99735697e+01 4.00000000e-02
7.78300000e+03 4.00548742e+01 4.00000000e-02
7.78400000e+03 4.00030443e+01 4.00000000e-02
7.78500000e+03 3.99620712e+01 4.00000000e-02
7.78600000e+03 3.99969544e+01 4.00000000e-02
7.78700000e+03 3.99547112e+01 4.00000000e-02
7.78800000e+03 3.99638783e+01 4.00000000e-02
7.78900000e+03 3.99866027e+01 4.00000000e-02
7.79000000e+03 4.00399792e+01 4.00000000e-02
7.79100000e+03 3.99501546e+01 4.00000000e-02
7.79200000e+03 4.00136434e+01 4.00000000e-02
7.79300000e+03 3.99921043e+01 4.00000000e-02
7.79400000e+03 4.00631384e+01 4.00000000e-02
7.79500000e+03 4.00098613e+01 4.00000000e-02
7.79600000e+03 4.00257210e+01 4.00000000e-02
7.79700000e+03 4.00570842e+01 4.00000000e-02
7.79800000e+03 3.99593882e+01 4.00000000e-02
7.79900000e+03 3.99887138e+01 4.00000000e-02
7.80000000e+03 3.99438296e+01 4.00000000e-02
7.80100000e+03 3.99690956e+01 4.00000000e-02
7.80200000e+03 4.00143375e+01 4.00000000e-02
7.80300000e+03 3.99951295e+01 4.00000000e-02
7.80400000e+03 4.00173259e+01 4.00000000e-02
7.80500000e+03 3.99858157e+01 4.00000000e-02
7.80600000e+03 3.99744202e+01 4.00000000e-02
7.80700000e+03 3.99958014e+01 4.00000000e-02
7.80800000e+03 3.99668189e+01 4.00000000e-02
7.80900000e+03 3.99575381e+01 4.00000000e-02
7.81000000e+03 3.99388469e+01 4.00000000e-02
7.81100000e+03 3.99954735e+01 4.00000000e-02
7.81200000e+03 4.00171920e+01 4.00000000e-02
7.81300000e+03 3.99522863e+01 4.00000000e-02
7.81400000e+03 3.99814880e+01 4.00000000e-02
7.81500000e+03 3.99100223e+01 4.00000000e-02
7.81600000e+03 3.99526566e+01 4.00000000e-02
7.81700000e+03 4.00012775e+01 4.00000000e-02
7.81800000e+03 3.99479691e+01 4.00000000e-02
7.81900000e+03 4.00152690e+01 4.00000000e-02
7.82000000e+03 3.99825303e+01 4.00000000e-02
7.82100000e+03 4.00123016e+01 4.00000000e-02
7.82200000e+03 3.99764941e+01 4.00000000e-02
7.82300000e+03 3.99426434e+01 4.00000000e-02
7.82400000e+03 3.99970315e+01 4.00000000e-02
7.82500000e+03 4.00256808e+01 4.00000000e-02
7.82600000e+03 3.99774006e+01 4.00000000e-02
7.82700000e+03 4.00125695e+01 4.00000000e-02
7.82800000e+03 3.99701128e+01 4.00000000e-02
7.82900000e+03 3.99841600e+01 4.00000000e-02
7.83000000e+03 4.00458667e+01 4.00000000e-02
7.83100000e+03 3.99966866e+01 4.00000000e-02
7.83200000e+03 3.99611960e+01 4.00000000e-02
7.83300000e+03 4.00188655e+01 4.00000000e-02
7.83400000e+03 3.99994772e+01 4.00000000e-02
7.83500000e+03 3.99770026e+01 4.00000000e-02
7.83600000e+03 4.00243626e+01 4.00000000e-02
7.83700000e+03 3.98851098e+01 4.00000000e-02
7.83800000e+03 4.00198494e+01 4.00000000e-02
7.83900000e+03 4.00712825e+01 4.00000000e-02
7.84000000e+03 4.00092003e+01 4.00000000e-02
7.84100000e+03 3.99245027e+01 4.00000000e-02
7.84200000e+03 4.00503396e+01 4.00000000e-02
7.84300000e+03 4.00952347e+01 4.00000000e-02
7.84400000e+03 4.00201647e+01 4.00000000e-02
7.84500000e+03 3.99567538e+01 4.00000000e-02
7.84600000e+03 3.99719483e+01 4.00000000e-02
7.84700000e+03 3.99930851e+01 4.00000000e-02
7.84800000e+03 4.00055375e+01 4.00000000e-02
7.84900000e+03 4.00437389e+01 4.00000000e-02
7.85000000e+03 4.00201233e+01 4.00000000e-02
7.85100000e+03 3.99111048e+01 4.00000000e-02
7.85200000e+03 3.99866158e+01 4.00000000e-02
7.85300000e+03 3.99927888e+01 4.00000000e-02
7.85400000e+03 4.00704632e+01 4.00000000e-02
7.85500000e+03 3.99760471e+01 4.00000000e-02
7.85600000e+03 3.99446271e+01 4.00000000e-02
7.85700000e+03 3.99866504e+01 4.00000000e-02
7.85800000e+03 4.00089244e+01 4.00000000e-02
7.85900000e+03 3.99272931e+01 4.00000000e-02
7.86000000e+03 4.00405900e+01 4.00000000e-02
7.86100000e+03 3.99932799e+01 4.00000000e-02
7.86200000e+03 4.00304436e+01 4.00000000e-02
7.86300000e+03 4.00251402e+01 4.00000000e-02
7.86400000e+03 4.00192628e+01 4.00000000e-02
7.86500000e+03 4.00528203e+01 4.00000000e-02
7.86600000e+03 4.00631469e+01 4.00000000e-02
7.86700000e+03 3.99828922e+01 4.00000000e-02
7.86800000e+03 3.99959361e+01 4.00000000e-02
7.86900000e+03 4.00390582e+01 4.00000000e-02
7.87000000e+03 4.00049131e+01 4.00000000e-02
7.87100000e+03 3.99756988e+01 4.00000000e-02
7.87200000e+03 4.00026597e+01 4.00000000e-02
7.87300000e+03 3.99657236e+01 4.00000000e-02
7.87400000e+03 3.99793778e+01 4.00000000e-02
7.87500000e+03 3.98656439e+01 4.00000000e-02
7.87600000e+03 4.00042077e+01 4.00000000e-02
7.87700000e+03 4.00704745e+01 4.00000000e-02
7.87800000e+03 4.00273534e+01 4.00000000e-02
7.87900000e+03 4.00260246e+01 4.00000000e-02
7.88000000e+03 4.00062961e+01 4.00000000e-02
7.88100000e+03 3.99698074e+01 4.00000000e-02
7.88200000e+03 4.00185858e+01 4.00000000e-02
7.88300000e+03 4.00016066e+01 4.00000000e-02
7.88400000e+03 3.99942712e+01 4.00000000e-02
7.88500000e+03 4.00089562e+01 4.00000000e-02
7.88600000e+03 3.99774595e+01 4.00000000e-02
7.88700000e+03 4.00046723e+01 4.00000000e-02
7.88800000e+03 4.00248840e+01 4.00000000e-02
7.88900000e+03 4.00383648e+01 4.00000000e-02
7.89000000e+03 4.00051587e+01 4.00000000e-02
7.89100000e+03 4.00313499e+01 4.00000000e-02
7.89200000e+03 4.00066722e+01 4.00000000e-02
7.89300000e+03 3.99115224e+01 4.00000000e-02
7.89400000e+03 3.99243679e+01 4.00000000e-02
7.89500000e+03 3.99917419e+01 4.00000000e-02
7.89600000e+03 3.99562063e+01 4.00000000e-02
7.89700000e+03 4.00217757e+01 4.00000000e-02
7.89800000e+03 3.99484221e+01 4.00000000e-02
7.89900000e+03 3.99835994e+01 4.00000000e-02
7.90000000e+03 3.99782829e+01 4.00000000e-02
7.90100000e+03 3.99707813e+01 4.00000000e-02
7.90200000e+03 3.99769207e+01 4.00000000e-02
7.90300000e+03 3.99986828e+01 4.00000000e-02
7.90400000e+03 4.00032566e+01 4.00000000e-02
7.90500000e+03 3.99790930e+01 4.00000000e-02
7.90600000e+03 4.00063612e+01 4.00000000e-02
7.90700000e+03 4.00205895e+01 4.00000000e-02
7.90800000e+03 3.99921138e+01 4.00000000e-02
7.90900000e+03 3.99729603e+01 4.00000000e-02
7.91000000e+03 3.99734121e+01 4.00000000e-02
7.91100000e+03 3.99811232e+01 4.00000000e-02
7.91200000e+03 3.99790135e+01 4.00000000e-02
7.91300000e+03 4.00029558e+01 4.00000000e-02
7.91400000e+03 4.01046597e+01 4.00000000e-02
7.91500000e+03 4.00437182e+01 4.00000000e-02
7.91600000e+03 4.00013983e+01 4.00000000e-02
7.91700000e+03 4.00232897e+01 4.00000000e-02
7.91800000e+03 4.00231136e+01 4.00000000e-02
7.91900000e+03 4.00495525e+01 4.00000000e-02
7.92000000e+03 4.00558705e+01 4.00000000e-02
7.92100000e+03 3.99629064e+01 4.00000000e-02
7.92200000e+03 4.00875397e+01 4.00000000e-02
7.92300000e+03 3.99672939e+01 4.00000000e-02
7.92400000e+03 4.00043536e+01 4.00000000e-02
7.92500000e+03 3.99684467e+01 4.00000000e-02
7.92600000e+03 3.99345330e+01 4.00000000e-02
7.92700000e+03 3.99312568e+01 4.00000000e-02
7.92800000e+03 4.00780466e+01 4.00000000e-02
7.92900000e+03 4.00590368e+01 4.00000000e-02
7.93000000e+03 3.99627224e+01 4.00000000e-02
7.93100000e+03 3.99576914e+01 4.00000000e-02
7.93200000e+03 4.00593373e+01 4.00000000e-02
7.93300000e+03 3.99637365e+01 4.00000000e-02
7.93400000e+03 4.00192722e+01 4.00000000e-02
7.93500000e+03 4.00809156e+01 4.00000000e-02
7.93600000e+03 4.00312105e+01 4.00000000e-02
7.93700000e+03 4.00596412e+01 4.00000000e-02
7.93800000e+03 4.00101102e+01 4.00000000e-02
7.93900000e+03 3.99350655e+01 4.00000000e-02
7.94000000e+03 3.99695546e+01 4.00000000e-02
7.94100000e+03 3.99315616e+01 4.00000000e-02
7.94200000e+03 4.00138963e+01 4.00000000e-02
7.94300000e+03 3.99498822e+01 4.00000000e-02
7.94400000e+03 4.00060258e+01 4.00000000e-02
7.94500000e+03 3.99814862e+01 4.00000000e-02
7.94600000e+03 3.99737285e+01 4.00000000e-02
7.94700000e+03 4.00209549e+01 4.00000000e-02
7.94800000e+03 3.99823318e+01 4.00000000e-02
7.94900000e+03 3.99682190e+01 4.00000000e-02
7.95000000e+03 4.00397378e+01 4.00000000e-02
7.95100000e+03 3.99991142e+01 4.00000000e-02
7.95200000e+03 3.99427105e+01 4.00000000e-02
7.95300000e+03 4.00470576e+01 4.00000000e-02
7.95400000e+03 3.99450816e+01 4.00000000e-02
7.95500000e+03 4.00094714e+01 4.00000000e-02
7.95600000e+03 4.00210139e+01 4.00000000e-02
7.95700000e+03 3.99899843e+01 4.00000000e-02
7.95800000e+03 3.99677828e+01 4.00000000e-02
7.95900000e+03 3.99874449e+01 4.00000000e-02
7.96000000e+03 3.99864749e+01 4.00000000e-02
7.96100000e+03 3.99568266e+01 4.00000000e-02
7.96200000e+03 4.00336691e+01 4.00000000e-02
7.96300000e+03 3.99764168e+01 4.00000000e-02
7.96400000e+03 3.99715774e+01 4.00000000e-02
7.96500000e+03 4.00540067e+01 4.00000000e-02
7.96600000e+03 3.99710438e+01 4.00000000e-02
7.96700000e+03 3.99397802e+01 4.00000000e-02
7.96800000e+03 3.99972692e+01 4.00000000e-02
7.96900000e+03 4.00002961e+01 4.00000000e-02
7.97000000e+03 4.00011425e+01 4.00000000e-02
7.97100000e+03 4.00818975e+01 4.00000000e-02
7.97200000e+03 3.99779393e+01 4.00000000e-02
7.97300000e+03 4.00529051e+01 4.00000000e-02
7.97400000e+03 4.00347736e+01 4.00000000e-02
7.97500000e+03 4.00573309e+01 4.00000000e-02
7.97600000e+03 3.99964226e+01 4.00000000e-02
7.97700000e+03 3.99878084e+01 4.00000000e-02
7.97800000e+03 3.99924835e+01 4.00000000e-02
7.97900000e+03 4.00128214e+01 4.00000000e-02
7.98000000e+03 4.00385151e+01 4.00000000e-02
7.98100000e+03 4.00657382e+01 4.00000000e-02
7.98200000e+03 3.99311437e+01 4.00000000e-02
7.98300000e+03 4.00429771e+01 4.00000000e-02
7.98400000e+03 4.00156758e+01 4.00000000e-02
7.98500000e+03 4.00029106e+01 4.00000000e-02
7.98600000e+03 3.99602382e+01 4.00000000e-02
7.98700000e+03 4.00146468e+01 4.00000000e-02
7.98800000e+03 3.99295308e+01 4.00000000e-02
7.98900000e+03 4.00502546e+01 4.00000000e-02
7.99000000e+03 3.99644301e+01 4.00000000e-02
7.99100000e+03 3.99964870e+01 4.00000000e-02
7.99200000e+03 3.99946272e+01 4.00000000e-02
7.99300000e+03 4.00239268e+01 4.00000000e-02
7.99400000e+03 3.99487108e+01 4.00000000e-02
7.99500000e+03 4.00340253e+01 4.00000000e-02
7.99600000e+03 4.00175075e+01 4.00000000e-02
7.99700000e+03 4.00623964e+01 4.00000000e-02
7.99800000e+03 4.00131232e+01 4.00000000e-02
7.99900000e+03 3.99961452e+01 4.00000000e-02
8.00000000e+03 3.99265670e+01 4.00000000e-02
8.00100000e+03 3.99866697e+01 4.00000000e-02
8.00200000e+03 4.00662524e+01 4.00000000e-02
8.00300000e+03 3.99831911e+01 4.00000000e-02
8.00400000e+03 3.99816468e+01 4.00000000e-02
8.00500000e+03 3.99955621e+01 4.00000000e-02
8.00600000e+03 4.00348188e+01 4.00000000e-02
8.00700000e+03 3.99315586e+01 4.00000000e-02
8.00800000e+03 4.00725146e+01 4.00000000e-02
8.00900000e+03 4.00244713e+01 4.00000000e-02
8.01000000e+03 4.00295911e+01 4.00000000e-02
8.01100000e+03 4.00008011e+01 4.00000000e-02
8.01200000e+03 4.00789140e+01 4.00000000e-02
8.01300000e+03 3.99839613e+01 4.00000000e-02
8.01400000e+03 4.00333912e+01 4.00000000e-02
8.01500000e+03 4.00053353e+01 4.00000000e-02
8.01600000e+03 3.99514416e+01 4.00000000e-02
8.01700000e+03 3.99958580e+01 4.00000000e-02
8.01800000e+03 4.00294962e+01 4.00000000e-02
8.01900000e+03 3.99902494e+01 4.00000000e-02
8.02000000e+03 3.99852022e+01 4.00000000e-02
8.02100000e+03 4.00005276e+01 4.00000000e-02
8.02200000e+03 3.99669672e+01 4.00000000e-02
8.02300000e+03 3.99574726e+01 4.00000000e-02
8.02400000e+03 4.00040627e+01 4.00000000e-02
8.02500000e+03 3.99642096e+01 4.00000000e-02
8.02600000e+03 4.00237481e+01 4.00000000e-02
8.02700000e+03 4.00293982e+01 4.00000000e-02
8.02800000e+03 4.00521539e+01 4.00000000e-02
8.02900000e+03 4.00397520e+01 4.00000000e-02
8.03000000e+03 3.99903929e+01 4.00000000e-02
8.03100000e+03 4.00177421e+01 4.00000000e-02
8.03200000e+03 3.99560281e+01 4.00000000e-02
8.03300000e+03 4.00182242e+01 4.00000000e-02
8.03400000e+03 3.99816875e+01 4.00000000e-02
8.03500000e+03 4.00547504e+01 4.00000000e-02
8.03600000e+03 3.99737624e+01 4.00000000e-02
8.03700000e+03 4.00080530e+01 4.00000000e-02
8.03800000e+03 3.99710606e+01 4.00000000e-02
8.03900000e+03 4.00258578e+01 4.00000000e-02
8.04000000e+03 4.00263372e+01 4.00000000e-02
8.04100000e+03 3.99617349e+01 4.00000000e-02
8.04200000e+03 4.00785536e+01 4.00000000e-02
8.04300000e+03 4.00208018e+01 4.00000000e-02
8.04400000e+03 3.99451291e+01 4.00000000e-02
8.04500000e+03 3.99655365e+01 4.00000000e-02
8.04600000e+03 3.99291320e+01 4.00000000e-02
8.04700000e+03 3.99220340e+01 4.00000000e-02
8.04800000e+03 3.99954528e+01 4.00000000e-02
8.04900000e+03 3.99187992e+01 4.00000000e-02
8.05000000e+03 4.00160691e+01 4.00000000e-02
8.05100000e+03 3.99365160e+01 4.00000000e-02
8.05200000e+03 3.99858812e+01 4.00000000e-02
8.05300000e+03 4.00685451e+01 4.00000000e-02
8.05400000e+03 3.99868090e+01 4.00000000e-02
8.05500000e+03 3.99995115e+01 4.00000000e-02
8.05600000e+03 4.00498231e+01 4.00000000e-02
8.05700000e+03 3.99883894e+01 4.00000000e-02
8.05800000e+03 4.00219803e+01 4.00000000e-02
8.05900000e+03 3.99687758e+01 4.00000000e-02
8.06000000e+03 3.99858528e+01 4.00000000e-02
8.06100000e+03 4.00058925e+01 4.00000000e-02
8.06200000e+03 4.00011663e+01 4.00000000e-02
8.06300000e+03 3.99704653e+01 4.00000000e-02
8.06400000e+03 4.00095483e+01 4.00000000e-02
8.06500000e+03 4.00244655e+01 4.00000000e-02
8.06600000e+03 4.00258581e+01 4.00000000e-02
8.06700000e+03 4.00021362e+01 4.00000000e-02
8.06800000e+03 3.99632598e+01 4.00000000e-02
8.06900000e+03 4.00275948e+01 4.00000000e-02
8.07000000e+03 4.00342221e+01 4.00000000e-02
8.07100000e+03 3.99615585e+01 4.00000000e-02
8.07200000e+03 3.99095119e+01 4.00000000e-02
8.07300000e+03 3.99928581e+01 4.00000000e-02
8.07400000e+03 4.00405075e+01 4.00000000e-02
8.07500000e+03 4.00345924e+01 4.00000000e-02
8.07600000e+03 3.99536017e+01 4.00000000e-02
8.07700000e+03 4.00525081e+01 4.00000000e-02
8.07800000e+03 3.99647122e+01 4.00000000e-02
8.07900000e+03 4.00365086e+01 4.00000000e-02
8.08000000e+03 3.99831650e+01 4.00000000e-02
8.08100000e+03 4.00381792e+01 4.00000000e-02
8.08200000e+03 4.00197251e+01 4.00000000e-02
8.08300000e+03 3.99906777e+01 4.00000000e-02
8.08400000e+03 4.00277572e+01 4.00000000e-02
8.08500000e+03 3.99735509e+01 4.00000000e-02
8.08600000e+03 3.99845177e+01 4.00000000e-02
8.08700000e+03 3.99869716e+01 4.00000000e-02
8.08800000e+03 3.99656599e+01 4.00000000e-02
8.08900000e+03 4.00361174e+01 4.00000000e-02
8.09000000e+03 4.00362288e+01 4.00000000e-02
8.09100000e+03 3.99993974e+01 4.00000000e-02
8.09200000e+03 3.99610414e+01 4.00000000e-02
8.09300000e+03 4.00175193e+01 4.00000000e-02
8.09400000e+03 4.00103166e+01 4.00000000e-02
8.09500000e+03 4.00240977e+01 4.00000000e-02
8.09600000e+03 3.99986110e+01 4.00000000e-02
8.09700000e+03 3.99901612e+01 4.00000000e-02
8.09800000e+03 4.00539695e+01 4.00000000e-02
8.09900000e+03 3.99748672e+01 4.00000000e-02
8.10000000e+03 3.99913402e+01 4.00000000e-02
8.10100000e+03 3.99283405e+01 4.00000000e-02
8.10200000e+03 3.99838662e+01 4.00000000e-02
8.10300000e+03 3.99796496e+01 4.00000000e-02
8.10400000e+03 3.99852069e+01 4.00000000e-02
8.10500000e+03 4.00215511e+01 4.00000000e-02
8.10600000e+03 3.99745023e+01 4.00000000e-02
8.10700000e+03 4.00149864e+01 4.00000000e-02
8.10800000e+03 3.99834007e+01 4.00000000e-02
8.10900000e+03 3.99806212e+01 4.00000000e-02
8.11000000e+03 3.99249411e+01 4.00000000e-02
8.11100000e+03 4.00140769e+01 4.00000000e-02
8.11200000e+03 4.00225632e+01 4.00000000e-02
8.11300000e+03 3.99589511e+01 4.00000000e-02
8.11400000e+03 3.99740534e+01 4.00000000e-02
8.11500000e+03 3.99259079e+01 4.00000000e-02
8.11600000e+03 3.99828157e+01 4.00000000e-02
8.11700000e+03 3.99533858e+01 4.00000000e-02
8.11800000e+03 4.00116320e+01 4.00000000e-02
8.11900000e+03 3.99916852e+01 4.00000000e-02
8.12000000e+03 4.00200242e+01 4.00000000e-02
8.12100000e+03 3.99631500e+01 4.00000000e-02
8.12200000e+03 3.99289570e+01 4.00000000e-02
8.12300000e+03 3.99927673e+01 4.00000000e-02
8.12400000e+03 3.99725258e+01 4.00000000e-02
8.12500000e+03 4.00679018e+01 4.00000000e-02
8.12600000e+03 4.00049875e+01 4.00000000e-02
8.12700000e+03 4.00522759e+01 4.00000000e-02
8.12800000e+03 4.00164964e+01 4.00000000e-02
8.12900000e+03 3.99830715e+01 4.00000000e-02
8.13000000e+03 3.99356056e+01 4.00000000e-02
8.13100000e+03 3.99865364e+01 4.00000000e-02
8.13200000e+03 4.00202260e+01 4.00000000e-02
8.13300000e+03 3.99990086e+01 4.00000000e-02
8.13400000e+03 4.00088673e+01 4.00000000e-02
8.13500000e+03 4.00079307e+01 4.00000000e-02
8.13600000e+03 3.99433924e+01 4.00000000e-02
8.13700000e+03 4.00079389e+01 4.00000000e-02
8.13800000e+03 3.99643224e+01 4.00000000e-02
8.13900000e+03 3.99942525e+01 4.00000000e-02
8.14000000e+03 4.00496326e+01 4.00000000e-02
8.14100000e+03 3.99180368e+01 4.00000000e-02
8.14200000e+03 3.99857248e+01 4.00000000e-02
8.14300000e+03 4.00095907e+01 4.00000000e-02
8.14400000e+03 4.00384793e+01 4.00000000e-02
8.14500000e+03 3.99987511e+01 4.00000000e-02
8.14600000e+03 3.99634172e+01 4.00000000e-02
8.14700000e+03 4.00269470e+01 4.00000000e-02
8.14800000e+03 4.00187651e+01 4.00000000e-02
8.14900000e+03 3.99266591e+01 4.00000000e-02
8.15000000e+03 3.99988589e+01 4.00000000e-02
8.15100000e+03 3.99289362e+01 4.00000000e-02
8.15200000e+03 3.98925643e+01 4.00000000e-02
8.15300000e+03 3.99571114e+01 4.00000000e-02
8.15400000e+03 3.99595807e+01 4.00000000e-02
8.15500000e+03 3.99124633e+01 4.00000000e-02
8.15600000e+03 4.00704686e+01 4.00000000e-02
8.15700000e+03 3.99450069e+01 4.00000000e-02
8.15800000e+03 4.00117814e+01 4.00000000e-02
8.15900000e+03 4.00257600e+01 4.00000000e-02
8.16000000e+03 4.00835940e+01 4.00000000e-02
8.16100000e+03 3.99842832e+01 4.00000000e-02
8.16200000e+03 4.00616391e+01 4.00000000e-02
8.16300000e+03 3.99531409e+01 4.00000000e-02
8.16400000e+03 3.99969775e+01 4.00000000e-02
8.16500000e+03 3.99826777e+01 4.00000000e-02
8.16600000e+03 3.99590907e+01 4.00000000e-02
8.16700000e+03 4.00121946e+01 4.00000000e-02
8.16800000e+03 4.00745574e+01 4.00000000e-02
8.16900000e+03 4.00829048e+01 4.00000000e-02
8.17000000e+03 4.00260178e+01 4.00000000e-02
8.17100000e+03 3.99542329e+01 4.00000000e-02
8.17200000e+03 3.99671075e+01 4.00000000e-02
8.17300000e+03 4.00232118e+01 4.00000000e-02
8.17400000e+03 4.00220624e+01 4.00000000e-02
8.17500000e+03 4.00216570e+01 4.00000000e-02
8.17600000e+03 3.99884302e+01 4.00000000e-02
8.17700000e+03 3.99632682e+01 4.00000000e-02
8.17800000e+03 4.00173701e+01 4.00000000e-02
8.17900000e+03 3.99984069e+01 4.00000000e-02
8.18000000e+03 4.00556512e+01 4.00000000e-02
8.18100000e+03 3.99717795e+01 4.00000000e-02
8.18200000e+03 4.00332051e+01 4.00000000e-02
8.18300000e+03 4.00534604e+01 4.00000000e-02
8.18400000e+03 4.00782564e+01 4.00000000e-02
8.18500000e+03 4.00776097e+01 4.00000000e-02
8.18600000e+03 3.99586455e+01 4.00000000e-02
8.18700000e+03 3.99526857e+01 4.00000000e-02
8.18800000e+03 4.00055473e+01 4.00000000e-02
8.18900000e+03 3.99650510e+01 4.00000000e-02
8.19000000e+03 3.99049437e+01 4.00000000e-02
8.19100000e+03 4.00585504e+01 4.00000000e-02
8.19200000e+03 4.00196873e+01 4.00000000e-02
8.19300000e+03 4.00409164e+01 4.00000000e-02
8.19400000e+03 4.00073642e+01 4.00000000e-02
8.19500000e+03 4.00466768e+01 4.00000000e-02
8.19600000e+03 4.00106519e+01 4.00000000e-02
8.19700000e+03 4.00058643e+01 4.00000000e-02
8.19800000e+03 4.00767047e+01 4.00000000e-02
8.19900000e+03 3.99540009e+01 4.00000000e-02
8.20000000e+03 4.00216769e+01 4.00000000e-02
8.20100000e+03 3.99369701e+01 4.00000000e-02
8.20200000e+03 4.00599203e+01 4.00000000e-02
8.20300000e+03 3.99910488e+01 4.00000000e-02
8.20400000e+03 3.99518552e+01 4.00000000e-02
8.20500000e+03 3.99274683e+01 4.00000000e-02
8.20600000e+03 3.99911904e+01 4.00000000e-02
8.20700000e+03 4.00787123e+01 4.00000000e-02
8.20800000e+03 4.00197308e+01 4.00000000e-02
8.20900000e+03 3.99374989e+01 4.00000000e-02
8.21000000e+03 3.99181670e+01 4.00000000e-02
8.21100000e+03 4.01131694e+01 4.00000000e-02
8.21200000e+03 3.99767438e+01 4.00000000e-02
8.21300000e+03 3.99406547e+01 4.00000000e-02
8.21400000e+03 4.00052199e+01 4.00000000e-02
8.21500000e+03 4.00228825e+01 4.00000000e-02
8.21600000e+03 4.00629951e+01 4.00000000e-02
8.21700000e+03 3.99915161e+01 4.00000000e-02
8.21800000e+03 3.99708090e+01 4.00000000e-02
8.21900000e+03 4.00266876e+01 4.00000000e-02
8.22000000e+03 3.99671054e+01 4.00000000e-02
8.22100000e+03 4.00139034e+01 4.00000000e-02
8.22200000e+03 4.00065637e+01 4.00000000e-02
8.22300000e+03 4.00388724e+01 4.00000000e-02
8.22400000e+03 3.99710744e+01 4.00000000e-02
8.22500000e+03 3.99720699e+01 4.00000000e-02
8.22600000e+03 4.00108988e+01 4.00000000e-02
8.22700000e+03 4.00180574e+01 4.00000000e-02
8.22800000e+03 3.99402596e+01 4.00000000e-02
8.22900000e+03 3.99666960e+01 4.00000000e-02
8.23000000e+03 4.00060837e+01 4.00000000e-02
8.23100000e+03 3.99840712e+01 4.00000000e-02
8.23200000e+03 4.00908892e+01 4.00000000e-02
8.23300000e+03 4.00279852e+01 4.00000000e-02
8.23400000e+03 4.00494737e+01 4.00000000e-02
8.23500000e+03 3.99960004e+01 4.00000000e-02
8.23600000e+03 4.00025161e+01 4.00000000e-02
8.23700000e+03 4.00039806e+01 4.00000000e-02
8.23800000e+03 4.00419485e+01 4.00000000e-02
8.23900000e+03 3.99859597e+01 4.00000000e-02
8.24000000e+03 4.00625735e+01 4.00000000e-02
8.24100000e+03 3.99695578e+01 4.00000000e-02
8.24200000e+03 4.00394640e+01 4.00000000e-02
8.24300000e+03 4.00099620e+01 4.00000000e-02
8.24400000e+03 3.99845846e+01 4.00000000e-02
8.24500000e+03 4.00631426e+01 4.00000000e-02
8.24600000e+03 4.00387904e+01 4.00000000e-02
8.24700000e+03 3.99919499e+01 4.00000000e-02
8.24800000e+03 3.99683462e+01 4.00000000e-02
8.24900000e+03 4.00327515e+01 4.00000000e-02
8.25000000e+03 3.99669473e+01 4.00000000e-02
8.25100000e+03 4.00213731e+01 4.00000000e-02
8.25200000e+03 3.99630925e+01 4.00000000e-02
8.25300000e+03 4.00036126e+01 4.00000000e-02
8.25400000e+03 3.99645495e+01 4.00000000e-02
8.25500000e+03 3.99914872e+01 4.00000000e-02
8.25600000e+03 4.00658976e+01 4.00000000e-02
8.25700000e+03 4.00692608e+01 4.00000000e-02
8.25800000e+03 3.99802134e+01 4.00000000e-02
8.25900000e+03 3.99884268e+01 4.00000000e-02
8.26000000e+03 3.99319448e+01 4.00000000e-02
8.26100000e+03 4.00113067e+01 4.00000000e-02
8.26200000e+03 4.00448435e+01 4.00000000e-02
8.26300000e+03 3.99651322e+01 4.00000000e-02
8.26400000e+03 3.99626325e+01 4.00000000e-02
8.26500000e+03 4.00136844e+01 4.00000000e-02
8.26600000e+03 3.99764417e+01 4.00000000e-02
8.26700000e+03 4.00070309e+01 4.00000000e-02
8.26800000e+03 4.00618702e+01 4.00000000e-02
8.26900000e+03 4.00180918e+01 4.00000000e-02
8.27000000e+03 4.00267515e+01 4.00000000e-02
8.27100000e+03 4.00753932e+01 4.00000000e-02
8.27200000e+03 4.00094361e+01 4.00000000e-02
8.27300000e+03 4.00275367e+01 4.00000000e-02
8.27400000e+03 4.00022835e+01 4.00000000e-02
8.27500000e+03 3.99693373e+01 4.00000000e-02
8.27600000e+03 4.00643534e+01 4.00000000e-02
8.27700000e+03 3.99438175e+01 4.00000000e-02
8.27800000e+03 4.00030865e+01 4.00000000e-02
8.27900000e+03 3.99531529e+01 4.00000000e-02
8.28000000e+03 3.99666255e+01 4.00000000e-02
8.28100000e+03 3.99479431e+01 4.00000000e-02
8.28200000e+03 3.99894029e+01 4.00000000e-02
8.28300000e+03 4.00184910e+01 4.00000000e-02
8.28400000e+03 4.00520814e+01 4.00000000e-02
8.28500000e+03 3.99240503e+01 4.00000000e-02
8.28600000e+03 4.00089405e+01 4.00000000e-02
8.28700000e+03 3.99837254e+01 4.00000000e-02
8.28800000e+03 3.99748193e+01 4.00000000e-02
8.28900000e+03 3.99951517e+01 4.00000000e-02
8.29000000e+03 4.00078248e+01 4.00000000e-02
8.29100000e+03 3.99955510e+01 4.00000000e-02
8.29200000e+03 3.99999139e+01 4.00000000e-02
8.29300000e+03 4.00877096e+01 4.00000000e-02
8.29400000e+03 4.00041758e+01 4.00000000e-02
8.29500000e+03 4.00135972e+01 4.00000000e-02
8.29600000e+03 3.99539893e+01 4.00000000e-02
8.29700000e+03 4.00437528e+01 4.00000000e-02
8.29800000e+03 3.99790314e+01 4.00000000e-02
8.29900000e+03 3.99961555e+01 4.00000000e-02
8.30000000e+03 3.99690005e+01 4.00000000e-02
8.30100000e+03 3.99962401e+01 4.00000000e-02
8.30200000e+03 3.99626775e+01 4.00000000e-02
8.30300000e+03 3.99481878e+01 4.00000000e-02
8.30400000e+03 3.99440709e+01 4.00000000e-02
8.30500000e+03 3.99845995e+01 4.00000000e-02
8.30600000e+03 4.00005530e+01 4.00000000e-02
8.30700000e+03 4.00288447e+01 4.00000000e-02
8.30800000e+03 4.00663525e+01 4.00000000e-02
8.30900000e+03 4.00744805e+01 4.00000000e-02
8.31000000e+03 3.99746623e+01 4.00000000e-02
8.31100000e+03 3.99716724e+01 4.00000000e-02
8.31200000e+03 4.00303331e+01 4.00000000e-02
8.31300000e+03 3.99649613e+01 4.00000000e-02
8.31400000e+03 4.00452869e+01 4.00000000e-02
8.31500000e+03 4.00421881e+01 4.00000000e-02
8.31600000e+03 3.99623234e+01 4.00000000e-02
8.31700000e+03 4.00308422e+01 4.00000000e-02
8.31800000e+03 4.00584257e+01 4.00000000e-02
8.31900000e+03 4.00192342e+01 4.00000000e-02
8.32000000e+03 3.99897087e+01 4.00000000e-02
8.32100000e+03 3.99946052e+01 4.00000000e-02
8.32200000e+03 4.00203715e+01 4.00000000e-02
8.32300000e+03 3.99719602e+01 4.00000000e-02
8.32400000e+03 4.00150490e+01 4.00000000e-02
8.32500000e+03 3.99922314e+01 4.00000000e-02
8.32600000e+03 3.99721107e+01 4.00000000e-02
8.32700000e+03 3.99627213e+01 4.00000000e-02
8.32800000e+03 4.00239217e+01 4.00000000e-02
8.32900000e+03 3.99656191e+01 4.00000000e-02
8.33000000e+03 4.00105712e+01 4.00000000e-02
8.33100000e+03 3.99280345e+01 4.00000000e-02
8.33200000e+03 3.99938641e+01 4.00000000e-02
8.33300000e+03 4.00060808e+01 4.00000000e-02
8.33400000e+03 4.00157695e+01 4.00000000e-02
8.33500000e+03 4.00392955e+01 4.00000000e-02
8.33600000e+03 4.00225707e+01 4.00000000e-02
8.33700000e+03 4.00240232e+01 4.00000000e-02
8.33800000e+03 3.99910156e+01 4.00000000e-02
8.33900000e+03 3.99605158e+01 4.00000000e-02
8.34000000e+03 3.99555252e+01 4.00000000e-02
8.34100000e+03 3.99713884e+01 4.00000000e-02
8.34200000e+03 4.00115226e+01 4.00000000e-02
8.34300000e+03 4.00419968e+01 4.00000000e-02
8.34400000e+03 4.00157225e+01 4.00000000e-02
8.34500000e+03 4.00099713e+01 4.00000000e-02
8.34600000e+03 4.00320022e+01 4.00000000e-02
8.34700000e+03 3.99888475e+01 4.00000000e-02
8.34800000e+03 4.00088932e+01 4.00000000e-02
8.34900000e+03 3.99975504e+01 4.00000000e-02
8.35000000e+03 4.00101828e+01 4.00000000e-02
8.35100000e+03 3.99931967e+01 4.00000000e-02
8.35200000e+03 3.99505461e+01 4.00000000e-02
8.35300000e+03 3.99866886e+01 4.00000000e-02
8.35400000e+03 3.99695703e+01 4.00000000e-02
8.35500000e+03 4.00704738e+01 4.00000000e-02
8.35600000e+03 4.00585498e+01 4.00000000e-02
8.35700000e+03 3.99769986e+01 4.00000000e-02
8.35800000e+03 3.99676144e+01 4.00000000e-02
8.35900000e+03 4.00023771e+01 4.00000000e-02
8.36000000e+03 3.99420273e+01 4.00000000e-02
8.36100000e+03 4.00508581e+01 4.00000000e-02
8.36200000e+03 3.99992543e+01 4.00000000e-02
8.36300000e+03 3.99826101e+01 4.00000000e-02
8.36400000e+03 4.00427898e+01 4.00000000e-02
8.36500000e+03 4.00520031e+01 4.00000000e-02
8.36600000e+03 4.00070714e+01 4.00000000e-02
8.36700000e+03 4.00409657e+01 4.00000000e-02
8.36800000e+03 3.99350201e+01 4.00000000e-02
8.36900000e+03 3.99707738e+01 4.00000000e-02
8.37000000e+03 3.99674139e+01 4.00000000e-02
8.37100000e+03 3.99364490e+01 4.00000000e-02
8.37200000e+03 4.00350324e+01 4.00000000e-02
8.37300000e+03 4.00958161e+01 4.00000000e-02
8.37400000e+03 3.99483171e+01 4.00000000e-02
8.37500000e+03 3.99781921e+01 4.00000000e-02
8.37600000e+03 4.00427123e+01 4.00000000e-02
8.37700000e+03 3.99887599e+01 4.00000000e-02
8.37800000e+03 3.99999426e+01 4.00000000e-02
8.37900000e+03 3.99685135e+01 4.00000000e-02
8.38000000e+03 4.00134025e+01 4.00000000e-02
8.38100000e+03 3.99616618e+01 4.00000000e-02
8.38200000e+03 4.00301184e+01 4.00000000e-02
8.38300000e+03 4.00208438e+01 4.00000000e-02
8.38400000e+03 4.00149979e+01 4.00000000e-02
8.38500000e+03 3.99697915e+01 4.00000000e-02
8.38600000e+03 3.99916162e+01 4.00000000e-02
8.38700000e+03 4.00186808e+01 4.00000000e-02
8.38800000e+03 3.99647007e+01 4.00000000e-02
8.38900000e+03 3.99612518e+01 4.00000000e-02
8.39000000e+03 3.99101239e+01 4.00000000e-02
8.39100000e+03 3.99787427e+01 4.00000000e-02
8.39200000e+03 3.99939450e+01 4.00000000e-02
8.39300000e+03 4.00375019e+01 4.00000000e-02
8.39400000e+03 3.99521892e+01 4.00000000e-02
8.39500000e+03 3.99425498e+01 4.00000000e-02
8.39600000e+03 4.00475213e+01 4.00000000e-02
8.39700000e+03 4.00430930e+01 4.00000000e-02
8.39800000e+03 3.99547243e+01 4.00000000e-02
8.39900000e+03 3.99800843e+01 4.00000000e-02
8.40000000e+03 3.99275534e+01 4.00000000e-02
8.40100000e+03 3.99970451e+01 4.00000000e-02
8.40200000e+03 4.00508054e+01 4.00000000e-02
8.40300000e+03 4.00309794e+01 4.00000000e-02
8.40400000e+03 3.99579265e+01 4.00000000e-02
8.40500000e+03 4.00108019e+01 4.00000000e-02
8.40600000e+03 3.99712883e+01 4.00000000e-02
8.40700000e+03 4.00123005e+01 4.00000000e-02
8.40800000e+03 3.99781218e+01 4.00000000e-02
8.40900000e+03 4.00246925e+01 4.00000000e-02
8.41000000e+03 4.00497256e+01 4.00000000e-02
8.41100000e+03 4.00126561e+01 4.00000000e-02
8.41200000e+03 4.00141742e+01 4.00000000e-02
8.41300000e+03 4.00155109e+01 4.00000000e-02
8.41400000e+03 4.00345996e+01 4.00000000e-02
8.41500000e+03 3.99835561e+01 4.00000000e-02
8.41600000e+03 3.99933278e+01 4.00000000e-02
8.41700000e+03 3.99940133e+01 4.00000000e-02
8.41800000e+03 4.00522336e+01 4.00000000e-02
8.41900000e+03 4.00065333e+01 4.00000000e-02
8.42000000e+03 4.00226904e+01 4.00000000e-02
8.42100000e+03 3.99857176e+01 4.00000000e-02
8.42200000e+03 3.99466548e+01 4.00000000e-02
8.42300000e+03 3.99881627e+01 4.00000000e-02
8.42400000e+03 4.00191730e+01 4.00000000e-02
8.42500000e+03 3.99880207e+01 4.00000000e-02
8.42600000e+03 3.99778443e+01 4.00000000e-02
8.42700000e+03 3.99856362e+01 4.00000000e-02
8.42800000e+03 4.00209023e+01 4.00000000e-02
8.42900000e+03 4.00173031e+01 4.00000000e-02
8.43000000e+03 4.00003776e+01 4.00000000e-02
8.43100000e+03 3.99630671e+01 4.00000000e-02
8.43200000e+03 3.99734759e+01 4.00000000e-02
8.43300000e+03 4.01428115e+01 4.00000000e-02
8.43400000e+03 3.99936176e+01 4.00000000e-02
8.43500000e+03 4.00247306e+01 4.00000000e-02
8.43600000e+03 4.00123946e+01 4.00000000e-02
8.43700000e+03 3.99457846e+01 4.00000000e-02
8.43800000e+03 4.00524854e+01 4.00000000e-02
8.43900000e+03 4.00035232e+01 4.00000000e-02
8.44000000e+03 3.99650002e+01 4.00000000e-02
8.44100000e+03 4.00302626e+01 4.00000000e-02
8.44200000e+03 3.99779425e+01 4.00000000e-02
8.44300000e+03 4.00127627e+01 4.00000000e-02
8.44400000e+03 3.99479515e+01 4.00000000e-02
8.44500000e+03 3.99930938e+01 4.00000000e-02
8.44600000e+03 4.00264098e+01 4.00000000e-02
8.44700000e+03 3.99808986e+01 4.00000000e-02
8.44800000e+03 3.99446459e+01 4.00000000e-02
8.44900000e+03 3.99678209e+01 4.00000000e-02
8.45000000e+03 4.00265557e+01 4.00000000e-02
8.45100000e+03 3.99374373e+01 4.00000000e-02
8.45200000e+03 3.99452155e+01 4.00000000e-02
8.45300000e+03 4.00303117e+01 4.00000000e-02
8.45400000e+03 4.00042508e+01 4.00000000e-02
8.45500000e+03 3.99979071e+01 4.00000000e-02
8.45600000e+03 3.99821295e+01 4.00000000e-02
8.45700000e+03 4.00151772e+01 4.00000000e-02
8.45800000e+03 4.00323507e+01 4.00000000e-02
8.45900000e+03 4.00172938e+01 4.00000000e-02
8.46000000e+03 3.99307183e+01 4.00000000e-02
8.46100000e+03 4.00245114e+01 4.00000000e-02
8.46200000e+03 3.99345367e+01 4.00000000e-02
8.46300000e+03 4.00673284e+01 4.00000000e-02
8.46400000e+03 3.99820916e+01 4.00000000e-02
8.46500000e+03 4.00235489e+01 4.00000000e-02
8.46600000e+03 4.00126957e+01 4.00000000e-02
8.46700000e+03 3.99744970e+01 4.00000000e-02
8.46800000e+03 4.00469389e+01 4.00000000e-02
8.46900000e+03 4.00086860e+01 4.00000000e-02
8.47000000e+03 4.00837411e+01 4.00000000e-02
8.47100000e+03 4.00262917e+01 4.00000000e-02
8.47200000e+03 4.00136587e+01 4.00000000e-02
8.47300000e+03 4.00997049e+01 4.00000000e-02
8.47400000e+03 4.00557644e+01 4.00000000e-02
8.47500000e+03 4.00016394e+01 4.00000000e-02
8.47600000e+03 3.99697316e+01 4.00000000e-02
8.47700000e+03 4.00773609e+01 4.00000000e-02
8.47800000e+03 4.00499907e+01 4.00000000e-02
8.47900000e+03 4.00499726e+01 4.00000000e-02
8.48000000e+03 3.99889725e+01 4.00000000e-02
8.48100000e+03 3.99777746e+01 4.00000000e-02
8.48200000e+03 3.99665762e+01 4.00000000e-02
8.48300000e+03 4.00470032e+01 4.00000000e-02
8.48400000e+03 3.99956363e+01 4.00000000e-02
8.48500000e+03 4.00278871e+01 4.00000000e-02
8.48600000e+03 3.99158161e+01 4.00000000e-02
8.48700000e+03 4.00424706e+01 4.00000000e-02
8.48800000e+03 3.99731702e+01 4.00000000e-02
8.48900000e+03 3.98938131e+01 4.00000000e-02
8.49000000e+03 3.99504572e+01 4.00000000e-02
8.49100000e+03 4.00171589e+01 4.00000000e-02
8.49200000e+03 4.00592818e+01 4.00000000e-02
8.49300000e+03 3.98801603e+01 4.00000000e-02
8.49400000e+03 3.98908557e+01 4.00000000e-02
8.49500000e+03 3.97824538e+01 4.00000000e-02
8.49600000e+03 3.91907112e+01 4.00000000e-02
8.49700000e+03 3.78993356e+01 4.00000000e-02
8.49800000e+03 3.51313377e+01 4.00000000e-02
8.49900000e+03 3.07021132e+01 4.00000000e-02
8.50000000e+03 2.50385844e+01 4.00000000e-02
8.50100000e+03 2.01322120e+01 4.00000000e-02
8.50200000e+03 1.79715415e+01 4.00000000e-02
8.50300000e+03 1.97434218e+01 4.00000000e-02
8.50400000e+03 2.44762506e+01 4.00000000e-02
8.50500000e+03 3.01531853e+01 4.00000000e-02
8.50600000e+03 3.47721350e+01 4.00000000e-02
8.50700000e+03 3.77630598e+01 4.00000000e-02
8.50800000e+03 3.90906865e+01 4.00000000e-02
8.50900000e+03 3.97316459e+01 4.00000000e-02
8.51000000e+03 3.99648920e+01 4.00000000e-02
8.51100000e+03 3.99897696e+01 4.00000000e-02
8.51200000e+03 3.98917486e+01 4.00000000e-02
8.51300000e+03 4.00117776e+01 4.00000000e-02
8.51400000e+03 3.99796679e+01 4.00000000e-02
8.51500000e+03 4.00975700e+01 4.00000000e-02
8.51600000e+03 3.99952869e+01 4.00000000e-02
8.51700000e+03 4.00267048e+01 4.00000000e-02
8.51800000e+03 3.99614610e+01 4.00000000e-02
8.51900000e+03 4.00272586e+01 4.00000000e-02
8.52000000e+03 3.98881698e+01 4.00000000e-02
8.52100000e+03 3.99588147e+01 4.00000000e-02
8.52200000e+03 3.99843636e+01 4.00000000e-02
8.52300000e+03 3.99355436e+01 4.00000000e-02
8.52400000e+03 4.00389169e+01 4.00000000e-02
8.52500000e+03 4.00002773e+01 4.00000000e-02
8.52600000e+03 4.00660011e+01 4.00000000e-02
8.52700000e+03 3.99430556e+01 4.00000000e-02
8.52800000e+03 3.99664141e+01 4.00000000e-02
8.52900000e+03 4.00260113e+01 4.00000000e-02
8.53000000e+03 3.99795125e+01 4.00000000e-02
8.53100000e+03 4.00332720e+01 4.00000000e-02
8.53200000e+03 4.00258544e+01 4.00000000e-02
8.53300000e+03 3.99698905e+01 4.00000000e-02
8.53400000e+03 4.00048874e+01 4.00000000e-02
8.53500000e+03 4.00214024e+01 4.00000000e-02
8.53600000e+03 4.00081173e+01 4.00000000e-02
8.53700000e+03 3.99813413e+01 4.00000000e-02
8.53800000e+03 3.99295577e+01 4.00000000e-02
8.53900000e+03 3.97845056e+01 4.00000000e-02
8.54000000e+03 3.93433119e+01 4.00000000e-02
8.54100000e+03 3.81281498e+01 4.00000000e-02
8.54200000e+03 3.53719244e+01 4.00000000e-02
8.54300000e+03 3.10567515e+01 4.00000000e-02
8.54400000e+03 2.55519936e+01 4.00000000e-02
8.54500000e+03 2.05469028e+01 4.00000000e-02
8.54600000e+03 1.80086388e+01 4.00000000e-02
8.54700000e+03 1.95136293e+01 4.00000000e-02
8.54800000e+03 2.40255674e+01 4.00000000e-02
8.54900000e+03 2.94575430e+01 4.00000000e-02
8.55000000e+03 3.43700256e+01 4.00000000e-02
8.55100000e+03 3.74728103e+01 4.00000000e-02
8.55200000e+03 3.90249247e+01 4.00000000e-02
8.55300000e+03 3.96261057e+01 4.00000000e-02
8.55400000e+03 3.99338664e+01 4.00000000e-02
8.55500000e+03 3.99682434e+01 4.00000000e-02
8.55600000e+03 4.00456637e+01 4.00000000e-02
8.55700000e+03 4.00238348e+01 4.00000000e-02
8.55800000e+03 3.99635015e+01 4.00000000e-02
8.55900000e+03 4.00805185e+01 4.00000000e-02
8.56000000e+03 4.00756940e+01 4.00000000e-02
8.56100000e+03 4.00621566e+01 4.00000000e-02
8.56200000e+03 4.00045898e+01 4.00000000e-02
8.56300000e+03 4.00397739e+01 4.00000000e-02
8.56400000e+03 4.00066243e+01 4.00000000e-02
8.56500000e+03 3.99804192e+01 4.00000000e-02
8.56600000e+03 3.99270377e+01 4.00000000e-02
8.56700000e+03 4.00137528e+01 4.00000000e-02
8.56800000e+03 3.99226695e+01 4.00000000e-02
8.56900000e+03 4.00312174e+01 4.00000000e-02
8.57000000e+03 3.99476660e+01 4.00000000e-02
8.57100000e+03 4.00113956e+01 4.00000000e-02
8.57200000e+03 3.99911788e+01 4.00000000e-02
8.57300000e+03 3.99564995e+01 4.00000000e-02
8.57400000e+03 3.99609171e+01 4.00000000e-02
8.57500000e+03 3.99793014e+01 4.00000000e-02
8.57600000e+03 4.00629978e+01 4.00000000e-02
8.57700000e+03 4.00179487e+01 4.00000000e-02
8.57800000e+03 3.99916192e+01 4.00000000e-02
8.57900000e+03 4.00358030e+01 4.00000000e-02
8.58000000e+03 3.99551144e+01 4.00000000e-02
8.58100000e+03 3.99408104e+01 4.00000000e-02
8.58200000e+03 3.99659122e+01 4.00000000e-02
8.58300000e+03 4.00437661e+01 4.00000000e-02
8.58400000e+03 3.99898194e+01 4.00000000e-02
8.58500000e+03 4.00061198e+01 4.00000000e-02
8.58600000e+03 4.00060084e+01 4.00000000e-02
8.58700000e+03 3.99841061e+01 4.00000000e-02
8.58800000e+03 4.00514126e+01 4.00000000e-02
8.58900000e+03 4.00299394e+01 4.00000000e-02
8.59000000e+03 3.99660574e+01 4.00000000e-02
8.59100000e+03 3.99590140e+01 4.00000000e-02
8.59200000e+03 3.99987667e+01 4.00000000e-02
8.59300000e+03 3.99632537e+01 4.00000000e-02
8.59400000e+03 3.99999847e+01 4.00000000e-02
8.59500000e+03 4.00300344e+01 4.00000000e-02
8.59600000e+03 4.00024758e+01 4.00000000e-02
8.59700000e+03 4.00078055e+01 4.00000000e-02
8.59800000e+03 3.99798878e+01 4.00000000e-02
8.59900000e+03 3.99672637e+01 4.00000000e-02
8.60000000e+03 3.99583721e+01 4.00000000e-02
8.60100000e+03 4.00526771e+01 4.00000000e-02
8.60200000e+03 3.99687160e+01 4.00000000e-02
8.60300000e+03 4.00032640e+01 4.00000000e-02
8.60400000e+03 4.00043536e+01 4.00000000e-02
8.60500000e+03 4.00179418e+01 4.00000000e-02
8.60600000e+03 3.99863003e+01 4.00000000e-02
8.60700000e+03 3.99345152e+01 4.00000000e-02
8.60800000e+03 4.00848809e+01 4.00000000e-02
8.60900000e+03 3.99563352e+01 4.00000000e-02
8.61000000e+03 4.00243215e+01 4.00000000e-02
8.61100000e+03 3.99559653e+01 4.00000000e-02
8.61200000e+03 4.00269967e+01 4.00000000e-02
8.61300000e+03 3.99563471e+01 4.00000000e-02
8.61400000e+03 4.00689654e+01 4.00000000e-02
8.61500000e+03 4.00187730e+01 4.00000000e-02
8.61600000e+03 3.99352582e+01 4.00000000e-02
8.61700000e+03 4.00686402e+01 4.00000000e-02
8.61800000e+03 3.99226652e+01 4.00000000e-02
8.61900000e+03 3.99860093e+01 4.00000000e-02
8.62000000e+03 4.00451558e+01 4.00000000e-02
8.62100000e+03 3.99838803e+01 4.00000000e-02
8.62200000e+03 4.00522425e+01 4.00000000e-02
8.62300000e+03 4.00014686e+01 4.00000000e-02
8.62400000e+03 3.99754286e+01 4.00000000e-02
8.62500000e+03 4.00508784e+01 4.00000000e-02
8.62600000e+03 4.00014506e+01 4.00000000e-02
8.62700000e+03 3.99801495e+01 4.00000000e-02
8.62800000e+03 4.00382821e+01 4.00000000e-02
8.62900000e+03 3.99890707e+01 4.00000000e-02
8.63000000e+03 3.99431558e+01 4.00000000e-02
8.63100000e+03 3.99695753e+01 4.00000000e-02
8.63200000e+03 4.01006244e+01 4.00000000e-02
8.63300000e+03 4.00931471e+01 4.00000000e-02
8.63400000e+03 3.99354335e+01 4.00000000e-02
8.63500000e+03 4.00320023e+01 4.00000000e-02
8.63600000e+03 4.00501167e+01 4.00000000e-02
8.63700000e+03 3.99878757e+01 4.00000000e-02
8.63800000e+03 4.00271720e+01 4.00000000e-02
8.63900000e+03 3.99573598e+01 4.00000000e-02
8.64000000e+03 3.99854956e+01 4.00000000e-02
8.64100000e+03 4.00421502e+01 4.00000000e-02
8.64200000e+03 3.99964853e+01 4.00000000e-02
8.64300000e+03 3.99924059e+01 4.00000000e-02
8.64400000e+03 3.99885481e+01 4.00000000e-02
8.64500000e+03 3.99435143e+01 4.00000000e-02
8.64600000e+03 3.99568693e+01 4.00000000e-02
8.64700000e+03 3.99766426e+01 4.00000000e-02
8.64800000e+03 3.99930682e+01 4.00000000e-02
8.64900000e+03 3.99627094e+01 4.00000000e-02
8.65000000e+03 4.00760005e+01 4.00000000e-02
8.65100000e+03 3.99260301e+01 4.00000000e-02
8.65200000e+03 3.99538364e+01 4.00000000e-02
8.65300000e+03 3.99716627e+01 4.00000000e-02
8.65400000e+03 4.00199094e+01 4.00000000e-02
8.65500000e+03 3.99385654e+01 4.00000000e-02
8.65600000e+03 4.00069555e+01 4.00000000e-02
8.65700000e+03 3.99525721e+01 4.00000000e-02
8.65800000e+03 3.99150695e+01 4.00000000e-02
8.65900000e+03 3.98144132e+01 4.00000000e-02
8.66000000e+03 3.93598628e+01 4.00000000e-02
8.66100000e+03 3.81638219e+01 4.00000000e-02
8.66200000e+03 3.55670619e+01 4.00000000e-02
8.66300000e+03 3.14792437e+01 4.00000000e-02
8.66400000e+03 2.60504796e+01 4.00000000e-02
8.66500000e+03 2.08849254e+01 4.00000000e-02
8.66600000e+03 1.81421400e+01 4.00000000e-02
8.66700000e+03 1.90710811e+01 4.00000000e-02
8.66800000e+03 2.32410233e+01 4.00000000e-02
8.66900000e+03 2.88178133e+01 4.00000000e-02
8.67000000e+03 3.37850656e+01 4.00000000e-02
8.67100000e+03 3.70446275e+01 4.00000000e-02
8.67200000e+03 3.88600737e+01 4.00000000e-02
8.67300000e+03 3.96596816e+01 4.00000000e-02
8.67400000e+03 3.98385142e+01 4.00000000e-02
8.67500000e+03 4.00435624e+01 4.00000000e-02
8.67600000e+03 4.00106657e+01 4.00000000e-02
8.67700000e+03 4.00593029e+01 4.00000000e-02
8.67800000e+03 3.99885099e+01 4.00000000e-02
8.67900000e+03 3.99643366e+01 4.00000000e-02
8.68000000e+03 3.99945093e+01 4.00000000e-02
8.68100000e+03 4.00130362e+01 4.00000000e-02
8.68200000e+03 3.99623167e+01 4.00000000e-02
8.68300000e+03 4.00382882e+01 4.00000000e-02
8.68400000e+03 4.00119058e+01 4.00000000e-02
8.68500000e+03 3.99570360e+01 4.00000000e-02
8.68600000e+03 4.00204619e+01 4.00000000e-02
8.68700000e+03 3.99947761e+01 4.00000000e-02
8.68800000e+03 4.00024984e+01 4.00000000e-02
8.68900000e+03 3.99848049e+01 4.00000000e-02
8.69000000e+03 3.99717420e+01 4.00000000e-02
8.69100000e+03 3.99511136e+01 4.00000000e-02
8.69200000e+03 4.00061812e+01 4.00000000e-02
8.69300000e+03 4.00033865e+01 4.00000000e-02
8.69400000e+03 4.00216089e+01 4.00000000e-02
8.69500000e+03 3.99723920e+01 4.00000000e-02
8.69600000e+03 4.00197880e+01 4.00000000e-02
8.69700000e+03 4.00363815e+01 4.00000000e-02
8.69800000e+03 3.99536850e+01 4.00000000e-02
8.69900000e+03 4.00098342e+01 4.00000000e-02
8.70000000e+03 4.00927737e+01 4.00000000e-02
8.70100000e+03 3.99806422e+01 4.00000000e-02
8.70200000e+03 3.99883683e+01 4.00000000e-02
8.70300000e+03 3.99993121e+01 4.00000000e-02
8.70400000e+03 3.99794750e+01 4.00000000e-02
8.70500000e+03 4.00365520e+01 4.00000000e-02
8.70600000e+03 3.99973741e+01 4.00000000e-02
8.70700000e+03 3.99963323e+01 4.00000000e-02
8.70800000e+03 3.99684254e+01 4.00000000e-02
8.70900000e+03 4.00229124e+01 4.00000000e-02
8.71000000e+03 3.99965992e+01 4.00000000e-02
8.71100000e+03 3.99838172e+01 4.00000000e-02
8.71200000e+03 3.99874403e+01 4.00000000e-02
8.71300000e+03 4.00655720e+01 4.00000000e-02
8.71400000e+03 4.00002902e+01 4.00000000e-02
8.71500000e+03 4.00114019e+01 4.00000000e-02
8.71600000e+03 4.00556556e+01 4.00000000e-02
8.71700000e+03 3.99961491e+01 4.00000000e-02
8.71800000e+03 4.00397081e+01 4.00000000e-02
8.71900000e+03 3.99589405e+01 4.00000000e-02
8.72000000e+03 4.00272864e+01 4.00000000e-02
8.72100000e+03 3.99134447e+01 4.00000000e-02
8.72200000e+03 4.00063446e+01 4.00000000e-02
8.72300000e+03 3.99826261e+01 4.00000000e-02
8.72400000e+03 3.99709344e+01 4.00000000e-02
8.72500000e+03 4.00444523e+01 4.00000000e-02
8.72600000e+03 4.00304182e+01 4.00000000e-02
8.72700000e+03 4.00353763e+01 4.00000000e-02
8.72800000e+03 4.00617282e+01 4.00000000e-02
8.72900000e+03 4.00218306e+01 4.00000000e-02
8.73000000e+03 4.00237974e+01 4.00000000e-02
8.73100000e+03 3.99977880e+01 4.00000000e-02
8.73200000e+03 4.00772555e+01 4.00000000e-02
8.73300000e+03 4.00366318e+01 4.00000000e-02
8.73400000e+03 3.99683298e+01 4.00000000e-02
8.73500000e+03 3.99647542e+01 4.00000000e-02
8.73600000e+03 3.99697565e+01 4.00000000e-02
8.73700000e+03 3.99698578e+01 4.00000000e-02
8.73800000e+03 4.00527568e+01 4.00000000e-02
8.73900000e+03 4.00122328e+01 4.00000000e-02
8.74000000e+03 4.00433138e+01 4.00000000e-02
8.74100000e+03 3.99688651e+01 4.00000000e-02
8.74200000e+03 3.99685325e+01 4.00000000e-02
8.74300000e+03 4.00496433e+01 4.00000000e-02
8.74400000e+03 3.99179206e+01 4.00000000e-02
8.74500000e+03 3.99509155e+01 4.00000000e-02
8.74600000e+03 3.99135129e+01 4.00000000e-02
8.74700000e+03 3.99720450e+01 4.00000000e-02
8.74800000e+03 4.01047293e+01 4.00000000e-02
8.74900000e+03 3.99681805e+01 4.00000000e-02
8.75000000e+03 4.00421957e+01 4.00000000e-02
8.75100000e+03 4.00663442e+01 4.00000000e-02
8.75200000e+03 3.99723910e+01 4.00000000e-02
8.75300000e+03 3.99704504e+01 4.00000000e-02
8.75400000e+03 4.00130243e+01 4.00000000e-02
8.75500000e+03 4.00268508e+01 4.00000000e-02
8.75600000e+03 3.99353698e+01 4.00000000e-02
8.75700000e+03 3.99663745e+01 4.00000000e-02
8.75800000e+03 4.00665243e+01 4.00000000e-02
8.75900000e+03 3.99664234e+01 4.00000000e-02
8.76000000e+03 4.00147126e+01 4.00000000e-02
8.76100000e+03 4.00414971e+01 4.00000000e-02
8.76200000e+03 3.99858989e+01 4.00000000e-02
8.76300000e+03 3.99923449e+01 4.00000000e-02
8.76400000e+03 3.99769947e+01 4.00000000e-02
8.76500000e+03 3.99727480e+01 4.00000000e-02
8.76600000e+03 3.99746904e+01 4.00000000e-02
8.76700000e+03 3.99330039e+01 4.00000000e-02
8.76800000e+03 3.99789946e+01 4.00000000e-02
8.76900000e+03 3.99905150e+01 4.00000000e-02
8.77000000e+03 4.00285254e+01 4.00000000e-02
8.77100000e+03 3.99823967e+01 4.00000000e-02
8.77200000e+03 3.99725938e+01 4.00000000e-02
8.77300000e+03 4.00764001e+01 4.00000000e-02
8.77400000e+03 3.99989259e+01 4.00000000e-02
8.77500000e+03 3.99901766e+01 4.00000000e-02
8.77600000e+03 3.99782041e+01 4.00000000e-02
8.77700000e+03 3.99992675e+01 4.00000000e-02
8.77800000e+03 3.99643181e+01 4.00000000e-02
8.77900000e+03 3.99786641e+01 4.00000000e-02
8.78000000e+03 3.99647566e+01 4.00000000e-02
8.78100000e+03 3.99501247e+01 4.00000000e-02
8.78200000e+03 3.99812772e+01 4.00000000e-02
8.78300000e+03 3.99434401e+01 4.00000000e-02
8.78400000e+03 4.00695674e+01 4.00000000e-02
8.78500000e+03 3.99524602e+01 4.00000000e-02
8.78600000e+03 4.00708807e+01 4.00000000e-02
8.78700000e+03 4.00124915e+01 4.00000000e-02
8.78800000e+03 4.00353638e+01 4.00000000e-02
8.78900000e+03 4.00586527e+01 4.00000000e-02
8.79000000e+03 3.99326934e+01 4.00000000e-02
8.79100000e+03 4.00661548e+01 4.00000000e-02
8.79200000e+03 4.00197112e+01 4.00000000e-02
8.79300000e+03 3.99803432e+01 4.00000000e-02
8.79400000e+03 3.99694796e+01 4.00000000e-02
8.79500000e+03 4.00145763e+01 4.00000000e-02
8.79600000e+03 3.99352881e+01 4.00000000e-02
8.79700000e+03 4.00727761e+01 4.00000000e-02
8.79800000e+03 3.99939145e+01 4.00000000e-02
8.79900000e+03 4.00324836e+01 4.00000000e-02
8.80000000e+03 4.00058903e+01 4.00000000e-02
8.80100000e+03 3.99840686e+01 4.00000000e-02
8.80200000e+03 3.99860283e+01 4.00000000e-02
8.80300000e+03 3.99665312e+01 4.00000000e-02
8.80400000e+03 4.00525615e+01 4.00000000e-02
8.80500000e+03 4.00013862e+01 4.00000000e-02
8.80600000e+03 4.00228275e+01 4.00000000e-02
8.80700000e+03 4.00211601e+01 4.00000000e-02
8.80800000e+03 4.00295694e+01 4.00000000e-02
8.80900000e+03 4.00204809e+01 4.00000000e-02
8.81000000e+03 4.00536516e+01 4.00000000e-02
8.81100000e+03 3.99766068e+01 4.00000000e-02
8.81200000e+03 3.99623964e+01 4.00000000e-02
8.81300000e+03 3.99978998e+01 4.00000000e-02
8.81400000e+03 3.99893449e+01 4.00000000e-02
8.81500000e+03 4.00051302e+01 4.00000000e-02
8.81600000e+03 4.00501106e+01 4.00000000e-02
8.81700000e+03 4.00419060e+01 4.00000000e-02
8.81800000e+03 4.00258213e+01 4.00000000e-02
8.81900000e+03 3.99717049e+01 4.00000000e-02
8.82000000e+03 4.00236301e+01 4.00000000e-02
8.82100000e+03 4.00104893e+01 4.00000000e-02
8.82200000e+03 4.00336115e+01 4.00000000e-02
8.82300000e+03 4.00029973e+01 4.00000000e-02
8.82400000e+03 3.99873375e+01 4.00000000e-02
8.82500000e+03 4.00084474e+01 4.00000000e-02
8.82600000e+03 3.99742067e+01 4.00000000e-02
8.82700000e+03 3.99677853e+01 4.00000000e-02
8.82800000e+03 4.00126031e+01 4.00000000e-02
8.82900000e+03 4.00034739e+01 4.00000000e-02
8.83000000e+03 4.00433289e+01 4.00000000e-02
8.83100000e+03 4.00093515e+01 4.00000000e-02
8.83200000e+03 3.99561444e+01 4.00000000e-02
8.83300000e+03 4.00582013e+01 4.00000000e-02
8.83400000e+03 4.00685132e+01 4.00000000e-02
8.83500000e+03 3.99591506e+01 4.00000000e-02
8.83600000e+03 3.99789163e+01 4.00000000e-02
8.83700000e+03 4.00423447e+01 4.00000000e-02
8.83800000e+03 4.00104693e+01 4.00000000e-02
8.83900000e+03 3.99438327e+01 4.00000000e-02
8.84000000e+03 4.00482003e+01 4.00000000e-02
8.84100000e+03 4.00063049e+01 4.00000000e-02
8.84200000e+03 4.00157458e+01 4.00000000e-02
8.84300000e+03 4.00494256e+01 4.00000000e-02
8.84400000e+03 3.99759294e+01 4.00000000e-02
8.84500000e+03 3.99732766e+01 4.00000000e-02
8.84600000e+03 4.00286360e+01 4.00000000e-02
8.84700000e+03 4.00393409e+01 4.00000000e-02
8.84800000e+03 4.00066142e+01 4.00000000e-02
8.84900000e+03 4.00483292e+01 4.00000000e-02
8.85000000e+03 4.00189777e+01 4.00000000e-02
8.85100000e+03 4.00455619e+01 4.00000000e-02
8.85200000e+03 3.99694092e+01 4.00000000e-02
8.85300000e+03 3.99935319e+01 4.00000000e-02
8.85400000e+03 4.00441795e+01 4.00000000e-02
8.85500000e+03 3.99677878e+01 4.00000000e-02
8.85600000e+03 3.99699506e+01 4.00000000e-02
8.85700000e+03 4.00069774e+01 4.00000000e-02
8.85800000e+03 3.99905551e+01 4.00000000e-02
8.85900000e+03 3.99639129e+01 4.00000000e-02
8.86000000e+03 3.99360986e+01 4.00000000e-02
8.86100000e+03 4.00553807e+01 4.00000000e-02
8.86200000e+03 4.00034360e+01 4.00000000e-02
8.86300000e+03 4.00577534e+01 4.00000000e-02
8.86400000e+03 3.99659130e+01 4.00000000e-02
8.86500000e+03 4.00038678e+01 4.00000000e-02
8.86600000e+03 3.99947813e+01 4.00000000e-02
8.86700000e+03 4.00047657e+01 4.00000000e-02
8.86800000e+03 3.99383577e+01 4.00000000e-02
8.86900000e+03 4.00494932e+01 4.00000000e-02
8.87000000e+03 3.99895270e+01 4.00000000e-02
8.87100000e+03 4.00093076e+01 4.00000000e-02
8.87200000e+03 3.99612843e+01 4.00000000e-02
8.87300000e+03 4.00615702e+01 4.00000000e-02
8.87400000e+03 3.99399964e+01 4.00000000e-02
8.87500000e+03 4.00756160e+01 4.00000000e-02
8.87600000e+03 3.99842505e+01 4.00000000e-02
8.87700000e+03 3.99863381e+01 4.00000000e-02
8.87800000e+03 3.99731135e+01 4.00000000e-02
8.87900000e+03 4.00556309e+01 4.00000000e-02
8.88000000e+03 3.99659660e+01 4.00000000e-02
8.88100000e+03 3.99652166e+01 4.00000000e-02
8.88200000e+03 3.99622375e+01 4.00000000e-02
8.88300000e+03 4.00192064e+01 4.00000000e-02
8.88400000e+03 4.00212039e+01 4.00000000e-02
8.88500000e+03 3.99711184e+01 4.00000000e-02
8.88600000e+03 4.00202442e+01 4.00000000e-02
8.88700000e+03 4.00608588e+01 4.00000000e-02
8.88800000e+03 4.00272873e+01 4.00000000e-02
8.88900000e+03 4.00149765e+01 4.00000000e-02
8.89000000e+03 3.99593791e+01 4.00000000e-02
8.89100000e+03 4.00614192e+01 4.00000000e-02
8.89200000e+03 4.00266387e+01 4.00000000e-02
8.89300000e+03 3.99431332e+01 4.00000000e-02
8.89400000e+03 3.99701715e+01 4.00000000e-02
8.89500000e+03 3.98900074e+01 4.00000000e-02
8.89600000e+03 4.00196484e+01 4.00000000e-02
8.89700000e+03 3.99500042e+01 4.00000000e-02
8.89800000e+03 3.99886845e+01 4.00000000e-02
8.89900000e+03 4.00540599e+01 4.00000000e-02
8.90000000e+03 3.99423786e+01 4.00000000e-02
8.90100000e+03 4.00329901e+01 4.00000000e-02
8.90200000e+03 3.99864973e+01 4.00000000e-02
8.90300000e+03 3.99552822e+01 4.00000000e-02
8.90400000e+03 4.00494662e+01 4.00000000e-02
8.90500000e+03 4.00146069e+01 4.00000000e-02
8.90600000e+03 3.99707750e+01 4.00000000e-02
8.90700000e+03 4.00189948e+01 4.00000000e-02
8.90800000e+03 3.99743913e+01 4.00000000e-02
8.90900000e+03 3.99636827e+01 4.00000000e-02
8.91000000e+03 3.99829992e+01 4.00000000e-02
8.91100000e+03 4.00374261e+01 4.00000000e-02
8.91200000e+03 3.99344427e+01 4.00000000e-02
8.91300000e+03 3.99459056e+01 4.00000000e-02
8.91400000e+03 4.00328169e+01 4.00000000e-02
8.91500000e+03 3.99419828e+01 4.00000000e-02
8.91600000e+03 3.99895102e+01 4.00000000e-02
8.91700000e+03 3.99853155e+01 4.00000000e-02
8.91800000e+03 3.99461253e+01 4.00000000e-02
8.91900000e+03 3.99677020e+01 4.00000000e-02
8.92000000e+03 3.99923676e+01 4.00000000e-02
8.92100000e+03 3.99940868e+01 4.00000000e-02
8.92200000e+03 4.00225194e+01 4.00000000e-02
8.92300000e+03 4.00061002e+01 4.00000000e-02
8.92400000e+03 4.00337862e+01 4.00000000e-02
8.92500000e+03 4.00057107e+01 4.00000000e-02
8.92600000e+03 3.99803119e+01 4.00000000e-02
8.92700000e+03 4.00226100e+01 4.00000000e-02
8.92800000e+03 4.00151166e+01 4.00000000e-02
8.92900000e+03 4.00318610e+01 4.00000000e-02
8.93000000e+03 3.99916188e+01 4.00000000e-02
8.93100000e+03 3.99923887e+01 4.00000000e-02
8.93200000e+03 3.99929719e+01 4.00000000e-02
8.93300000e+03 3.99386012e+01 4.00000000e-02
8.93400000e+03 4.00157311e+01 4.00000000e-02
8.93500000e+03 3.99714842e+01 4.00000000e-02
8.93600000e+03 3.99676483e+01 4.00000000e-02
8.93700000e+03 3.99832441e+01 4.00000000e-02
8.93800000e+03 4.00805833e+01 4.00000000e-02
8.93900000e+03 3.99664472e+01 4.00000000e-02
8.94000000e+03 4.00576068e+01 4.00000000e-02
8.94100000e+03 3.99145994e+01 4.00000000e-02
8.94200000e+03 3.99866337e+01 4.00000000e-02
8.94300000e+03 4.00742388e+01 4.00000000e-02
8.94400000e+03 4.00051945e+01 4.00000000e-02
8.94500000e+03 4.00132669e+01 4.00000000e-02
8.94600000e+03 3.99758322e+01 4.00000000e-02
8.94700000e+03 3.99204139e+01 4.00000000e-02
8.94800000e+03 4.00188521e+01 4.00000000e-02
8.94900000e+03 4.00354347e+01 4.00000000e-02
8.95000000e+03 4.00409359e+01 4.00000000e-02
8.95100000e+03 4.00751267e+01 4.00000000e-02
8.95200000e+03 3.99958072e+01 4.00000000e-02
8.95300000e+03 4.00199577e+01 4.00000000e-02
8.95400000e+03 3.99142255e+01 4.00000000e-02
8.95500000e+03 3.99855943e+01 4.00000000e-02
8.95600000e+03 4.00050289e+01 4.00000000e-02
8.95700000e+03 4.00499245e+01 4.00000000e-02
8.95800000e+03 4.00729362e+01 4.00000000e-02
8.95900000e+03 4.00637059e+01 4.00000000e-02
8.96000000e+03 4.00177948e+01 4.00000000e-02
8.96100000e+03 3.99942266e+01 4.00000000e-02
8.96200000e+03 3.99966329e+01 4.00000000e-02
8.96300000e+03 3.99977624e+01 4.00000000e-02
8.96400000e+03 4.00053806e+01 4.00000000e-02
8.96500000e+03 4.00466733e+01 4.00000000e-02
8.96600000e+03 3.99920993e+01 4.00000000e-02
8.96700000e+03 3.99336214e+01 4.00000000e-02
8.96800000e+03 3.99521807e+01 4.00000000e-02
8.96900000e+03 4.01166566e+01 4.00000000e-02
8.97000000e+03 4.00533471e+01 4.00000000e-02
8.97100000e+03 3.99800070e+01 4.00000000e-02
8.97200000e+03 3.99892299e+01 4.00000000e-02
8.97300000e+03 4.00286737e+01 4.00000000e-02
8.97400000e+03 4.00118893e+01 4.00000000e-02
8.97500000e+03 4.00126022e+01 4.00000000e-02
8.97600000e+03 3.99213574e+01 4.00000000e-02
8.97700000e+03 3.99448461e+01 4.00000000e-02
8.97800000e+03 4.00057471e+01 4.00000000e-02
8.97900000e+03 4.00277680e+01 4.00000000e-02
8.98000000e+03 4.00125973e+01 4.00000000e-02
8.98100000e+03 4.00627900e+01 4.00000000e-02
8.98200000e+03 4.00021858e+01 4.00000000e-02
8.98300000e+03 4.00103172e+01 4.00000000e-02
8.98400000e+03 4.00026741e+01 4.00000000e-02
8.98500000e+03 4.00390507e+01 4.00000000e-02
8.98600000e+03 3.99759030e+01 4.00000000e-02
8.98700000e+03 4.00815286e+01 4.00000000e-02
8.98800000e+03 3.99576097e+01 4.00000000e-02
8.98900000e+03 4.00313964e+01 4.00000000e-02
8.99000000e+03 4.00290835e+01 4.00000000e-02
8.99100000e+03 4.00635674e+01 4.00000000e-02
8.99200000e+03 3.99553842e+01 4.00000000e-02
8.99300000e+03 3.99640573e+01 4.00000000e-02
8.99400000e+03 3.99889116e+01 4.00000000e-02
8.99500000e+03 4.00290443e+01 4.00000000e-02
8.99600000e+03 4.00344582e+01 4.00000000e-02
8.99700000e+03 3.98972377e+01 4.00000000e-02
8.99800000e+03 3.99876499e+01 4.00000000e-02
8.99900000e+03 4.00099360e+01 4.00000000e-02
9.00000000e+03 4.00138987e+01 4.00000000e-02
9.00100000e+03 4.00143029e+01 4.00000000e-02
9.00200000e+03 3.99941979e+01 4.00000000e-02
9.00300000e+03 4.00043396e+01 4.00000000e-02
9.00400000e+03 3.99249454e+01 4.00000000e-02
9.00500000e+03 4.00345858e+01 4.00000000e-02
9.00600000e+03 3.99030390e+01 4.00000000e-02
9.00700000e+03 3.99922568e+01 4.00000000e-02
9.00800000e+03 3.99626567e+01 4.00000000e-02
9.00900000e+03 4.00122856e+01 4.00000000e-02
9.01000000e+03 3.99596453e+01 4.00000000e-02
9.01100000e+03 4.00338056e+01 4.00000000e-02
9.01200000e+03 4.00124613e+01 4.00000000e-02
9.01300000e+03 4.00233773e+01 4.00000000e-02
9.01400000e+03 4.00416720e+01 4.00000000e-02
9.01500000e+03 4.00441453e+01 4.00000000e-02
9.01600000e+03 3.99908366e+01 4.00000000e-02
9.01700000e+03 4.00309532e+01 4.00000000e-02
9.01800000e+03 4.00176846e+01 4.00000000e-02
9.01900000e+03 4.00289132e+01 4.00000000e-02
9.02000000e+03 4.00044914e+01 4.00000000e-02
9.02100000e+03 3.98972441e+01 4.00000000e-02
9.02200000e+03 3.99881170e+01 4.00000000e-02
9.02300000e+03 3.99972493e+01 4.00000000e-02
9.02400000e+03 3.99781280e+01 4.00000000e-02
9.02500000e+03 3.99697630e+01 4.00000000e-02
9.02600000e+03 4.00037789e+01 4.00000000e-02
9.02700000e+03 3.99703884e+01 4.00000000e-02
9.02800000e+03 4.00237460e+01 4.00000000e-02
9.02900000e+03 4.00475730e+01 4.00000000e-02
9.03000000e+03 3.99981845e+01 4.00000000e-02
9.03100000e+03 4.00316555e+01 4.00000000e-02
9.03200000e+03 3.99506896e+01 4.00000000e-02
9.03300000e+03 3.99581153e+01 4.00000000e-02
9.03400000e+03 3.99851619e+01 4.00000000e-02
9.03500000e+03 3.99596921e+01 4.00000000e-02
9.03600000e+03 3.99997332e+01 4.00000000e-02
9.03700000e+03 4.00009949e+01 4.00000000e-02
9.03800000e+03 4.00610805e+01 4.00000000e-02
9.03900000e+03 3.99771723e+01 4.00000000e-02
9.04000000e+03 4.00481078e+01 4.00000000e-02
9.04100000e+03 3.99579572e+01 4.00000000e-02
9.04200000e+03 3.99890151e+01 4.00000000e-02
9.04300000e+03 4.00310806e+01 4.00000000e-02
9.04400000e+03 4.00114278e+01 4.00000000e-02
9.04500000e+03 3.99019618e+01 4.00000000e-02
9.04600000e+03 3.99965496e+01 4.00000000e-02
9.04700000e+03 4.00168300e+01 4.00000000e-02
9.04800000e+03 3.99388171e+01 4.00000000e-02
9.04900000e+03 3.99805582e+01 4.00000000e-02
9.05000000e+03 3.99863208e+01 4.00000000e-02
9.05100000e+03 4.00142979e+01 4.00000000e-02
9.05200000e+03 4.00486735e+01 4.00000000e-02
9.05300000e+03 3.99449350e+01 4.00000000e-02
9.05400000e+03 3.99630939e+01 4.00000000e-02
9.05500000e+03 4.00606046e+01 4.00000000e-02
9.05600000e+03 4.00457945e+01 4.00000000e-02
9.05700000e+03 4.00664886e+01 4.00000000e-02
9.05800000e+03 3.99978959e+01 4.00000000e-02
9.05900000e+03 4.00394837e+01 4.00000000e-02
9.06000000e+03 3.99041010e+01 4.00000000e-02
9.06100000e+03 4.00168726e+01 4.00000000e-02
9.06200000e+03 3.99611258e+01 4.00000000e-02
9.06300000e+03 3.99435131e+01 4.00000000e-02
9.06400000e+03 3.99561838e+01 4.00000000e-02
9.06500000e+03 4.00385190e+01 4.00000000e-02
9.06600000e+03 4.00577967e+01 4.00000000e-02
9.06700000e+03 3.99796996e+01 4.00000000e-02
9.06800000e+03 3.99850794e+01 4.00000000e-02
9.06900000e+03 4.00456942e+01 4.00000000e-02
9.07000000e+03 3.99724487e+01 4.00000000e-02
9.07100000e+03 4.00092470e+01 4.00000000e-02
9.07200000e+03 4.00236486e+01 4.00000000e-02
9.07300000e+03 4.00464179e+01 4.00000000e-02
9.07400000e+03 3.99883955e+01 4.00000000e-02
9.07500000e+03 3.98887818e+01 4.00000000e-02
9.07600000e+03 3.99913522e+01 4.00000000e-02
9.07700000e+03 4.00266154e+01 4.00000000e-02
9.07800000e+03 3.99808073e+01 4.00000000e-02
9.07900000e+03 3.99766129e+01 4.00000000e-02
9.08000000e+03 3.99616540e+01 4.00000000e-02
9.08100000e+03 4.00163013e+01 4.00000000e-02
9.08200000e+03 4.00057770e+01 4.00000000e-02
9.08300000e+03 4.00101546e+01 4.00000000e-02
9.08400000e+03 3.99993953e+01 4.00000000e-02
9.08500000e+03 4.00496648e+01 4.00000000e-02
9.08600000e+03 4.00124195e+01 4.00000000e-02
9.08700000e+03 3.99967289e+01 4.00000000e-02
9.08800000e+03 3.99553119e+01 4.00000000e-02
9.08900000e+03 3.99832981e+01 4.00000000e-02
9.09000000e+03 3.99992839e+01 4.00000000e-02
9.09100000e+03 4.00577099e+01 4.00000000e-02
9.09200000e+03 4.00184005e+01 4.00000000e-02
9.09300000e+03 3.99864935e+01 4.00000000e-02
9.09400000e+03 4.00292471e+01 4.00000000e-02
9.09500000e+03 4.00244826e+01 4.00000000e-02
9.09600000e+03 3.99818699e+01 4.00000000e-02
9.09700000e+03 4.00179653e+01 4.00000000e-02
9.09800000e+03 3.99567752e+01 4.00000000e-02
9.09900000e+03 4.00037971e+01 4.00000000e-02
9.10000000e+03 4.00792884e+01 4.00000000e-02
9.10100000e+03 4.00383687e+01 4.00000000e-02
9.10200000e+03 4.00246360e+01 4.00000000e-02
9.10300000e+03 4.00344339e+01 4.00000000e-02
9.10400000e+03 4.00278120e+01 4.00000000e-02
9.10500000e+03 3.99540799e+01 4.00000000e-02
9.10600000e+03 3.99820979e+01 4.00000000e-02
9.10700000e+03 3.99730171e+01 4.00000000e-02
9.10800000e+03 4.00184879e+01 4.00000000e-02
9.10900000e+03 4.00362478e+01 4.00000000e-02
9.11000000e+03 4.00803935e+01 4.00000000e-02
9.11100000e+03 3.99944976e+01 4.00000000e-02
9.11200000e+03 3.99558198e+01 4.00000000e-02
9.11300000e+03 4.00117758e+01 4.00000000e-02
9.11400000e+03 3.99989889e+01 4.00000000e-02
9.11500000e+03 4.00107201e+01 4.00000000e-02
9.11600000e+03 4.00012118e+01 4.00000000e-02
9.11700000e+03 4.00202388e+01 4.00000000e-02
9.11800000e+03 3.99778209e+01 4.00000000e-02
9.11900000e+03 4.00123571e+01 4.00000000e-02
9.12000000e+03 4.00392118e+01 4.00000000e-02
9.12100000e+03 4.00076755e+01 4.00000000e-02
9.12200000e+03 4.00222246e+01 4.00000000e-02
9.12300000e+03 3.99756021e+01 4.00000000e-02
9.12400000e+03 4.00346307e+01 4.00000000e-02
9.12500000e+03 3.99966797e+01 4.00000000e-02
9.12600000e+03 3.99747523e+01 4.00000000e-02
9.12700000e+03 3.99920695e+01 4.00000000e-02
9.12800000e+03 3.99856116e+01 4.00000000e-02
9.12900000e+03 3.99941145e+01 4.00000000e-02
9.13000000e+03 3.99790614e+01 4.00000000e-02
9.13100000e+03 4.00674026e+01 4.00000000e-02
9.13200000e+03 4.00360096e+01 4.00000000e-02
9.13300000e+03 4.00190024e+01 4.00000000e-02
9.13400000e+03 4.00186511e+01 4.00000000e-02
9.13500000e+03 3.99968918e+01 4.00000000e-02
9.13600000e+03 4.00324582e+01 4.00000000e-02
9.13700000e+03 3.99913332e+01 4.00000000e-02
9.13800000e+03 3.99974773e+01 4.00000000e-02
9.13900000e+03 3.99701044e+01 4.00000000e-02
9.14000000e+03 4.00476159e+01 4.00000000e-02
9.14100000e+03 4.00463927e+01 4.00000000e-02
9.14200000e+03 4.00429665e+01 4.00000000e-02
9.14300000e+03 4.00438118e+01 4.00000000e-02
9.14400000e+03 3.99075190e+01 4.00000000e-02
9.14500000e+03 4.00038820e+01 4.00000000e-02
9.14600000e+03 4.00399371e+01 4.00000000e-02
9.14700000e+03 4.00195968e+01 4.00000000e-02
9.14800000e+03 3.99384158e+01 4.00000000e-02
9.14900000e+03 4.00115495e+01 4.00000000e-02
9.15000000e+03 4.00264435e+01 4.00000000e-02
9.15100000e+03 3.99784598e+01 4.00000000e-02
9.15200000e+03 3.99544697e+01 4.00000000e-02
9.15300000e+03 3.99758092e+01 4.00000000e-02
9.15400000e+03 3.98831323e+01 4.00000000e-02
9.15500000e+03 4.00089594e+01 4.00000000e-02
9.15600000e+03 3.99655530e+01 4.00000000e-02
9.15700000e+03 3.99860743e+01 4.00000000e-02
9.15800000e+03 3.99916729e+01 4.00000000e-02
9.15900000e+03 3.99947092e+01 4.00000000e-02
9.16000000e+03 4.00598665e+01 4.00000000e-02
9.16100000e+03 3.99648630e+01 4.00000000e-02
9.16200000e+03 3.99886485e+01 4.00000000e-02
9.16300000e+03 3.99143430e+01 4.00000000e-02
9.16400000e+03 3.99710066e+01 4.00000000e-02
9.16500000e+03 3.99217223e+01 4.00000000e-02
9.16600000e+03 4.00269268e+01 4.00000000e-02
9.16700000e+03 3.99960527e+01 4.00000000e-02
9.16800000e+03 3.99729303e+01 4.00000000e-02
9.16900000e+03 4.00311514e+01 4.00000000e-02
9.17000000e+03 3.99565648e+01 4.00000000e-02
9.17100000e+03 3.99898149e+01 4.00000000e-02
9.17200000e+03 3.99646089e+01 4.00000000e-02
9.17300000e+03 3.99602220e+01 4.00000000e-02
9.17400000e+03 3.99876562e+01 4.00000000e-02
9.17500000e+03 3.99730043e+01 4.00000000e-02
9.17600000e+03 3.99912818e+01 4.00000000e-02
9.17700000e+03 3.99536282e+01 4.00000000e-02
9.17800000e+03 3.99357117e+01 4.00000000e-02
9.17900000e+03 4.00503445e+01 4.00000000e-02
9.18000000e+03 4.00119242e+01 4.00000000e-02
9.18100000e+03 3.99827922e+01 4.00000000e-02
9.18200000e+03 4.00056809e+01 4.00000000e-02
9.18300000e+03 3.99581138e+01 4.00000000e-02
9.18400000e+03 4.00122990e+01 4.00000000e-02
9.18500000e+03 3.99403697e+01 4.00000000e-02
9.18600000e+03 4.00158789e+01 4.00000000e-02
9.18700000e+03 4.00121788e+01 4.00000000e-02
9.18800000e+03 3.99953354e+01 4.00000000e-02
9.18900000e+03 4.00260752e+01 4.00000000e-02
9.19000000e+03 3.99950646e+01 4.00000000e-02
9.19100000e+03 4.00640872e+01 4.00000000e-02
9.19200000e+03 4.00230414e+01 4.00000000e-02
9.19300000e+03 3.99383886e+01 4.00000000e-02
9.19400000e+03 3.99591422e+01 4.00000000e-02
9.19500000e+03 4.00631663e+01 4.00000000e-02
9.19600000e+03 3.99769956e+01 4.00000000e-02
9.19700000e+03 4.00123865e+01 4.00000000e-02
9.19800000e+03 3.99772497e+01 4.00000000e-02
9.19900000e+03 4.00581313e+01 4.00000000e-02
