NUMBER	X_IMAGE	Y_IMAGE	RA	DEC	A_IMAGE	B_IMAGE	THETA_IMAGE	ELLIPTICITY	FLUX_AUTO	FLUXERR_AUTO	MAG_AUTO	MAGERR_AUTO	KRON_RADIUS	R_EFF_PIX	R_EFF_ARCSEC	MU_EFF	SNR_TOTAL	FLUX_APER_5	FLUX_APER_10	FLUX_APER_20	FLUX_APER_40	SERSIC_N	SERSIC_RE	SERSIC_CHI2	MAG_SERSIC	MU_EFF_SERSIC	LSBG_CONF	LSBG_GRADE	FLAGS	LABEL	MATCH_INFO
1	3232.677	11.593	21.5038718	-1.6193091	9.193	5.007	-83.123	0.4553	1.939823e+03	1.739006e+02	21.7806	0.0973	3.500	10.419	2.7402	26.8430	11.155	6.914841e+01	3.883015e+02	7.852284e+02	1.206753e+03	0.360	12.888	6.082	22.8704	26.8568	0.479	C	16	0	unmatched_591.59
2	1485.419	30.378	21.6315676	-1.6179263	9.759	3.769	-6.240	0.6138	2.198744e+03	1.898010e+02	21.6446	0.0937	3.500	22.555	5.9320	28.1130	11.584	1.016059e+02	3.199122e+02	5.278532e+02	2.422275e+03	0.360	0.955	7.092	24.0528	22.6175	0.327	C	16	0	unmatched_604.80
3	3136.412	48.719	21.5109071	-1.6165965	14.208	9.138	-89.765	0.3569	5.199448e+03	2.924606e+02	20.7101	0.0611	3.500	19.754	5.1952	27.4259	17.778	1.360249e+02	3.624421e+02	9.206739e+02	1.563945e+03	0.984	13.533	4.874	22.9373	27.1618	0.564	B	16	0	unmatched_573.96
4	3071.689	89.832	21.5156371	-1.6135927	12.581	5.512	-50.086	0.5619	4.021358e+03	2.388507e+02	20.9891	0.0645	3.500	14.884	3.9146	27.3050	16.836	8.944691e+01	3.217056e+02	7.500324e+02	1.179024e+03	0.360	12.824	4.523	23.2449	26.9843	0.474	C	0	0	unmatched_558.47
5	2997.431	97.607	21.5210641	-1.6130244	11.622	5.053	-39.403	0.5653	2.104841e+03	2.168604e+02	21.6920	0.1119	3.500	12.705	3.3415	27.9262	9.706	-1.864684e-01	1.258075e+02	3.697249e+02	5.920893e+02	0.360	12.396	3.843	24.0655	27.7227	0.348	C	0	0	unmatched_551.06
6	3551.390	90.114	21.4805787	-1.6135737	11.031	5.405	-47.984	0.5100	2.975654e+03	2.269357e+02	21.3160	0.0828	3.500	20.925	5.5032	27.2121	13.112	3.898634e+02	8.738883e+02	1.149611e+03	2.649584e+03	0.518	5.155	5.834	22.5711	25.0058	0.515	B	0	0	unmatched_571.88
7	5148.801	124.557	21.3638335	-1.6110587	9.292	6.386	-39.179	0.3127	3.102331e+03	2.205951e+02	21.2708	0.0772	3.500	13.707	3.6049	26.6430	14.063	3.286375e+02	5.643199e+02	1.690789e+03	1.866371e+03	0.360	13.466	4.803	22.1131	25.3116	0.577	B	0	0	unmatched_415.32
8	4330.122	93.220	21.4236658	-1.6133483	9.847	3.837	64.545	0.6103	2.527403e+03	1.701627e+02	21.4933	0.0731	3.500	15.153	3.9853	26.9662	14.853	4.048329e+02	6.237373e+02	1.321561e+03	1.993421e+03	0.767	4.446	5.037	23.1421	25.0248	0.526	B	0	0	unmatched_458.92
9	4334.060	124.963	21.4233780	-1.6110293	7.228	3.945	52.655	0.4541	2.569905e+03	1.439704e+02	21.4752	0.0608	3.500	11.603	3.0516	26.8597	17.850	3.991882e+02	4.870238e+02	9.530963e+02	2.225209e+03	NaN	NaN	NaN	NaN	NaN	0.510	B	0	0	unmatched_450.84
10	5822.723	139.782	21.3145807	-1.6099450	10.002	7.119	44.541	0.2882	1.507033e+03	2.369560e+02	22.0547	0.1707	3.586	10.615	2.7917	27.2559	6.360	4.533525e+01	2.655354e+02	5.341910e+02	1.048964e+03	0.360	12.219	3.629	23.4870	26.6217	0.456	C	0	0	unmatched_461.59
11	4392.485	154.558	21.4191081	-1.6088673	9.692	3.094	-66.377	0.6808	1.072702e+03	1.453712e+02	22.4238	0.1471	3.500	10.495	2.7602	27.3127	7.379	6.874893e+01	2.651474e+02	4.040810e+02	7.024935e+02	0.453	3.045	3.326	24.1532	25.5806	0.403	C	0	0	unmatched_437.73
12	4186.554	194.914	21.4341583	-1.6059189	9.009	4.707	75.760	0.4776	1.813533e+03	1.710696e+02	21.8537	0.1024	3.790	20.278	5.3332	28.4136	10.601	9.461387e+01	2.106861e+02	3.831028e+02	8.109060e+02	NaN	NaN	NaN	NaN	NaN	0.258	D	0	0	unmatched_451.42
13	3930.772	204.602	21.4528518	-1.6052108	11.690	5.806	88.892	0.5033	3.110546e+03	2.027511e+02	21.2679	0.0708	3.500	10.307	2.7108	27.1358	15.342	1.300730e+02	3.106326e+02	4.523013e+02	7.547012e+02	0.967	6.232	2.764	23.6297	25.8135	0.541	B	0	0	unmatched_485.40
14	5288.358	186.301	21.3536342	-1.6065478	27.396	18.675	-77.332	0.3183	3.731074e+04	6.509123e+02	18.5704	0.0189	3.596	33.870	8.9077	27.4742	57.321	6.391377e+01	2.657029e+02	1.048320e+03	3.255542e+03	0.360	46.283	4.384	20.6945	27.4949	0.588	B	16	0	unmatched_404.03
15	615.787	220.603	21.6951208	-1.6040214	7.838	3.989	77.871	0.4910	1.216479e+03	1.482087e+02	22.2872	0.1323	3.500	9.875	2.5970	26.4494	8.208	4.073944e+02	5.603854e+02	9.392972e+02	1.200746e+03	0.630	3.733	3.540	23.2039	24.8895	0.560	B	0	0	unmatched_647.30
16	5833.210	220.892	21.3138145	-1.6040195	12.876	6.081	20.134	0.5278	2.904222e+03	2.381010e+02	21.3424	0.0890	3.500	17.250	4.5369	27.4864	12.197	4.816723e+02	5.735967e+02	7.093365e+02	1.295481e+03	0.662	2.652	3.968	23.1902	24.3140	0.480	C	0	0	unmatched_444.09
17	4270.520	223.972	21.4280217	-1.6037962	11.439	5.381	68.014	0.5296	1.434741e+03	1.875802e+02	22.1081	0.1420	3.502	17.870	4.6999	28.2580	7.649	2.756710e+01	1.554644e+02	4.132701e+02	8.770318e+02	0.360	9.997	2.647	24.2065	26.6623	0.329	C	0	0	unmatched_434.34
18	5376.259	234.445	21.3472101	-1.6030306	14.480	5.584	84.510	0.6144	4.144165e+03	2.533132e+02	20.9564	0.0664	3.500	13.571	3.5691	26.3467	16.360	6.990277e+02	9.986663e+02	1.521744e+03	2.127121e+03	0.494	3.920	4.741	22.6162	24.3514	0.604	B	0	0	unmatched_396.47
19	3991.656	277.422	21.4484020	-1.5998911	14.005	6.084	-32.904	0.5656	1.046006e+04	2.406080e+02	19.9512	0.0250	3.819	21.022	5.5289	28.0668	43.473	3.010249e+02	3.767299e+02	5.410943e+02	1.044905e+03	0.433	2.940	4.763	23.7424	25.0937	0.446	C	0	0	unmatched_460.50
20	2198.510	289.561	21.5794510	-1.5989971	11.005	7.503	79.978	0.3182	1.159980e+03	2.142568e+02	22.3389	0.2005	3.500	10.861	2.8564	27.6321	5.414	4.876775e+01	1.771688e+02	4.909142e+02	5.033364e+02	0.360	17.209	2.690	22.8746	27.7327	0.409	C	0	0	unmatched_485.64
21	2891.526	313.229	21.5288032	-1.5972718	16.492	5.422	-55.440	0.6712	4.577424e+03	2.286994e+02	20.8484	0.0542	3.500	30.754	8.0883	28.2229	20.015	8.062751e+01	4.087698e+02	8.682939e+02	1.200034e+03	0.779	5.820	3.034	23.0643	25.4889	0.472	C	0	0	unmatched_489.18
22	2512.665	312.423	21.5564916	-1.5973287	19.471	8.929	-68.320	0.5414	2.003327e+04	3.337654e+02	19.2456	0.0181	3.500	21.014	5.5266	26.2918	60.022	4.730081e+02	1.388891e+03	2.826968e+03	4.523467e+03	0.835	17.756	4.565	21.1185	25.6954	0.666	B	0	0	unmatched_475.53
23	364.346	352.629	21.7134953	-1.5943738	9.272	6.684	11.586	0.2791	3.570143e+03	2.547578e+02	21.1183	0.0775	3.783	13.022	3.4249	27.4578	14.014	7.009879e+01	2.742415e+02	5.791392e+02	1.266446e+03	NaN	NaN	NaN	NaN	NaN	0.444	C	0	0	unmatched_643.02
24	4799.808	354.533	21.3893394	-1.5942582	15.783	5.419	-10.401	0.6566	8.369217e+03	2.418639e+02	20.1933	0.0314	3.500	14.257	3.7496	27.9469	34.603	5.978583e+01	1.603177e+02	7.262279e+02	6.066009e+02	0.360	17.343	5.224	23.4960	27.1989	0.394	C	0	0	unmatched_357.86
25	2523.056	370.443	21.5557319	-1.5930902	10.508	6.377	-82.792	0.3931	1.745147e+04	2.517602e+02	19.3954	0.0157	4.302	9.989	2.6271	26.9063	69.318	1.511701e+02	3.757729e+02	5.461319e+02	1.711436e+03	0.817	3.385	3.993	24.0016	25.4876	0.613	B	0	0	unmatched_460.39
26	810.367	416.863	21.6808988	-1.5896859	7.523	4.641	65.944	0.3830	9.500134e+02	1.409962e+02	22.5557	0.1611	3.500	9.603	2.5255	27.3314	6.738	6.517902e+01	2.500118e+02	4.026813e+02	7.682698e+02	0.360	9.320	2.726	23.8287	27.2467	0.435	C	0	0	unmatched_581.45
27	858.376	400.395	21.6773904	-1.5908894	9.827	6.974	-65.123	0.2903	3.840932e+03	1.986379e+02	21.0389	0.0562	3.500	16.340	4.2973	27.8069	19.336	2.841798e+02	3.943539e+02	6.138248e+02	1.159563e+03	0.426	3.465	2.658	23.7026	25.2884	0.535	B	0	0	unmatched_581.76
28	6598.287	413.364	21.2579009	-1.5899554	16.439	7.150	22.223	0.5650	2.903155e+04	3.223004e+02	18.8428	0.0121	3.500	28.996	7.6260	27.6963	90.076	4.447779e+02	6.106380e+02	9.339810e+02	2.141378e+03	0.521	4.314	4.585	23.0885	24.8360	0.535	B	0	0	unmatched_536.20
29	1834.086	420.203	21.6060834	-1.5894506	8.395	5.914	-28.426	0.2954	3.439569e+03	1.739126e+02	21.1587	0.0549	3.500	9.632	2.5333	26.1625	19.778	5.064157e+02	7.007375e+02	1.136664e+03	1.718038e+03	NaN	NaN	NaN	NaN	NaN	0.604	B	0	0	unmatched_475.05
30	3169.734	421.298	21.5084705	-1.5893780	12.155	10.788	-22.367	0.1125	8.639630e+03	2.725898e+02	20.1588	0.0343	3.500	9.548	2.5112	25.0623	31.695	8.178641e+02	1.952373e+03	2.989069e+03	3.906238e+03	0.714	7.826	6.906	21.4192	24.8458	0.557	B	0	0	unmatched_485.35
31	1225.093	449.173	21.6505897	-1.5873294	9.348	6.339	-82.189	0.3219	3.578547e+03	1.833829e+02	21.1157	0.0556	3.500	14.520	3.8188	26.9514	19.514	4.607673e+02	6.570203e+02	1.196969e+03	1.230850e+03	2.818	33.808	2.854	21.2380	27.0289	0.613	B	0	0	unmatched_544.25
32	2287.348	493.314	21.5729575	-1.5841125	10.463	6.078	-28.383	0.4191	1.855526e+03	1.910656e+02	21.8288	0.1118	3.500	10.827	2.8475	27.1823	9.711	2.781907e+01	2.924318e+02	6.039863e+02	9.446576e+02	0.360	25.312	2.763	22.8198	27.3146	0.471	C	0	0	unmatched_429.69
33	765.176	497.872	21.6842007	-1.5837674	11.280	7.199	-75.217	0.3618	3.825497e+03	2.180165e+02	21.0433	0.0619	3.500	12.284	3.2307	27.4241	17.547	4.544480e+01	2.196937e+02	6.212559e+02	9.151643e+02	NaN	NaN	NaN	NaN	NaN	0.456	C	0	0	unmatched_565.22
34	2674.626	527.992	21.5446540	-1.5815813	10.240	3.948	69.403	0.6144	2.882381e+03	1.564375e+02	21.3506	0.0589	3.500	12.039	3.1663	27.6585	18.425	4.495441e+01	1.934744e+02	4.343426e+02	8.937443e+02	0.360	21.413	3.207	23.6008	26.9219	0.438	C	0	0	unmatched_422.78
35	507.274	530.488	21.7030482	-1.5813820	9.811	8.026	-56.795	0.1819	1.114617e+05	2.814115e+02	17.3822	0.0027	3.870	10.440	2.7458	26.8653	396.081	3.382647e+01	3.959806e+02	7.731907e+02	8.419860e+02	NaN	NaN	NaN	NaN	NaN	0.593	B	0	0	unmatched_584.24
36	6743.000	509.506	21.2473253	-1.5829310	9.590	4.467	-18.090	0.5342	3.727780e+03	2.150311e+02	21.0714	0.0626	3.500	13.374	3.5173	26.6525	17.336	4.670118e+02	6.454203e+02	1.288022e+03	3.117381e+03	0.360	27.805	6.902	21.7612	25.6344	0.531	B	0	0	unmatched_551.55
37	2150.413	538.822	21.5829647	-1.5807871	9.961	9.195	-71.310	0.0770	1.474743e+03	2.334324e+02	22.0782	0.1719	3.500	11.314	2.9756	27.5008	6.318	1.293334e+02	2.385922e+02	5.444954e+02	5.552702e+02	NaN	NaN	NaN	NaN	NaN	0.415	C	0	0	unmatched_422.93
38	2030.562	564.126	21.5917236	-1.5789378	14.434	5.501	-63.858	0.6189	7.084314e+03	2.206896e+02	20.3743	0.0338	3.500	12.146	3.1943	25.0319	32.101	1.450261e+03	2.813279e+03	3.546451e+03	5.683418e+03	0.716	6.165	3.858	21.2387	23.6655	0.483	C	0	0	unmatched_423.43
39	6211.321	548.807	21.2861820	-1.5800624	14.695	11.088	-83.348	0.2455	1.234252e+04	4.117196e+02	19.7715	0.0362	3.500	12.637	3.3235	24.6583	29.978	1.308843e+03	3.613109e+03	7.174876e+03	9.537062e+03	0.943	12.732	5.331	20.1012	24.6324	0.507	B	0	0	unmatched_436.26
40	4212.682	595.707	21.4322483	-1.5766391	10.823	3.293	-57.299	0.6958	8.215158e+02	1.378918e+02	22.7135	0.1822	3.500	20.364	5.3556	28.4324	5.958	6.324835e+01	2.447185e+02	3.735403e+02	1.141283e+03	NaN	NaN	NaN	NaN	NaN	0.160	D	0	0	unmatched_358.61
41	3537.156	656.773	21.4816176	-1.5721766	7.283	3.718	24.633	0.4896	9.889154e+02	1.316625e+02	22.5121	0.1446	3.500	10.675	2.8076	27.1204	7.511	1.209420e+02	3.398206e+02	5.987910e+02	8.925092e+02	0.360	8.863	3.341	23.4676	26.5706	0.440	C	0	0	unmatched_475.50
42	6134.964	653.741	21.2917627	-1.5723968	12.539	4.377	34.351	0.6510	5.231325e+03	2.420756e+02	20.7035	0.0502	3.500	13.251	3.4851	26.6693	21.610	5.804548e+02	7.749284e+02	1.051786e+03	1.710806e+03	0.759	3.045	7.713	22.9275	24.3557	0.558	B	0	0	unmatched_402.70
43	5650.244	664.282	21.3271874	-1.5716282	15.127	5.745	-89.318	0.6202	6.100019e+03	2.734964e+02	20.5367	0.0487	3.500	22.175	5.8321	26.9501	22.304	5.551694e+02	1.311293e+03	1.705528e+03	3.176735e+03	NaN	NaN	NaN	NaN	NaN	0.512	B	0	0	unmatched_319.09
44	2176.257	756.294	21.5810748	-1.5649000	14.305	5.601	-35.912	0.6084	3.568655e+03	2.280140e+02	21.1187	0.0694	3.500	15.146	3.9833	27.5248	15.651	1.548196e+02	2.576276e+02	6.718172e+02	8.762544e+02	1.263	14.229	3.415	23.2455	26.6755	0.483	C	0	0	unmatched_365.48
45	1615.056	758.739	21.6220882	-1.5647174	16.292	11.380	-86.654	0.3015	1.638221e+04	3.547048e+02	19.4641	0.0235	3.500	13.796	3.6285	25.4689	46.185	6.155024e+02	1.825561e+03	3.594773e+03	4.998801e+03	0.641	12.538	3.988	21.0800	25.1864	0.606	B	0	0	unmatched_419.43
46	6253.756	817.173	21.2830817	-1.5604567	6.713	3.041	-53.284	0.5470	2.796656e+03	1.310991e+02	21.3834	0.0509	3.500	11.008	2.8950	27.0767	21.332	1.635979e+02	3.679667e+02	7.605938e+02	3.242281e+03	NaN	NaN	NaN	NaN	NaN	0.474	C	0	0	unmatched_399.73
47	683.781	807.870	21.6901464	-1.5611199	13.531	5.286	68.052	0.6094	4.338851e+03	2.151978e+02	20.9066	0.0539	3.500	10.346	2.7211	25.9122	20.162	3.175520e+02	9.550523e+02	1.479638e+03	1.981222e+03	0.547	5.629	3.090	22.2742	24.3985	0.590	B	0	0	unmatched_498.30
48	353.890	834.511	21.7142547	-1.5591703	10.787	3.495	34.549	0.6760	1.373097e+03	2.022139e+02	22.1557	0.1599	3.500	12.935	3.4019	27.4844	6.790	1.533153e+01	2.191201e+02	5.492545e+02	7.754681e+02	0.360	14.072	5.491	23.3656	26.9790	0.338	C	0	0	unmatched_535.66
49	1025.908	836.015	21.6651432	-1.5590672	14.116	7.009	85.065	0.5034	3.180771e+03	2.712047e+02	21.2437	0.0926	3.500	10.056	2.6447	26.6071	11.728	1.725009e+02	4.942968e+02	9.913379e+02	9.682527e+02	0.487	8.767	3.575	22.6148	25.2383	0.562	B	0	0	unmatched_459.42
50	20.846	817.753	21.7385937	-1.5603907	25.299	14.990	71.282	0.4075	9.231675e+03	4.208261e+02	20.0868	0.0495	3.500	31.577	8.3048	27.0446	21.937	1.673557e+02	5.434784e+02	1.733375e+03	4.096971e+03	0.360	41.959	4.264	20.0689	26.8592	0.614	B	16	0	unmatched_592.81
51	1241.382	839.624	21.6493962	-1.5588054	14.225	5.445	-51.490	0.6172	5.155261e+03	2.245221e+02	20.7194	0.0473	3.500	11.402	2.9987	25.9006	22.961	6.551519e+02	1.143552e+03	1.666553e+03	2.402587e+03	0.890	6.584	4.216	22.1556	24.8637	0.579	B	0	0	unmatched_446.37
52	3195.136	874.809	21.5066125	-1.5562469	8.662	4.861	-15.605	0.4388	1.082791e+03	1.648684e+02	22.4136	0.1653	3.500	10.645	2.7997	27.3454	6.568	5.636903e+01	2.643161e+02	5.387991e+02	4.838562e+02	0.360	11.193	3.046	23.6508	27.3636	0.420	C	0	0	unmatched_381.89
53	2920.492	856.389	21.5266842	-1.5575915	18.099	11.137	-46.887	0.3847	5.588563e+03	3.595228e+02	20.6317	0.0698	3.500	24.330	6.3989	27.6603	15.544	2.388158e+02	5.279927e+02	8.777513e+02	1.651155e+03	0.360	9.195	3.034	22.9539	25.8556	0.504	B	0	0	unmatched_354.73
54	5641.843	878.739	21.3278018	-1.5559611	10.890	4.384	-11.204	0.5974	1.785631e+03	2.067225e+02	21.8705	0.1257	3.500	9.630	2.5327	26.2304	8.638	4.799599e+02	6.573854e+02	1.027341e+03	1.785854e+03	0.801	3.447	5.428	23.0757	24.6821	0.519	B	0	0	unmatched_271.28
55	6673.697	879.553	21.2523918	-1.5558976	7.606	4.142	-5.488	0.4554	2.569640e+03	1.703191e+02	21.4753	0.0720	3.500	10.175	2.6760	26.0637	15.087	5.186293e+02	8.390811e+02	1.405951e+03	2.580038e+03	NaN	NaN	NaN	NaN	NaN	0.511	B	0	0	unmatched_486.41
56	3739.539	921.948	21.4668264	-1.5528048	10.350	4.426	-52.067	0.5723	1.940031e+03	1.724566e+02	21.7805	0.0965	3.586	9.786	2.5738	26.6766	11.249	1.306143e+02	4.567351e+02	6.983121e+02	9.124251e+02	0.360	10.532	3.895	23.1237	26.2830	0.494	C	0	0	unmatched_392.71
57	2080.565	953.677	21.5880670	-1.5504796	14.722	5.739	-13.942	0.6102	4.602627e+03	2.439753e+02	20.8425	0.0576	3.500	14.231	3.7427	27.3035	18.865	3.001562e+02	3.800522e+02	9.199692e+02	1.102019e+03	NaN	NaN	NaN	NaN	NaN	0.428	C	0	0	unmatched_321.36
58	3922.734	954.874	21.4534380	-1.5503997	10.962	4.017	89.282	0.6335	1.872294e+03	1.551639e+02	21.8191	0.0900	3.500	12.465	3.2783	27.1773	12.067	5.319058e+01	3.005085e+02	6.952994e+02	1.158067e+03	0.360	15.043	2.634	23.2452	26.6163	0.449	C	0	0	unmatched_347.50
59	5908.386	960.541	21.3083225	-1.5499843	10.740	6.136	58.334	0.4287	1.902343e+03	2.474211e+02	21.8018	0.1412	3.500	12.716	3.3443	27.2033	7.689	7.822727e+01	3.118826e+02	7.952612e+02	1.151982e+03	0.360	14.432	4.204	22.7585	27.1176	0.442	C	0	0	unmatched_304.64
60	1847.645	1008.836	21.6050887	-1.5464484	12.203	4.874	38.541	0.6006	4.644127e+03	2.030006e+02	20.8327	0.0475	3.500	11.932	3.1381	26.9284	22.877	4.057754e+01	3.644721e+02	7.424190e+02	1.297996e+03	0.449	4.508	3.813	23.3647	25.4274	0.558	B	0	0	unmatched_331.88
61	2186.635	1026.034	21.5803148	-1.5451942	10.661	3.519	-26.810	0.6699	1.859824e+03	1.597488e+02	21.8263	0.0933	3.500	13.469	3.5425	27.1761	11.642	3.375598e+01	3.083384e+02	6.491952e+02	1.159364e+03	0.360	19.953	6.368	23.3734	26.7139	0.404	C	0	0	unmatched_295.58
62	2847.175	1065.947	21.5320414	-1.5422819	8.527	2.982	-14.498	0.6502	1.898507e+03	1.254660e+02	21.8040	0.0718	3.500	11.401	2.9985	26.4389	15.132	5.214290e+02	6.961901e+02	1.308904e+03	2.107122e+03	2.023	10.329	3.353	22.1167	25.5826	0.585	B	0	0	unmatched_296.35
63	2241.594	1065.056	21.5762981	-1.5423439	12.818	6.897	-20.594	0.4619	6.263924e+03	2.424723e+02	20.5079	0.0420	3.500	10.796	2.8393	25.4807	25.834	3.987516e+02	1.462067e+03	2.654645e+03	3.271346e+03	0.675	8.358	3.431	21.5708	24.9802	0.570	B	0	0	unmatched_282.49
64	2516.571	1055.456	21.5562025	-1.5430467	14.767	10.202	9.253	0.3092	2.614517e+04	3.582634e+02	18.9565	0.0149	3.901	37.323	9.8159	27.9903	72.977	4.412822e+01	9.554019e+01	6.570265e+02	2.456544e+03	NaN	NaN	NaN	NaN	NaN	0.502	B	0	0	unmatched_280.39
65	3717.465	1080.321	21.4684392	-1.5412347	12.612	3.891	5.252	0.6915	2.609564e+03	1.678783e+02	21.4586	0.0698	3.500	22.594	5.9423	28.1125	15.544	3.333585e+01	1.734845e+02	5.716463e+02	1.304695e+03	0.360	18.568	3.862	23.1048	27.2670	0.372	C	0	0	unmatched_356.94
66	994.167	1067.780	21.6674610	-1.5421354	14.380	9.005	-57.661	0.3738	1.100762e+04	2.982992e+02	19.8958	0.0294	3.500	12.499	3.2873	25.3831	36.901	1.898641e+03	2.273553e+03	3.393659e+03	4.592832e+03	0.706	2.580	6.138	21.6851	22.7516	0.555	B	0	0	unmatched_403.81
67	2867.545	1095.951	21.5305527	-1.5400900	10.804	6.121	-62.351	0.4335	3.302051e+03	2.146906e+02	21.2030	0.0706	3.774	18.002	4.7345	27.8836	15.381	8.631370e+01	2.200880e+02	5.497575e+02	2.131234e+03	NaN	NaN	NaN	NaN	NaN	0.376	C	0	0	unmatched_290.98
68	6257.803	1085.815	21.2827869	-1.5408311	11.210	3.947	-88.985	0.6480	3.842588e+04	2.525227e+02	18.5384	0.0071	4.432	28.426	7.4761	25.0725	152.168	6.363353e+02	1.014134e+03	2.263774e+03	3.623128e+04	NaN	NaN	NaN	NaN	NaN	0.435	C	0	0	unmatched_364.32
69	6591.320	1118.488	21.2584132	-1.5384427	9.232	5.009	7.158	0.4574	3.072616e+03	1.999876e+02	21.2812	0.0707	3.500	10.716	2.8182	27.3269	15.364	5.291954e+01	2.567727e+02	4.796429e+02	1.227145e+03	0.360	10.219	6.668	23.6812	27.1484	0.449	C	0	0	unmatched_441.66
70	3451.304	1120.619	21.4878906	-1.5382901	11.189	3.519	25.745	0.6855	4.392311e+02	1.515345e+02	23.3933	0.3746	3.500	10.495	2.7601	27.7314	2.899	2.372151e+01	1.771458e+02	3.298102e+02	4.582915e+02	0.360	21.299	2.700	23.1567	27.2035	0.298	D	0	0	unmatched_370.60
71	714.329	1117.531	21.6879111	-1.5384982	12.430	8.214	14.732	0.3392	1.723110e+04	2.920836e+02	19.4092	0.0184	4.096	13.324	3.5043	26.6681	58.994	2.797867e+02	5.998035e+02	1.048641e+03	1.915639e+03	NaN	NaN	NaN	NaN	NaN	0.590	B	0	0	unmatched_422.30
72	1701.083	1145.083	21.6157986	-1.5364939	11.066	6.069	47.180	0.4515	6.268253e+03	2.079384e+02	20.5071	0.0360	3.500	11.724	3.0833	27.1922	30.145	1.225847e+01	2.187881e+02	7.367339e+02	1.028667e+03	0.360	13.191	4.071	23.0567	27.1011	0.529	B	0	0	unmatched_322.70
73	1625.517	1144.304	21.6213211	-1.5365502	6.321	4.119	-78.833	0.3484	3.024747e+03	1.290981e+02	21.2983	0.0463	3.500	10.868	2.8582	25.8563	23.430	6.271303e+02	1.084174e+03	2.452699e+03	3.071246e+03	2.029	17.679	3.451	21.1313	26.0650	0.636	B	0	0	unmatched_335.31
74	3297.027	1190.105	21.4991652	-1.5332133	10.797	3.964	26.700	0.6328	1.650530e+03	1.559757e+02	21.9559	0.1026	3.500	11.242	2.9565	28.0933	10.582	3.356311e+01	1.179833e+02	3.005874e+02	4.337318e+02	0.360	13.975	4.084	23.6814	27.4157	0.313	C	128	0	unmatched_331.21
75	877.334	1151.276	21.6759984	-1.5360346	6.467	3.115	40.060	0.5183	4.189344e+03	1.194055e+02	20.9446	0.0309	3.818	15.351	4.0374	26.5575	35.085	5.019258e+02	7.793817e+02	2.587697e+03	3.935157e+03	0.768	4.613	8.240	22.8783	24.8194	0.600	B	0	0	unmatched_394.92
76	3683.008	1191.809	21.4709571	-1.5330899	14.355	8.104	79.655	0.4354	5.996791e+03	2.683131e+02	20.5552	0.0486	3.678	21.704	5.7082	27.9458	22.350	1.946119e+01	1.040885e+02	5.906383e+02	1.084985e+03	0.360	19.009	2.619	23.4019	27.3115	0.490	C	0	0	unmatched_331.12
77	5955.323	1229.150	21.3048931	-1.5303609	8.631	2.960	-52.990	0.6571	2.417370e+03	1.551178e+02	21.5416	0.0697	3.500	16.877	4.4388	27.4268	15.584	3.440730e+02	4.896470e+02	8.047269e+02	4.519475e+03	0.342	0.911	8.115	23.7854	22.4098	0.394	C	0	0	unmatched_276.30
78	5658.893	1233.920	21.3265566	-1.5300133	14.667	5.235	-10.473	0.6431	9.864116e+03	2.785595e+02	20.0149	0.0307	3.747	25.659	6.7482	27.6151	35.411	4.716960e+02	7.131475e+02	1.029438e+03	2.043428e+03	0.411	3.654	5.437	23.2680	24.6200	0.483	C	0	0	unmatched_208.71
79	766.739	1241.293	21.6840799	-1.5294574	10.134	6.737	47.851	0.3352	2.412703e+03	2.003473e+02	21.5437	0.0902	3.500	11.921	3.1351	27.2909	12.043	2.471049e+01	2.360039e+02	6.026977e+02	1.561401e+03	0.360	38.001	4.454	22.2795	27.0810	0.480	C	0	0	unmatched_387.20
80	5920.705	1209.535	21.3074230	-1.5317940	14.588	12.211	-20.878	0.1629	2.101157e+04	4.036996e+02	19.1939	0.0209	3.500	24.379	6.4117	25.6511	52.048	1.157325e+03	3.037497e+03	6.121468e+03	1.236678e+04	0.360	33.218	8.615	19.8550	25.0548	0.600	B	0	0	unmatched_270.60
81	1607.094	1262.085	21.6226666	-1.5279456	10.184	9.119	45.114	0.1045	3.720497e+03	2.440712e+02	21.0735	0.0712	3.620	11.774	3.0965	27.4775	15.243	9.769900e+01	2.547186e+02	5.272185e+02	6.446682e+02	0.360	5.647	2.991	23.9988	26.0017	0.546	B	0	0	unmatched_315.63
82	2278.464	1286.170	21.5736024	-1.5261906	8.438	6.328	64.632	0.2500	2.706033e+03	1.800287e+02	21.4192	0.0722	3.500	9.506	2.5002	27.2645	15.031	6.978896e+01	2.624963e+02	4.721123e+02	8.996855e+02	0.360	10.535	3.022	23.6502	27.5463	0.531	B	0	0	unmatched_223.56
83	2239.444	1293.846	21.5764540	-1.5256296	10.813	3.303	-53.393	0.6945	1.108436e+03	1.458280e+02	22.3882	0.1428	3.500	11.975	3.1495	27.1625	7.601	1.118244e+02	3.462549e+02	6.432353e+02	1.364334e+03	0.360	14.565	3.678	22.8157	26.4400	0.392	C	0	0	unmatched_223.86
84	3725.309	1298.631	21.4678655	-1.5252861	13.446	4.699	-72.787	0.6505	2.546098e+03	1.884342e+02	21.4853	0.0804	3.500	12.927	3.3999	27.2058	13.512	7.197646e+01	1.935466e+02	7.374722e+02	9.308001e+02	0.360	15.795	3.708	23.1535	26.5472	0.444	C	0	0	unmatched_301.02
85	3797.062	1331.118	21.4626216	-1.5229129	16.169	6.258	8.886	0.6130	2.452191e+03	2.385385e+02	21.5261	0.1056	3.500	18.507	4.8675	27.8628	10.280	1.204622e+02	3.065492e+02	5.559946e+02	5.633530e+02	NaN	NaN	NaN	NaN	NaN	0.290	D	0	0	unmatched_287.89
86	281.057	1343.849	21.7195722	-1.5219603	12.463	3.950	37.004	0.6830	4.649792e+03	2.207456e+02	20.8314	0.0515	3.607	13.091	3.4428	27.4158	21.064	5.186764e+01	2.416352e+02	4.694660e+02	8.903044e+02	0.360	14.943	5.098	23.5580	26.4572	0.448	C	0	0	unmatched_445.29
87	4393.968	1315.380	21.4189991	-1.5240635	14.433	12.379	-68.970	0.1423	1.719195e+04	3.307167e+02	19.4117	0.0209	3.500	12.877	3.3868	24.6869	51.984	1.269565e+03	3.303101e+03	7.018715e+03	9.375576e+03	1.277	15.318	7.555	19.9438	24.9131	0.511	B	0	0	unmatched_191.89
88	2433.669	1357.303	21.5622595	-1.5209949	8.589	3.633	-22.248	0.5770	1.467519e+03	1.483062e+02	22.0835	0.1097	3.500	9.808	2.5794	26.6295	9.895	2.696322e+02	4.687907e+02	6.955892e+02	1.397663e+03	0.390	6.057	3.631	23.4477	25.4262	0.500	B	0	0	unmatched_200.44
89	3232.068	1389.141	21.5039118	-1.5186725	11.071	5.401	-88.108	0.5121	2.327538e+03	2.066680e+02	21.5828	0.0964	3.699	15.547	4.0888	27.5710	11.262	4.111496e+01	3.562467e+02	4.708115e+02	1.639718e+03	2.344	55.353	3.192	21.9166	27.9493	0.456	C	0	0	unmatched_281.97
90	907.091	1437.096	21.6738213	-1.5151544	9.458	4.646	-51.232	0.5088	2.103370e+03	1.721243e+02	21.6927	0.0888	3.518	17.870	4.6999	27.5018	12.220	3.082168e+02	5.009521e+02	7.679243e+02	2.123918e+03	0.494	4.136	4.482	23.4249	25.4697	0.477	C	0	0	unmatched_324.21
91	3725.972	1470.576	21.4678167	-1.5127246	9.201	3.847	-64.779	0.5819	3.627380e+03	1.564505e+02	21.1010	0.0468	3.862	23.312	6.1311	28.1162	23.185	9.805276e+01	3.552920e+02	4.885408e+02	1.730882e+03	0.455	2.375	3.487	23.7039	24.6429	0.463	C	0	0	unmatched_257.92
92	282.401	1485.728	21.7194727	-1.5115954	10.082	7.887	-13.998	0.2177	1.096893e+05	3.447664e+02	17.3996	0.0034	4.261	16.151	4.2477	27.3478	318.155	2.588285e+02	3.580430e+02	7.241032e+02	2.451206e+03	0.510	2.053	6.219	24.1849	24.7212	0.595	B	0	0	unmatched_420.04
93	5369.477	1491.846	21.3477079	-1.5111710	12.441	5.618	-32.003	0.5484	1.937205e+03	2.607607e+02	21.7821	0.1461	3.500	10.912	2.8698	26.6853	7.429	4.491476e+01	4.468447e+02	6.989512e+02	1.129406e+03	NaN	NaN	NaN	NaN	NaN	0.416	C	0	0	unmatched_107.81
94	3423.732	1563.098	21.4899044	-1.5059646	11.656	7.623	-29.562	0.3460	3.048336e+03	2.405567e+02	21.2898	0.0857	3.500	12.134	3.1912	26.8660	12.672	1.593273e+02	4.641742e+02	8.970550e+02	1.071603e+03	0.558	3.104	3.714	23.4909	24.9532	0.582	B	0	0	unmatched_274.14
95	2596.039	1537.480	21.5503926	-1.5078328	18.573	6.389	-15.985	0.6560	5.057330e+03	2.784772e+02	20.7402	0.0598	3.500	23.276	6.1215	27.0059	18.161	7.417214e+02	1.104203e+03	1.537612e+03	2.840952e+03	NaN	NaN	NaN	NaN	NaN	0.483	C	0	0	unmatched_157.96
96	3241.412	1597.554	21.5032283	-1.5034468	10.439	8.008	-39.532	0.2329	2.664946e+03	2.289613e+02	21.4358	0.0933	3.500	14.865	3.9096	27.6864	11.639	9.501143e+01	3.181416e+02	5.522135e+02	7.849177e+02	0.748	4.130	2.957	23.7982	25.7260	0.519	B	0	0	unmatched_249.96
97	4443.883	1606.661	21.4153511	-1.5027839	14.386	4.671	70.384	0.6753	1.364673e+03	2.046544e+02	22.1624	0.1628	3.500	14.447	3.7995	27.7086	6.668	2.461449e+01	1.381997e+02	4.990344e+02	6.795501e+02	0.360	18.977	3.027	23.0474	27.3124	0.340	C	0	0	unmatched_152.16
98	402.103	1630.973	21.7107236	-1.5009859	13.202	6.664	-31.244	0.4952	1.823116e+04	3.000541e+02	19.3480	0.0179	3.500	19.626	5.1618	27.4116	60.760	6.840758e+01	4.095205e+02	9.252110e+02	1.814364e+03	0.460	8.540	4.616	23.3392	25.7643	0.543	B	0	0	unmatched_371.44
99	3608.582	1635.930	21.4763953	-1.5006443	13.387	4.298	-64.331	0.6789	3.529017e+03	1.864832e+02	21.1309	0.0574	3.500	18.126	4.7671	28.2327	18.924	7.662082e+00	1.487469e+02	4.295679e+02	7.212371e+02	1.315	66.933	2.886	22.4644	28.0430	0.425	C	0	0	unmatched_231.23
100	4533.009	1644.474	21.4088377	-1.5000215	15.629	5.695	83.056	0.6356	4.002206e+03	2.501055e+02	20.9943	0.0678	3.500	17.217	4.5280	27.2750	16.002	4.469928e+02	5.551724e+02	9.676334e+02	1.413945e+03	0.546	2.469	4.758	23.3681	24.3446	0.502	B	0	0	unmatched_127.59
101	5273.663	1679.931	21.3547104	-1.4974306	11.471	7.998	59.386	0.3028	4.539830e+03	2.874923e+02	20.8574	0.0688	3.500	11.872	3.1223	26.4002	15.791	3.397188e+02	7.251834e+02	1.307391e+03	1.981514e+03	0.390	7.769	4.347	22.7066	25.1632	0.628	B	0	0	unmatched_68.15
102	6823.409	1737.137	21.2414550	-1.4932460	20.669	11.712	-84.807	0.4333	1.640322e+05	3.774521e+02	16.9627	0.0025	3.548	48.838	12.8445	25.0613	434.578	4.705387e+02	1.961563e+03	3.961867e+03	3.979468e+04	NaN	NaN	NaN	NaN	NaN	0.559	B	16	0	unmatched_431.97
103	2251.835	1840.721	21.5755454	-1.4856777	9.559	6.615	-18.576	0.3080	1.791324e+03	2.060410e+02	21.8671	0.1249	3.500	13.239	3.4819	27.7202	8.694	1.552702e+02	2.574460e+02	5.158508e+02	6.768391e+02	0.448	5.458	3.153	24.0164	25.7965	0.454	C	0	0	unmatched_89.47
104	113.611	1853.532	21.7318037	-1.4847240	10.564	3.416	7.109	0.6766	1.635831e+03	1.827822e+02	21.9657	0.1213	3.500	10.378	2.7293	26.6665	8.950	2.166682e+02	4.927875e+02	6.431570e+02	1.433713e+03	0.612	2.876	4.877	23.4567	24.6210	0.489	C	0	0	unmatched_404.71
105	6602.594	1847.991	21.2575926	-1.4851487	11.290	8.930	-62.036	0.2091	9.883101e+03	3.035148e+02	20.0128	0.0333	3.500	15.327	4.0311	26.9832	32.562	1.607935e+02	6.445365e+02	1.125129e+03	2.187426e+03	0.825	4.989	4.735	23.0344	24.9308	0.652	B	0	0	unmatched_367.17
106	5546.835	1848.262	21.3347472	-1.4851326	7.420	2.528	-69.521	0.6593	1.080368e+03	1.311264e+02	22.4161	0.1318	3.500	11.410	3.0007	27.1349	8.239	2.529519e+02	3.521252e+02	6.097933e+02	1.678001e+03	0.480	3.194	4.351	23.6688	25.1298	0.436	C	0	0	unmatched_145.30
107	236.063	1867.874	21.7228551	-1.4836776	9.650	6.527	-60.096	0.3236	3.961814e+03	2.457906e+02	21.0053	0.0674	3.500	10.772	2.8330	26.8004	16.119	1.711747e+02	4.445105e+02	6.929905e+02	1.150407e+03	0.723	4.637	4.767	23.3208	25.1611	0.605	B	0	0	unmatched_374.17
108	862.968	1886.652	21.6770419	-1.4823119	13.043	7.133	-83.913	0.4531	1.145622e+04	2.385597e+02	19.8524	0.0226	3.500	14.333	3.7696	27.1016	48.022	3.004827e+02	4.526811e+02	8.286451e+02	1.316799e+03	NaN	NaN	NaN	NaN	NaN	0.506	B	0	0	unmatched_236.05
109	1212.064	1928.896	21.6515302	-1.4792288	10.821	4.649	67.637	0.5704	2.047502e+03	1.824924e+02	21.7219	0.0968	3.500	9.585	2.5208	27.9403	11.220	1.642711e+01	1.588082e+02	4.320942e+02	6.068685e+02	0.360	18.293	4.505	22.9228	27.4121	0.340	C	0	0	unmatched_172.40
110	5401.171	1923.213	21.3453925	-1.4796573	13.791	7.669	-70.032	0.4439	1.306958e+03	3.099810e+02	22.2093	0.2575	3.500	14.604	3.8408	27.9706	4.216	1.964684e+01	1.121359e+02	5.356540e+02	6.426786e+02	1.703	68.957	4.316	21.8605	28.3839	0.370	C	0	0	unmatched_117.52
111	1842.105	1947.594	21.6054875	-1.4778675	8.196	4.394	14.461	0.4639	2.256339e+03	1.522118e+02	21.6165	0.0732	3.500	17.791	4.6790	27.7529	14.824	1.134179e+02	3.401527e+02	6.447056e+02	1.703705e+03	0.360	32.844	3.204	21.6274	27.0907	0.450	C	0	0	unmatched_165.38
112	1668.898	1956.906	21.6181452	-1.4771861	16.246	6.439	-61.514	0.6037	7.763658e+04	3.697437e+02	17.7748	0.0052	4.772	20.497	5.3908	27.3742	209.974	3.213198e+02	5.043892e+02	1.006971e+03	1.853090e+03	NaN	NaN	NaN	NaN	NaN	0.452	C	0	0	unmatched_153.61
113	549.304	1977.918	21.6999630	-1.4756415	11.036	7.625	28.914	0.3091	1.618169e+03	2.525215e+02	21.9774	0.1694	3.500	11.706	3.0786	27.1250	6.408	5.441830e+01	2.962291e+02	6.960836e+02	1.151943e+03	0.655	8.092	3.626	23.1805	26.5421	0.512	B	0	0	unmatched_287.90
114	3209.615	1996.531	21.5055508	-1.4742993	13.349	6.944	-15.039	0.4798	5.347156e+03	2.406930e+02	20.6797	0.0489	3.500	16.801	4.4188	26.7781	22.216	4.740459e+02	8.178260e+02	1.409718e+03	2.384996e+03	1.144	12.546	6.130	22.0655	25.6541	0.608	B	0	0	unmatched_203.14
115	3220.947	1979.107	21.5047227	-1.4755723	9.182	2.868	19.612	0.6877	1.689090e+03	1.287209e+02	21.9309	0.0827	3.500	17.611	4.6317	27.3256	13.122	4.341070e+02	5.510820e+02	9.587219e+02	2.294308e+03	NaN	NaN	NaN	NaN	NaN	0.367	C	0	0	unmatched_206.86
116	6213.846	2046.090	21.2860029	-1.4706782	13.693	4.594	-82.294	0.6645	2.436523e+03	2.317468e+02	21.5331	0.1033	3.500	14.117	3.7127	27.0994	10.514	3.956034e+02	5.553307e+02	7.167064e+02	1.212587e+03	NaN	NaN	NaN	NaN	NaN	0.368	C	0	0	unmatched_252.89
117	342.484	2050.461	21.7150763	-1.4703399	9.846	5.022	9.224	0.4900	4.306737e+03	2.392979e+02	20.9146	0.0603	3.965	17.851	4.6949	27.5796	17.997	5.295363e+01	3.493613e+02	7.061132e+02	2.474682e+03	0.360	11.018	5.650	23.1855	26.7603	0.464	C	0	0	unmatched_328.73
118	393.716	2074.007	21.7113322	-1.4686203	12.781	5.721	15.489	0.5524	3.346068e+03	2.578156e+02	21.1887	0.0837	3.500	11.943	3.1411	26.7164	12.979	5.090668e+01	4.492344e+02	7.322739e+02	1.273444e+03	0.360	13.596	5.146	23.0103	26.1784	0.500	B	0	0	unmatched_313.92
119	5948.039	2094.326	21.3054280	-1.4671552	14.600	5.848	-30.968	0.5995	1.878410e+03	2.703757e+02	21.8155	0.1563	3.500	18.697	4.9173	27.8905	6.947	3.115791e+01	2.674647e+02	5.565701e+02	8.841645e+02	0.863	13.338	3.951	23.1060	26.5820	0.383	C	0	0	unmatched_189.51
120	5512.199	2114.106	21.3372790	-1.4657113	13.192	5.097	19.941	0.6136	1.625529e+03	2.661489e+02	21.9725	0.1778	3.500	9.831	2.5854	26.4437	6.108	1.311057e+02	5.705878e+02	9.094224e+02	1.091740e+03	0.644	4.219	7.286	23.1010	24.8739	0.482	C	0	0	unmatched_123.75
121	3289.087	2129.112	21.4997426	-1.4646138	8.232	6.650	49.977	0.1921	1.070962e+04	2.464696e+02	19.9256	0.0250	4.124	10.357	2.7239	26.0736	43.452	3.184785e+02	8.303513e+02	1.550773e+03	7.751966e+03	NaN	NaN	NaN	NaN	NaN	0.623	B	0	0	unmatched_212.19
122	2447.406	2119.100	21.5612518	-1.4653418	17.316	10.797	70.091	0.3765	1.163230e+04	3.943187e+02	19.8358	0.0368	3.500	14.786	3.8888	25.0673	29.500	9.343940e+02	2.781351e+03	5.879132e+03	8.412173e+03	0.850	17.402	3.794	20.1657	24.9825	0.548	B	0	1	matched_0.12
123	3563.665	2168.864	21.4796765	-1.4617106	10.047	7.421	31.263	0.2614	5.106951e+02	2.396664e+02	23.2296	0.5095	3.500	12.158	3.1976	27.5106	2.131	7.141424e-01	2.022507e+02	4.567861e+02	8.590024e+02	0.360	22.166	3.617	22.5979	27.6594	0.405	C	0	0	unmatched_141.28
124	5238.966	2165.679	21.3572467	-1.4619442	9.736	3.902	51.444	0.5992	2.621531e+03	1.906590e+02	21.4536	0.0790	3.500	20.776	5.4642	27.3415	13.750	4.238802e+02	6.204770e+02	1.004523e+03	2.597045e+03	NaN	NaN	NaN	NaN	NaN	0.404	C	0	0	unmatched_116.25
125	430.272	2189.458	21.7086596	-1.4601865	11.432	9.528	-10.130	0.1665	6.191962e+03	3.354269e+02	20.5204	0.0588	3.500	16.685	4.3880	27.1606	18.460	1.900245e+02	4.683915e+02	1.078239e+03	1.918612e+03	NaN	NaN	NaN	NaN	NaN	0.565	B	0	0	unmatched_294.76
126	3937.685	2201.561	21.4523434	-1.4593227	12.237	4.866	-47.563	0.6024	1.903658e+03	2.350587e+02	21.8010	0.1341	3.500	12.738	3.3501	26.3353	8.099	7.328378e+01	7.551882e+02	1.373284e+03	2.157427e+03	0.581	3.504	4.645	22.5512	24.3185	0.543	B	0	0	unmatched_59.12
127	4803.653	2235.092	21.3890591	-1.4568735	14.098	4.414	-88.229	0.6869	3.266221e+03	2.488271e+02	21.2149	0.0827	3.500	14.162	3.7247	27.1563	13.126	9.658594e+01	2.603884e+02	9.109487e+02	1.079579e+03	0.360	18.231	5.470	22.6997	26.3336	0.425	C	0	0	unmatched_151.80
128	5774.461	2309.699	21.3181135	-1.4514216	12.154	4.589	-60.244	0.6224	5.523893e+03	2.887179e+02	20.6444	0.0567	4.402	27.985	7.3601	28.1296	19.132	5.561632e+01	2.322371e+02	7.140594e+02	2.223656e+03	0.360	37.832	6.207	21.4056	27.7466	0.405	C	0	0	unmatched_118.36
129	4476.648	2316.204	21.4129564	-1.4509479	13.378	10.782	26.187	0.1940	6.028558e+03	3.681377e+02	20.5495	0.0663	3.500	11.516	3.0287	25.2502	16.376	6.461606e+02	1.931221e+03	3.583192e+03	4.574497e+03	0.719	10.534	5.135	20.9458	25.0800	0.558	B	0	0	unmatched_114.04
130	2940.865	2350.935	21.5251894	-1.4484072	11.718	3.568	21.809	0.6956	4.176695e+03	2.051121e+02	20.9479	0.0533	3.629	21.317	5.6065	27.9860	20.363	6.712522e+01	2.625285e+02	5.829405e+02	1.689668e+03	0.360	13.233	4.673	23.5739	26.9862	0.407	C	0	0	unmatched_143.45
131	1224.111	2377.207	21.6506464	-1.4464776	11.114	6.045	59.867	0.4561	3.516994e+03	2.600660e+02	21.1346	0.0803	3.500	15.420	4.0555	27.5359	13.523	1.165922e+02	3.943406e+02	7.453451e+02	1.031030e+03	0.976	3.540	4.663	23.5935	25.3303	0.487	C	0	0	unmatched_81.83
132	2637.158	2384.160	21.5473838	-1.4459787	17.484	10.832	-4.971	0.3804	9.972564e+03	4.122377e+02	20.0030	0.0449	3.500	14.714	3.8698	25.8073	24.191	4.461566e+02	1.441273e+03	2.790022e+03	4.324684e+03	1.187	13.727	4.064	20.9808	25.5873	0.630	B	0	0	unmatched_85.74
133	1715.576	2386.893	21.6147312	-1.4457737	8.349	3.681	28.257	0.5591	2.209199e+03	1.564201e+02	21.6394	0.0769	3.500	13.946	3.6679	26.8869	14.123	4.623675e+02	6.565046e+02	1.119785e+03	3.037379e+03	0.504	3.993	5.203	23.1749	24.6311	0.535	B	0	0	unmatched_65.68
134	2291.175	2400.618	21.5726675	-1.4447746	9.763	7.399	76.233	0.2422	2.124742e+03	2.360147e+02	21.6817	0.1206	3.500	10.548	2.7742	26.9432	9.003	7.883150e+01	3.746090e+02	7.005771e+02	9.553997e+02	NaN	NaN	NaN	NaN	NaN	0.470	C	0	0	unmatched_84.57
135	4049.058	2394.468	21.4442040	-1.4452299	15.581	12.547	-54.770	0.1947	2.109960e+04	3.980969e+02	19.1893	0.0205	3.500	15.097	3.9705	25.2164	53.001	9.300720e+02	2.474035e+03	5.207125e+03	7.692547e+03	1.138	14.657	3.705	20.3588	25.1750	0.606	B	0	1	matched_0.55
136	6093.021	2419.827	21.2948339	-1.4433752	18.284	13.428	-84.142	0.2656	3.426820e+04	4.264183e+02	18.6628	0.0135	3.612	19.441	5.1130	26.7261	80.363	6.862452e+01	2.647508e+02	1.765042e+03	3.040019e+03	0.360	23.238	6.289	21.5807	26.9664	0.624	B	0	0	unmatched_184.18
137	1313.972	2467.070	21.6440789	-1.4399134	10.665	5.339	56.364	0.4994	7.963896e+03	2.202117e+02	20.2472	0.0300	3.623	12.164	3.1992	26.8772	36.165	8.397572e+01	4.261996e+02	7.379855e+02	3.238271e+03	0.360	9.007	7.426	23.7557	26.8724	0.523	B	0	0	unmatched_51.20
138	1355.273	2491.883	21.6410605	-1.4381010	8.462	5.222	7.733	0.3829	4.730173e+03	1.760716e+02	20.8128	0.0404	3.500	9.577	2.5188	26.2367	26.865	4.680643e+02	6.578474e+02	1.093788e+03	2.278828e+03	0.638	3.094	5.841	23.2750	24.5792	0.647	B	0	0	unmatched_39.20
139	3657.266	2541.541	21.4728354	-1.4344846	13.716	4.434	0.450	0.6767	4.120175e+03	1.937208e+02	20.9627	0.0510	3.552	32.939	8.6629	28.0085	21.269	9.132147e+00	2.392176e+02	4.883154e+02	2.806134e+03	0.360	11.353	4.066	23.8557	26.6246	0.450	C	0	0	unmatched_110.26
140	6586.072	2502.542	21.2588030	-1.4373304	22.690	12.881	-80.105	0.4323	9.674618e+04	4.639799e+02	17.5359	0.0052	3.500	38.683	10.1736	24.8593	208.514	7.930589e+02	2.513135e+03	6.600185e+03	4.329252e+04	NaN	NaN	NaN	NaN	NaN	0.496	C	0	0	unmatched_309.93
141	1517.665	2554.712	21.6291929	-1.4335123	8.359	6.546	-72.506	0.2169	2.782330e+04	2.014455e+02	18.8890	0.0079	3.847	13.520	3.5556	25.5300	138.118	1.095483e+03	1.987323e+03	3.680570e+03	1.182854e+04	NaN	NaN	NaN	NaN	NaN	0.553	B	0	0	unmatched_10.79
142	3320.468	2575.910	21.4974479	-1.4319729	13.422	9.384	3.507	0.3009	7.677323e+03	2.931855e+02	20.2870	0.0415	3.500	15.795	4.1541	25.9298	26.186	7.253303e+02	1.328313e+03	2.870281e+03	4.598447e+03	NaN	NaN	NaN	NaN	NaN	0.595	B	0	0	unmatched_197.73
143	5407.929	2571.043	21.3448998	-1.4323298	18.169	12.324	-76.861	0.3217	1.970033e+04	4.342905e+02	19.2638	0.0239	3.500	15.398	4.0498	24.5929	45.362	1.511321e+03	4.475421e+03	9.401289e+03	1.413136e+04	0.994	18.914	3.982	19.5199	24.5701	0.505	B	0	1	matched_0.78
144	1302.503	2600.211	21.6449160	-1.4301867	12.009	4.339	62.169	0.6386	4.041819e+03	1.871206e+02	20.9836	0.0503	3.500	19.622	5.1607	26.9852	21.600	4.121725e+02	7.162945e+02	1.400076e+03	2.859416e+03	NaN	NaN	NaN	NaN	NaN	0.494	C	0	0	unmatched_56.94
145	1300.031	2620.432	21.6450964	-1.4287094	12.200	5.758	20.132	0.5280	4.032681e+03	2.146218e+02	20.9860	0.0578	3.500	12.691	3.3377	26.1457	18.790	5.385349e+02	1.060897e+03	1.656201e+03	2.531391e+03	NaN	NaN	NaN	NaN	NaN	0.545	B	0	0	unmatched_59.77
146	5957.852	2624.139	21.3047126	-1.4284495	16.873	14.423	88.463	0.1452	2.278755e+04	4.167845e+02	19.1058	0.0199	3.500	17.222	4.5293	24.9251	54.675	1.408503e+03	3.967996e+03	7.726024e+03	1.266484e+04	1.174	16.468	4.154	19.6951	24.8479	0.585	B	0	0	unmatched_144.77
147	3699.349	2671.383	21.4697598	-1.4249991	17.476	8.622	-73.297	0.5067	9.464522e+03	3.142535e+02	20.0598	0.0361	3.500	30.676	8.0677	27.7374	30.117	6.683936e+01	2.493522e+02	9.787141e+02	2.220146e+03	0.360	10.245	4.658	22.9885	25.5950	0.505	B	0	0	unmatched_117.35
148	5352.985	2716.078	21.3489152	-1.4217343	7.920	4.854	2.613	0.3870	2.167275e+04	1.795519e+02	19.1602	0.0090	3.500	20.446	5.3774	25.5787	120.705	8.440715e+02	1.979721e+03	4.836671e+03	2.125643e+04	NaN	NaN	NaN	NaN	NaN	0.541	B	0	0	unmatched_40.39
149	4121.753	2748.795	21.4388912	-1.4193444	8.775	3.481	36.997	0.6033	2.715581e+03	1.519714e+02	21.4153	0.0608	3.500	10.336	2.7185	26.6233	17.869	2.849052e+02	5.122242e+02	7.602057e+02	1.501590e+03	0.574	5.660	3.963	23.2360	25.4611	0.586	B	0	0	unmatched_94.65
150	2169.501	2765.380	21.5815572	-1.4181261	11.166	5.151	-41.650	0.5387	2.114314e+03	1.862729e+02	21.6871	0.0957	3.500	10.357	2.7240	27.4271	11.351	6.809161e+01	2.359747e+02	3.654547e+02	1.312781e+03	NaN	NaN	NaN	NaN	NaN	0.349	C	0	0	unmatched_56.92
151	1332.094	2821.800	21.6427519	-1.4139988	11.598	6.605	-9.741	0.4305	2.691103e+03	2.308726e+02	21.4252	0.0931	3.500	11.759	3.0927	26.4177	11.656	5.514302e+01	6.441787e+02	1.170870e+03	1.874637e+03	0.492	4.172	3.916	22.8762	24.4987	0.603	B	0	0	unmatched_91.88
152	6223.675	2835.490	21.2852875	-1.4130083	9.672	4.341	-54.294	0.5512	2.594282e+03	1.612125e+02	21.4650	0.0675	3.500	11.786	3.0998	27.0819	16.092	1.749554e+02	3.944854e+02	4.749580e+02	1.173031e+03	0.438	2.993	3.243	23.7301	25.0321	0.523	B	0	0	unmatched_224.89
153	3244.256	2842.290	21.5030165	-1.4125122	18.433	7.662	-45.899	0.5843	5.146854e+03	3.229589e+02	20.7211	0.0681	3.500	21.528	5.6619	27.3987	15.937	4.542683e+02	6.497631e+02	9.357182e+02	1.825670e+03	0.585	4.108	3.810	22.9919	24.8997	0.520	B	0	0	unmatched_213.07
154	1415.206	2861.558	21.6366780	-1.4110949	6.583	2.886	-41.969	0.5615	1.154236e+03	1.126459e+02	22.3443	0.1060	3.500	13.149	3.4582	27.6841	10.247	1.691322e+02	2.572939e+02	6.463636e+02	8.006287e+02	0.360	4.373	3.620	24.1032	25.8346	0.384	C	0	0	unmatched_93.54
155	6509.187	2879.833	21.2644232	-1.4097676	15.722	9.640	-6.674	0.3869	6.886377e+03	3.061079e+02	20.4050	0.0483	3.500	12.192	3.2064	25.7789	22.497	1.580242e+02	1.307095e+03	1.875598e+03	2.944988e+03	0.417	4.186	5.151	22.1861	23.7792	0.582	B	0	0	unmatched_300.18
156	3894.920	2875.855	21.4554675	-1.4100617	16.892	9.724	-39.151	0.4244	9.485195e+03	3.554460e+02	20.0574	0.0407	3.500	13.303	3.4986	25.7450	26.685	4.957889e+02	1.487549e+03	2.588659e+03	3.661514e+03	0.626	13.126	3.953	21.4067	24.8957	0.611	B	0	0	unmatched_132.66
157	3411.403	2898.185	21.4908017	-1.4084292	7.514	3.741	-89.921	0.5022	3.190274e+03	1.402352e+02	21.2404	0.0477	3.500	17.030	4.4788	26.8159	22.749	5.230217e+02	9.452074e+02	1.668222e+03	3.062488e+03	2.190	41.816	4.698	20.7880	26.5802	0.607	B	0	0	unmatched_213.75
158	945.601	2970.885	21.6709941	-1.4031043	9.537	5.363	75.073	0.4377	4.360245e+03	1.842459e+02	20.9012	0.0459	3.500	11.022	2.8987	26.0034	23.665	5.127037e+02	9.978134e+02	1.412377e+03	2.505476e+03	0.667	5.548	4.190	22.5966	24.8309	0.629	B	0	0	unmatched_188.94
159	2220.964	2974.626	21.5777952	-1.4028399	14.023	10.222	60.955	0.2710	5.712293e+03	2.860684e+02	20.6080	0.0544	3.500	13.522	3.5563	26.4289	19.968	2.584384e+02	7.737956e+02	1.469267e+03	2.132364e+03	0.509	12.454	4.497	22.1647	26.0044	0.700	A	0	1	matched_0.25
160	1334.966	2997.848	21.6425407	-1.4011376	12.315	10.449	64.880	0.1516	7.013161e+04	2.941636e+02	17.8852	0.0046	3.500	20.837	5.4800	28.0205	238.410	2.766285e+02	3.673504e+02	5.390986e+02	1.241066e+03	0.405	3.275	3.379	23.7240	25.2987	0.545	B	0	0	unmatched_133.97
161	5680.544	3003.515	21.3249786	-1.4007347	11.594	4.269	54.836	0.6318	1.116454e+03	1.772827e+02	22.3804	0.1724	3.500	10.262	2.6989	27.0982	6.298	4.419480e+01	3.130647e+02	5.509156e+02	9.574865e+02	0.360	16.282	3.503	23.0569	27.0575	0.400	C	0	0	unmatched_133.68
162	6594.699	3016.324	21.2581748	-1.3997958	9.597	3.539	-48.934	0.6312	3.317447e+03	1.729667e+02	21.1980	0.0566	4.054	9.712	2.5543	26.5419	19.180	3.779982e+02	5.066596e+02	8.195723e+02	1.445858e+03	NaN	NaN	NaN	NaN	NaN	0.514	B	0	0	unmatched_332.70
163	898.232	3004.954	21.6744553	-1.4006150	7.991	4.881	11.398	0.3892	6.907218e+03	1.628365e+02	20.4017	0.0256	3.500	16.110	4.2369	27.0575	42.418	3.957331e+02	6.086432e+02	1.109290e+03	3.917338e+03	0.424	3.983	4.680	23.2991	25.1373	0.585	B	0	0	unmatched_204.26
164	873.541	3009.166	21.6762596	-1.4003071	14.204	5.554	63.798	0.6090	1.299751e+04	2.479464e+02	19.7153	0.0207	3.755	24.186	6.3610	27.2360	52.421	5.894481e+02	1.031412e+03	1.323284e+03	2.882800e+03	0.639	4.956	7.887	22.6096	24.7219	0.532	B	0	0	unmatched_210.03
165	502.706	3043.674	21.7033583	-1.3977828	12.985	4.629	-17.259	0.6435	6.521644e+02	1.954249e+02	22.9641	0.3253	3.500	15.834	4.1644	28.1373	3.337	7.363868e+01	2.680071e+02	4.068949e+02	5.980824e+02	0.360	16.265	3.160	23.1865	27.2182	0.275	D	0	0	unmatched_296.96
166	3094.857	3086.465	21.5139333	-1.3946734	17.934	6.255	-5.309	0.6512	3.315843e+03	2.898667e+02	21.1985	0.0949	3.500	17.997	4.7333	27.3141	11.439	3.591892e+01	1.920644e+02	9.879728e+02	1.432060e+03	0.360	22.109	4.271	22.8405	27.2185	0.425	C	0	0	unmatched_137.80
167	1434.179	3090.852	21.6352899	-1.3943440	15.925	5.130	-72.034	0.6778	6.189575e+04	2.840707e+02	18.0208	0.0050	4.185	15.830	4.1634	27.3406	217.889	4.451217e+01	2.589131e+02	7.223683e+02	1.081904e+03	0.360	16.612	4.234	23.1480	27.1156	0.474	C	0	0	unmatched_152.06
168	1484.470	3106.886	21.6316147	-1.3931729	13.897	4.657	36.694	0.6649	2.903834e+03	2.035734e+02	21.3426	0.0761	3.500	12.342	3.2460	26.1163	14.264	5.497289e+02	9.483526e+02	1.533043e+03	2.285612e+03	NaN	NaN	NaN	NaN	NaN	0.466	C	0	0	unmatched_155.29
169	2180.263	3112.315	21.5807687	-1.3927808	9.573	5.045	-85.847	0.4730	9.863634e+02	1.668351e+02	22.5149	0.1836	3.500	9.937	2.6134	27.5678	5.912	3.788604e+01	2.034105e+02	4.224669e+02	5.624615e+02	0.360	13.375	2.887	23.5730	27.0740	0.382	C	0	0	unmatched_37.58
170	747.049	3115.214	21.6855021	-1.3925587	14.826	10.458	68.104	0.2946	6.040249e+03	3.264851e+02	20.5474	0.0587	3.500	18.864	4.9612	27.8446	18.501	4.818264e+01	2.048492e+02	6.484812e+02	1.137341e+03	2.580	16.632	3.258	22.9277	27.7769	0.526	B	0	0	unmatched_236.11
171	1756.025	3119.600	21.6117704	-1.3922460	9.241	6.476	-9.562	0.2992	3.217377e+03	1.942688e+02	21.2312	0.0656	3.500	11.045	2.9048	25.9712	16.561	5.359710e+02	9.864465e+02	1.960430e+03	2.091826e+03	0.360	12.144	3.486	21.8821	25.0766	0.594	B	0	0	unmatched_128.14
172	6596.430	3174.612	21.2580491	-1.3882320	12.674	5.093	51.893	0.5982	5.505192e+03	2.285305e+02	20.6481	0.0451	3.815	22.459	5.9066	27.9340	24.090	4.318458e+01	1.363391e+02	6.802516e+02	1.609425e+03	NaN	NaN	NaN	NaN	NaN	0.384	C	0	0	unmatched_349.87
173	3008.213	3186.887	21.5202647	-1.3873367	9.186	4.458	-53.329	0.5147	2.279340e+03	1.799425e+02	21.6055	0.0857	3.500	11.053	2.9070	26.8224	12.667	2.699962e+02	4.562210e+02	7.897895e+02	1.093398e+03	0.806	3.804	3.948	23.5396	25.0593	0.545	B	0	0	unmatched_103.75
174	6634.897	3210.620	21.2552382	-1.3856013	8.088	4.785	-27.950	0.4084	3.658174e+03	1.709228e+02	21.0918	0.0507	3.549	10.390	2.7325	27.0261	21.402	1.741914e+02	3.531755e+02	6.480665e+02	2.731947e+03	0.360	2.786	6.071	24.3661	25.3897	0.534	B	0	0	unmatched_363.19
175	1104.944	3220.483	21.6593479	-1.3848713	7.742	3.026	-73.257	0.6091	1.238474e+03	1.286895e+02	22.2678	0.1128	3.500	16.848	4.4309	28.0801	9.624	1.402809e+02	2.639424e+02	5.098915e+02	6.108948e+02	0.568	3.575	8.516	24.3030	25.6040	0.327	C	0	0	unmatched_156.16
176	3627.519	3218.708	21.4750077	-1.3850139	12.675	4.617	-4.483	0.6357	7.224484e+03	2.211935e+02	20.3530	0.0332	3.772	25.077	6.5953	28.2557	32.661	3.595512e+01	3.047754e+02	5.219703e+02	1.659745e+03	NaN	NaN	NaN	NaN	NaN	0.340	C	0	0	unmatched_225.37
177	540.933	3207.726	21.7005633	-1.3857985	13.754	8.394	-83.469	0.3897	1.139181e+04	2.970725e+02	19.8585	0.0283	3.670	17.286	4.5462	26.8190	38.347	2.314442e+02	6.872237e+02	1.399946e+03	2.337817e+03	NaN	NaN	NaN	NaN	NaN	0.571	B	0	0	unmatched_263.88
178	6827.338	3244.806	21.2411754	-1.3831029	10.233	6.831	-57.497	0.3324	7.575841e+02	1.821471e+02	22.8014	0.2610	3.500	10.002	2.6305	27.4217	4.159	2.699451e+01	2.333591e+02	4.791826e+02	4.125494e+02	0.360	14.022	3.461	23.1502	27.1791	0.410	C	16	0	unmatched_412.53
179	3346.129	3239.860	21.4955707	-1.3834679	10.484	3.399	70.851	0.6758	2.157043e+03	1.601611e+02	21.6654	0.0806	3.500	21.175	5.5691	28.1892	13.468	7.157731e+01	3.049182e+02	4.908964e+02	1.431905e+03	0.460	5.495	3.431	23.7672	25.6175	0.381	C	0	0	unmatched_156.34
180	671.459	3261.143	21.6910246	-1.3818972	10.516	4.571	86.192	0.5653	9.311187e+03	2.327484e+02	20.0775	0.0271	4.556	13.778	3.6236	27.3858	40.005	3.718866e+01	3.409102e+02	6.128689e+02	1.113317e+03	NaN	NaN	NaN	NaN	NaN	0.437	C	0	0	unmatched_227.42
181	2261.141	3262.245	21.5748577	-1.3818280	9.979	7.773	-44.528	0.2211	3.027895e+03	2.149386e+02	21.2971	0.0771	3.500	12.984	3.4148	27.6949	14.087	3.067353e+01	2.017686e+02	5.006135e+02	9.659954e+02	0.360	34.535	2.739	22.8572	27.4229	0.493	C	0	0	unmatched_76.14
182	5726.510	3271.233	21.3216202	-1.3811764	9.356	5.710	-16.601	0.3897	3.928557e+03	1.873567e+02	21.0144	0.0518	3.500	9.785	2.5734	26.1846	20.968	2.719328e+02	7.159453e+02	1.117197e+03	2.637015e+03	0.360	38.152	4.808	21.1942	26.2950	0.608	B	0	0	unmatched_165.66
183	6389.369	3244.809	21.2731806	-1.3831047	10.834	4.185	75.122	0.6137	5.030998e+03	1.629877e+02	20.7459	0.0352	3.500	10.732	2.8224	25.3822	30.867	1.013809e+03	1.723064e+03	1.920876e+03	4.622261e+03	0.645	5.018	4.948	21.9261	24.1670	0.510	B	0	0	unmatched_312.35
184	6397.923	3271.988	21.2725557	-1.3811190	10.239	4.040	-22.132	0.6054	4.003509e+03	1.554145e+02	20.9939	0.0421	3.500	14.853	3.9063	26.2450	25.760	9.464854e+02	1.448597e+03	1.661378e+03	3.842341e+03	0.542	4.774	4.371	22.1597	24.0742	0.630	B	0	0	unmatched_318.28
185	2421.875	3278.829	21.5631117	-1.3806173	9.221	5.945	76.120	0.3552	2.973702e+03	2.141565e+02	21.3168	0.0782	3.500	9.768	2.5690	26.3400	13.886	2.731664e+02	6.166342e+02	9.752134e+02	1.502274e+03	NaN	NaN	NaN	NaN	NaN	0.562	B	0	0	unmatched_48.45
186	957.871	3269.771	21.6700950	-1.3812694	5.825	3.001	-37.124	0.4848	4.719664e+03	1.100784e+02	20.8152	0.0253	3.500	10.843	2.8518	25.4095	42.875	7.558765e+02	1.597055e+03	4.179885e+03	4.832523e+03	0.360	12.688	4.438	20.9577	24.5962	0.504	B	0	0	unmatched_168.29
187	2370.345	3288.094	21.5668773	-1.3799402	13.241	5.826	-56.583	0.5600	3.314555e+03	2.430584e+02	21.1989	0.0796	3.500	13.412	3.5274	26.8571	13.637	1.677889e+01	3.623852e+02	9.152663e+02	1.425817e+03	0.360	12.865	3.792	22.8477	26.5987	0.505	B	0	0	unmatched_59.33
188	2438.285	3308.943	21.5619124	-1.3784174	10.949	7.201	-37.489	0.3423	2.780175e+03	2.561188e+02	21.3898	0.1000	3.500	18.555	4.8799	27.6074	10.855	6.532006e+01	2.994749e+02	7.250033e+02	1.530411e+03	NaN	NaN	NaN	NaN	NaN	0.399	C	0	0	unmatched_40.80
189	3032.163	3323.723	21.5185140	-1.3773402	8.531	3.235	17.484	0.6208	1.425610e+03	1.412341e+02	22.1150	0.1076	3.500	13.670	3.5951	27.8659	10.094	1.188211e+02	2.792636e+02	3.573905e+02	9.476318e+02	0.360	2.761	3.973	24.2938	25.3359	0.347	C	0	0	unmatched_77.36
190	2225.843	3313.651	21.5774368	-1.3780724	10.938	5.898	73.668	0.4607	1.654067e+03	1.918162e+02	21.9536	0.1259	3.500	14.857	3.9075	27.8969	8.623	4.691531e+01	2.121990e+02	4.370822e+02	7.568896e+02	0.360	3.853	2.868	24.3612	25.9461	0.381	C	0	0	unmatched_88.95
191	171.864	3288.220	21.7275320	-1.3799144	11.918	5.269	75.971	0.5579	4.173489e+03	2.012842e+02	20.9488	0.0524	3.500	10.857	2.8554	26.3991	20.734	4.109287e+02	6.783906e+02	9.466466e+02	1.402881e+03	0.907	4.109	6.103	23.0497	24.9513	0.618	B	0	0	unmatched_341.99
192	505.967	3337.733	21.7031171	-1.3763005	11.777	4.974	-24.388	0.5777	2.981983e+03	1.873229e+02	21.3137	0.0682	3.500	12.822	3.3723	26.8484	15.919	3.282372e+02	5.992661e+02	7.483587e+02	1.421221e+03	0.482	4.841	4.826	23.2841	25.4616	0.544	B	0	0	unmatched_255.75
193	417.683	3290.160	21.7095690	-1.3797751	21.022	11.600	86.754	0.4482	2.425994e+04	3.989953e+02	19.0378	0.0179	3.500	16.434	4.3222	24.9632	60.803	1.248847e+03	3.438152e+03	7.215779e+03	1.076715e+04	1.048	16.076	5.069	20.0054	24.7734	0.513	B	0	0	unmatched_282.07
194	194.264	3379.531	21.7258943	-1.3732440	12.437	4.843	56.141	0.6106	2.659568e+03	1.900643e+02	21.4380	0.0776	3.500	17.142	4.5083	27.4153	13.993	1.200740e+02	3.557399e+02	8.072187e+02	1.404274e+03	0.400	15.041	4.109	22.9522	26.5676	0.452	C	0	0	unmatched_328.75
195	2575.747	3377.615	21.5518669	-1.3734013	10.733	7.257	30.278	0.3239	5.177450e+03	2.514533e+02	20.7147	0.0527	3.500	10.459	2.7508	25.4313	20.590	5.288759e+02	1.508737e+03	2.843092e+03	3.299104e+03	0.689	13.144	3.594	21.2396	25.3480	0.591	B	0	1	matched_0.44
196	557.200	3372.177	21.6993730	-1.3737847	16.344	5.937	-45.916	0.6368	6.755831e+03	2.378630e+02	20.4258	0.0382	3.500	9.614	2.5286	24.8372	28.402	1.119838e+03	2.411226e+03	3.493547e+03	4.021392e+03	0.667	8.206	7.092	21.3542	24.2360	0.417	C	0	0	unmatched_239.75
197	5104.865	3372.344	21.3670480	-1.3737908	12.870	10.748	73.830	0.1649	9.540894e+03	2.962918e+02	20.0510	0.0337	3.500	11.354	2.9860	24.6507	32.201	1.308603e+03	3.363748e+03	6.014397e+03	7.770654e+03	0.995	13.713	2.857	20.2707	24.6082	0.544	B	0	1	matched_0.42
198	283.223	3401.211	21.7193934	-1.3716610	9.195	6.013	59.682	0.3461	3.206361e+03	1.818713e+02	21.2350	0.0616	3.500	10.312	2.7120	27.0794	17.630	1.121369e+02	3.182119e+02	6.017877e+02	1.044070e+03	0.360	10.688	3.324	23.5962	26.5547	0.550	B	0	0	unmatched_304.71
199	2829.822	3398.411	21.5333000	-1.3718830	10.829	6.185	72.800	0.4289	3.478182e+03	2.088791e+02	21.1466	0.0652	3.500	14.564	3.8304	27.1657	16.652	1.603008e+02	4.612987e+02	8.486885e+02	1.643603e+03	1.169	5.752	2.984	23.1990	25.8052	0.574	B	0	0	unmatched_37.37
200	1010.101	3416.229	21.6662770	-1.3705704	7.912	2.994	51.197	0.6215	2.695685e+03	1.192574e+02	21.4233	0.0480	3.500	12.038	3.1661	27.4137	22.604	8.115829e+01	3.062449e+02	3.566069e+02	3.060961e+03	0.360	8.169	7.765	24.0690	26.2569	0.431	C	0	0	unmatched_131.61
201	2149.626	3424.076	21.5830058	-1.3700049	12.713	5.580	73.978	0.5611	1.703936e+03	1.986387e+02	21.9214	0.1266	3.500	22.009	5.7883	27.9960	8.578	3.628917e+01	2.122670e+02	5.954728e+02	1.369283e+03	0.360	37.082	2.772	22.4210	27.1814	0.371	C	0	0	unmatched_113.17
202	663.243	3440.745	21.6916234	-1.3687764	10.365	4.131	84.330	0.6014	2.961719e+03	1.790911e+02	21.3211	0.0657	3.927	18.461	4.8553	28.2806	16.537	2.754451e+01	2.013025e+02	3.924645e+02	1.715433e+03	0.360	43.170	3.276	21.6045	26.9622	0.373	C	0	0	unmatched_207.01
203	6536.228	3451.310	21.2624496	-1.3680181	12.986	4.907	-35.089	0.6221	3.374984e+03	1.967497e+02	21.1793	0.0633	3.500	13.626	3.5836	27.1973	17.154	2.142043e+02	4.343695e+02	7.849933e+02	1.049488e+03	NaN	NaN	NaN	NaN	NaN	0.423	C	0	0	unmatched_375.61
204	5778.169	3460.975	21.3178456	-1.3673146	13.139	7.089	72.732	0.4604	1.069479e+04	2.659561e+02	19.9271	0.0270	4.126	15.368	4.0417	27.5753	40.213	4.244862e+01	3.381653e+02	6.055958e+02	9.646162e+02	0.360	3.510	4.816	23.7066	25.0589	0.486	C	0	0	unmatched_178.51
205	2242.351	3442.628	21.5762297	-1.3686500	13.387	4.742	-49.126	0.6458	3.359140e+03	1.943308e+02	21.1844	0.0628	3.500	23.520	6.1857	27.4171	17.286	4.644894e+02	7.108663e+02	1.013079e+03	2.596008e+03	0.695	4.423	3.701	22.9437	24.8896	0.522	B	0	0	unmatched_89.77
206	2252.833	3466.376	21.5754636	-1.3669152	10.618	5.065	-89.272	0.5230	5.536899e+03	1.806772e+02	20.6418	0.0354	3.500	13.839	3.6395	26.1426	30.645	8.192622e+02	1.320791e+03	1.674173e+03	3.089131e+03	0.727	4.416	3.575	22.2119	24.3619	0.641	B	0	0	unmatched_88.51
207	43.871	3464.284	21.7368832	-1.3670509	7.876	3.570	69.699	0.5468	1.556384e+03	1.290728e+02	22.0197	0.0900	3.500	11.025	2.8995	26.6970	12.058	2.703960e+02	4.984630e+02	8.311903e+02	1.160967e+03	0.360	7.692	7.961	23.2335	25.6289	0.466	C	0	0	unmatched_361.66
208	146.561	3498.525	21.7293789	-1.3645505	12.599	4.111	10.286	0.6737	3.963305e+03	1.777760e+02	21.0049	0.0487	3.500	22.615	5.9478	28.0971	22.294	2.469778e+02	4.222217e+02	5.824864e+02	1.378136e+03	0.889	4.370	6.018	23.4792	25.5729	0.432	C	0	0	unmatched_333.41
209	5681.727	3490.956	21.3248933	-1.3651245	18.605	8.633	33.209	0.5360	1.262388e+04	3.267463e+02	19.7470	0.0281	3.776	24.683	6.4915	27.4978	38.635	3.182631e+01	1.913597e+02	1.149958e+03	2.019490e+03	0.360	17.928	8.070	22.7859	26.1169	0.475	C	0	0	unmatched_154.76
210	5649.712	3541.567	21.3272330	-1.3614272	10.040	3.998	12.664	0.6018	2.301393e+03	1.629010e+02	21.5950	0.0769	3.710	10.683	2.8095	27.2011	14.128	6.304054e+01	2.885643e+02	3.461962e+02	9.933768e+02	0.360	11.266	3.405	23.7936	27.0148	0.456	C	0	0	unmatched_149.88
211	663.461	3537.462	21.6916065	-1.3617108	11.319	7.276	80.733	0.3572	4.413262e+03	2.209184e+02	20.8881	0.0543	3.500	11.600	3.0507	26.4805	19.977	3.655038e+02	7.043210e+02	1.011781e+03	1.803407e+03	1.001	4.207	3.134	22.8550	24.9191	0.683	B	0	0	unmatched_198.66
212	1721.812	3448.404	21.6142684	-1.3682250	33.425	18.763	-55.018	0.4387	7.921815e+05	9.400254e+02	15.2529	0.0013	5.555	35.280	9.2787	27.1831	842.724	3.176751e+02	6.246899e+02	1.452017e+03	4.327525e+03	NaN	NaN	NaN	NaN	NaN	0.572	B	0	0	unmatched_116.13
213	2832.116	3539.935	21.5331318	-1.3615440	23.400	13.855	-61.228	0.4079	7.807528e+04	4.669344e+02	17.7687	0.0065	3.500	20.714	5.4477	25.1229	167.208	8.560641e+02	2.936640e+03	7.984435e+03	1.394605e+04	0.678	22.161	7.709	19.6759	25.0169	0.527	B	0	1	matched_0.34
214	5007.246	3584.916	21.3741819	-1.3582613	11.423	6.319	-9.878	0.4469	5.478403e+03	2.660653e+02	20.6534	0.0527	4.312	17.896	4.7065	28.0182	20.590	7.103020e+01	2.561767e+02	5.016979e+02	8.834989e+02	NaN	NaN	NaN	NaN	NaN	0.395	C	0	0	unmatched_61.16
215	150.336	3589.096	21.7291021	-1.3579339	10.227	4.924	50.360	0.5185	1.633774e+03	1.763006e+02	21.9670	0.1172	3.500	9.805	2.5787	26.5904	9.267	2.033714e+02	4.911595e+02	7.798420e+02	1.066175e+03	0.731	6.358	2.872	23.0387	25.5939	0.553	B	0	0	unmatched_328.70
216	4469.329	3601.485	21.4134908	-1.3570509	7.103	3.287	-78.852	0.5373	3.102194e+03	1.259362e+02	21.2708	0.0441	3.500	10.238	2.6926	26.7376	24.633	2.907968e+02	4.532747e+02	8.343088e+02	4.337298e+03	0.360	4.171	8.160	23.6368	25.4050	0.518	B	0	0	unmatched_35.15
217	1195.106	3622.826	21.6527562	-1.3554789	7.424	3.592	56.194	0.5162	1.229114e+04	1.910666e+02	19.7760	0.0169	4.982	19.833	5.2161	27.8047	64.329	1.929488e+02	2.930240e+02	6.732326e+02	5.780719e+03	NaN	NaN	NaN	NaN	NaN	0.413	C	0	0	unmatched_60.13
218	342.840	3621.633	21.7150348	-1.3555588	8.427	4.253	84.163	0.4953	2.136335e+03	1.530725e+02	21.6758	0.0778	3.627	10.606	2.7893	26.8555	13.956	8.563522e+01	4.173764e+02	7.785227e+02	8.845084e+02	0.520	2.871	4.234	23.8469	24.9407	0.551	B	0	0	unmatched_277.42
219	6685.757	3627.842	21.2515235	-1.3551209	13.180	4.717	19.159	0.6421	2.532208e+03	2.260771e+02	21.4913	0.0969	3.500	12.939	3.4030	27.1671	11.201	9.579224e+01	2.739977e+02	6.302830e+02	1.024895e+03	0.360	13.478	8.229	23.1794	26.8072	0.387	C	0	0	unmatched_421.06
220	236.460	3623.350	21.7228083	-1.3554324	10.472	5.362	65.890	0.4880	4.988681e+03	1.853374e+02	20.7550	0.0403	3.500	16.520	4.3447	26.4230	26.917	3.051052e+02	5.738287e+02	2.652986e+03	3.352884e+03	NaN	NaN	NaN	NaN	NaN	0.598	B	0	0	unmatched_305.19
221	5900.389	3637.489	21.3089147	-1.3544189	12.927	4.211	56.417	0.6743	2.092132e+03	1.759193e+02	21.6985	0.0913	3.500	10.800	2.8405	26.5225	11.893	3.455121e+02	5.850419e+02	8.260882e+02	1.263914e+03	1.408	5.353	3.724	22.9520	25.4187	0.541	B	0	0	unmatched_220.36
222	1099.218	3623.169	21.6597631	-1.3554531	8.603	6.100	-61.166	0.2909	3.423292e+03	1.814910e+02	21.1639	0.0576	3.500	10.941	2.8775	26.4337	18.862	4.621997e+02	6.814973e+02	1.092637e+03	2.383565e+03	NaN	NaN	NaN	NaN	NaN	0.616	B	0	0	unmatched_82.73
223	1118.303	3640.623	21.6583684	-1.3541782	11.219	7.757	-70.493	0.3086	8.539882e+03	2.387304e+02	20.1714	0.0304	3.532	19.760	5.1968	27.1872	35.772	2.313356e+02	6.027045e+02	1.144848e+03	2.329552e+03	0.360	19.727	7.898	22.4100	26.6644	0.546	B	0	0	unmatched_76.39
224	6408.237	3694.393	21.2718037	-1.3502601	10.405	9.233	-38.161	0.1126	4.172027e+03	2.328293e+02	20.9491	0.0606	3.500	10.411	2.7382	27.2406	17.919	7.300586e+01	2.746102e+02	6.038751e+02	9.894574e+02	NaN	NaN	NaN	NaN	NaN	0.540	B	0	0	unmatched_347.26
225	6496.539	3702.278	21.2653510	-1.3496837	10.737	7.847	72.471	0.2692	4.867567e+03	2.596134e+02	20.7817	0.0579	4.109	10.681	2.8091	26.9638	18.749	2.135411e+02	3.922246e+02	7.232554e+02	1.088433e+03	NaN	NaN	NaN	NaN	NaN	0.547	B	0	0	unmatched_369.81
226	172.135	3720.155	21.7275078	-1.3483597	9.700	3.162	53.438	0.6740	1.668855e+03	1.388547e+02	21.9440	0.0903	3.500	13.348	3.5107	26.8145	12.019	4.901294e+02	6.265811e+02	1.329542e+03	1.622755e+03	NaN	NaN	NaN	NaN	NaN	0.416	C	0	0	unmatched_320.58
227	1526.424	3744.478	21.6285443	-1.3465940	13.342	5.587	-47.667	0.5812	1.049389e+03	1.986255e+02	22.4477	0.2055	3.500	11.471	3.0169	27.3000	5.283	2.464012e+01	2.211908e+02	5.230535e+02	6.880167e+02	0.360	12.062	2.495	23.2966	26.7064	0.394	C	0	0	unmatched_35.65
228	1016.337	3755.603	21.6658185	-1.3457776	10.205	5.377	-15.119	0.4731	2.007559e+03	1.847028e+02	21.7433	0.0999	3.500	13.917	3.6603	27.4663	10.869	1.758285e+01	1.960110e+02	4.849719e+02	9.869889e+02	0.360	14.886	2.972	23.4359	27.3579	0.442	C	0	0	unmatched_98.59
229	1390.180	3740.925	21.6385003	-1.3468527	13.183	13.027	-0.869	0.0118	1.163113e+04	3.138579e+02	19.8359	0.0293	3.500	12.738	3.3502	24.6887	37.059	1.354712e+03	3.609004e+03	6.823951e+03	9.413204e+03	1.085	13.574	2.666	20.0578	24.7065	0.587	B	0	1	matched_0.20
230	4367.915	3687.844	21.4209016	-1.3507419	35.674	20.101	-62.741	0.4365	1.146617e+05	7.203795e+02	17.3515	0.0068	3.500	30.337	7.9787	26.1806	159.168	7.279843e+02	1.917460e+03	4.004036e+03	8.729238e+03	NaN	NaN	NaN	NaN	NaN	0.646	B	0	1	matched_0.27
231	4382.697	3710.174	21.4198214	-1.3491106	17.714	6.866	14.171	0.6124	1.904269e+04	2.895622e+02	19.3007	0.0165	3.500	28.074	7.3836	26.3471	65.764	1.266140e+03	1.992723e+03	3.033982e+03	8.008242e+03	NaN	NaN	NaN	NaN	NaN	0.617	B	0	0	unmatched_6.79
232	4329.807	3667.279	21.4236864	-1.3522443	11.585	7.537	-41.357	0.3494	1.520738e+04	2.519185e+02	19.5449	0.0180	3.500	12.169	3.2004	25.3707	60.366	1.100452e+03	2.047790e+03	2.863622e+03	5.727266e+03	0.710	6.804	6.038	21.7111	24.0952	0.559	B	0	0	unmatched_11.57
233	1206.227	3784.083	21.6519422	-1.3436984	7.611	3.416	-22.231	0.5512	9.379363e+02	1.303172e+02	22.5696	0.1509	3.500	9.723	2.5570	27.1705	7.197	1.040650e+02	2.901908e+02	4.015844e+02	1.040071e+03	0.783	12.859	3.513	23.6081	26.6412	0.456	C	0	0	unmatched_49.89
234	4415.241	3771.718	21.4174432	-1.3446145	14.783	6.541	16.791	0.5575	9.395105e+03	2.551937e+02	20.0677	0.0295	3.500	24.070	6.3304	27.2837	36.816	4.454289e+02	8.042876e+02	1.411113e+03	2.816838e+03	0.640	5.045	4.551	22.8874	25.1189	0.570	B	0	0	unmatched_25.07
235	1685.540	3806.358	21.6169166	-1.3420744	8.722	5.159	5.096	0.4085	1.938342e+03	1.583786e+02	21.7814	0.0887	3.500	9.589	2.5220	27.2588	12.239	9.018923e+01	2.683249e+02	4.359607e+02	7.622008e+02	0.964	3.735	2.989	24.2052	25.9104	0.519	B	0	0	unmatched_79.37
236	6745.956	3807.329	21.2471253	-1.3420081	8.406	7.803	72.620	0.0718	4.496881e+03	2.304072e+02	20.8677	0.0556	3.500	10.183	2.6781	26.6214	19.517	9.067188e+01	4.901261e+02	9.031219e+02	1.087777e+03	0.360	10.471	4.711	23.0670	26.1158	0.662	B	0	0	unmatched_431.81
237	6685.931	3875.138	21.2515119	-1.3370546	11.664	5.408	-17.972	0.5363	2.918447e+03	2.290608e+02	21.3371	0.0852	3.500	13.993	3.6802	27.2585	12.741	1.034096e+02	4.436544e+02	7.651245e+02	1.327153e+03	0.360	9.592	4.254	23.5097	26.6799	0.454	C	0	0	unmatched_415.11
238	4393.941	3895.724	21.4189996	-1.3355552	15.610	9.616	42.646	0.3840	1.882988e+04	3.223977e+02	19.3129	0.0186	3.500	28.705	7.5495	27.7230	58.406	5.596360e+01	6.130925e+02	1.153375e+03	1.981838e+03	0.360	5.786	3.697	22.7385	24.7434	0.537	B	0	0	unmatched_54.83
239	5539.520	3892.431	21.3352861	-1.3357949	11.254	4.818	24.472	0.5719	3.496845e+03	1.867990e+02	21.1408	0.0580	3.500	12.119	3.1873	26.4398	18.720	4.847538e+02	7.995084e+02	1.368795e+03	1.990498e+03	1.262	8.653	3.031	22.2784	25.5196	0.635	B	0	0	unmatched_113.74
240	5688.835	3901.296	21.3243749	-1.3351469	12.542	4.508	-70.998	0.6405	3.138033e+03	1.834810e+02	21.2584	0.0635	3.500	20.326	5.3458	27.4975	17.103	1.851363e+02	3.565175e+02	8.720608e+02	2.036815e+03	NaN	NaN	NaN	NaN	NaN	0.400	C	0	0	unmatched_152.79
241	449.093	3931.373	21.7072675	-1.3329320	11.914	7.124	-37.237	0.4021	1.641738e+03	2.363929e+02	21.9617	0.1563	3.500	11.406	2.9998	27.4587	6.945	1.278214e+01	2.120798e+02	5.629506e+02	6.970620e+02	0.360	18.139	4.117	22.8849	27.7148	0.410	C	0	0	unmatched_252.72
242	5108.414	3925.623	21.3667893	-1.3333707	9.248	8.526	-4.602	0.0781	3.693600e+03	2.279917e+02	21.0814	0.0670	3.500	10.598	2.7872	25.6805	16.201	3.872657e+02	1.221155e+03	2.308890e+03	3.285105e+03	0.673	11.015	3.270	21.4966	25.7023	0.648	B	0	1	matched_0.27
243	6430.194	3986.550	21.2702004	-1.3289164	4.556	3.056	77.807	0.3292	9.459015e+03	1.188056e+02	20.0604	0.0136	4.287	10.306	2.7104	26.0788	79.618	5.372056e+02	8.296902e+02	7.477408e+03	9.559813e+03	NaN	NaN	NaN	NaN	NaN	0.589	B	0	0	unmatched_347.98
244	761.313	4001.369	21.6844520	-1.3278211	14.122	4.513	24.164	0.6804	1.790576e+03	2.085885e+02	21.8675	0.1265	3.500	11.754	3.0913	26.5137	8.584	6.417909e+01	5.249438e+02	1.144367e+03	1.512911e+03	0.360	6.053	3.469	22.7483	24.7109	0.480	C	0	0	unmatched_171.80
245	4153.844	4016.609	21.4365447	-1.3267237	9.622	6.670	-43.025	0.3068	6.280725e+03	2.143995e+02	20.5050	0.0371	3.500	17.542	4.6135	27.4071	29.294	9.126914e+01	3.368922e+02	7.536690e+02	2.106373e+03	NaN	NaN	NaN	NaN	NaN	0.512	B	0	0	unmatched_52.99
246	404.818	4017.187	21.7105020	-1.3266625	12.827	7.470	-58.671	0.4176	3.507446e+03	2.515863e+02	21.1375	0.0779	3.500	16.329	4.2945	27.7447	13.941	2.573845e+01	1.845241e+02	6.238420e+02	1.038089e+03	0.360	52.560	3.225	22.3246	28.1251	0.449	C	0	0	unmatched_262.13
247	2119.068	4071.303	21.5852352	-1.3227215	8.264	3.390	6.364	0.5898	2.587204e+03	1.472432e+02	21.4679	0.0618	3.753	16.783	4.4139	28.0704	17.571	1.737980e+02	2.821369e+02	5.300715e+02	1.495234e+03	0.754	2.757	2.994	24.1012	25.3715	0.447	C	0	0	unmatched_195.39
248	1159.509	4090.520	21.6553536	-1.3213114	9.503	5.562	17.250	0.4147	2.260339e+03	1.881676e+02	21.6146	0.0904	3.500	11.468	3.0161	27.2749	12.012	1.419207e+02	3.411462e+02	7.221728e+02	1.057441e+03	0.465	3.843	4.158	23.9108	25.4938	0.498	C	0	0	unmatched_65.31
249	4857.555	4182.448	21.3851210	-1.3146085	11.761	8.388	-11.222	0.2868	2.681201e+04	2.685588e+02	18.9292	0.0109	3.500	16.421	4.3187	27.3103	99.837	-1.736016e+01	9.166436e+01	7.713925e+02	1.533071e+03	NaN	NaN	NaN	NaN	NaN	0.527	B	0	0	unmatched_60.71
250	1303.124	4185.339	21.6448584	-1.3143855	12.603	4.414	76.580	0.6497	2.058372e+03	1.842848e+02	21.7162	0.0972	3.500	18.587	4.8883	27.7428	11.170	4.688761e+01	2.468071e+02	6.253438e+02	1.369799e+03	0.871	17.891	3.247	23.1583	26.8381	0.427	C	0	0	unmatched_21.88
251	5617.115	4179.791	21.3296164	-1.3148016	12.888	4.341	-88.414	0.6632	2.119847e+03	1.864892e+02	21.6842	0.0955	3.500	22.134	5.8211	28.1226	11.367	6.817173e+01	2.440880e+02	5.345419e+02	1.266286e+03	0.360	14.463	3.015	23.5126	27.2276	0.353	C	0	0	unmatched_149.44
252	616.824	4146.884	21.6950088	-1.3171894	24.367	17.414	4.750	0.2853	3.608036e+05	5.330167e+02	16.1068	0.0016	3.500	26.624	7.0020	25.9561	676.909	8.441797e+02	2.592982e+03	5.052723e+03	8.633669e+03	1.640	16.197	8.599	20.3688	25.2293	0.659	B	0	0	unmatched_202.65
253	4023.671	4172.253	21.4460569	-1.3153529	22.025	17.122	-89.273	0.2226	5.988680e+04	6.075445e+02	18.0567	0.0110	3.500	22.662	5.9600	25.1911	98.572	9.193617e+02	2.957493e+03	8.039885e+03	1.550219e+04	0.812	23.711	7.026	19.4411	25.1357	0.587	B	0	1	matched_0.57
254	1386.695	4190.929	21.6387516	-1.3139777	15.580	12.772	8.843	0.1802	1.279573e+04	3.445367e+02	19.7323	0.0292	3.500	14.423	3.7933	25.1475	37.139	9.076638e+02	2.572098e+03	5.324722e+03	7.666393e+03	1.045	15.029	3.021	20.2695	25.1437	0.606	B	0	1	matched_0.38
255	1191.487	4229.610	21.6530158	-1.3111505	10.166	4.271	-62.941	0.5798	2.745481e+03	1.677548e+02	21.4035	0.0663	3.500	15.273	4.0169	26.5686	16.366	3.326620e+02	6.070100e+02	1.924891e+03	2.563287e+03	0.360	13.979	4.226	21.9980	25.1858	0.556	B	0	0	unmatched_52.10
256	4744.687	4258.885	21.3933688	-1.3090244	9.192	4.594	19.218	0.5002	3.554781e+04	2.240334e+02	18.6230	0.0068	4.425	24.372	6.4097	27.3332	158.672	5.776829e+02	8.760873e+02	1.222263e+03	8.171967e+03	NaN	NaN	NaN	NaN	NaN	0.498	C	0	0	unmatched_92.55
257	4785.380	4282.029	21.3903953	-1.3073336	12.116	5.708	-4.021	0.5288	4.278193e+04	2.917591e+02	18.4218	0.0074	4.494	13.961	3.6717	26.4174	146.634	7.139876e+02	9.737120e+02	1.587200e+03	3.005541e+03	NaN	NaN	NaN	NaN	NaN	0.579	B	0	0	unmatched_92.39
258	6736.306	4277.034	21.2478327	-1.3076938	11.001	9.706	-1.176	0.1177	1.558701e+04	2.971121e+02	19.5181	0.0207	3.500	11.571	3.0432	25.1852	52.462	7.226038e+02	2.091470e+03	4.008577e+03	5.263649e+03	0.816	12.716	3.637	20.8319	25.1593	0.609	B	0	0	unmatched_437.94
259	6148.232	4263.108	21.2908056	-1.3087134	16.542	5.565	-51.847	0.6636	7.507059e+04	2.446432e+02	17.8113	0.0035	3.557	29.619	7.7899	24.3165	306.858	5.359714e+03	9.199991e+03	1.214698e+04	6.612475e+04	NaN	NaN	NaN	NaN	NaN	0.332	C	0	0	unmatched_287.43
260	1820.646	4233.376	21.6070410	-1.3108795	20.613	7.488	-27.521	0.6367	5.765221e+03	2.999567e+02	20.5980	0.0565	3.500	25.307	6.6557	27.1278	19.220	4.753619e+02	1.086334e+03	1.723771e+03	3.222201e+03	1.109	15.358	3.336	21.6083	25.7868	0.581	B	0	0	unmatched_114.81
261	6480.265	4290.479	21.2665427	-1.3067127	13.223	4.354	-87.979	0.6707	2.777932e+03	1.896771e+02	21.3907	0.0741	3.500	22.911	6.0255	27.8886	14.646	4.469554e+01	3.163870e+02	6.035614e+02	1.622865e+03	NaN	NaN	NaN	NaN	NaN	0.326	C	0	0	unmatched_373.27
262	2242.419	4293.504	21.5762201	-1.3064892	7.342	5.929	31.518	0.1925	1.881758e+03	1.650902e+02	21.8136	0.0953	3.500	16.326	4.2938	27.0105	11.398	3.548683e+02	6.157124e+02	1.565363e+03	2.183797e+03	NaN	NaN	NaN	NaN	NaN	0.515	B	0	0	unmatched_205.95
263	4386.738	4284.954	21.4195258	-1.3071199	14.036	10.187	85.920	0.2743	4.059301e+03	3.160343e+02	20.9789	0.0845	3.500	11.545	3.0363	26.1590	12.844	5.547473e+02	8.856246e+02	1.279968e+03	1.944337e+03	NaN	NaN	NaN	NaN	NaN	0.555	B	0	0	unmatched_99.44
264	4395.097	4291.011	21.4189149	-1.3066773	17.808	7.310	64.074	0.5895	7.699715e+03	3.051661e+02	20.2838	0.0430	3.500	11.701	3.0774	26.2001	25.231	3.468278e+02	7.254472e+02	1.569793e+03	2.253783e+03	0.360	7.775	3.396	22.3183	25.1288	0.587	B	0	0	unmatched_102.02
265	6303.836	4361.797	21.2794354	-1.3015032	7.262	3.027	41.128	0.5831	1.945953e+03	1.205129e+02	21.7772	0.0672	3.500	12.426	3.2679	26.7077	16.147	4.308455e+02	5.512090e+02	1.380730e+03	1.656812e+03	NaN	NaN	NaN	NaN	NaN	0.486	C	0	0	unmatched_334.58
266	1165.880	4370.569	21.6548859	-1.3008526	14.133	6.572	63.456	0.5350	4.342798e+03	2.756172e+02	20.9056	0.0689	3.500	16.184	4.2563	27.2655	15.757	8.357501e+01	3.524766e+02	8.558097e+02	1.220873e+03	0.603	8.924	5.561	23.1898	26.0088	0.512	B	0	0	unmatched_74.51
267	5646.903	4419.724	21.3274403	-1.2972732	12.243	9.289	-63.035	0.2412	5.713177e+03	3.004377e+02	20.6078	0.0571	3.500	17.151	4.5107	27.0802	19.016	1.133564e+02	5.204523e+02	1.100596e+03	1.981506e+03	NaN	NaN	NaN	NaN	NaN	0.564	B	0	0	unmatched_192.03
268	6342.045	4456.663	21.2766436	-1.2945726	9.816	3.977	37.168	0.5949	1.490357e+03	1.748952e+02	22.0668	0.1274	3.500	9.901	2.6040	27.0412	8.521	7.249246e+01	3.315928e+02	4.540190e+02	8.071688e+02	0.360	11.835	3.955	23.5040	26.6788	0.426	C	0	0	unmatched_353.12
269	4905.786	4480.648	21.3815968	-1.2928233	6.605	3.011	0.600	0.5441	6.222492e+03	1.575380e+02	20.5151	0.0275	3.981	16.627	4.3730	26.6297	39.498	4.766671e+02	7.544407e+02	2.788150e+03	6.148156e+03	NaN	NaN	NaN	NaN	NaN	0.556	B	0	0	unmatched_135.24
270	4721.042	4510.118	21.3950967	-1.2906704	6.703	2.823	19.918	0.5788	3.016423e+03	1.390610e+02	21.3013	0.0501	3.500	12.434	3.2701	26.0218	21.691	9.154531e+02	1.077716e+03	2.622167e+03	2.532072e+03	NaN	NaN	NaN	NaN	NaN	0.525	B	0	0	unmatched_154.06
271	1324.525	4508.215	21.6432922	-1.2907980	8.329	7.157	28.135	0.1408	2.294541e+03	2.344523e+02	21.5983	0.1109	3.500	10.001	2.6304	27.2784	9.787	1.309897e+02	2.664875e+02	3.987685e+02	7.188867e+02	NaN	NaN	NaN	NaN	NaN	0.455	C	0	0	unmatched_84.66
272	392.800	4505.962	21.7113754	-1.2909553	10.632	6.501	-10.574	0.3885	2.853489e+03	2.596341e+02	21.3616	0.0988	3.500	10.166	2.6736	25.7050	10.990	6.606540e+02	1.163617e+03	1.863621e+03	2.399511e+03	1.369	11.107	4.583	21.5809	25.4286	0.530	B	0	0	unmatched_273.94
273	2637.251	4413.282	21.5473677	-1.2977407	13.414	10.804	-23.435	0.1945	1.857120e+05	3.545424e+02	16.8279	0.0021	3.500	21.145	5.5613	26.1462	523.808	1.022662e+03	1.707555e+03	3.107820e+03	6.718848e+03	NaN	NaN	NaN	NaN	NaN	0.670	B	0	0	unmatched_206.82
274	6393.655	4553.527	21.2728728	-1.2874959	11.370	5.744	-82.166	0.4948	2.032916e+03	2.261755e+02	21.7297	0.1208	3.500	9.678	2.5453	26.5056	8.988	1.464766e+02	5.240606e+02	8.997715e+02	9.626234e+02	0.789	5.204	4.366	23.2172	25.5017	0.550	B	0	0	unmatched_376.08
275	6278.160	4569.278	21.2813124	-1.2863457	15.777	8.502	54.334	0.4611	8.201275e+03	3.363927e+02	20.2153	0.0445	3.733	20.580	5.4125	27.0765	24.380	3.597845e+02	5.580655e+02	1.247683e+03	2.589616e+03	0.360	24.118	6.276	22.0358	25.8426	0.545	B	0	0	unmatched_351.01
276	4535.573	4555.266	21.4086497	-1.2873722	16.275	7.427	27.927	0.5436	5.759086e+04	3.578994e+02	18.0991	0.0067	3.500	13.186	3.4679	24.7477	160.914	1.467184e+03	3.475919e+03	6.767241e+03	8.823692e+03	0.431	12.004	6.601	20.4740	24.1394	0.422	C	0	0	unmatched_167.69
277	1810.050	4621.225	21.6078128	-1.2825452	15.876	11.541	58.931	0.2730	1.711319e+04	4.720963e+02	19.4167	0.0300	4.476	17.969	4.7259	27.2536	36.249	4.232121e+01	2.825827e+02	9.923789e+02	1.487857e+03	NaN	NaN	NaN	NaN	NaN	0.543	B	0	0	unmatched_138.96
278	6761.725	4648.342	21.2459770	-1.2805678	12.696	6.238	53.572	0.5086	1.422147e+03	2.392934e+02	22.1176	0.1827	3.500	23.697	6.2323	27.8399	5.943	4.784817e+02	5.647573e+02	6.689465e+02	1.733414e+03	0.658	2.527	3.838	23.2210	24.2404	0.417	C	0	0	unmatched_474.44
279	6241.415	4659.272	21.2839978	-1.2797713	6.755	5.615	67.292	0.1688	2.527802e+03	1.584947e+02	21.4931	0.0681	3.500	9.928	2.6110	26.5350	15.949	2.355867e+02	5.248379e+02	1.023743e+03	1.764230e+03	0.360	16.547	3.539	22.4806	26.2200	0.636	B	0	0	unmatched_354.85
280	1150.721	4687.506	21.6559911	-1.2776988	12.617	5.429	-20.172	0.5697	1.569728e+03	2.210107e+02	22.0104	0.1529	3.500	13.982	3.6773	27.5027	7.102	1.268223e+02	3.032166e+02	4.935032e+02	9.880092e+02	1.746	4.919	3.387	23.4888	25.9571	0.427	C	0	0	unmatched_144.21
281	2233.828	4684.191	21.5768458	-1.2779476	14.070	6.554	-30.141	0.5342	4.257981e+04	2.586739e+02	18.4270	0.0066	3.500	13.177	3.4655	26.2625	164.608	2.631979e+02	7.149314e+02	1.904821e+03	2.317853e+03	0.360	6.928	3.508	22.1936	24.6778	0.609	B	0	0	unmatched_105.82
282	4707.860	4704.544	21.3960600	-1.2764666	8.212	4.888	-5.028	0.4048	7.824915e+03	1.866854e+02	20.2663	0.0259	3.500	11.859	3.1190	26.4450	41.915	3.047082e+02	6.559320e+02	1.316422e+03	1.573462e+03	0.533	14.657	4.524	22.0744	26.0026	0.664	B	0	0	unmatched_203.36
283	2596.793	4700.185	21.5503228	-1.2767808	12.707	6.534	85.876	0.4858	6.456809e+03	2.344409e+02	20.4750	0.0394	3.500	14.917	3.9232	27.4649	27.541	5.459714e+01	2.351366e+02	8.464954e+02	1.048280e+03	0.360	18.295	2.963	22.6116	27.2963	0.511	B	0	0	unmatched_162.00
284	280.719	4726.032	21.7195632	-1.2748772	9.750	3.969	0.624	0.5930	5.064964e+05	2.630851e+02	15.7386	0.0006	5.029	10.077	2.6502	27.0447	1925.219	8.069009e+01	3.335416e+02	6.237330e+02	1.385960e+03	NaN	NaN	NaN	NaN	NaN	0.463	C	0	0	unmatched_322.82
285	3375.273	4682.448	21.4934368	-1.2780792	16.552	12.342	-45.880	0.2543	5.895418e+05	4.056486e+02	15.5737	0.0007	3.500	16.526	4.3463	24.8806	1453.331	1.286368e+03	3.662139e+03	7.851162e+03	1.270715e+04	0.956	16.005	5.209	19.9049	24.7605	0.544	B	0	1	matched_0.21
286	3025.870	4724.865	21.5189687	-1.2749794	11.716	4.027	6.417	0.6563	5.598898e+03	2.010459e+02	20.6297	0.0390	3.970	24.251	6.3780	27.2072	27.849	3.875651e+02	4.902200e+02	9.299333e+02	3.476326e+03	0.457	2.984	5.696	23.4511	24.8277	0.534	B	0	0	unmatched_92.75
287	3017.466	4746.780	21.5195827	-1.2733784	13.578	7.588	39.545	0.4412	5.639372e+03	2.722831e+02	20.6219	0.0524	3.642	21.271	5.5944	27.5772	20.711	4.050992e+02	5.144634e+02	8.084428e+02	1.722631e+03	0.360	2.833	5.371	23.4642	24.6335	0.502	B	0	0	unmatched_95.79
288	579.559	4778.711	21.6977261	-1.2710314	8.944	3.282	-48.314	0.6331	2.314564e+03	1.653917e+02	21.5888	0.0776	3.800	13.933	3.6643	27.9266	13.994	7.373732e+01	2.129225e+02	3.343725e+02	2.020001e+03	0.360	7.082	4.151	24.5639	26.8213	0.366	C	0	0	unmatched_262.25
289	5598.006	4825.027	21.3310143	-1.2676637	9.360	4.770	-24.259	0.4904	2.350363e+03	1.828571e+02	21.5722	0.0845	3.500	10.486	2.7578	26.8088	12.854	1.546459e+02	4.328754e+02	5.027967e+02	1.281349e+03	0.773	3.445	3.848	23.5325	25.0991	0.552	B	0	0	unmatched_269.08
290	5484.673	4825.181	21.3392958	-1.2676527	8.109	3.961	-36.649	0.5115	1.235711e+03	1.599624e+02	22.2702	0.1405	3.500	11.461	3.0142	27.3898	7.725	1.439438e+02	2.683376e+02	5.013399e+02	1.009002e+03	0.454	3.202	3.750	24.2266	25.6956	0.432	C	0	0	unmatched_256.20
291	6827.339	4827.907	21.2411833	-1.2674494	12.275	7.225	-88.716	0.4114	1.631443e+03	2.025602e+02	21.9686	0.1348	3.500	15.158	3.9865	27.8270	8.054	2.177825e+01	2.041646e+02	6.319583e+02	6.774411e+02	0.360	17.886	3.345	22.8666	27.6489	0.392	C	16	0	unmatched_510.45
292	2131.893	4618.870	21.5842948	-1.2827191	14.734	9.010	-63.348	0.3885	4.330687e+04	3.550070e+02	18.4086	0.0089	3.500	12.210	3.2113	24.7534	121.989	1.389656e+03	3.412081e+03	5.710087e+03	7.607922e+03	0.750	10.330	4.985	20.6891	24.2484	0.489	C	0	0	unmatched_117.22
293	2607.953	4860.786	21.5495065	-1.2650482	13.880	6.389	41.948	0.5397	1.237027e+04	2.599836e+02	19.7691	0.0228	3.742	18.717	4.9227	27.3273	47.581	9.644660e+01	3.903251e+02	9.174537e+02	1.691966e+03	0.532	65.646	8.084	21.6003	26.7523	0.518	B	0	0	unmatched_143.99
294	5482.286	4867.100	21.3394703	-1.2645904	7.446	4.852	-51.318	0.3484	1.916170e+03	1.714964e+02	21.7939	0.0972	3.500	11.060	2.9088	27.4616	11.173	1.176030e+02	2.428061e+02	4.825258e+02	1.113488e+03	NaN	NaN	NaN	NaN	NaN	0.394	C	0	0	unmatched_266.17
295	2428.044	4880.959	21.5626528	-1.2635737	11.402	5.426	15.178	0.5241	2.528400e+03	2.029564e+02	21.4929	0.0872	3.500	13.701	3.6033	26.9629	12.458	3.730296e+02	5.397972e+02	9.782454e+02	1.476844e+03	0.649	3.288	3.255	23.3289	24.8653	0.540	B	0	0	unmatched_98.88
296	1598.999	4904.030	21.6232328	-1.2618838	10.157	5.156	50.457	0.4924	1.088101e+04	2.458468e+02	19.9083	0.0245	4.612	13.482	3.5459	27.8032	44.259	6.441790e+01	1.847960e+02	4.647723e+02	6.414058e+02	0.545	2.270	6.647	24.7891	25.3159	0.471	C	0	0	unmatched_138.09
297	1370.212	4913.981	21.6399507	-1.2611553	11.599	5.201	17.254	0.5516	1.629671e+03	2.071934e+02	21.9698	0.1380	3.500	10.261	2.6985	26.9913	7.865	2.344970e+01	3.362737e+02	5.933628e+02	8.242481e+02	0.360	7.637	3.526	23.3449	25.5115	0.441	C	0	0	unmatched_189.86
298	2937.226	4937.098	21.5254453	-1.2594745	11.517	5.368	12.923	0.5339	8.924673e+02	2.117449e+02	22.6235	0.2576	3.500	11.485	3.0207	26.9726	4.215	6.770512e+01	3.437121e+02	7.323506e+02	7.548182e+02	0.360	13.403	4.624	23.0537	26.1536	0.413	C	0	0	unmatched_133.39
299	5862.649	4896.304	21.3116762	-1.2624560	9.254	4.103	-54.516	0.5567	3.505879e+03	1.660583e+02	21.1380	0.0514	3.500	10.717	2.8187	25.9368	21.112	7.396623e+02	1.036537e+03	1.728705e+03	2.626122e+03	0.816	3.306	4.743	22.5749	24.0925	0.589	B	0	0	unmatched_323.08
300	5671.532	4940.332	21.3256418	-1.2592400	10.369	6.486	-14.313	0.3745	7.266275e+03	2.377928e+02	20.3467	0.0355	3.628	17.520	4.6077	27.3783	30.557	1.623673e+02	5.836799e+02	8.674710e+02	3.896579e+03	NaN	NaN	NaN	NaN	NaN	0.499	C	0	0	unmatched_304.97
301	1851.163	4939.239	21.6048065	-1.2593131	9.998	6.505	-39.183	0.3494	4.471159e+03	2.116428e+02	20.8739	0.0514	3.500	11.348	2.9844	27.0686	21.126	6.661600e+01	3.345283e+02	7.910304e+02	2.838389e+03	0.360	45.882	7.906	21.4452	26.0220	0.526	B	0	0	unmatched_72.98
302	108.051	4948.338	21.7321779	-1.2586353	5.686	3.680	69.969	0.3529	2.283622e+03	1.171563e+02	21.6034	0.0557	3.500	11.133	2.9280	26.3655	19.492	4.132512e+02	6.839681e+02	1.711904e+03	2.307593e+03	0.360	12.218	3.574	22.0686	25.3391	0.646	B	0	0	unmatched_390.52
303	1120.863	4968.449	21.6581706	-1.2571744	10.569	6.232	30.787	0.4104	4.392077e+03	2.511781e+02	20.8933	0.0621	3.914	18.046	4.7461	28.1205	17.486	1.504980e+02	3.091326e+02	4.298489e+02	1.317724e+03	NaN	NaN	NaN	NaN	NaN	0.368	C	0	0	unmatched_215.72
304	1381.843	4963.365	21.6391004	-1.2575477	10.415	8.084	-27.826	0.2238	2.622464e+03	2.504341e+02	21.4532	0.1037	3.500	10.258	2.6978	26.9001	10.472	1.693692e+02	3.834851e+02	8.186525e+02	9.109775e+02	0.892	8.423	3.733	23.2130	26.2096	0.582	B	0	0	unmatched_190.52
305	4860.409	4981.297	21.3849129	-1.2562483	10.796	4.625	-76.608	0.5716	4.826156e+03	2.205875e+02	20.7910	0.0496	3.500	18.063	4.7507	27.0190	21.879	6.684799e+02	9.052170e+02	1.261021e+03	2.398431e+03	0.593	3.420	4.611	22.6963	24.3238	0.579	B	0	0	unmatched_267.44
306	4638.111	4993.477	21.4011568	-1.2553586	13.299	4.313	-32.479	0.6757	2.220240e+03	2.359965e+02	21.6340	0.1154	3.500	12.440	3.2717	27.8328	9.408	7.438364e+01	1.779309e+02	4.389779e+02	4.960534e+02	0.921	21.420	4.844	22.8800	26.9021	0.364	C	0	0	unmatched_269.41
307	1160.583	4980.312	21.6552681	-1.2563081	12.932	4.717	-57.563	0.6352	2.700640e+03	2.168150e+02	21.4213	0.0872	3.500	14.047	3.6944	27.2128	12.456	1.422109e+02	3.718166e+02	5.715600e+02	1.120761e+03	0.360	5.241	4.100	23.3102	25.9175	0.438	C	0	0	unmatched_215.58
308	6048.786	4996.442	21.2980749	-1.2551399	5.900	3.811	55.119	0.3540	2.807554e+04	1.477648e+02	18.8792	0.0057	4.085	10.661	2.8039	24.9188	190.002	1.008891e+03	2.460621e+03	6.617650e+03	2.707426e+04	NaN	NaN	NaN	NaN	NaN	0.425	C	0	0	unmatched_374.60
309	5760.954	5010.913	21.3191077	-1.2540835	12.496	9.649	-61.682	0.2278	1.552173e+04	3.409493e+02	19.5226	0.0238	3.960	31.977	8.4099	28.2828	45.525	2.770037e+01	1.474925e+02	7.059469e+02	3.819635e+03	NaN	NaN	NaN	NaN	NaN	0.464	C	0	0	unmatched_332.82
310	1848.572	5033.284	21.6049953	-1.2524426	7.810	3.738	57.092	0.5213	3.105238e+03	1.475859e+02	21.2698	0.0516	3.500	10.442	2.7462	25.8729	21.040	7.322960e+02	1.039283e+03	2.082344e+03	2.491041e+03	1.811	8.672	7.783	21.8093	25.0997	0.558	B	0	0	unmatched_66.42
311	1377.007	5053.757	21.6394531	-1.2509441	9.804	5.209	55.866	0.4687	4.251893e+03	2.150782e+02	20.9285	0.0549	3.726	9.564	2.5153	26.8668	19.769	7.520554e+01	3.758830e+02	5.744831e+02	2.247621e+03	NaN	NaN	NaN	NaN	NaN	0.515	B	0	0	unmatched_189.98
312	1758.748	5060.600	21.6115587	-1.2504465	10.169	6.504	23.489	0.3604	8.864273e+03	2.228553e+02	20.1309	0.0273	3.500	10.324	2.7151	27.0850	39.776	8.138431e+01	3.168122e+02	6.204556e+02	5.103481e+02	0.360	10.987	3.570	23.3022	26.4645	0.562	B	0	0	unmatched_89.57
313	3156.331	5070.753	21.5094343	-1.2497110	20.443	8.791	-13.388	0.5700	2.497384e+04	4.100211e+02	19.0063	0.0178	3.859	38.078	10.0145	28.0959	60.909	5.006856e+01	1.985958e+02	7.507060e+02	1.961652e+03	NaN	NaN	NaN	NaN	NaN	0.424	C	0	0	unmatched_114.52
314	2099.142	5063.001	21.5866855	-1.2502731	13.984	11.411	-56.276	0.1840	1.126998e+04	3.339054e+02	19.8702	0.0322	3.500	12.807	3.3683	24.6680	33.752	1.378199e+03	3.671800e+03	6.918443e+03	9.628655e+03	1.028	13.240	3.628	20.0688	24.6538	0.539	B	0	1	matched_0.11
315	3737.846	5080.013	21.4669415	-1.2490359	12.078	10.346	-53.130	0.1434	7.047196e+03	3.368733e+02	20.3800	0.0519	3.500	11.714	3.0809	25.5732	20.919	6.509852e+02	1.557803e+03	2.513861e+03	3.744920e+03	1.091	10.243	6.119	21.5150	25.2486	0.624	B	0	0	unmatched_38.66
316	3590.603	5089.942	21.4777009	-1.2483103	13.152	11.762	30.428	0.1056	2.284932e+04	3.691094e+02	19.1028	0.0175	3.500	14.314	3.7646	24.8482	61.904	1.330303e+03	3.510683e+03	6.713800e+03	1.026472e+04	1.303	16.169	5.168	19.9078	24.9336	0.566	B	0	1	matched_0.39
317	4371.589	5126.424	21.4206323	-1.2456461	12.053	6.180	35.050	0.4873	3.833209e+03	2.483114e+02	21.0411	0.0703	3.500	10.699	2.8139	26.0159	15.437	3.492597e+02	9.134810e+02	1.710899e+03	1.996471e+03	1.014	13.162	3.815	21.7572	25.8828	0.588	B	0	0	unmatched_205.43
318	4149.291	5140.361	21.4368761	-1.2446278	13.082	5.347	-12.592	0.5913	1.428246e+04	2.754739e+02	19.6130	0.0209	4.324	13.110	3.4478	27.3775	51.847	5.859407e+01	1.834729e+02	5.452986e+02	8.389521e+02	0.360	17.374	4.041	23.4316	27.7548	0.482	C	0	0	unmatched_147.32
319	6570.161	5124.723	21.2599774	-1.2457667	10.631	4.566	30.249	0.5705	9.156712e+03	1.951218e+02	20.0957	0.0231	3.500	24.137	6.3481	26.3467	46.928	1.208537e+03	1.625279e+03	2.426014e+03	8.441084e+03	NaN	NaN	NaN	NaN	NaN	0.613	B	0	0	unmatched_497.07
320	1440.501	5157.260	21.6348128	-1.2433832	10.608	9.212	74.186	0.1317	6.833690e+03	2.672995e+02	20.4134	0.0425	3.500	10.095	2.6551	25.0761	25.566	8.861805e+02	2.046209e+03	3.378279e+03	4.132108e+03	1.107	10.721	3.375	20.9709	25.0688	0.592	B	0	0	unmatched_175.01
321	618.013	5157.688	21.6949127	-1.2433459	9.889	7.182	24.857	0.2737	1.478825e+04	2.426118e+02	19.5752	0.0178	3.500	20.901	5.4971	25.6735	60.954	1.463730e+03	2.413082e+03	4.629278e+03	1.211463e+04	NaN	NaN	NaN	NaN	NaN	0.585	B	0	0	unmatched_324.45
322	4144.009	5209.861	21.4372620	-1.2395505	11.253	6.751	28.108	0.4001	2.678425e+03	2.229377e+02	21.4303	0.0904	3.500	20.011	5.2628	27.5421	12.014	4.043362e+02	6.022544e+02	8.363942e+02	1.719207e+03	0.365	4.655	3.006	23.1107	25.0548	0.477	C	0	0	unmatched_148.67
323	1350.012	5195.826	21.6414246	-1.2405652	14.303	5.165	6.266	0.6388	1.083329e+04	2.414421e+02	19.9131	0.0242	3.500	17.608	4.6309	25.3871	44.869	2.121143e+03	3.586301e+03	5.025939e+03	8.854263e+03	1.130	7.009	5.246	20.7784	23.7190	0.523	B	0	0	unmatched_200.12
324	1502.986	5256.104	21.6302462	-1.2361626	14.170	6.133	-5.146	0.5672	2.623861e+03	2.410243e+02	21.4526	0.0997	3.500	20.154	5.3004	27.3740	10.886	4.277808e+02	6.326922e+02	9.800460e+02	1.871904e+03	1.826	8.684	3.110	22.3799	25.7741	0.492	C	0	0	unmatched_164.82
325	5105.081	5173.843	21.3670343	-1.2421818	10.948	5.451	-37.758	0.5021	3.522819e+04	2.246529e+02	18.6328	0.0069	3.500	18.781	4.9393	26.7343	156.812	5.823771e+02	1.223207e+03	1.618961e+03	3.907300e+03	0.462	6.752	6.362	22.3601	24.7074	0.600	B	0	0	unmatched_320.08
326	2386.081	5273.867	21.5657171	-1.2348697	18.849	8.342	-88.954	0.5574	4.952338e+03	3.461165e+02	20.7630	0.0759	3.500	17.113	4.5007	27.1772	14.308	2.218968e+01	1.723002e+02	1.182717e+03	1.668989e+03	0.360	24.917	3.878	22.0749	27.0750	0.484	C	0	0	unmatched_93.55
327	1676.286	5299.878	21.6175827	-1.2329658	10.169	4.673	-68.355	0.5404	3.382485e+05	2.185824e+02	16.1769	0.0007	4.139	13.152	3.4589	27.2246	1547.465	7.889789e+01	3.416967e+02	7.308870e+02	1.660793e+03	0.347	1.208	3.487	23.8119	22.8471	0.513	B	0	0	unmatched_127.46
328	4665.646	5304.649	21.3991448	-1.2326260	8.331	3.750	-76.624	0.5498	8.799341e+02	1.758747e+02	22.6389	0.2170	3.500	11.014	2.8967	27.1247	5.003	9.493627e+01	3.297239e+02	4.818988e+02	8.930221e+02	0.360	11.284	4.312	23.4298	26.5885	0.399	C	0	0	unmatched_288.07
329	61.202	5307.337	21.7355974	-1.2324087	14.602	4.935	44.630	0.6620	4.955230e+03	2.094755e+02	20.7623	0.0459	3.500	13.997	3.6813	26.8772	23.655	4.196679e+01	3.919854e+02	8.958230e+02	1.327809e+03	0.339	1.637	5.861	23.0785	22.4845	0.503	B	16	0	unmatched_455.41
330	2196.640	5312.749	21.5795596	-1.2320283	9.650	4.137	14.370	0.5713	3.413639e+03	1.652575e+02	21.1670	0.0526	3.500	16.986	4.4672	27.2027	20.656	3.922716e+02	6.708115e+02	9.114650e+02	2.308289e+03	0.724	40.149	3.347	21.4580	26.3726	0.567	B	0	0	unmatched_70.40
331	2223.409	5319.324	21.5776036	-1.2315481	7.943	5.897	-55.832	0.2577	3.675058e+03	1.808056e+02	21.0868	0.0534	3.500	10.347	2.7214	26.2139	20.326	2.909748e+02	7.365191e+02	1.380070e+03	2.108317e+03	0.360	25.145	3.595	21.8598	26.1505	0.654	B	0	0	unmatched_74.80
332	4599.582	5341.326	21.4039722	-1.2299465	6.548	3.592	-69.251	0.4515	3.899147e+03	1.544247e+02	21.0226	0.0430	3.500	10.381	2.7301	25.5534	25.250	6.103199e+02	1.329849e+03	2.849673e+03	4.340622e+03	0.360	9.599	6.231	21.6617	24.5243	0.509	B	0	0	unmatched_273.21
333	5394.079	5357.795	21.3459168	-1.2287428	11.805	4.195	-0.021	0.6446	2.385574e+03	1.947998e+02	21.5560	0.0887	3.500	26.103	6.8651	28.4935	12.246	7.097628e+01	2.916131e+02	4.572734e+02	1.295750e+03	0.360	11.646	3.829	23.4422	26.7451	0.324	C	0	0	unmatched_383.82
334	4487.994	5335.824	21.4121262	-1.2303484	11.471	3.506	-76.197	0.6944	4.499669e+03	1.851022e+02	20.8670	0.0447	3.500	12.833	3.3752	26.1941	24.309	4.184695e+02	1.077481e+03	1.390937e+03	2.797202e+03	0.804	3.263	4.517	22.4534	23.9671	0.598	B	0	0	unmatched_244.45
335	5920.217	5385.306	21.3074710	-1.2267319	9.139	7.512	67.237	0.1779	4.936484e+03	2.570268e+02	20.7665	0.0565	3.970	10.427	2.7422	27.0527	19.206	5.880695e+01	3.317672e+02	7.948987e+02	1.264626e+03	0.699	4.076	3.963	23.9295	25.5320	0.637	B	0	0	unmatched_439.04
336	394.546	5403.963	21.7112391	-1.2253527	13.825	7.353	-73.313	0.4682	1.076494e+05	3.354483e+02	17.4200	0.0034	3.563	10.628	2.7950	26.0211	320.912	3.659853e+02	9.103965e+02	1.614856e+03	1.828953e+03	0.901	8.494	6.009	22.1395	25.6376	0.605	B	0	0	unmatched_411.76
337	3914.502	5423.596	21.4540323	-1.2239358	22.825	7.220	-76.890	0.6837	8.624022e+03	3.421629e+02	20.1607	0.0431	3.500	20.088	5.2830	26.4684	25.204	1.161863e+03	1.831013e+03	2.265678e+03	3.722409e+03	0.654	5.127	3.714	21.8164	23.9389	0.634	B	0	0	unmatched_121.92
338	12.303	5418.842	21.7391693	-1.2242624	16.199	6.611	-57.567	0.5919	3.372761e+03	2.084377e+02	21.1800	0.0671	3.500	16.585	4.3619	26.8962	16.181	1.365313e+02	4.319186e+02	1.340397e+03	1.978113e+03	0.360	21.560	3.424	22.0459	26.1148	0.526	B	16	0	unmatched_484.34
339	2581.521	5427.033	21.5514353	-1.2236811	10.639	6.297	45.024	0.4082	1.356098e+04	2.465242e+02	19.6693	0.0197	3.929	12.417	3.2656	27.3437	55.009	1.177050e+02	3.234123e+02	5.062972e+02	9.616792e+02	0.360	4.322	3.987	24.0437	25.7527	0.524	B	0	0	unmatched_158.84
340	2708.262	5439.573	21.5421741	-1.2227655	9.909	8.073	-69.117	0.1853	2.771432e+03	2.434355e+02	21.3932	0.0954	3.500	9.643	2.5361	25.3571	11.385	6.379322e+02	1.507084e+03	2.617504e+03	2.864494e+03	1.127	12.026	3.556	21.1724	25.4515	0.545	B	0	0	unmatched_188.25
341	5663.334	5497.462	21.3262421	-1.2185390	14.304	4.589	-74.561	0.6792	9.451026e+02	2.205410e+02	22.5613	0.2534	3.500	14.184	3.7304	28.4358	4.285	7.917812e+01	1.258569e+02	4.017107e+02	3.895447e+02	0.360	15.146	6.124	23.6989	27.4614	0.205	D	128	0	unmatched_438.15
342	6051.882	5510.865	21.2978504	-1.2175589	9.227	4.974	-19.433	0.4610	1.571359e+03	1.821614e+02	22.0093	0.1259	3.500	10.034	2.6388	26.5417	8.626	3.045696e+02	5.268284e+02	9.580821e+02	1.235147e+03	1.717	8.918	3.471	22.6347	25.9562	0.561	B	0	0	unmatched_484.94
343	3521.581	5550.184	21.4827434	-1.2146873	7.659	3.167	-71.969	0.5865	1.034038e+03	1.299050e+02	22.4637	0.1364	3.500	11.633	3.0594	27.1894	7.960	2.133338e+02	3.373076e+02	7.281860e+02	6.830160e+02	1.879	7.003	3.330	23.1525	26.2480	0.460	C	0	0	unmatched_122.08
344	2839.173	5583.101	21.5326077	-1.2122806	9.751	9.077	-15.053	0.0691	2.259763e+04	2.551183e+02	19.1148	0.0123	3.500	10.602	2.7882	24.5846	88.577	1.409276e+03	3.373965e+03	5.699065e+03	7.613568e+03	1.139	13.857	4.297	20.2316	24.6886	0.540	B	0	0	unmatched_236.34
345	922.788	5596.118	21.6726388	-1.2113193	9.962	4.361	-67.580	0.5623	1.080107e+03	1.753459e+02	22.4163	0.1763	3.500	12.078	3.1766	27.1365	6.160	1.371093e+02	3.812451e+02	5.687459e+02	1.143558e+03	0.902	8.957	3.735	23.1173	25.9869	0.455	C	0	0	unmatched_339.66
346	110.902	5605.822	21.7319628	-1.2106038	11.637	3.509	-65.431	0.6984	9.429821e+02	1.628197e+02	22.5637	0.1875	3.500	13.270	3.4901	27.6322	5.792	1.262855e+02	2.679580e+02	5.678612e+02	8.198181e+02	1.607	11.272	3.202	23.3328	26.7481	0.374	C	0	0	unmatched_500.67
347	2243.213	5592.293	21.5761550	-1.2116066	7.921	3.549	-22.625	0.5520	1.442932e+03	1.384747e+02	22.1019	0.1042	3.500	10.943	2.8780	26.8821	10.420	3.127311e+02	4.216471e+02	8.660701e+02	1.530282e+03	0.878	3.059	3.438	23.5763	24.9027	0.518	B	0	0	unmatched_144.15
348	6753.044	5632.930	21.2466162	-1.2086391	10.992	5.891	15.784	0.4641	4.027113e+03	1.993305e+02	20.9875	0.0537	3.500	11.623	3.0568	25.9571	20.203	3.635588e+02	1.055151e+03	1.686859e+03	2.809341e+03	NaN	NaN	NaN	NaN	NaN	0.543	B	16	0	unmatched_623.27
349	4794.713	5623.938	21.3897138	-1.2093003	7.342	6.550	-44.707	0.1079	2.742623e+04	2.569605e+02	18.9046	0.0102	4.367	10.847	2.8527	25.6377	106.733	5.664041e+02	1.312994e+03	2.516048e+03	1.259111e+04	NaN	NaN	NaN	NaN	NaN	0.586	B	0	0	unmatched_346.12
350	3295.292	5657.526	21.4992783	-1.2068448	11.206	5.433	-37.340	0.5152	7.345358e+03	2.078302e+02	20.3350	0.0307	3.500	18.232	4.7949	26.9070	35.343	6.375122e+02	8.696462e+02	1.311771e+03	3.022877e+03	0.567	3.473	4.016	22.8163	24.4225	0.611	B	0	0	unmatched_168.04
351	280.630	5690.479	21.7195601	-1.2044207	10.593	3.912	-1.647	0.6307	3.439097e+03	1.802458e+02	21.1589	0.0569	3.500	26.733	7.0309	27.6821	19.080	3.832102e+02	4.269642e+02	7.339498e+02	3.119106e+03	0.581	2.538	7.860	23.5218	24.5176	0.476	C	0	0	unmatched_489.67
352	2112.132	5720.694	21.5857325	-1.2022257	9.388	3.780	-76.949	0.5974	1.094608e+03	1.475877e+02	22.4019	0.1464	3.500	9.636	2.5342	26.8071	7.417	1.955377e+02	3.886904e+02	6.442864e+02	1.053244e+03	0.462	2.504	2.907	23.7291	24.7371	0.484	C	0	0	unmatched_172.90
353	5235.420	5765.577	21.3575109	-1.1989526	8.617	4.832	-24.910	0.4393	5.346087e+03	1.948948e+02	20.6799	0.0396	3.700	9.907	2.6055	26.5455	27.431	3.015339e+02	5.175903e+02	8.059528e+02	2.245963e+03	0.594	3.170	4.257	23.5270	24.8788	0.642	B	0	0	unmatched_467.36
354	3941.632	5746.361	21.4520493	-1.2003563	15.151	12.869	16.197	0.1506	8.193128e+05	4.747035e+02	15.2164	0.0006	4.447	22.448	5.9037	27.6337	1725.946	8.175644e+01	1.860824e+02	8.244840e+02	1.670445e+03	NaN	NaN	NaN	NaN	NaN	0.538	B	0	0	unmatched_195.38
355	6478.245	5769.404	21.2666966	-1.1986701	11.005	4.988	64.444	0.5468	1.241547e+03	1.841802e+02	22.2651	0.1611	3.500	10.650	2.8010	27.0239	6.741	9.615299e+01	3.729719e+02	5.941976e+02	8.565553e+02	0.360	3.472	2.852	24.0138	25.4023	0.438	C	0	0	unmatched_603.88
356	3403.194	5773.418	21.4913935	-1.1983787	10.708	4.062	68.213	0.6207	4.036729e+03	1.683350e+02	20.9849	0.0453	3.518	12.797	3.3655	26.9645	23.980	3.948158e+02	5.353900e+02	1.002597e+03	1.353593e+03	0.720	3.128	3.458	23.3301	24.7032	0.571	B	0	0	unmatched_186.10
357	253.860	5801.412	21.7215150	-1.1963165	10.721	5.782	24.890	0.4607	5.856019e+03	2.269644e+02	20.5810	0.0421	3.500	10.023	2.6360	26.0994	25.801	2.877386e+02	7.916556e+02	1.109467e+03	2.862411e+03	0.360	9.076	4.621	22.6596	25.8738	0.585	B	0	0	unmatched_517.45
358	6061.344	5802.265	21.2971600	-1.1962708	12.127	3.685	27.073	0.6962	3.442334e+03	2.017574e+02	21.1579	0.0636	4.217	11.710	3.0797	27.6999	17.062	2.944792e+01	2.128687e+02	3.036454e+02	8.952620e+02	NaN	NaN	NaN	NaN	NaN	0.328	C	0	0	unmatched_553.30
359	905.094	5882.992	21.6739293	-1.1903619	9.021	3.726	-49.399	0.5870	1.595071e+03	1.490991e+02	21.9930	0.1015	3.500	10.241	2.6934	27.0347	10.698	7.618162e+01	3.393538e+02	5.887316e+02	1.590922e+03	NaN	NaN	NaN	NaN	NaN	0.385	C	0	0	unmatched_380.92
360	2734.808	5887.478	21.5402324	-1.1900441	9.693	7.568	-26.233	0.2193	6.414554e+02	2.290886e+02	22.9821	0.3878	3.500	10.151	2.6696	27.2807	2.800	2.366073e+01	2.597123e+02	6.252906e+02	4.306219e+02	0.360	15.560	3.391	22.6654	27.4519	0.442	C	0	0	unmatched_273.69
361	4611.088	5889.122	21.4031314	-1.1899275	12.659	4.699	36.919	0.6288	1.767828e+03	2.237974e+02	21.8814	0.1374	3.500	10.434	2.7441	27.2164	7.899	3.314157e+01	2.700423e+02	4.854103e+02	5.633603e+02	0.360	13.374	4.061	23.3156	26.7591	0.394	C	0	0	unmatched_340.54
362	2355.035	5892.126	21.5679825	-1.1897031	8.416	6.749	-4.090	0.1981	6.195111e+03	2.403808e+02	20.5199	0.0421	4.191	11.738	3.0870	26.9392	25.772	1.235526e+02	4.289408e+02	6.746813e+02	2.259426e+03	0.360	8.493	4.983	23.3797	26.8805	0.604	B	0	0	unmatched_228.09
363	815.503	5893.966	21.6804755	-1.1895596	9.393	7.108	-10.267	0.2432	1.908091e+03	2.119171e+02	21.7985	0.1206	3.500	11.739	3.0874	27.3321	9.004	6.399958e+01	2.753716e+02	5.911106e+02	8.517484e+02	NaN	NaN	NaN	NaN	NaN	0.421	C	0	0	unmatched_402.13
364	2564.081	5924.072	21.5527073	-1.1873701	17.594	6.208	50.951	0.6471	3.768545e+03	2.649324e+02	21.0596	0.0763	3.500	26.889	7.0717	27.4982	14.225	5.693168e+01	2.884449e+02	1.281673e+03	2.552640e+03	0.360	24.205	3.117	22.1162	26.5044	0.464	C	0	0	unmatched_257.25
365	3187.428	5933.623	21.5071591	-1.1866745	11.716	4.787	7.707	0.5914	2.084949e+03	1.965173e+02	21.7023	0.1023	3.500	10.413	2.7387	26.6017	10.609	9.705780e+01	5.112095e+02	8.112288e+02	1.460087e+03	3.326	58.526	3.402	21.1882	28.0291	0.493	C	0	0	unmatched_245.68
366	1366.501	5936.959	21.6402142	-1.1864225	10.257	5.370	89.309	0.4765	1.264546e+03	1.996973e+02	22.2452	0.1715	3.500	11.195	2.9443	27.4315	6.332	3.462669e+01	2.254152e+02	5.598263e+02	4.014158e+02	0.360	16.338	3.588	23.0795	27.0884	0.397	C	0	0	unmatched_299.87
367	715.890	5948.486	21.6877536	-1.1855759	10.878	5.354	21.299	0.5079	1.232639e+03	2.002025e+02	22.2729	0.1763	3.500	9.692	2.5490	27.3948	6.157	5.018731e+01	2.441430e+02	5.011833e+02	5.600046e+02	0.360	12.064	3.309	23.7094	27.4422	0.391	C	0	0	unmatched_431.92
368	2552.496	5957.382	21.5535536	-1.1849366	9.850	3.426	32.623	0.6522	6.935497e+02	1.465824e+02	22.8973	0.2295	3.500	21.312	5.6051	28.4514	4.731	1.364976e+01	2.433793e+02	3.612668e+02	1.675446e+03	0.360	12.606	3.409	23.8895	27.1241	0.261	D	0	0	unmatched_263.60
369	4971.872	5968.636	21.3767687	-1.1841185	10.460	4.382	-17.716	0.5810	1.568491e+03	1.843871e+02	22.0113	0.1276	3.500	11.313	2.9753	27.5789	8.507	3.181431e+01	1.816131e+02	4.446343e+02	7.716146e+02	0.360	13.897	3.520	23.6406	26.9080	0.375	C	0	0	unmatched_430.21
370	5576.029	6008.995	21.3326228	-1.1811694	11.132	4.065	36.733	0.6349	3.097632e+03	1.787586e+02	21.2724	0.0627	3.500	10.660	2.8036	26.4740	17.329	1.129005e+02	5.833443e+02	9.253059e+02	1.839997e+03	0.360	12.443	3.823	22.7391	25.9426	0.553	B	0	0	unmatched_561.30
371	6265.656	6032.296	21.2822316	-1.1794654	7.457	3.407	-15.513	0.5431	2.223783e+03	1.277585e+02	21.6323	0.0624	3.500	14.757	3.8812	27.0894	17.406	3.804733e+02	5.305182e+02	1.250635e+03	1.716688e+03	0.640	3.829	5.083	23.3189	24.9800	0.543	B	0	0	unmatched_631.91
372	2278.648	6060.874	21.5735632	-1.1773750	5.609	2.906	1.343	0.4819	1.319039e+03	1.093664e+02	22.1994	0.0900	3.500	12.900	3.3927	26.8683	12.061	3.915432e+02	5.146734e+02	1.464941e+03	1.567198e+03	0.360	14.140	4.886	22.0206	25.0245	0.496	C	0	0	unmatched_266.54
373	2878.661	6071.472	21.5297203	-1.1766031	9.102	3.255	31.778	0.6424	1.943252e+03	1.468803e+02	21.7787	0.0821	3.500	18.430	4.8471	27.9392	13.230	1.423137e+02	2.784045e+02	5.360145e+02	2.074005e+03	NaN	NaN	NaN	NaN	NaN	0.298	D	0	0	unmatched_318.72
374	2069.910	6082.084	21.5888155	-1.1758245	11.829	7.680	67.874	0.3508	2.876813e+03	2.487820e+02	21.3527	0.0939	3.500	9.845	2.5892	26.5942	11.564	1.420889e+02	4.958574e+02	6.910817e+02	9.288228e+02	0.476	4.790	3.196	23.3249	25.3927	0.595	B	0	0	unmatched_268.02
375	6277.947	6113.303	21.2813338	-1.1735475	8.515	2.767	55.909	0.6751	4.755959e+03	1.234703e+02	20.8069	0.0282	3.500	12.485	3.2835	27.3168	38.519	2.875834e+02	3.773874e+02	6.972620e+02	8.253638e+02	NaN	NaN	NaN	NaN	NaN	0.414	C	0	0	unmatched_652.18
376	5023.214	6053.139	21.3730172	-1.1779452	18.076	16.773	71.876	0.0721	2.427756e+04	4.691799e+02	19.0370	0.0210	3.500	15.325	4.0305	24.5790	51.745	1.710486e+03	4.668962e+03	9.498040e+03	1.384774e+04	1.061	16.111	3.762	19.6565	24.4878	0.558	B	0	0	unmatched_453.67
377	4505.960	6138.071	21.4108132	-1.1717406	11.149	4.622	-27.461	0.5855	9.843669e+04	2.236384e+02	17.5171	0.0025	3.859	19.061	5.0131	28.0464	440.160	2.252095e+01	1.952689e+02	5.144343e+02	1.455000e+03	NaN	NaN	NaN	NaN	NaN	0.360	C	0	0	unmatched_365.60
378	5290.092	6127.490	21.3535165	-1.1725133	14.970	7.182	82.002	0.5202	3.236367e+03	2.806633e+02	21.2249	0.0942	3.500	28.301	7.4430	27.7292	11.531	2.858437e+02	4.738990e+02	7.010824e+02	2.543250e+03	NaN	NaN	NaN	NaN	NaN	0.378	C	0	0	unmatched_523.34
379	2502.302	6156.353	21.5572204	-1.1704008	9.727	3.850	24.183	0.6042	2.338679e+03	1.692792e+02	21.5776	0.0786	3.500	11.706	3.0786	27.1422	13.816	7.235284e+01	3.374994e+02	6.562263e+02	1.547173e+03	0.360	19.638	4.287	23.0488	26.8993	0.454	C	0	0	unmatched_306.36
380	24.460	6158.835	21.7382731	-1.1702036	10.833	10.000	85.081	0.0768	2.632310e+03	2.274513e+02	21.4492	0.0938	3.500	11.927	3.1367	26.6482	11.573	2.428189e+02	6.155682e+02	1.064977e+03	1.340923e+03	0.800	4.069	3.313	23.0939	24.9289	0.660	B	16	0	unmatched_617.05
381	2912.002	6182.674	21.5272836	-1.1684794	12.079	5.155	-61.730	0.5732	4.176324e+03	2.058787e+02	20.9480	0.0535	3.500	12.332	3.2433	26.7167	20.285	1.080728e+02	4.968775e+02	8.422523e+02	1.564550e+03	0.360	6.605	3.303	22.9744	25.7026	0.568	B	0	0	unmatched_338.09
382	2691.154	6220.478	21.5434208	-1.1657170	6.517	4.216	-52.691	0.3531	5.109316e+03	1.420211e+02	20.7291	0.0302	3.500	13.866	3.6468	25.9002	35.976	8.410175e+02	1.346824e+03	3.753823e+03	4.961140e+03	NaN	NaN	NaN	NaN	NaN	0.571	B	0	0	unmatched_341.81
383	3625.612	6249.074	21.4751400	-1.1636305	8.098	5.207	-13.407	0.3570	4.404528e+03	1.702251e+02	20.8903	0.0420	3.500	10.223	2.6886	26.6418	25.875	3.311766e+02	4.908310e+02	9.600417e+02	1.426287e+03	NaN	NaN	NaN	NaN	NaN	0.579	B	0	0	unmatched_304.63
384	6472.664	6248.405	21.2671064	-1.1636771	8.034	3.079	-31.330	0.6168	1.592269e+03	1.287520e+02	21.9950	0.0878	3.500	10.659	2.8034	27.6184	12.367	1.277731e+02	2.035913e+02	3.529329e+02	7.314083e+02	NaN	NaN	NaN	NaN	NaN	0.314	C	0	0	unmatched_708.23
385	5928.435	6232.065	21.3068730	-1.1648724	10.028	3.832	60.275	0.6179	4.091929e+03	1.582514e+02	20.9702	0.0420	3.500	14.836	3.9019	26.3162	25.857	8.010112e+02	9.653598e+02	2.312163e+03	3.151856e+03	3.102	14.323	4.425	21.3273	25.7108	0.594	B	0	0	unmatched_643.54
386	1236.007	6236.321	21.6497470	-1.1645522	12.035	5.517	42.388	0.5416	8.303742e+03	2.496209e+02	20.2018	0.0326	4.062	11.779	3.0978	27.1411	33.265	1.584283e+02	3.760698e+02	6.531191e+02	9.783556e+02	NaN	NaN	NaN	NaN	NaN	0.469	C	0	0	unmatched_383.02
387	2949.629	6280.201	21.5245338	-1.1613548	16.285	7.640	35.467	0.5309	6.939276e+03	2.876435e+02	20.3967	0.0450	3.500	10.779	2.8348	25.3903	24.125	5.777446e+02	1.614594e+03	2.659585e+03	3.280754e+03	0.682	7.213	4.597	21.5544	24.8418	0.533	B	0	0	unmatched_355.31
388	66.847	6301.348	21.7351746	-1.1597930	9.915	6.681	-72.662	0.3262	3.080882e+03	2.179540e+02	21.2783	0.0768	3.500	11.403	2.9990	27.3690	14.135	3.955300e+01	2.236904e+02	6.016095e+02	7.397613e+02	0.360	16.376	3.244	23.3662	27.0549	0.499	C	0	0	unmatched_625.87
389	2824.375	6322.410	21.5336859	-1.1582708	10.299	4.667	-67.583	0.5468	2.445359e+03	1.993354e+02	21.5291	0.0885	3.882	18.789	4.9415	27.8099	12.268	1.172127e+01	2.651234e+02	5.879271e+02	2.128169e+03	0.360	30.631	3.994	22.3009	27.1385	0.401	C	0	0	unmatched_381.47
390	2798.569	6308.771	21.5355716	-1.1592671	12.506	5.026	89.034	0.5981	1.596015e+03	2.060778e+02	21.9924	0.1402	3.500	13.397	3.5235	26.8666	7.745	7.323849e+01	4.852108e+02	8.350900e+02	1.462346e+03	0.772	5.086	3.690	23.1212	25.3309	0.495	C	0	0	unmatched_375.63
391	6297.974	6331.820	21.2798713	-1.1575839	11.842	4.122	-82.603	0.6520	1.640574e+03	1.736826e+02	21.9625	0.1149	3.500	10.965	2.8837	27.5710	9.446	2.705680e+01	1.958298e+02	5.088949e+02	5.127657e+02	0.360	14.461	2.940	23.5520	26.8725	0.372	C	0	0	unmatched_705.69
392	1841.630	6360.591	21.6054940	-1.1554774	11.972	7.603	-29.377	0.3649	7.000123e+03	2.545617e+02	20.3872	0.0395	3.500	12.026	3.1630	26.1318	27.499	2.461348e+02	8.912560e+02	1.554080e+03	3.124319e+03	0.502	4.677	4.928	22.4706	24.6671	0.655	B	0	0	unmatched_347.82
393	1301.842	6405.611	21.6449352	-1.1521854	9.408	4.088	-60.322	0.5655	3.542887e+03	1.602083e+02	21.1266	0.0491	3.500	10.469	2.7533	26.4310	22.114	4.633060e+02	6.229126e+02	1.228517e+03	1.424562e+03	1.535	9.594	3.386	22.3234	25.6835	0.638	B	0	0	unmatched_410.60
394	2450.136	6417.223	21.5610308	-1.1513430	5.454	2.960	-86.886	0.4573	1.625707e+03	1.102130e+02	21.9724	0.0736	3.500	11.164	2.9362	26.7544	14.751	3.884101e+02	4.909715e+02	1.372563e+03	1.687955e+03	0.462	3.084	4.507	23.3932	24.8819	0.564	B	0	0	unmatched_367.81
395	3175.716	6422.332	21.5080133	-1.1509723	9.011	6.159	30.686	0.3165	1.917451e+03	1.929438e+02	21.7932	0.1093	3.500	9.782	2.5726	27.2447	9.938	3.064533e+01	2.804644e+02	5.354767e+02	7.078032e+02	0.360	12.419	3.440	23.4130	27.0732	0.477	C	0	0	unmatched_366.73
396	4905.682	6436.421	21.3816056	-1.1499449	14.210	4.721	-19.525	0.6678	9.378596e+02	2.203047e+02	22.5697	0.2550	3.500	13.589	3.5738	27.2055	4.257	3.312147e+02	4.326596e+02	7.548487e+02	9.644284e+02	0.440	3.457	3.361	23.5302	24.9141	0.400	C	0	0	unmatched_494.62
397	3847.883	6424.275	21.4588985	-1.1508317	9.128	7.581	-8.698	0.1696	3.290014e+03	2.138690e+02	21.2070	0.0706	3.500	10.832	2.8488	27.0352	15.383	1.142722e+02	3.533946e+02	6.610311e+02	1.445592e+03	0.573	2.910	3.208	23.9111	25.1570	0.621	B	0	0	unmatched_357.01
398	2298.944	6451.460	21.5720781	-1.1488412	12.275	4.238	-20.837	0.6548	7.442731e+02	1.883150e+02	22.8207	0.2747	3.500	9.907	2.6056	27.7315	3.952	4.316533e+01	1.756828e+02	3.793376e+02	2.838720e+02	0.360	14.083	3.315	23.4959	27.0188	0.305	C	128	0	unmatched_368.81
399	2266.110	6494.637	21.5744770	-1.1456869	8.323	4.933	-51.002	0.4073	9.298164e+02	1.640964e+02	22.5790	0.1916	3.500	9.962	2.6201	27.2669	5.666	6.212745e+01	2.695183e+02	4.660028e+02	5.007090e+02	0.360	11.277	3.034	23.2414	27.0297	0.428	C	0	0	unmatched_378.96
400	3675.442	6487.457	21.4714985	-1.1462158	15.516	8.098	66.849	0.4781	1.192144e+04	2.937003e+02	19.8092	0.0267	3.500	10.912	2.8697	24.2845	40.590	1.739760e+03	4.542649e+03	7.991747e+03	9.751242e+03	0.834	12.479	3.087	20.0956	24.1151	0.431	C	0	0	unmatched_367.86
401	36.989	6526.866	21.7373538	-1.1433180	9.737	6.094	47.368	0.3741	2.423137e+03	1.804848e+02	21.5391	0.0809	3.500	11.570	3.0429	26.3963	13.426	3.164419e+02	6.588176e+02	1.591399e+03	1.603662e+03	0.360	10.531	3.207	22.2963	25.3677	0.597	B	16	0	unmatched_665.06
402	1532.737	6529.013	21.6280632	-1.1431718	7.579	4.093	54.585	0.4599	1.310965e+03	1.403846e+02	22.2060	0.1163	3.500	9.601	2.5250	26.7211	9.338	1.616694e+02	4.296763e+02	6.689695e+02	1.246736e+03	1.431	10.464	2.837	22.8357	26.5333	0.550	B	0	0	unmatched_413.25
403	2596.584	6537.208	21.5503295	-1.1425782	7.249	3.000	-42.401	0.5861	1.300996e+03	1.153113e+02	22.2143	0.0962	3.500	11.646	3.0629	27.0304	11.282	2.830450e+02	4.052108e+02	8.716202e+02	1.166123e+03	0.523	4.725	2.822	23.4948	25.3740	0.508	B	0	0	unmatched_409.07
404	381.610	6538.905	21.7121733	-1.1424413	11.711	6.684	-38.893	0.4292	4.415818e+03	2.806041e+02	20.8875	0.0690	3.710	13.568	3.5684	27.4569	15.737	5.525020e+01	2.844732e+02	5.793891e+02	1.082889e+03	NaN	NaN	NaN	NaN	NaN	0.423	C	0	0	unmatched_595.52
405	689.601	6529.096	21.6896693	-1.1431603	13.375	6.727	30.129	0.4971	8.284359e+03	2.617586e+02	20.2044	0.0343	3.500	9.868	2.5953	24.5739	31.649	1.393440e+03	3.172250e+03	4.986906e+03	6.252439e+03	0.857	11.903	3.426	20.6547	24.2657	0.454	C	0	0	unmatched_534.82
406	264.474	6545.203	21.7207320	-1.1419803	12.975	7.566	58.463	0.4169	4.606241e+03	2.780370e+02	20.8416	0.0655	3.500	14.460	3.8029	27.2342	16.567	2.729559e+01	2.184687e+02	9.068128e+02	1.178804e+03	0.360	19.826	6.525	22.9489	27.5253	0.490	C	0	0	unmatched_620.26
407	3591.324	6557.731	21.4776447	-1.1410818	9.542	5.540	-28.710	0.4194	1.524160e+03	1.875397e+02	22.0424	0.1336	3.500	11.025	2.8995	27.1383	8.127	1.169608e+02	3.224296e+02	6.020005e+02	8.150378e+02	0.394	6.256	2.845	23.5983	25.7633	0.474	C	0	0	unmatched_385.67
408	1357.369	6570.335	21.6408767	-1.1401521	12.338	5.337	-16.274	0.5674	3.584213e+03	2.145278e+02	21.1140	0.0650	3.500	11.550	3.0375	26.4480	16.707	4.714622e+02	6.947203e+02	1.026517e+03	1.490984e+03	0.568	4.199	3.811	22.9673	24.8212	0.610	B	0	0	unmatched_441.74
409	2979.209	6528.376	21.5223715	-1.1432248	11.155	6.383	29.116	0.4278	6.313351e+03	2.120972e+02	20.4994	0.0365	3.500	12.584	3.3096	26.4331	29.766	3.843327e+02	7.869268e+02	1.192980e+03	2.421380e+03	0.720	7.346	6.775	22.7394	25.4602	0.640	B	0	0	unmatched_410.80
410	1465.163	6572.919	21.6330004	-1.1399639	14.898	9.584	87.018	0.3567	6.912202e+03	3.239222e+02	20.4010	0.0509	3.500	19.808	5.2094	27.6171	21.339	1.276665e+01	3.280803e+02	7.717349e+02	1.518472e+03	0.360	8.182	3.897	23.8006	25.9876	0.526	B	0	0	unmatched_430.60
411	765.508	6600.389	21.6841223	-1.1379526	15.022	5.802	-58.860	0.6138	2.381783e+03	2.683173e+02	21.5577	0.1223	3.500	10.819	2.8454	26.6078	8.877	1.850133e+02	5.242745e+02	1.046473e+03	1.134363e+03	0.485	6.645	4.805	22.7952	25.7547	0.506	B	0	0	unmatched_535.20
412	1430.701	6629.103	21.6355180	-1.1358593	13.076	4.120	-49.327	0.6849	1.496109e+04	2.099440e+02	19.5626	0.0152	3.500	13.471	3.5430	26.9164	71.262	8.104391e+01	5.489115e+02	8.736982e+02	1.389897e+03	0.557	2.483	3.980	23.2244	24.1704	0.560	B	0	0	unmatched_447.74
413	3536.257	6663.897	21.4816682	-1.1333259	11.428	7.235	58.268	0.3670	2.021672e+03	2.733652e+02	21.7357	0.1468	3.500	13.320	3.5030	27.4569	7.395	-2.708278e+01	6.792017e+01	5.920175e+02	1.101007e+03	NaN	NaN	NaN	NaN	NaN	0.364	C	0	0	unmatched_413.85
414	1799.528	6719.279	21.6085680	-1.1292737	8.354	4.033	-40.449	0.5173	1.616545e+03	1.821638e+02	21.9785	0.1223	3.500	10.865	2.8574	27.2345	8.874	1.644752e+02	3.042285e+02	4.394808e+02	1.723328e+03	0.745	4.978	5.287	23.8309	25.6416	0.454	C	0	0	unmatched_442.57
415	302.671	6706.469	21.7179395	-1.1301997	13.299	5.594	44.506	0.5794	5.519211e+03	2.730680e+02	20.6453	0.0537	3.500	13.920	3.6611	25.8876	20.212	5.356781e+02	1.022484e+03	3.050513e+03	3.728537e+03	0.374	12.316	5.821	21.5073	24.7339	0.539	B	0	0	unmatched_640.30
416	6167.911	6738.428	21.2893763	-1.1278800	11.919	4.373	-15.787	0.6331	7.275239e+02	2.008863e+02	22.8454	0.2998	3.500	10.725	2.8207	27.7163	3.622	2.096613e+01	1.551072e+02	4.351066e+02	3.315478e+02	0.308	2.672	3.496	24.0124	23.9787	0.294	D	0	0	unmatched_790.25
417	5137.621	6793.076	21.3646583	-1.1238897	9.974	5.990	-51.286	0.3994	3.159941e+03	2.361731e+02	21.2508	0.0811	3.500	19.436	5.1116	27.9039	13.380	5.387478e+01	2.464202e+02	6.033639e+02	1.743359e+03	0.360	6.109	5.517	23.2020	24.2907	0.417	C	16	0	unmatched_604.74
418	3135.217	6800.482	21.5109712	-1.1233468	10.969	3.296	-45.339	0.6995	1.807140e+03	1.724940e+02	21.8575	0.1036	3.500	18.261	4.8027	28.0269	10.477	1.098585e+02	3.708621e+02	5.018520e+02	1.370549e+03	0.360	2.559	4.457	24.1983	25.2783	0.323	C	16	0	unmatched_465.24
419	4167.197	6821.426	21.4355659	-1.1218187	9.481	2.850	4.031	0.6994	1.026627e+03	1.588735e+02	22.4715	0.1680	3.500	10.733	2.8228	27.5243	6.462	7.072077e+01	2.081647e+02	3.215189e+02	5.360361e+02	0.360	17.335	4.401	23.1440	26.5859	0.330	C	16	0	unmatched_479.57
420	4237.036	6807.030	21.4304629	-1.1228704	12.134	9.050	-52.325	0.2541	1.154257e+03	2.754498e+02	22.3442	0.2591	3.500	10.591	2.7853	26.2690	4.190	4.339660e+02	7.289777e+02	1.189156e+03	1.425496e+03	1.458	8.440	4.421	22.1968	25.7631	0.577	B	16	0	unmatched_482.14
421	5449.961	6818.918	21.3418361	-1.1220015	9.725	7.931	72.793	0.1845	1.101107e+04	2.272671e+02	19.8954	0.0224	3.500	10.570	2.7799	25.5271	48.450	4.891821e+02	1.405069e+03	2.790488e+03	3.181035e+03	0.550	10.395	6.894	21.5549	25.4431	0.599	B	16	0	unmatched_667.38
422	4566.344	20.212	21.4064018	-1.6186819	21.653	7.242	-86.415	0.6655	6.750776e+03	2.870069e+02	20.4266	0.0462	3.500	23.456	6.1688	27.6694	23.521	2.128882e+02	5.845991e+02	8.908597e+02	1.892031e+03	0.360	8.330	7.843	23.2927	25.8219	0.425	C	16	0	unmatched_456.79
423	3057.952	38.384	21.5166413	-1.6173512	26.445	9.274	-11.677	0.6493	9.407265e+03	4.090847e+02	20.0663	0.0472	3.500	28.643	7.5330	28.1036	22.996	-1.721029e+01	1.239436e+02	7.394783e+02	1.244492e+03	0.360	22.392	4.167	22.7909	26.4652	0.431	C	16	0	unmatched_570.38
424	1473.688	46.042	21.6324247	-1.6167819	26.386	7.969	-51.239	0.6980	6.598307e+03	3.472983e+02	20.4514	0.0571	3.573	38.302	10.0733	28.4228	18.999	3.308877e+01	8.821724e+01	3.094131e+02	1.830713e+03	0.477	81.986	5.239	21.3862	26.7976	0.429	C	16	0	unmatched_602.36
425	4319.991	107.408	21.4244063	-1.6123117	7.480	5.418	39.904	0.2756	5.022314e+03	1.749121e+02	20.7477	0.0378	3.500	12.136	3.1918	26.4946	28.713	2.923763e+02	6.829932e+02	1.391842e+03	2.601951e+03	NaN	NaN	NaN	NaN	NaN	0.626	B	0	0	unmatched_456.55
426	2549.240	101.058	21.5538196	-1.6127701	9.015	3.979	-56.405	0.5586	9.284623e+03	2.263573e+02	20.0806	0.0265	4.724	21.115	5.5532	26.2175	41.018	3.241153e+02	4.610198e+02	2.063583e+03	6.961021e+03	NaN	NaN	NaN	NaN	NaN	0.588	B	0	0	unmatched_531.48
427	1432.845	120.764	21.6354092	-1.6113228	18.265	15.496	87.230	0.1516	1.310844e+04	4.845078e+02	19.7061	0.0401	3.791	31.112	8.1825	28.0912	27.055	1.979739e+02	4.610242e+02	7.075501e+02	1.720866e+03	NaN	NaN	NaN	NaN	NaN	0.506	B	16	0	unmatched_589.42
428	2900.915	191.087	21.5281175	-1.6061949	11.549	6.269	40.428	0.4572	3.922286e+03	2.515500e+02	21.0162	0.0696	4.032	14.762	3.8825	27.4746	15.592	2.673664e+02	3.583150e+02	5.870267e+02	1.303018e+03	NaN	NaN	NaN	NaN	NaN	0.416	C	0	0	unmatched_520.98
429	631.217	231.897	21.6939931	-1.6031966	7.793	3.794	-21.645	0.5131	1.615900e+03	1.415762e+02	21.9790	0.0951	3.500	14.868	3.9104	27.4103	11.414	1.649367e+02	4.203258e+02	8.591016e+02	1.273495e+03	0.360	8.963	3.518	23.3266	25.9964	0.441	C	0	0	unmatched_643.07
430	3413.969	258.960	21.4906215	-1.6012384	8.102	5.279	52.705	0.3484	2.444098e+03	1.901488e+02	21.5297	0.0845	3.764	13.454	3.5384	27.2570	12.854	2.147470e+02	3.684156e+02	7.084317e+02	2.462439e+03	0.360	31.894	4.969	21.5474	25.6322	0.486	C	0	0	unmatched_551.42
431	5938.741	233.271	21.3061019	-1.6031148	9.721	3.624	-67.431	0.6272	2.824754e+03	1.652029e+02	21.3725	0.0635	3.500	19.842	5.2185	27.8586	17.099	3.133465e+02	3.565231e+02	6.172799e+02	2.478495e+03	NaN	NaN	NaN	NaN	NaN	0.352	C	0	0	unmatched_455.42
432	3476.878	334.093	21.4860237	-1.5957497	17.592	7.131	30.949	0.5947	7.100167e+03	4.033786e+02	20.3718	0.0617	4.994	11.796	3.1023	28.0340	17.602	-8.589859e+00	7.615119e+01	4.098703e+02	3.413465e+02	0.360	15.115	4.120	23.6738	27.6856	0.382	C	0	0	unmatched_540.70
433	4954.496	274.602	21.3780342	-1.6000974	30.963	9.714	83.771	0.6863	5.959242e+03	4.567657e+02	20.5620	0.0832	3.500	38.780	10.1992	28.4194	13.047	1.922624e+02	4.370356e+02	4.913395e+02	1.562462e+03	NaN	NaN	NaN	NaN	NaN	0.292	D	0	0	unmatched_374.71
434	3463.317	389.620	21.4870146	-1.5916932	12.412	10.731	59.780	0.1354	1.515475e+03	2.894700e+02	22.0486	0.2074	3.500	14.302	3.7615	27.9412	5.235	1.230773e+01	5.936420e+01	4.859123e+02	6.565436e+02	0.360	8.742	3.125	24.9061	28.2676	0.416	C	0	0	unmatched_527.62
435	5168.869	405.104	21.3623672	-1.5905634	18.724	9.414	-56.200	0.4972	1.992235e+04	3.899125e+02	19.2516	0.0212	3.708	23.364	6.1447	28.0163	51.094	2.163840e+02	4.435701e+02	6.486791e+02	1.035384e+03	0.360	5.250	3.751	23.6792	25.5415	0.462	C	0	0	unmatched_342.44
436	6569.334	420.241	21.2600168	-1.5894531	26.810	9.613	28.813	0.6414	2.066812e+05	7.053280e+02	16.7117	0.0037	5.296	32.196	8.4675	27.8655	293.028	2.227505e+02	3.540504e+02	7.441998e+02	1.719938e+03	NaN	NaN	NaN	NaN	NaN	0.417	C	16	0	unmatched_529.16
437	1868.998	390.237	21.6035321	-1.5916400	15.999	8.331	72.413	0.4793	5.967251e+03	2.837457e+02	20.5606	0.0516	3.500	26.547	6.9818	27.6633	21.030	1.886109e+02	5.777511e+02	1.077686e+03	1.785229e+03	0.360	13.016	3.135	22.6109	26.2029	0.522	B	0	0	unmatched_479.48
438	1819.332	436.363	21.6071615	-1.5882700	7.539	5.532	76.015	0.2663	2.029588e+03	1.603113e+02	21.7315	0.0858	3.500	14.543	3.8247	27.3723	12.660	1.978732e+02	4.390471e+02	7.232568e+02	1.625700e+03	0.360	21.296	3.400	22.2773	26.2685	0.508	B	0	0	unmatched_472.40
439	3091.811	445.391	21.5141653	-1.5876176	10.962	5.050	60.151	0.5393	6.209293e+03	2.181160e+02	20.5174	0.0381	4.298	27.954	7.3519	27.8663	28.468	1.839732e+02	3.559421e+02	5.630830e+02	2.752935e+03	0.413	4.784	8.843	24.0171	26.1620	0.449	C	0	0	unmatched_471.77
440	1063.381	458.997	21.6624078	-1.5866102	13.658	9.422	85.625	0.3101	4.727205e+03	2.740401e+02	20.8135	0.0629	3.548	17.330	4.5577	28.2695	17.250	-1.202234e+01	7.561573e+01	3.756307e+02	6.383995e+02	0.360	27.479	2.707	20.3933	25.7340	0.444	C	0	0	unmatched_553.34
441	3767.429	459.155	21.4647890	-1.5866141	17.332	7.103	42.855	0.5902	5.133799e+03	2.589751e+02	20.7239	0.0548	3.500	26.934	7.0837	27.8560	19.824	2.072448e+02	3.030525e+02	4.945886e+02	1.675794e+03	0.514	3.407	7.842	24.2436	25.5711	0.471	C	0	0	unmatched_462.44
442	2531.784	545.024	21.5550932	-1.5803363	15.715	11.201	-18.390	0.2873	1.406491e+04	4.112157e+02	19.6297	0.0317	4.281	14.265	3.7518	27.7394	34.203	3.218768e+01	1.580792e+02	6.003685e+02	7.939864e+02	NaN	NaN	NaN	NaN	NaN	0.460	C	0	0	unmatched_414.64
443	5768.283	546.692	21.3185604	-1.5802184	13.149	5.378	-64.085	0.5910	5.028453e+03	2.572144e+02	20.7464	0.0555	3.500	22.228	5.8459	27.3909	19.550	3.478891e+02	4.798568e+02	8.904412e+02	2.445609e+03	0.419	4.756	6.277	23.4402	25.2032	0.500	B	0	0	unmatched_361.83
444	402.449	564.454	21.7107086	-1.5788995	13.676	10.003	42.207	0.2686	8.426115e+03	3.741888e+02	20.1859	0.0482	3.548	13.873	3.6486	27.1681	22.518	1.926784e+01	2.655250e+02	8.002263e+02	1.078368e+03	0.360	10.783	5.300	23.4359	26.0094	0.565	B	0	0	unmatched_589.29
445	3671.077	559.027	21.4718305	-1.5793178	12.732	6.564	-80.608	0.4844	4.603324e+03	2.235157e+02	20.8423	0.0527	3.500	26.370	6.9354	27.9095	20.595	1.497771e+02	3.780303e+02	5.819165e+02	2.087266e+03	0.360	31.785	4.098	21.9903	26.2492	0.483	C	0	0	unmatched_463.36
446	1032.835	567.787	21.6646393	-1.5786624	19.934	6.919	38.721	0.6529	3.624805e+04	2.997437e+02	18.6018	0.0090	3.587	32.669	8.5918	28.2588	120.930	1.705731e+02	3.039285e+02	5.607301e+02	1.346063e+03	NaN	NaN	NaN	NaN	NaN	0.362	C	0	0	unmatched_527.21
447	4766.026	567.825	21.3918083	-1.5786762	18.183	10.660	74.607	0.4137	6.376645e+03	3.819957e+02	20.4885	0.0650	3.500	19.102	5.0239	27.0272	16.693	2.711864e+01	2.198891e+02	1.290919e+03	1.683033e+03	0.360	42.831	3.794	21.6286	27.2759	0.557	B	0	0	unmatched_304.39
448	4312.587	567.310	21.4249471	-1.5787137	12.228	5.834	-47.390	0.5229	1.648284e+04	1.916375e+02	19.4574	0.0126	3.500	17.892	4.7055	27.8272	86.010	2.670225e+02	3.477478e+02	6.041825e+02	1.051900e+03	0.576	2.743	3.256	23.8870	25.0641	0.509	B	0	0	unmatched_350.12
449	3379.884	689.187	21.4931113	-1.5698081	18.817	12.812	25.173	0.3192	1.154417e+04	4.061618e+02	19.8441	0.0382	3.686	16.574	4.3591	27.6432	28.423	6.777174e+00	1.799565e+02	6.269442e+02	8.742474e+02	0.360	13.902	3.280	23.3023	27.6955	0.528	B	0	0	unmatched_449.07
450	416.548	625.411	21.7096777	-1.5744466	13.717	6.156	-6.834	0.5512	4.311161e+05	2.948504e+02	15.9135	0.0007	3.500	18.112	4.7634	27.4267	1462.152	2.869769e+02	4.209591e+02	8.956288e+02	1.494062e+03	0.843	3.148	6.419	23.6956	25.0747	0.518	B	0	0	unmatched_573.52
451	428.281	647.002	21.7088200	-1.5728693	9.857	4.539	-71.885	0.5395	5.101959e+03	2.341895e+02	20.7307	0.0498	3.804	16.361	4.3028	27.3557	21.786	2.773367e+02	4.676961e+02	7.902841e+02	1.821494e+03	0.360	49.222	8.338	21.9062	26.3955	0.463	C	0	0	unmatched_567.06
452	396.040	690.517	21.7111758	-1.5696901	6.830	4.162	-53.900	0.3907	3.326587e+03	2.038196e+02	21.1950	0.0665	4.121	17.815	4.6855	27.8726	16.321	2.705438e+02	4.213651e+02	8.558592e+02	2.321168e+03	NaN	NaN	NaN	NaN	NaN	0.396	C	0	0	unmatched_561.51
453	1233.731	737.707	21.6499561	-1.5662508	9.956	4.302	26.434	0.5679	2.686786e+04	1.610056e+02	18.9269	0.0065	3.500	12.619	3.3188	27.0560	166.875	2.957442e+02	4.076117e+02	8.883996e+02	1.177039e+03	NaN	NaN	NaN	NaN	NaN	0.477	C	0	0	unmatched_473.16
454	3382.637	843.239	21.4929097	-1.5585539	17.573	9.694	20.072	0.4483	3.820121e+05	4.611023e+02	16.0448	0.0013	4.831	18.522	4.8713	28.4941	828.476	5.375445e+01	8.327139e+01	3.992950e+02	5.298448e+02	0.360	24.250	3.375	23.0994	28.4724	0.406	C	0	0	unmatched_416.15
455	3269.815	811.288	21.5011550	-1.5608877	21.912	9.768	-77.318	0.5542	5.459176e+04	3.686033e+02	18.1572	0.0073	3.500	23.069	6.0672	27.2002	148.104	6.284877e+00	1.573919e+02	1.436569e+03	2.304195e+03	NaN	NaN	NaN	NaN	NaN	0.498	C	0	0	unmatched_406.41
456	6452.543	835.912	21.2685540	-1.5590870	18.325	12.008	-64.034	0.3447	5.494386e+04	4.713877e+02	18.1502	0.0093	3.866	23.758	6.2484	27.8762	116.558	-2.875005e+01	1.630695e+02	7.551833e+02	8.591088e+02	NaN	NaN	NaN	NaN	NaN	0.461	C	0	0	unmatched_440.81
457	6119.941	905.699	21.2928615	-1.5539900	10.059	6.191	-15.228	0.3845	3.263881e+03	2.467770e+02	21.2157	0.0821	3.505	12.912	3.3957	27.0442	13.226	2.301191e+02	4.593774e+02	7.437009e+02	1.522470e+03	0.631	4.714	5.369	23.6001	25.4299	0.543	B	0	0	unmatched_357.56
458	6227.641	917.480	21.2849906	-1.5531289	21.673	7.583	46.743	0.6501	7.945777e+03	3.803430e+02	20.2497	0.0520	3.500	19.819	5.2123	26.8337	20.891	1.802764e+02	7.186944e+02	1.580616e+03	2.099079e+03	NaN	NaN	NaN	NaN	NaN	0.512	B	0	0	unmatched_379.24
459	1853.333	933.187	21.6046735	-1.5519749	16.782	7.536	-78.590	0.5510	8.827872e+04	4.333302e+02	17.6354	0.0053	5.163	18.997	4.9962	27.7664	203.722	1.122474e+01	1.262353e+02	6.414692e+02	7.320393e+02	NaN	NaN	NaN	NaN	NaN	0.407	C	0	0	unmatched_348.85
460	6283.364	974.688	21.2809185	-1.5489494	8.800	5.433	43.365	0.3826	2.348753e+03	2.004085e+02	21.5729	0.0926	3.500	10.466	2.7526	26.5510	11.720	3.024476e+02	5.611438e+02	8.635068e+02	1.625599e+03	NaN	NaN	NaN	NaN	NaN	0.512	B	0	0	unmatched_383.97
461	2389.273	993.799	21.5655059	-1.5475503	14.803	6.393	18.400	0.5681	5.042174e+04	3.677564e+02	18.2435	0.0079	4.822	19.118	5.0280	27.6141	137.106	2.924185e+02	3.299950e+02	7.369115e+02	1.406829e+03	NaN	NaN	NaN	NaN	NaN	0.424	C	0	0	unmatched_296.40
462	1694.175	963.433	21.6163047	-1.5497642	23.680	18.407	2.317	0.2227	2.060611e+04	6.047978e+02	19.2150	0.0319	3.873	19.159	5.0388	27.6341	34.071	2.858052e+01	1.441148e+02	8.237352e+02	1.324691e+03	0.360	19.512	3.612	22.6380	27.9112	0.554	B	0	0	unmatched_362.79
463	3163.978	1036.953	21.5088891	-1.5444014	11.232	6.195	-21.666	0.4484	2.144766e+03	2.161427e+02	21.6716	0.1094	3.500	11.077	2.9133	27.4197	9.923	1.014863e+02	2.440789e+02	4.717412e+02	5.606447e+02	0.360	6.535	3.142	23.7102	25.6822	0.435	C	0	0	unmatched_341.45
464	6665.148	1071.009	21.2530176	-1.5419109	12.295	5.446	-25.724	0.5571	2.675105e+03	2.473699e+02	21.4316	0.1004	3.500	9.822	2.5832	27.0322	10.814	1.290163e+02	3.311860e+02	6.546473e+02	6.092620e+02	0.360	13.389	4.573	23.1751	27.0198	0.446	C	0	0	unmatched_464.22
465	2300.098	1110.265	21.5720223	-1.5390414	18.186	10.022	43.249	0.4489	1.319626e+04	3.915829e+02	19.6989	0.0322	3.955	20.370	5.3574	27.8957	33.700	1.184104e+01	1.720200e+00	5.960694e+02	9.176427e+02	NaN	NaN	NaN	NaN	NaN	0.420	C	0	0	unmatched_268.18
466	2862.768	1164.902	21.5309015	-1.5350528	11.100	5.338	36.152	0.5190	9.908020e+02	1.839487e+02	22.5100	0.2016	3.500	10.625	2.7944	28.2457	5.386	8.114394e+00	1.048090e+02	1.704124e+02	2.660194e+02	0.360	14.018	2.612	23.9600	26.9853	0.294	D	0	0	unmatched_273.79
467	1693.427	1137.321	21.6163582	-1.5370609	11.371	6.537	-89.412	0.4251	8.346444e+03	2.487382e+02	20.1962	0.0324	3.957	19.100	5.0233	28.1905	33.555	3.000701e+02	3.488120e+02	4.337350e+02	8.681272e+02	0.618	2.717	4.200	23.8121	24.9358	0.482	C	0	0	unmatched_325.55
468	6084.758	1178.699	21.2954336	-1.5340461	10.385	5.260	31.614	0.4935	2.241381e+03	2.351063e+02	21.6237	0.1139	3.500	20.337	5.3487	28.0930	9.533	3.197663e+02	3.883980e+02	4.883375e+02	1.049787e+03	0.501	2.770	5.046	23.6805	24.7938	0.395	C	0	0	unmatched_312.71
469	3468.797	1180.675	21.4866120	-1.5339027	17.981	5.540	42.514	0.6919	3.099341e+03	2.657539e+02	21.2718	0.0931	3.867	13.148	3.4578	27.8864	11.662	1.352152e+01	1.314089e+02	4.227826e+02	4.270957e+02	0.360	54.034	3.018	22.5707	27.2880	0.349	C	0	0	unmatched_354.36
470	901.898	1151.169	21.6742033	-1.5360426	11.166	7.981	69.512	0.2853	6.622776e+03	2.328087e+02	20.4474	0.0382	3.500	24.981	6.5701	27.5277	28.447	2.299262e+02	3.788593e+02	6.531985e+02	4.332274e+03	0.422	4.585	7.773	23.9509	25.6853	0.547	B	0	0	unmatched_392.30
471	705.566	1071.145	21.6885520	-1.5418868	26.140	10.885	76.547	0.5836	3.466043e+05	5.539112e+02	16.1504	0.0017	4.478	44.845	11.7941	27.3026	625.740	1.192879e+03	2.308417e+03	2.835567e+03	4.500707e+03	NaN	NaN	NaN	NaN	NaN	0.553	B	0	0	unmatched_434.08
472	1078.446	1228.227	21.6613005	-1.5304148	15.470	6.503	0.505	0.5796	1.947028e+03	2.514801e+02	21.7766	0.1402	3.500	10.848	2.8530	28.4328	7.742	8.809941e+00	7.441018e+01	2.793124e+02	2.713287e+02	0.360	12.235	3.130	23.8302	27.0848	0.272	D	0	0	unmatched_356.72
473	2009.014	1242.119	21.5932943	-1.5294071	21.030	6.482	43.572	0.6918	4.840549e+03	2.805139e+02	20.7878	0.0629	3.500	28.988	7.6240	28.1275	17.256	-1.789363e+01	2.584646e+02	6.731730e+02	1.195809e+03	0.360	14.157	7.357	23.0285	26.6008	0.367	C	0	0	unmatched_257.86
474	3687.917	1205.133	21.4705984	-1.5321165	17.021	14.817	-75.992	0.1295	1.951427e+04	4.286248e+02	19.2741	0.0238	3.984	25.769	6.7772	28.2401	45.528	2.102946e+02	2.906908e+02	4.361436e+02	1.059974e+03	NaN	NaN	NaN	NaN	NaN	0.472	C	0	0	unmatched_327.40
475	3834.642	1310.730	21.4598753	-1.5244024	5.894	3.462	-70.816	0.4127	9.554561e+02	1.072167e+02	22.5495	0.1218	3.500	10.322	2.7148	27.2626	8.911	1.833406e+02	2.829017e+02	7.152215e+02	9.201700e+02	NaN	NaN	NaN	NaN	NaN	0.382	C	0	0	unmatched_291.02
476	6138.757	1342.757	21.2914879	-1.5220607	17.317	8.832	-22.323	0.4900	7.725021e+03	3.808944e+02	20.2803	0.0535	3.500	12.240	3.2191	26.6365	20.281	1.488558e+02	5.382093e+02	1.033387e+03	1.046504e+03	0.360	8.848	5.016	22.7371	25.5575	0.578	B	0	0	unmatched_309.92
477	3606.620	1390.619	21.4765392	-1.5185656	12.953	8.874	1.222	0.3149	3.056726e+03	2.520460e+02	21.2869	0.0895	3.500	13.987	3.6787	28.0074	12.128	4.192169e+00	6.514299e+01	4.299995e+02	5.245907e+02	0.360	17.305	2.567	23.4323	28.3078	0.427	C	0	0	unmatched_289.04
478	2045.478	1419.248	21.5906284	-1.5164671	17.673	8.037	-86.344	0.5452	4.219084e+03	2.917349e+02	20.9370	0.0751	3.500	18.254	4.8007	27.7706	14.462	2.252196e+02	3.173447e+02	6.254038e+02	1.080954e+03	NaN	NaN	NaN	NaN	NaN	0.356	C	0	0	unmatched_212.26
479	3199.831	1418.685	21.5062677	-1.5165140	20.873	13.126	23.750	0.3712	1.541387e+04	4.568962e+02	19.5302	0.0322	3.766	31.708	8.3392	28.2896	33.736	1.371178e+02	3.418976e+02	6.152994e+02	1.480323e+03	0.360	7.322	5.902	23.8189	26.5586	0.461	C	0	0	unmatched_270.47
480	6188.056	1435.620	21.2878854	-1.5152764	23.804	13.401	-23.241	0.4370	3.055952e+04	6.614416e+02	18.7871	0.0235	4.402	32.198	8.4680	28.4479	46.201	3.342849e+01	8.860565e+01	3.077297e+02	1.195645e+03	NaN	NaN	NaN	NaN	NaN	0.389	C	0	0	unmatched_316.09
481	1869.018	1439.656	21.6035239	-1.5149751	19.329	9.433	45.036	0.5120	5.085917e+03	3.312845e+02	20.7341	0.0707	3.500	26.795	7.0471	28.4991	15.352	1.125770e+01	1.347440e+02	4.649633e+02	1.009883e+03	0.360	21.822	3.211	23.3687	27.8195	0.383	C	0	0	unmatched_234.65
482	6252.013	1447.712	21.2832115	-1.5143927	18.194	6.898	84.223	0.6209	2.187939e+04	4.478814e+02	19.1499	0.0222	4.676	48.223	12.6825	27.5889	48.851	3.847195e+01	7.819748e+01	5.654146e+02	9.177043e+02	NaN	NaN	NaN	NaN	NaN	0.517	B	0	0	unmatched_331.88
483	6437.083	1558.331	21.2696868	-1.5063107	16.505	5.962	27.979	0.6388	5.375823e+03	3.030863e+02	20.6739	0.0612	3.726	16.891	4.4425	28.1729	17.737	3.746189e+01	8.533107e+01	3.600310e+02	4.411827e+02	NaN	NaN	NaN	NaN	NaN	0.302	C	0	0	unmatched_375.76
484	5203.364	1577.421	21.3598477	-1.5049196	15.530	6.185	18.540	0.6018	4.074767e+03	2.906690e+02	20.9747	0.0774	3.500	14.207	3.7364	27.4120	14.019	3.045548e+01	7.798427e+01	8.011890e+02	7.267243e+02	NaN	NaN	NaN	NaN	NaN	0.373	C	0	0	unmatched_58.79
485	2617.692	1528.276	21.5488103	-1.5085053	14.683	7.147	27.330	0.5132	4.294794e+03	2.599116e+02	20.9176	0.0657	3.500	26.349	6.9299	27.3841	16.524	1.654417e+02	3.657473e+02	7.367307e+02	2.917325e+03	NaN	NaN	NaN	NaN	NaN	0.464	C	0	0	unmatched_161.80
486	6220.529	1582.817	21.2855128	-1.5045227	15.363	7.135	-89.741	0.5356	1.809273e+04	3.774669e+02	19.3562	0.0227	4.329	34.322	9.0266	28.2349	47.932	-3.249930e+00	7.531176e+01	6.701683e+02	1.737141e+03	NaN	NaN	NaN	NaN	NaN	0.401	C	0	0	unmatched_318.45
487	1964.772	1605.273	21.5965252	-1.5028766	14.099	6.029	46.491	0.5724	4.371794e+03	2.311237e+02	20.8984	0.0574	3.500	22.090	5.8097	27.5553	18.915	2.577473e+02	3.894962e+02	8.623058e+02	1.799143e+03	0.683	3.701	3.432	23.7479	25.3769	0.533	B	0	0	unmatched_185.37
488	4325.144	1629.522	21.4240286	-1.5011137	9.755	4.218	-6.446	0.5676	5.032414e+03	1.543507e+02	20.7456	0.0333	3.500	21.393	5.6264	27.4013	32.604	2.592886e+02	3.199593e+02	9.462532e+02	4.818319e+03	NaN	NaN	NaN	NaN	NaN	0.461	C	0	0	unmatched_182.37
489	2593.685	1667.704	21.5505640	-1.4983193	15.464	5.308	35.728	0.6567	1.386879e+04	2.381070e+02	19.6449	0.0186	3.572	24.912	6.5518	28.4391	58.246	1.867480e+02	2.595452e+02	4.338601e+02	7.838002e+02	NaN	NaN	NaN	NaN	NaN	0.309	C	0	0	unmatched_124.88
490	5853.359	1797.314	21.3123463	-1.4888538	18.485	7.682	-61.522	0.5844	6.620953e+03	3.833127e+02	20.4477	0.0629	3.746	22.602	5.9443	28.2591	17.273	1.768178e+01	1.172809e+02	4.067269e+02	8.104026e+02	NaN	NaN	NaN	NaN	NaN	0.320	C	0	0	unmatched_221.98
491	4512.906	1813.970	21.4103068	-1.4876388	18.463	7.728	15.189	0.5814	6.313236e+03	3.233448e+02	20.4994	0.0556	3.500	14.510	3.8162	28.2987	19.525	2.999624e+01	9.499208e+01	4.369238e+02	3.971292e+02	NaN	NaN	NaN	NaN	NaN	0.306	C	0	0	unmatched_135.57
492	6027.612	1913.001	21.2996123	-1.4804017	13.499	8.280	-6.842	0.3866	5.910549e+03	3.082729e+02	20.5709	0.0566	3.500	12.604	3.3148	28.1898	19.173	6.422017e+01	8.944537e+01	5.800206e+02	3.829273e+02	0.360	16.288	4.213	23.4394	27.1493	0.422	C	0	0	unmatched_237.84
493	5253.307	1926.639	21.3561983	-1.4794073	21.176	8.357	-39.514	0.6053	3.254491e+03	3.877341e+02	21.2188	0.1294	3.500	22.484	5.9133	28.4796	8.394	7.333882e+00	9.755164e+01	4.087208e+02	5.538973e+02	NaN	NaN	NaN	NaN	NaN	0.205	D	0	0	unmatched_86.81
494	5243.456	2007.211	21.3569183	-1.4735211	13.328	7.833	80.400	0.4123	1.818720e+03	2.907038e+02	21.8506	0.1735	3.500	12.949	3.4055	27.5659	6.256	6.899507e+00	1.188371e+02	5.083347e+02	6.810432e+02	0.424	12.637	3.787	23.6324	26.4576	0.417	C	0	0	unmatched_101.07
495	595.520	2037.723	21.6965852	-1.4712730	8.022	4.522	25.870	0.4363	7.312746e+02	1.564776e+02	22.8398	0.2323	3.500	14.344	3.7725	27.5765	4.673	2.427713e+02	3.107042e+02	6.927743e+02	8.370415e+02	0.523	2.926	2.888	23.9076	25.1731	0.435	C	0	0	unmatched_269.69
496	3806.768	1966.886	21.4619111	-1.4764667	10.408	6.280	-70.374	0.3966	4.217925e+03	1.973553e+02	20.9373	0.0508	3.500	11.969	3.1478	26.8526	21.372	1.872143e+02	4.631524e+02	9.595025e+02	1.369976e+03	0.360	16.366	2.668	22.5292	26.3425	0.595	B	0	0	unmatched_129.79
497	3057.847	2091.929	21.5166415	-1.4673295	14.324	10.457	82.173	0.2699	1.660095e+03	3.334344e+02	21.9497	0.2181	3.500	17.869	4.6996	27.8678	4.979	1.588765e+01	1.394639e+02	5.882926e+02	8.331031e+02	0.360	19.781	3.348	23.3988	26.8406	0.403	C	0	0	unmatched_160.81
498	2682.521	2105.892	21.5440699	-1.4663078	12.859	9.541	-31.867	0.2580	1.216330e+03	2.969710e+02	22.2874	0.2651	3.500	10.780	2.8351	27.6801	4.096	2.022950e+01	1.886975e+02	4.706682e+02	4.500745e+02	0.360	8.395	3.496	23.6375	26.6947	0.398	C	0	0	unmatched_62.04
499	1985.946	2112.936	21.5949748	-1.4657894	20.441	8.930	-7.464	0.5631	1.953646e+04	4.085253e+02	19.2729	0.0227	3.841	18.656	4.9065	28.2806	47.822	-1.570114e+00	-4.995233e+00	4.044028e+02	4.748390e+02	0.360	11.825	5.718	25.9801	28.4098	0.383	C	0	0	unmatched_121.27
500	3148.324	2132.974	21.5100294	-1.4643313	18.842	9.776	-55.628	0.4812	9.226561e+03	3.891251e+02	20.0874	0.0458	3.500	14.744	3.8778	27.0461	23.711	8.042435e+00	2.054700e+02	1.267474e+03	1.454638e+03	0.360	12.107	5.397	22.4903	25.8210	0.536	B	0	0	unmatched_184.48
501	3573.185	2177.150	21.4789808	-1.4611052	16.247	7.778	44.175	0.5213	6.114885e+03	3.130974e+02	20.5340	0.0556	3.500	15.160	3.9872	27.8228	19.530	4.856085e+01	1.113265e+02	6.024666e+02	8.158517e+02	0.360	73.930	5.255	21.6798	28.0077	0.436	C	0	0	unmatched_138.09
502	2226.274	2176.667	21.5774116	-1.4611350	15.563	5.308	75.518	0.6589	1.859151e+03	2.710875e+02	21.8267	0.1583	3.500	12.033	3.1647	27.1533	6.858	2.754861e+02	3.761250e+02	6.277610e+02	7.955556e+02	1.162	5.115	4.414	23.2819	25.6808	0.430	C	0	0	unmatched_59.98
503	2541.658	2276.867	21.5543632	-1.4538165	7.385	3.759	85.974	0.4910	1.425618e+03	1.603743e+02	22.1150	0.1221	3.500	12.604	3.3149	26.8638	8.889	2.893141e+02	5.311945e+02	1.161034e+03	1.736896e+03	0.360	7.023	5.463	23.1304	25.3878	0.464	C	0	0	unmatched_48.33
504	5400.147	2289.739	21.3454679	-1.4528806	7.174	4.933	69.801	0.3124	3.136925e+03	2.094607e+02	21.2587	0.0725	3.500	13.628	3.5841	26.9195	14.976	3.366427e+02	5.433472e+02	1.341073e+03	2.422213e+03	NaN	NaN	NaN	NaN	NaN	0.519	B	0	0	unmatched_74.64
505	5278.913	2303.282	21.3543277	-1.4518914	15.434	5.977	80.093	0.6127	3.868631e+03	2.997451e+02	21.0311	0.0841	3.500	20.439	5.3756	27.7220	12.906	2.239473e+02	4.513708e+02	7.226634e+02	1.273677e+03	4.716	77.169	4.781	21.3336	28.7757	0.339	C	0	0	unmatched_78.93
506	4777.771	2338.573	21.3909506	-1.4493137	33.744	15.977	-43.603	0.5265	3.557201e+04	6.661886e+02	18.6222	0.0203	3.500	21.691	5.7048	26.5138	53.396	4.993097e+00	1.397191e+02	2.178300e+03	3.981190e+03	NaN	NaN	NaN	NaN	NaN	0.594	B	0	0	unmatched_177.31
507	1011.727	2376.963	21.6661668	-1.4464937	17.335	7.567	52.940	0.5635	3.519303e+03	3.291835e+02	21.1339	0.1016	3.500	16.127	4.2414	27.8649	10.691	3.438330e+01	1.408140e+02	5.701821e+02	8.813163e+02	0.360	21.766	4.350	22.6937	27.5778	0.368	C	0	0	unmatched_134.13
508	1841.737	2407.140	21.6055115	-1.4442954	11.774	8.674	-66.523	0.2633	1.267154e+03	2.718250e+02	22.2429	0.2329	3.500	12.777	3.3603	27.6707	4.662	3.215557e+01	1.591850e+02	5.355291e+02	5.581616e+02	0.360	15.891	3.201	22.8158	27.7138	0.411	C	128	0	unmatched_93.82
509	6089.287	2431.756	21.2951068	-1.4425037	17.096	12.215	9.781	0.2855	1.130885e+04	3.756994e+02	19.8665	0.0361	3.560	24.989	6.5722	27.2938	30.101	1.715427e+02	5.100347e+02	1.196538e+03	2.739482e+03	NaN	NaN	NaN	NaN	NaN	0.560	B	0	0	unmatched_182.56
510	2005.781	2463.169	21.5935232	-1.4402032	21.952	10.223	-68.905	0.5343	1.637538e+04	5.366896e+02	19.4645	0.0356	4.663	17.736	4.6645	27.8258	30.512	2.455371e+01	7.638890e+01	5.870636e+02	8.737690e+02	NaN	NaN	NaN	NaN	NaN	0.398	C	0	0	unmatched_133.18
511	2609.744	2509.012	21.5493866	-1.4368574	11.818	6.427	-84.337	0.4562	6.032091e+03	2.848488e+02	20.5488	0.0513	3.962	16.736	4.4016	27.7063	21.176	2.523862e+02	3.706458e+02	6.404451e+02	1.065624e+03	NaN	NaN	NaN	NaN	NaN	0.431	C	0	0	unmatched_111.06
512	3228.125	2515.360	21.5041964	-1.4363962	14.572	10.131	-32.877	0.3047	2.019887e+03	3.143047e+02	21.7367	0.1689	3.500	10.167	2.6740	28.1691	6.427	7.767926e+01	1.177916e+02	3.819968e+02	1.630770e+02	NaN	NaN	NaN	NaN	NaN	0.263	D	0	0	unmatched_218.54
513	1735.346	2581.030	21.6132852	-1.4315911	13.329	5.334	50.113	0.5998	1.956613e+03	2.046726e+02	21.7712	0.1136	3.500	11.665	3.0679	28.4119	9.560	1.065587e+01	8.610193e+01	3.765230e+02	2.564868e+02	0.360	49.782	2.847	19.5077	25.9472	0.289	D	0	0	unmatched_63.60
514	5925.200	2652.159	21.3070987	-1.4264026	8.567	6.568	-52.196	0.2334	1.427952e+04	2.608225e+02	19.6132	0.0198	4.446	13.961	3.6717	27.0861	54.748	2.804703e+02	4.849957e+02	8.746423e+02	4.092246e+03	0.360	0.818	9.651	24.2598	22.6793	0.539	B	0	0	unmatched_137.14
515	6261.230	2586.803	21.2825422	-1.4311761	36.558	24.155	82.935	0.3393	3.797386e+05	1.038223e+03	16.0513	0.0030	4.609	34.690	9.1234	28.1010	365.758	1.646455e+02	3.705930e+02	5.218783e+02	1.826337e+03	NaN	NaN	NaN	NaN	NaN	0.470	C	0	0	unmatched_223.97
516	3774.573	2700.473	21.4642625	-1.4228741	13.946	7.555	41.584	0.4583	7.572960e+03	3.271164e+02	20.3018	0.0469	4.196	13.341	3.5087	27.5092	23.151	2.018531e+01	1.228056e+02	7.354602e+02	6.587410e+02	NaN	NaN	NaN	NaN	NaN	0.445	C	0	0	unmatched_108.05
517	1316.285	2717.735	21.6439079	-1.4216011	7.884	5.762	-60.246	0.2692	2.073324e+03	1.737541e+02	21.7083	0.0910	3.500	10.657	2.8028	27.2390	11.933	2.021518e+02	3.067977e+02	4.442421e+02	1.285009e+03	0.360	4.446	3.281	24.0202	25.7459	0.507	B	0	0	unmatched_72.02
518	1726.206	2763.948	21.6139519	-1.4182280	16.510	7.310	-1.044	0.5572	4.576102e+03	2.787032e+02	20.8488	0.0661	3.500	14.587	3.8364	28.0516	16.419	-2.129996e+00	1.780566e+02	3.078969e+02	2.347149e+02	NaN	NaN	NaN	NaN	NaN	0.319	C	0	0	unmatched_87.74
519	2260.262	2785.470	21.5749244	-1.4166589	11.814	6.382	89.884	0.4598	5.289815e+03	2.154458e+02	20.6914	0.0442	3.500	20.154	5.3005	27.5082	24.553	1.815543e+02	4.189113e+02	8.467155e+02	1.788750e+03	NaN	NaN	NaN	NaN	NaN	0.469	C	0	0	unmatched_51.00
520	3336.681	2810.538	21.4962624	-1.4148321	14.166	6.607	86.090	0.5336	1.644747e+03	3.025861e+02	21.9598	0.1997	4.071	11.826	3.1103	27.9209	5.436	3.318654e+01	1.158077e+02	4.174798e+02	3.069311e+02	NaN	NaN	NaN	NaN	NaN	0.236	D	0	0	unmatched_217.08
521	5644.328	2822.272	21.3276247	-1.4139756	22.335	7.087	-57.100	0.6827	1.020516e+04	3.268202e+02	19.9780	0.0348	3.500	12.926	3.3995	24.8189	31.226	3.241943e+02	2.549752e+03	6.082738e+03	6.872171e+03	0.408	6.409	5.830	20.6093	23.3437	0.400	C	0	0	unmatched_89.95
522	1012.800	2867.883	21.6660843	-1.4106297	10.185	6.365	20.933	0.3751	2.001634e+03	2.024408e+02	21.7465	0.1098	3.500	16.534	4.3484	27.7025	9.887	2.427581e+02	3.727590e+02	5.848613e+02	1.429756e+03	0.428	3.985	3.138	23.7582	25.5588	0.455	C	0	0	unmatched_158.43
523	3103.944	2898.334	21.5132700	-1.4084174	17.729	10.936	48.928	0.3832	2.198910e+04	4.825619e+02	19.1445	0.0238	4.432	9.618	2.5295	27.8185	45.567	7.402140e+01	1.594876e+02	4.299107e+02	5.679906e+02	NaN	NaN	NaN	NaN	NaN	0.409	C	0	0	unmatched_183.27
524	6692.540	2935.318	21.2510245	-1.4057133	8.902	5.820	-88.416	0.3462	6.992730e+03	2.341425e+02	20.3884	0.0364	4.014	20.624	5.4240	27.6275	29.865	2.676333e+02	4.733073e+02	7.775608e+02	4.467306e+03	NaN	NaN	NaN	NaN	NaN	0.483	C	0	0	unmatched_350.55
525	6198.017	2905.198	21.2871628	-1.4079158	9.724	7.768	18.626	0.2012	5.402386e+03	2.249493e+02	20.6685	0.0452	3.731	12.449	3.2741	27.1213	24.016	1.004293e+02	3.689222e+02	7.246856e+02	1.593203e+03	0.360	9.702	3.379	23.6638	26.6271	0.600	B	0	0	unmatched_224.93
526	2377.356	2993.270	21.5663665	-1.4014787	16.429	8.676	-51.937	0.4719	2.014887e+04	3.769070e+02	19.2394	0.0203	4.115	19.719	5.1860	28.4324	53.458	2.740951e+01	1.013376e+02	3.750083e+02	3.871124e+02	NaN	NaN	NaN	NaN	NaN	0.338	C	0	0	unmatched_41.27
527	3187.476	3044.237	21.5071652	-1.3977587	13.852	10.774	47.289	0.2222	2.866345e+04	4.099227e+02	18.8567	0.0155	4.334	31.658	8.3260	27.5246	69.924	2.260785e+02	5.335170e+02	7.961237e+02	4.184727e+03	NaN	NaN	NaN	NaN	NaN	0.568	B	0	0	unmatched_160.34
528	5285.897	3095.182	21.3538185	-1.3940388	24.758	9.158	-58.114	0.6301	2.237825e+03	3.906504e+02	21.6254	0.1895	3.500	20.592	5.4158	28.0984	5.728	-8.310608e+00	5.347969e+01	4.701877e+02	8.419232e+02	0.360	21.999	3.463	22.8141	27.5416	0.311	C	0	0	unmatched_87.39
529	6604.291	3185.945	21.2574747	-1.3874041	11.006	3.822	40.662	0.6527	4.446590e+03	1.710500e+02	20.8799	0.0418	3.500	26.248	6.9032	28.2522	25.996	2.066765e+02	2.972787e+02	3.550776e+02	2.101823e+03	NaN	NaN	NaN	NaN	NaN	0.340	C	0	0	unmatched_353.06
530	1928.095	3181.108	21.5991958	-1.3877536	10.128	6.493	-21.275	0.3589	3.953019e+04	2.010912e+02	18.5077	0.0055	3.500	23.737	6.2428	27.7525	196.578	2.226396e+02	4.393784e+02	5.854028e+02	2.166414e+03	0.360	7.564	4.523	23.3855	25.6505	0.516	B	0	0	unmatched_94.21
531	6020.991	3230.417	21.3001004	-1.3841574	15.063	7.845	67.711	0.4792	4.272526e+03	2.594576e+02	20.9233	0.0659	3.500	15.996	4.2069	27.0592	16.467	1.570986e+01	2.220162e+02	1.056247e+03	1.240578e+03	0.948	27.863	3.379	22.0135	26.4197	0.574	B	0	0	unmatched_236.02
532	2497.738	3252.168	21.5575681	-1.3825654	20.885	11.241	-28.864	0.4617	4.354741e+04	4.494776e+02	18.4026	0.0112	3.500	15.407	4.0519	27.7345	96.884	3.969146e+01	1.833071e+02	5.231461e+02	7.201193e+02	NaN	NaN	NaN	NaN	NaN	0.421	C	0	0	unmatched_39.07
533	5506.606	3270.633	21.3376900	-1.3812207	9.957	4.570	-48.631	0.5411	3.082367e+03	1.884977e+02	21.2778	0.0664	3.500	25.534	6.7153	28.3291	16.352	1.278770e+02	4.207444e+02	6.456789e+02	2.129105e+03	0.360	26.314	5.800	22.0761	26.1233	0.375	C	0	0	unmatched_109.05
534	1656.176	3285.669	21.6190659	-1.3801132	9.355	6.056	-1.425	0.3526	1.813171e+03	1.833250e+02	21.8539	0.1098	3.500	10.951	2.8801	26.7401	9.890	1.490963e+02	4.765835e+02	7.776765e+02	9.310181e+02	0.360	9.183	2.943	23.2042	26.2046	0.536	B	0	0	unmatched_138.55
535	720.814	3319.171	21.6874175	-1.3776585	15.365	7.737	43.742	0.4964	1.278115e+04	2.740286e+02	19.7336	0.0233	3.500	29.262	7.6959	27.2199	46.642	2.794541e+02	4.599701e+02	6.440292e+02	4.455708e+03	NaN	NaN	NaN	NaN	NaN	0.532	B	0	0	unmatched_208.23
536	2028.653	3322.410	21.5918466	-1.3774314	14.130	8.461	69.741	0.4012	3.588176e+03	2.773946e+02	21.1128	0.0839	3.685	20.016	5.2642	28.4950	12.935	5.995950e+01	1.513868e+02	3.472759e+02	7.187266e+02	0.360	49.729	2.821	22.8114	27.6802	0.373	C	0	0	unmatched_104.38
537	5374.038	3380.187	21.3473778	-1.3732174	16.987	5.375	-75.245	0.6836	1.215196e+04	2.568951e+02	19.7884	0.0230	3.500	35.960	9.4574	28.0203	47.303	2.814204e+02	5.130676e+02	1.116786e+03	2.438010e+03	NaN	NaN	NaN	NaN	NaN	0.399	C	0	0	unmatched_70.76
538	6623.655	3419.109	21.2560607	-1.3703701	12.521	6.065	-26.244	0.5156	2.825946e+03	2.309157e+02	21.3721	0.0887	3.500	12.082	3.1775	27.4276	12.238	-1.099042e-01	1.702096e+02	4.841026e+02	7.932718e+02	0.360	16.566	3.363	23.4639	26.8724	0.438	C	0	0	unmatched_389.10
539	861.902	3434.612	21.6771064	-1.3692262	10.411	4.062	-44.960	0.6098	1.855239e+03	1.573510e+02	21.8290	0.0921	3.500	24.224	6.3710	28.2567	11.790	1.782056e+02	3.092464e+02	5.586448e+02	1.457639e+03	0.731	11.025	3.352	23.3936	26.1738	0.397	C	0	0	unmatched_160.76
540	5273.108	3445.013	21.3547536	-1.3684817	13.818	4.187	47.611	0.6970	4.117757e+03	2.416702e+02	20.9633	0.0637	4.342	25.751	6.7724	27.6400	17.039	1.068486e+02	4.059939e+02	6.618656e+02	2.507456e+03	NaN	NaN	NaN	NaN	NaN	0.385	C	0	0	unmatched_47.99
541	659.159	3410.141	21.6919220	-1.3710122	13.454	6.394	52.557	0.5247	2.722473e+03	2.294733e+02	21.4126	0.0915	3.554	11.701	3.0772	27.4662	11.864	2.007980e+02	2.645156e+02	4.799974e+02	6.219671e+02	NaN	NaN	NaN	NaN	NaN	0.357	C	0	0	unmatched_211.19
542	5913.987	3445.710	21.3079205	-1.3684294	12.522	9.968	-55.190	0.2040	5.239628e+03	2.627738e+02	20.7017	0.0545	3.500	25.366	6.6712	28.1341	19.940	1.899870e+02	3.350255e+02	5.502359e+02	1.736591e+03	NaN	NaN	NaN	NaN	NaN	0.466	C	0	0	unmatched_213.59
543	5897.248	3469.886	21.3091438	-1.3666632	17.801	6.307	20.363	0.6457	7.223338e+03	2.672194e+02	20.3532	0.0402	3.764	34.400	9.0471	28.4193	27.031	2.361615e+02	3.299695e+02	3.485233e+02	1.654434e+03	0.485	3.348	3.720	23.9519	25.3567	0.454	C	0	0	unmatched_209.87
544	2270.857	3477.170	21.5741465	-1.3661267	8.850	4.258	-62.154	0.5189	5.183971e+03	1.779031e+02	20.7133	0.0373	4.046	20.588	5.4146	27.3598	29.139	2.620444e+02	3.722524e+02	9.291898e+02	3.050444e+03	0.619	2.907	4.701	23.9108	25.2263	0.558	B	0	0	unmatched_84.78
545	6545.876	3461.965	21.2617446	-1.3672396	20.953	14.952	57.012	0.2864	8.230651e+03	4.485397e+02	20.2114	0.0592	3.500	25.861	6.8014	28.0185	18.350	-8.072108e+00	7.226524e+01	5.809177e+02	1.341725e+03	NaN	NaN	NaN	NaN	NaN	0.449	C	0	0	unmatched_379.34
546	536.553	3476.452	21.7008808	-1.3661668	23.919	11.955	53.554	0.5002	3.574938e+04	5.230667e+02	18.6168	0.0159	4.472	21.294	5.6004	27.8240	68.346	1.949160e+01	9.575296e+01	6.368029e+02	1.252983e+03	NaN	NaN	NaN	NaN	NaN	0.420	C	0	0	unmatched_235.21
547	5228.617	3505.053	21.3580049	-1.3640955	11.307	8.110	84.084	0.2828	3.203158e+03	2.431150e+02	21.2361	0.0824	3.500	10.464	2.7521	26.7706	13.175	1.055597e+02	4.251602e+02	9.672661e+02	8.298503e+02	0.360	11.847	3.158	22.7217	26.8240	0.569	B	0	0	unmatched_47.39
548	915.124	3537.762	21.6732164	-1.3616910	7.724	4.970	-27.146	0.3566	4.388451e+03	1.721961e+02	20.8942	0.0426	4.005	11.816	3.1077	27.4356	25.485	1.920812e+02	2.801526e+02	6.231161e+02	1.757767e+03	NaN	NaN	NaN	NaN	NaN	0.476	C	0	0	unmatched_136.06
549	5748.490	3552.676	21.3200147	-1.3606154	15.072	12.026	74.956	0.2021	2.294107e+04	3.827391e+02	19.0985	0.0181	4.188	13.900	3.6556	26.8486	59.939	5.989338e+01	4.078538e+02	9.432692e+02	1.325499e+03	0.360	12.822	3.523	22.8264	26.9939	0.635	B	0	0	unmatched_175.64
550	5589.045	3502.212	21.3316662	-1.3643025	29.593	18.841	-83.553	0.3633	3.427624e+05	7.280098e+02	16.1625	0.0023	4.268	31.669	8.3289	28.1788	470.821	9.550498e+00	1.014014e+02	3.214567e+02	1.675822e+03	NaN	NaN	NaN	NaN	NaN	0.442	C	0	0	unmatched_131.69
551	2064.832	3492.777	21.5892018	-1.3649854	6.595	4.306	2.918	0.3472	3.399709e+03	1.349101e+02	21.1714	0.0431	3.746	15.572	4.0954	27.5710	25.200	2.653875e+02	4.037801e+02	1.017682e+03	2.820261e+03	0.360	4.444	4.625	23.7996	25.4224	0.514	B	0	0	unmatched_138.18
552	5694.531	3499.299	21.3239577	-1.3645150	36.317	18.649	-37.880	0.4865	3.986126e+05	1.029994e+03	15.9986	0.0028	5.591	31.493	8.2826	27.8789	387.005	6.040138e+02	7.953727e+02	9.346561e+02	1.783498e+03	NaN	NaN	NaN	NaN	NaN	0.452	C	0	0	unmatched_158.50
553	2199.302	3622.161	21.5793746	-1.3555340	17.456	5.946	-87.809	0.6594	4.328809e+03	2.433711e+02	20.9091	0.0610	3.500	12.755	3.3547	27.4917	17.787	5.656785e+01	2.629841e+02	4.670628e+02	6.094626e+02	0.726	8.992	5.587	23.5729	26.7832	0.463	C	0	0	unmatched_118.44
554	2216.736	3692.009	21.5781002	-1.3504314	16.342	9.774	-73.340	0.4019	2.224626e+03	3.044001e+02	21.6319	0.1486	3.500	18.215	4.7906	27.9769	7.308	6.490661e+01	2.824027e+02	5.292811e+02	7.992331e+02	1.334	12.836	2.727	23.0940	26.8380	0.428	C	0	0	unmatched_125.85
555	6402.668	3705.953	21.2722106	-1.3494156	18.461	14.922	-85.794	0.1917	2.065804e+04	5.116691e+02	19.2123	0.0269	4.480	24.736	6.5055	28.2610	40.374	1.109371e+01	7.703901e+01	4.888310e+02	1.055402e+03	NaN	NaN	NaN	NaN	NaN	0.450	C	0	0	unmatched_345.30
556	1749.731	3838.581	21.6122256	-1.3397208	12.053	7.143	11.885	0.4074	3.720780e+03	2.226943e+02	21.0734	0.0650	3.500	20.879	5.4911	27.5258	16.708	2.379967e+02	3.916960e+02	8.417243e+02	2.058954e+03	NaN	NaN	NaN	NaN	NaN	0.453	C	0	0	unmatched_97.80
557	4742.040	3868.514	21.3935622	-1.3375430	20.824	11.228	88.829	0.4608	2.187325e+04	3.974781e+02	19.1502	0.0197	3.500	17.377	4.5702	28.0495	55.030	8.686281e+01	1.582353e+02	4.812270e+02	9.723726e+02	NaN	NaN	NaN	NaN	NaN	0.385	C	0	0	unmatched_58.78
558	1651.507	3886.471	21.6194029	-1.3362216	12.811	6.260	-85.267	0.5114	8.823375e+03	2.165747e+02	20.1359	0.0267	3.500	24.844	6.5340	27.6320	40.741	2.613313e+02	4.032704e+02	7.153811e+02	2.470235e+03	NaN	NaN	NaN	NaN	NaN	0.456	C	0	0	unmatched_78.51
559	1670.361	3900.178	21.6180251	-1.3352204	9.579	4.735	-63.639	0.5057	2.622387e+03	1.637981e+02	21.4533	0.0678	3.500	17.002	4.4715	27.4057	16.010	2.426231e+02	4.110066e+02	8.496793e+02	1.764692e+03	NaN	NaN	NaN	NaN	NaN	0.425	C	0	0	unmatched_84.60
560	1259.351	3930.515	21.6480591	-1.3330013	14.785	5.613	-25.424	0.6204	1.957931e+03	2.337819e+02	21.7705	0.1296	3.500	9.509	2.5007	27.3206	8.375	5.652252e+01	2.505034e+02	4.318301e+02	3.950248e+02	0.857	63.145	3.293	22.4462	27.6682	0.434	C	0	0	unmatched_60.71
561	6513.888	3887.763	21.2640840	-1.3361329	16.088	8.388	-60.653	0.4786	1.314068e+04	3.272087e+02	19.7035	0.0270	3.775	25.284	6.6497	27.9068	40.160	2.501191e+02	5.031056e+02	6.728777e+02	1.536448e+03	0.360	6.846	4.296	23.3898	25.6814	0.479	C	0	0	unmatched_369.78
562	631.990	3950.826	21.6939025	-1.3315124	17.480	10.616	-63.574	0.3927	7.882779e+03	3.486641e+02	20.2583	0.0480	3.500	20.461	5.3811	27.7610	22.609	-2.569160e+01	1.331325e+01	7.000302e+02	7.950949e+02	0.360	20.003	3.951	22.5219	27.5811	0.503	B	0	0	unmatched_207.10
563	447.180	3941.215	21.7074072	-1.3322129	14.601	8.593	-59.024	0.4115	2.903413e+03	3.036713e+02	21.3427	0.1136	3.693	13.696	3.6021	27.8556	9.561	1.867316e+02	2.350910e+02	5.172789e+02	6.178895e+02	0.453	3.110	3.864	24.3488	25.3975	0.418	C	0	0	unmatched_253.73
564	727.475	3829.453	21.6869261	-1.3403801	42.569	20.904	-58.961	0.5089	3.107432e+05	8.756444e+02	16.2690	0.0031	4.084	45.020	11.8403	28.0169	354.874	3.782710e+02	5.874669e+02	8.454765e+02	2.029930e+03	NaN	NaN	NaN	NaN	NaN	0.475	C	0	0	unmatched_176.04
565	6523.747	4017.948	21.2633641	-1.3266223	11.095	3.994	18.692	0.6400	2.399889e+03	1.769941e+02	21.5495	0.0801	3.500	21.680	5.7019	28.1990	13.559	2.847515e+02	3.380714e+02	4.217690e+02	1.403819e+03	0.471	3.279	3.360	23.7063	25.2081	0.394	C	0	0	unmatched_373.00
566	1013.933	4037.153	21.6659918	-1.3252090	8.774	6.972	38.654	0.2053	5.362865e+03	2.172057e+02	20.6765	0.0440	3.687	12.518	3.2921	27.0187	24.690	2.430517e+02	4.072677e+02	8.666554e+02	4.499689e+03	NaN	NaN	NaN	NaN	NaN	0.573	B	0	0	unmatched_106.02
567	6519.044	4059.482	21.2637080	-1.3235880	15.267	10.683	-42.004	0.3003	1.793112e+05	3.570471e+02	16.8660	0.0022	3.706	18.185	4.7825	28.1605	502.206	-1.884742e+01	-1.304777e+01	5.839773e+02	5.623611e+02	0.360	27.517	3.281	22.8727	28.3138	0.476	C	0	0	unmatched_372.63
568	5342.568	4076.109	21.3496787	-1.3223766	17.008	7.419	39.239	0.5638	1.671042e+03	2.992982e+02	21.9425	0.1945	3.500	19.235	5.0589	28.4070	5.583	4.743785e+01	7.856798e+01	3.846880e+02	5.645796e+02	NaN	NaN	NaN	NaN	NaN	0.190	D	0	0	unmatched_73.06
569	4846.299	4152.107	21.3859435	-1.3168250	11.094	7.767	-26.060	0.2999	2.622754e+03	2.534012e+02	21.4531	0.1049	3.500	19.046	5.0092	27.7937	10.350	3.133205e+02	3.866438e+02	6.710504e+02	1.477293e+03	0.653	2.964	4.311	23.6510	24.8467	0.481	C	0	0	unmatched_54.67
570	6428.207	4227.217	21.2703465	-1.3113344	17.351	13.663	89.568	0.2125	4.227918e+04	3.806034e+02	18.4347	0.0098	3.500	31.543	8.2959	28.2554	111.085	2.190038e+02	2.687104e+02	4.814051e+02	1.546032e+03	NaN	NaN	NaN	NaN	NaN	0.470	C	0	0	unmatched_355.99
571	1372.036	4189.076	21.6398228	-1.3141129	30.247	18.409	7.356	0.3914	4.075377e+04	5.814535e+02	18.4746	0.0155	3.500	20.529	5.3991	25.8406	70.089	2.059586e+02	1.015057e+03	4.060510e+03	7.705093e+03	0.585	18.507	5.215	20.3717	25.4230	0.638	B	0	0	unmatched_3.78
572	1197.275	4249.946	21.6525927	-1.3096648	12.251	7.902	-18.349	0.3550	4.625573e+03	2.501057e+02	20.8371	0.0587	3.500	24.908	6.5508	27.6439	18.494	2.290671e+02	3.690142e+02	8.178197e+02	2.455392e+03	NaN	NaN	NaN	NaN	NaN	0.481	C	0	0	unmatched_51.91
573	3615.074	4233.465	21.4759148	-1.3108803	8.416	6.193	32.474	0.2642	1.136755e+03	1.944948e+02	22.3608	0.1858	3.500	17.585	4.6249	28.0123	5.845	2.360156e+02	3.800845e+02	4.776960e+02	1.451342e+03	NaN	NaN	NaN	NaN	NaN	0.316	C	0	0	unmatched_109.23
574	1746.194	4339.147	21.6124808	-1.3031520	20.426	7.529	31.168	0.6314	1.362171e+05	4.101942e+02	17.1644	0.0033	4.552	55.388	14.5671	28.3404	332.080	1.924921e+01	1.204674e+02	6.208518e+02	2.014288e+03	NaN	NaN	NaN	NaN	NaN	0.437	C	0	0	unmatched_102.29
575	5623.636	4412.679	21.3291404	-1.2977879	10.170	4.846	-89.932	0.5235	2.346711e+03	1.967449e+02	21.5739	0.0910	3.500	22.415	5.8952	28.0004	11.928	2.614222e+02	4.534476e+02	6.175583e+02	1.647146e+03	0.360	6.301	5.325	23.4607	25.6047	0.379	C	0	0	unmatched_186.28
576	4538.726	4460.734	21.4084193	-1.2942782	8.723	5.855	3.124	0.3288	2.319235e+03	2.319244e+02	21.5866	0.1086	3.500	13.886	3.6520	26.9202	10.000	2.006670e+02	5.682693e+02	8.621874e+02	1.467944e+03	0.909	43.863	5.407	21.2849	26.7632	0.547	B	0	0	unmatched_154.77
577	466.644	4556.281	21.7059790	-1.2872799	19.427	9.445	21.820	0.5138	1.072812e+04	5.058540e+02	19.9237	0.0512	4.196	14.122	3.7141	27.5506	21.208	-8.539949e+00	9.031940e+01	4.827742e+02	7.880679e+02	NaN	NaN	NaN	NaN	NaN	0.428	C	0	0	unmatched_260.06
578	1431.047	4569.522	21.6355079	-1.2863200	15.170	9.138	-77.828	0.3976	4.056703e+03	3.305618e+02	20.9796	0.0885	3.500	20.098	5.2857	27.9924	12.272	1.382117e+02	2.633912e+02	5.545176e+02	8.661149e+02	NaN	NaN	NaN	NaN	NaN	0.350	C	0	0	unmatched_99.93
579	6326.412	4568.859	21.2777865	-1.2863761	12.004	4.893	11.405	0.5924	4.609515e+03	2.350504e+02	20.8409	0.0554	3.877	24.190	6.3620	28.4166	19.611	2.205261e+02	3.467446e+02	3.830235e+02	9.879009e+02	NaN	NaN	NaN	NaN	NaN	0.322	C	0	0	unmatched_362.13
580	76.505	4597.030	21.7344867	-1.2842994	15.395	7.560	31.668	0.5089	2.807629e+03	3.010152e+02	21.3792	0.1164	3.500	14.551	3.8270	27.6523	9.327	3.593585e+01	2.419815e+02	6.524125e+02	5.816445e+02	0.360	19.229	4.718	22.7883	27.5312	0.385	C	16	0	unmatched_360.48
581	5565.112	4592.153	21.3334175	-1.2846765	12.641	5.095	-46.629	0.5969	3.700885e+03	2.283921e+02	21.0792	0.0670	3.500	18.985	4.9932	27.0379	16.204	3.037189e+02	4.162415e+02	1.458489e+03	2.464539e+03	NaN	NaN	NaN	NaN	NaN	0.461	C	0	0	unmatched_212.28
582	461.600	4687.051	21.7063463	-1.2777265	13.230	6.466	-72.388	0.5113	1.167686e+04	2.902013e+02	19.8317	0.0270	3.629	15.689	4.1262	27.8270	40.237	-7.395327e+00	1.158969e+02	5.027935e+02	7.850980e+02	0.360	14.505	7.968	23.9064	26.8337	0.416	C	0	0	unmatched_275.76
583	5899.528	4700.493	21.3089808	-1.2767609	10.140	9.532	46.782	0.0600	6.799864e+03	2.557979e+02	20.4187	0.0408	3.500	21.209	5.5780	27.8778	26.583	2.369569e+02	3.494633e+02	6.124657e+02	2.010694e+03	NaN	NaN	NaN	NaN	NaN	0.523	B	0	0	unmatched_291.05
584	1656.370	4711.881	21.6190420	-1.2759214	9.622	5.942	59.201	0.3825	1.939115e+03	1.878947e+02	21.7810	0.1052	3.500	9.651	2.5381	26.8882	10.320	3.134721e+02	3.636443e+02	4.084402e+02	1.327544e+03	NaN	NaN	NaN	NaN	NaN	0.451	C	0	0	unmatched_148.72
585	2501.072	4717.817	21.5573172	-1.2754923	17.988	11.047	-1.825	0.3859	1.498520e+04	4.001054e+02	19.5608	0.0290	3.831	22.940	6.0332	28.0294	37.453	9.708758e+01	1.087368e+02	5.549495e+02	1.013925e+03	NaN	NaN	NaN	NaN	NaN	0.426	C	0	0	unmatched_139.37
586	1448.085	4775.326	21.6342614	-1.2712852	28.217	14.411	-46.362	0.4893	2.628339e+04	5.733347e+02	18.9508	0.0237	3.846	24.211	6.3676	27.9128	45.843	4.591702e+01	1.256504e+02	3.869601e+02	1.334451e+03	0.360	21.306	3.173	22.9195	27.0720	0.484	C	0	0	unmatched_154.22
587	1897.610	4804.114	21.6014134	-1.2691848	12.160	6.698	-66.319	0.4492	2.832617e+03	2.512157e+02	21.3695	0.0963	3.816	13.037	3.4287	27.9952	11.276	3.710514e+01	1.028501e+02	4.276807e+02	5.209519e+02	0.360	23.244	3.157	23.4374	26.9015	0.384	C	0	0	unmatched_86.39
588	690.598	4731.044	21.6896127	-1.2745146	8.831	5.105	6.437	0.4220	7.696555e+03	1.913571e+02	20.2843	0.0270	3.667	19.319	5.0809	27.7401	40.221	3.071644e+02	3.837837e+02	6.687134e+02	2.908300e+03	0.360	2.594	9.440	23.9131	24.9123	0.441	C	0	0	unmatched_231.37
589	180.886	4847.622	21.7268569	-1.2659937	21.866	6.931	-48.911	0.6830	7.868036e+03	3.342149e+02	20.2603	0.0461	3.500	22.631	5.9521	27.6549	23.542	4.580158e+01	1.719486e+02	8.200420e+02	1.689262e+03	0.360	17.581	5.489	22.7165	26.1756	0.444	C	0	0	unmatched_360.78
590	2947.829	4847.867	21.5246709	-1.2659933	8.849	3.996	42.988	0.5484	7.372161e+02	1.545790e+02	22.8310	0.2277	3.500	14.234	3.7435	27.4391	4.769	2.648536e+02	3.858874e+02	7.649920e+02	1.062368e+03	NaN	NaN	NaN	NaN	NaN	0.301	C	0	0	unmatched_120.70
591	5788.288	4896.428	21.3171100	-1.2624472	15.701	5.094	-9.226	0.6755	8.224238e+03	2.738181e+02	20.2123	0.0361	3.937	27.671	7.2774	28.3852	30.035	2.147669e+02	3.521937e+02	4.777737e+02	1.375502e+03	0.466	2.370	8.722	24.1832	25.0867	0.376	C	0	0	unmatched_311.49
592	3374.259	4890.692	21.4935103	-1.2628660	11.950	4.923	77.384	0.5880	4.601402e+03	2.121483e+02	20.8428	0.0501	3.500	24.631	6.4780	27.6029	21.690	3.868945e+02	4.783284e+02	9.420649e+02	3.203595e+03	NaN	NaN	NaN	NaN	NaN	0.440	C	0	0	unmatched_54.69
593	1209.830	4954.033	21.6516697	-1.2582282	10.909	5.723	-55.561	0.4754	2.001372e+03	2.197140e+02	21.7467	0.1192	3.500	11.568	3.0424	27.7641	9.109	8.190483e+01	1.574103e+02	5.035777e+02	5.084396e+02	0.360	15.550	3.867	23.3510	27.4012	0.378	C	0	0	unmatched_205.64
594	1621.436	4943.906	21.6215931	-1.2589708	37.910	15.271	89.300	0.5972	3.927767e+04	6.321138e+02	18.5146	0.0175	3.552	27.650	7.2719	26.5084	62.137	3.363134e+02	4.158777e+02	1.261317e+03	6.563771e+03	0.360	48.117	7.377	19.2157	24.4430	0.592	B	0	0	unmatched_129.55
595	56.805	4910.819	21.7359229	-1.2613758	13.325	8.908	-84.865	0.3315	9.706904e+03	3.158607e+02	20.0323	0.0353	4.311	19.175	5.0431	28.0104	30.732	2.842641e+02	3.610340e+02	5.454844e+02	9.951172e+02	0.484	3.073	4.446	23.8246	25.0673	0.516	B	16	0	unmatched_397.39
596	2280.359	4979.568	21.5734440	-1.2563691	10.795	4.878	46.512	0.5481	2.966983e+03	1.947358e+02	21.3192	0.0713	3.500	24.984	6.5707	27.9707	15.236	1.490399e+02	4.244902e+02	4.363018e+02	2.226011e+03	NaN	NaN	NaN	NaN	NaN	0.359	C	0	0	unmatched_52.47
597	5872.264	4913.038	21.3109737	-1.2612335	7.216	4.854	-27.871	0.3274	4.383739e+03	1.672007e+02	20.8954	0.0414	3.699	16.586	4.3621	26.9227	26.218	2.674885e+02	5.378042e+02	1.684873e+03	3.976769e+03	NaN	NaN	NaN	NaN	NaN	0.570	B	0	0	unmatched_328.11
598	525.101	4957.973	21.7017037	-1.2579351	25.422	8.693	34.512	0.6581	1.338707e+04	4.420898e+02	19.6833	0.0359	3.642	23.803	6.2603	27.6795	30.281	1.274043e+02	1.726835e+02	9.506092e+02	1.481452e+03	0.360	19.944	9.259	22.6478	27.0770	0.413	C	0	0	unmatched_303.02
599	5546.868	5040.537	21.3347516	-1.2519198	11.245	4.078	-80.410	0.6373	2.027064e+03	1.938520e+02	21.7328	0.1038	3.500	19.215	5.0537	27.8489	10.457	2.293210e+02	3.273234e+02	6.394423e+02	1.758937e+03	NaN	NaN	NaN	NaN	NaN	0.290	D	0	0	unmatched_314.83
600	2257.868	5082.582	21.5750869	-1.2488433	14.994	6.173	7.003	0.5883	3.449447e+03	2.684729e+02	21.1556	0.0845	3.500	25.385	6.6762	27.7153	12.848	1.602680e+02	5.907411e+02	6.940457e+02	2.161981e+03	NaN	NaN	NaN	NaN	NaN	0.364	C	0	0	unmatched_42.00
601	1344.642	5041.512	21.6418181	-1.2518384	14.917	8.868	42.521	0.4055	5.110281e+03	3.269914e+02	20.7289	0.0695	3.500	28.941	7.6114	27.6658	15.628	4.729260e+02	6.635102e+02	1.065933e+03	2.990556e+03	0.646	3.604	4.550	23.0296	24.7786	0.540	B	0	0	unmatched_198.56
602	3701.151	5096.636	21.4696229	-1.2478215	13.019	4.571	-85.074	0.6489	5.715632e+03	2.320558e+02	20.6073	0.0441	3.500	32.365	8.5121	27.7759	24.630	3.148139e+02	4.051270e+02	7.652728e+02	3.757744e+03	NaN	NaN	NaN	NaN	NaN	0.428	C	0	0	unmatched_28.93
603	3961.907	5110.536	21.4505688	-1.2468064	17.977	5.397	36.508	0.6998	3.666022e+04	2.707862e+02	18.5895	0.0080	3.500	31.973	8.4088	28.4521	135.384	1.574830e+01	3.117900e+02	7.631907e+02	1.055754e+03	0.490	4.640	3.808	23.0929	25.0547	0.432	C	0	0	unmatched_97.60
604	3943.070	5183.443	21.4519451	-1.2414802	7.301	4.114	-0.092	0.4366	1.454751e+03	1.483654e+02	22.0930	0.1107	3.500	13.115	3.4493	27.3421	9.805	2.599265e+02	3.928874e+02	7.896624e+02	1.340577e+03	0.682	3.993	3.628	23.6042	25.5203	0.489	C	0	0	unmatched_95.64
605	5781.263	5180.315	21.3176241	-1.2417079	14.401	9.284	64.636	0.3553	1.204282e+04	4.288885e+02	19.7982	0.0387	4.885	11.274	2.9651	27.9908	28.079	1.006582e+02	1.625347e+02	4.565060e+02	3.422466e+02	NaN	NaN	NaN	NaN	NaN	0.398	C	0	0	unmatched_374.20
606	6312.725	5175.703	21.2787889	-1.2420433	17.044	12.546	45.252	0.2639	1.958719e+05	5.026518e+02	16.7701	0.0028	4.627	17.754	4.6693	27.3675	389.677	1.724013e+01	1.556714e+02	9.167855e+02	1.416360e+03	0.360	19.762	6.991	22.0876	25.0209	0.538	B	0	0	unmatched_456.33
607	4128.945	5232.529	21.4383628	-1.2378944	9.757	7.007	17.899	0.2818	1.553011e+03	2.093004e+02	22.0221	0.1463	3.500	23.136	6.0848	28.4084	7.420	2.485242e+02	3.569381e+02	4.145586e+02	1.633529e+03	0.523	3.668	3.021	23.8034	25.5256	0.417	C	0	0	unmatched_146.20
608	1491.078	5221.207	21.6311166	-1.2387119	11.914	7.440	-64.272	0.3755	3.780093e+03	2.521192e+02	21.0562	0.0724	3.597	22.083	5.8078	28.1070	14.993	2.798704e+02	3.886251e+02	5.755258e+02	1.743419e+03	0.455	2.872	3.660	23.8759	25.1110	0.465	C	0	0	unmatched_165.26
609	6060.060	5285.096	21.2972521	-1.2340524	15.983	5.642	-9.315	0.6470	3.945272e+03	2.789176e+02	21.0098	0.0768	4.051	16.110	4.2368	28.2980	14.145	3.835709e+01	1.011598e+02	3.308433e+02	5.173791e+02	NaN	NaN	NaN	NaN	NaN	0.248	D	0	0	unmatched_436.22
610	2384.058	5287.796	21.5658649	-1.2338521	11.592	7.661	-27.273	0.3391	3.602008e+03	2.563450e+02	21.1086	0.0773	3.500	10.104	2.6573	26.2878	14.051	2.953235e+02	6.716143e+02	9.699486e+02	1.444101e+03	0.959	8.794	3.684	22.5126	26.0011	0.640	B	0	0	unmatched_95.35
611	3642.205	5325.043	21.4739297	-1.2311351	10.244	4.825	53.843	0.5290	5.042853e+03	1.938593e+02	20.7433	0.0417	3.500	19.833	5.2160	27.7290	26.013	1.820741e+02	4.689403e+02	6.937067e+02	4.290847e+03	0.360	7.465	9.830	23.5373	25.6321	0.417	C	0	0	unmatched_62.92
612	4536.527	5263.144	21.4085798	-1.2356581	10.857	5.343	-82.492	0.5079	3.987243e+03	2.356674e+02	20.9983	0.0642	3.500	15.052	3.9586	27.3216	16.919	3.651552e+02	4.696152e+02	9.005362e+02	1.528049e+03	0.433	3.073	5.724	23.5053	24.9088	0.494	C	0	0	unmatched_252.67
613	4456.173	5253.287	21.4144514	-1.2363782	16.274	9.087	-61.132	0.4416	9.006567e+03	3.799130e+02	20.1136	0.0458	3.825	30.412	7.9983	27.9316	23.707	2.391863e+02	6.620357e+02	9.159687e+02	1.601245e+03	0.360	7.925	4.771	23.0183	25.7554	0.495	C	0	0	unmatched_231.42
614	304.551	5360.556	21.7178155	-1.2285230	12.726	7.010	-46.932	0.4492	6.599777e+03	2.934583e+02	20.4512	0.0483	3.500	15.779	4.1498	27.8300	22.490	-1.973089e-01	1.685809e+02	5.256656e+02	7.645277e+02	0.360	15.219	4.782	23.2016	27.5612	0.461	C	0	0	unmatched_418.70
615	2265.608	5316.305	21.5745201	-1.2317688	10.214	4.406	80.072	0.5686	3.273254e+03	1.791168e+02	21.2126	0.0594	3.500	15.578	4.0969	27.6580	18.274	3.663118e+02	4.384673e+02	6.068351e+02	2.336534e+03	0.441	2.443	4.342	23.6332	24.5589	0.470	C	0	0	unmatched_79.60
616	4278.603	5375.100	21.4274268	-1.2274790	20.099	6.136	-82.516	0.6947	2.128728e+04	4.004909e+02	19.1797	0.0204	4.826	45.422	11.9460	27.4167	53.153	1.746884e+01	1.228440e+02	2.757606e+02	1.392320e+03	NaN	NaN	NaN	NaN	NaN	0.512	B	0	0	unmatched_195.57
617	98.115	5413.908	21.7328991	-1.2246236	11.212	4.812	-38.111	0.5708	7.291132e+03	1.936783e+02	20.3430	0.0288	3.500	31.886	8.3861	28.0843	37.646	1.281364e+02	2.826697e+02	4.041285e+02	5.815869e+03	NaN	NaN	NaN	NaN	NaN	0.404	C	0	0	unmatched_466.86
618	3820.928	5339.985	21.4608700	-1.2300438	14.860	9.607	62.771	0.3535	1.543007e+04	3.883284e+02	19.5291	0.0273	4.171	24.953	6.5626	28.0255	39.735	2.977393e+02	4.289063e+02	6.258346e+02	1.609625e+03	0.701	3.169	6.431	23.7272	25.0943	0.512	B	0	0	unmatched_89.03
619	711.321	5426.553	21.6880922	-1.2237050	20.546	11.030	-26.231	0.4632	1.337584e+05	6.043863e+02	17.1842	0.0049	4.569	16.647	4.3781	28.4632	221.313	2.059391e+01	1.343395e+02	3.863696e+02	6.663426e+02	0.360	68.843	5.885	21.0314	28.7278	0.376	C	0	0	unmatched_369.95
620	3922.486	5393.240	21.4534489	-1.2261535	14.102	9.475	70.171	0.3281	8.048513e+03	3.123861e+02	20.2357	0.0421	3.500	29.994	7.8885	27.4901	25.765	1.550395e+02	5.144842e+02	1.160696e+03	3.772857e+03	NaN	NaN	NaN	NaN	NaN	0.540	B	0	0	unmatched_117.87
621	3939.508	5429.877	21.4522051	-1.2234770	7.677	7.284	-49.886	0.0512	4.598439e+03	2.034367e+02	20.8435	0.0480	3.500	17.965	4.7247	27.7051	22.604	2.536402e+02	4.277848e+02	7.202044e+02	3.410279e+03	NaN	NaN	NaN	NaN	NaN	0.538	B	0	0	unmatched_127.74
622	5914.245	5441.682	21.3079075	-1.2226134	19.459	11.094	-11.706	0.4299	1.358681e+04	4.316058e+02	19.6672	0.0345	3.757	20.066	5.2773	26.9337	31.480	7.155436e+01	2.880048e+02	1.469390e+03	1.947633e+03	0.360	19.087	4.276	22.1234	26.6916	0.587	B	0	0	unmatched_451.31
623	4969.656	5478.481	21.3769303	-1.2199266	16.103	11.553	-32.489	0.2825	1.961157e+04	4.967266e+02	19.2687	0.0275	4.369	22.671	5.9625	27.9053	39.482	5.379577e-02	1.323306e+02	6.778539e+02	1.144081e+03	NaN	NaN	NaN	NaN	NaN	0.468	C	0	0	unmatched_376.54
624	5822.342	5475.782	21.3146231	-1.2201225	14.255	10.279	-58.585	0.2789	8.428856e+03	3.528861e+02	20.1856	0.0455	3.727	15.360	4.0397	27.9747	23.885	-1.881741e+01	1.575074e+01	5.746432e+02	6.007648e+02	0.615	7.033	3.744	25.3084	26.2489	0.531	B	0	0	unmatched_448.61
625	103.405	5537.052	21.7325113	-1.2156276	10.653	4.336	4.343	0.5930	1.349858e+03	1.844442e+02	22.1743	0.1484	3.620	17.666	4.6461	28.3319	7.319	1.265174e+02	2.321739e+02	3.263581e+02	6.898784e+02	0.360	4.087	3.224	24.0665	25.8484	0.298	D	0	0	unmatched_488.75
626	2210.323	5584.449	21.5785583	-1.2121795	12.164	4.618	-75.419	0.6203	2.168384e+03	1.946436e+02	21.6597	0.0975	3.500	24.549	6.4563	28.4749	11.140	2.501306e+02	3.607942e+02	3.442333e+02	1.350073e+03	0.482	3.713	3.413	23.7961	25.5471	0.359	C	0	0	unmatched_140.11
627	2503.884	5604.400	21.5571075	-1.2107233	14.168	8.245	-69.756	0.4181	1.068169e+04	2.878488e+02	19.9284	0.0293	3.500	10.504	2.7625	27.9370	37.109	3.124882e+01	1.239783e+02	6.937083e+02	4.065184e+02	0.360	18.109	3.459	23.0310	27.4284	0.452	C	0	0	unmatched_177.67
628	4438.733	5662.472	21.4157257	-1.2064852	6.449	3.785	68.934	0.4131	1.814731e+03	1.295212e+02	21.8530	0.0775	3.500	11.165	2.9365	26.8188	14.011	3.436362e+02	4.886295e+02	1.084438e+03	1.974931e+03	NaN	NaN	NaN	NaN	NaN	0.491	C	0	0	unmatched_268.78
629	3645.039	5681.368	21.4737218	-1.2051039	15.760	5.866	81.635	0.6278	1.259795e+03	2.445424e+02	22.2492	0.2108	3.500	12.249	3.2214	28.4528	5.152	1.157316e+01	7.076223e+01	3.505334e+02	2.580723e+02	0.360	19.829	2.976	22.9144	27.4231	0.246	D	0	0	unmatched_155.84
630	1172.712	5803.173	21.6543753	-1.1961948	9.907	3.647	23.509	0.6319	1.500160e+03	1.602435e+02	22.0597	0.1160	3.500	19.273	5.0688	28.3823	9.362	2.247985e+02	3.004548e+02	3.885561e+02	7.501826e+02	0.756	3.558	3.348	23.8758	25.2833	0.344	C	0	0	unmatched_311.83
631	5856.401	5813.705	21.3121354	-1.1954356	13.594	5.665	-13.468	0.5833	1.122970e+04	3.145494e+02	19.8741	0.0304	5.079	13.312	3.5010	27.9011	35.701	2.292427e+01	1.527244e+02	3.260247e+02	4.926262e+02	NaN	NaN	NaN	NaN	NaN	0.360	C	0	0	unmatched_533.86
632	3028.345	5846.397	21.5187837	-1.1930462	9.052	6.358	79.192	0.2976	1.312397e+04	2.329265e+02	19.7048	0.0193	3.979	19.839	5.2177	27.4611	56.344	2.711615e+02	4.756101e+02	9.074942e+02	3.157919e+03	0.360	4.381	6.068	23.5741	25.5775	0.535	B	0	0	unmatched_247.71
633	3861.223	5854.736	21.4579247	-1.1924390	19.369	7.746	-64.428	0.6001	5.436990e+03	3.268701e+02	20.6616	0.0653	3.500	34.215	8.9985	28.4640	16.633	2.590953e+02	4.003624e+02	6.591768e+02	1.243050e+03	NaN	NaN	NaN	NaN	NaN	0.323	C	0	0	unmatched_212.97
634	937.089	5892.338	21.6715914	-1.1896794	18.144	9.425	-74.911	0.4806	5.002834e+03	3.389555e+02	20.7520	0.0736	3.500	32.411	8.5240	28.2381	14.760	2.961234e+02	3.990962e+02	4.634907e+02	1.497292e+03	0.476	3.672	3.363	23.5372	25.3774	0.466	C	0	0	unmatched_375.44
635	4855.151	5892.648	21.3852975	-1.1896698	36.498	15.502	-18.777	0.5753	2.904034e+04	6.754931e+02	18.8425	0.0253	3.500	34.907	9.1806	28.2398	42.991	2.933431e+01	9.553351e+01	2.279708e+02	1.671139e+03	NaN	NaN	NaN	NaN	NaN	0.392	C	0	0	unmatched_393.58
636	3254.866	5887.324	21.5022316	-1.1900570	21.661	13.105	16.104	0.3950	7.630470e+04	4.416955e+02	17.7936	0.0063	3.500	30.193	7.9408	24.4247	172.754	4.556223e+02	9.277409e+02	1.627995e+03	6.618057e+04	NaN	NaN	NaN	NaN	NaN	0.416	C	0	0	unmatched_227.29
637	2320.324	5901.178	21.5705188	-1.1890416	5.816	5.125	-6.458	0.1188	4.373564e+03	1.514170e+02	20.8979	0.0376	3.632	11.581	3.0458	26.9589	28.884	2.912022e+02	4.204636e+02	1.351598e+03	3.495771e+03	NaN	NaN	NaN	NaN	NaN	0.600	B	0	0	unmatched_227.87
638	2360.931	5796.693	21.5675522	-1.1966748	15.599	7.873	84.406	0.4953	8.300075e+03	3.144460e+02	20.2023	0.0411	3.736	13.706	3.6046	27.3333	26.396	2.400879e+02	3.956309e+02	4.906149e+02	1.007618e+03	0.706	4.491	4.245	23.6500	25.6355	0.550	B	0	0	unmatched_204.76
639	5061.125	5926.431	21.3702470	-1.1872017	17.689	14.642	-28.395	0.1723	1.461352e+04	4.354062e+02	19.5881	0.0323	3.500	15.175	3.9911	26.7635	33.563	2.694019e+01	2.791752e+02	1.210156e+03	1.946315e+03	0.406	10.968	3.620	22.4739	25.6059	0.668	B	0	0	unmatched_444.61
640	2575.269	5935.641	21.5518897	-1.1865250	14.829	7.228	-67.549	0.5126	4.695276e+03	2.616904e+02	20.8208	0.0605	3.500	28.148	7.4028	27.7530	17.942	4.558718e+02	6.849140e+02	9.344594e+02	2.459285e+03	NaN	NaN	NaN	NaN	NaN	0.432	C	0	0	unmatched_261.33
641	4497.176	5826.799	21.4114551	-1.1944804	31.704	17.730	82.224	0.4408	2.855364e+04	6.480093e+02	18.8608	0.0246	3.500	37.409	9.8386	27.6703	44.064	6.989968e+02	1.339603e+03	2.022231e+03	2.788061e+03	NaN	NaN	NaN	NaN	NaN	0.513	B	0	0	unmatched_306.89
642	4530.280	5909.402	21.4090362	-1.1884459	7.416	4.936	-15.065	0.3345	3.225677e+03	1.707751e+02	21.2284	0.0575	3.500	14.396	3.7862	27.4917	18.888	2.474961e+02	3.337091e+02	8.392463e+02	2.713893e+03	NaN	NaN	NaN	NaN	NaN	0.473	C	0	0	unmatched_327.54
643	1271.972	5975.594	21.6471211	-1.1835994	18.364	10.331	-5.062	0.4374	5.432260e+03	3.805399e+02	20.6625	0.0761	3.573	20.452	5.3790	28.0867	14.275	2.608034e+01	1.545207e+02	5.156264e+02	7.851391e+02	0.360	21.883	3.648	23.1855	27.0235	0.416	C	0	0	unmatched_323.88
644	1614.018	5973.941	21.6221280	-1.1837223	17.025	9.822	77.156	0.4231	5.952761e+03	3.296699e+02	20.5632	0.0601	3.500	12.647	3.3261	27.3727	18.057	3.045615e+01	2.902520e+02	5.010062e+02	9.513017e+02	0.360	9.294	7.679	23.3960	26.7350	0.466	C	0	0	unmatched_271.36
645	6050.669	5963.195	21.2979405	-1.1845142	27.259	12.656	73.039	0.5357	3.482544e+04	5.322495e+02	18.6453	0.0166	3.948	27.462	7.2226	28.0906	65.431	9.181604e+00	6.799087e+00	1.652455e+02	1.629765e+03	NaN	NaN	NaN	NaN	NaN	0.396	C	0	0	unmatched_590.16
646	4830.975	5994.988	21.3870642	-1.1821935	17.407	10.360	4.432	0.4048	4.596477e+03	3.865225e+02	20.8439	0.0913	3.500	19.166	5.0407	27.5740	11.892	6.368445e+01	2.021569e+02	8.488079e+02	1.458990e+03	0.360	21.093	4.101	22.2340	27.3864	0.456	C	0	0	unmatched_403.47
647	5854.267	6008.243	21.3122918	-1.1812237	28.009	10.719	-41.171	0.6173	1.487857e+04	4.823229e+02	19.5686	0.0352	3.854	28.973	7.6199	28.4024	30.848	-1.392287e+00	5.733731e+01	1.631088e+02	1.058733e+03	NaN	NaN	NaN	NaN	NaN	0.338	C	0	0	unmatched_581.54
648	5190.975	6047.380	21.3607589	-1.1783657	15.193	7.472	6.410	0.5082	3.026825e+03	3.066485e+02	21.2975	0.1100	3.788	15.540	4.0871	27.7854	9.871	3.102018e+01	1.239268e+02	5.678236e+02	7.054960e+02	NaN	NaN	NaN	NaN	NaN	0.313	C	0	0	unmatched_490.13
649	4933.235	6057.147	21.3795920	-1.1776524	16.715	6.199	35.249	0.6291	9.409596e+03	2.905916e+02	20.0661	0.0335	3.648	18.661	4.9079	27.9922	32.381	1.743620e+01	9.377000e+01	4.991655e+02	5.999376e+02	NaN	NaN	NaN	NaN	NaN	0.355	C	0	0	unmatched_434.84
650	1116.881	6062.486	21.6584527	-1.1772506	10.598	10.270	61.427	0.0309	2.941399e+04	2.966096e+02	18.8286	0.0109	3.736	13.267	3.4893	27.8627	99.167	1.938939e+01	1.335615e+02	5.892282e+02	7.249851e+02	0.360	14.440	3.415	23.5621	27.5328	0.553	B	0	0	unmatched_368.50
651	3262.311	6075.067	21.5016869	-1.1763416	15.601	7.589	-70.962	0.5136	3.849718e+03	3.221329e+02	21.0364	0.0909	3.951	13.213	3.4749	27.5831	11.951	4.821512e+01	2.081651e+02	5.435008e+02	6.225808e+02	0.360	18.051	4.248	22.9999	27.5952	0.413	C	0	0	unmatched_272.82
652	5962.080	5985.313	21.3044138	-1.1828986	25.257	16.922	-51.355	0.3300	2.170209e+04	5.228249e+02	19.1587	0.0262	3.500	38.735	10.1874	27.6812	41.509	2.373365e+02	4.685446e+02	7.809169e+02	3.214172e+03	NaN	NaN	NaN	NaN	NaN	0.544	B	0	0	unmatched_586.13
653	5648.741	6134.919	21.3273100	-1.1719700	15.910	4.965	5.003	0.6880	1.435551e+03	2.349214e+02	22.1075	0.1777	3.500	13.618	3.5815	28.1851	6.111	2.014129e+01	1.286089e+02	4.271480e+02	5.891606e+02	0.360	19.570	3.731	23.2190	27.5077	0.268	D	0	0	unmatched_597.91
654	4734.075	6113.448	21.3941447	-1.1735395	25.145	15.665	-74.042	0.3770	1.056190e+05	7.037545e+02	17.4406	0.0072	4.108	29.827	7.8446	28.3550	150.079	-3.578653e+01	2.537673e+01	4.470598e+02	1.509228e+03	NaN	NaN	NaN	NaN	NaN	0.408	C	0	0	unmatched_403.24
655	4823.291	6119.236	21.3876257	-1.1731166	21.282	16.107	73.700	0.2432	1.054491e+04	5.377171e+02	19.9424	0.0554	3.500	26.330	6.9247	27.6905	19.611	2.508147e+01	5.513488e+01	9.395103e+02	1.593758e+03	0.360	15.609	4.299	22.7847	25.9156	0.555	B	0	0	unmatched_421.99
656	4906.198	6135.558	21.3815677	-1.1719242	14.659	5.982	-44.659	0.5919	3.212802e+03	2.551513e+02	21.2328	0.0862	3.500	16.490	4.3368	27.8931	12.592	1.019972e+01	1.554317e+02	4.172217e+02	7.452091e+02	0.360	13.280	4.162	23.6722	27.4103	0.376	C	0	0	unmatched_441.61
657	2330.884	6160.341	21.5697458	-1.1701087	22.900	13.129	69.096	0.4267	8.649384e+03	5.218398e+02	20.1575	0.0655	3.865	25.310	6.6566	28.1517	16.575	4.406033e+01	9.784861e+01	4.239617e+02	1.291011e+03	0.614	92.312	4.059	21.9994	27.6683	0.480	C	0	0	unmatched_294.85
658	3592.938	6196.903	21.4775277	-1.1674417	12.783	5.768	49.716	0.5488	4.292466e+03	2.447779e+02	20.9182	0.0619	3.854	24.894	6.5470	28.3176	17.536	1.971975e+02	3.589970e+02	5.200646e+02	1.281544e+03	2.931	63.916	3.319	21.8648	28.4185	0.413	C	0	0	unmatched_290.78
659	4939.841	6192.600	21.3791094	-1.1677570	17.802	14.290	-59.024	0.1973	1.177487e+04	4.300039e+02	19.8226	0.0396	3.500	14.117	3.7128	27.2787	27.383	2.559445e+01	1.190804e+02	8.919294e+02	9.511575e+02	0.360	14.264	3.474	22.8406	26.8175	0.587	B	0	0	unmatched_457.91
660	3090.307	6213.575	21.5142548	-1.1662225	18.520	12.591	42.237	0.3201	1.386396e+04	4.137148e+02	19.6453	0.0324	3.720	19.979	5.2544	28.0496	33.511	3.525248e+01	8.682964e+01	5.237936e+02	1.203216e+03	NaN	NaN	NaN	NaN	NaN	0.430	C	0	0	unmatched_323.23
661	5144.635	6202.662	21.3641451	-1.1670218	11.824	5.961	29.728	0.4959	8.790389e+03	2.531199e+02	20.1400	0.0313	3.842	28.035	7.3731	26.7666	34.728	2.525825e+02	6.581884e+02	8.679232e+02	7.357845e+03	NaN	NaN	NaN	NaN	NaN	0.589	B	0	0	unmatched_502.32
662	3245.359	6212.247	21.5029252	-1.1663200	23.152	8.955	-82.532	0.6132	1.181580e+04	5.111796e+02	19.8188	0.0470	4.757	14.656	3.8547	28.1278	23.115	9.540776e+01	1.548575e+02	4.265031e+02	4.788051e+02	0.360	24.148	5.854	23.2220	27.7448	0.377	C	0	0	unmatched_308.53
663	2021.590	6242.481	21.5923452	-1.1641066	17.025	12.096	22.815	0.2895	3.681794e+05	4.247006e+02	16.0849	0.0013	3.960	17.852	4.6951	28.4517	866.915	2.308836e+01	1.035944e+02	4.523552e+02	7.138661e+02	1.961	85.127	3.252	22.6069	28.9834	0.486	C	0	0	unmatched_310.77
664	6745.688	6285.851	21.2471569	-1.1609405	10.752	6.604	81.389	0.3858	3.414663e+03	2.328662e+02	21.1666	0.0740	3.674	10.542	2.7724	27.0568	14.664	9.456538e+01	3.353770e+02	5.302808e+02	1.142121e+03	NaN	NaN	NaN	NaN	NaN	0.469	C	0	0	unmatched_755.24
665	5720.458	6291.771	21.3220700	-1.1605111	14.627	5.490	-16.998	0.6246	3.712147e+03	2.298068e+02	21.0759	0.0672	3.500	29.325	7.7126	27.9148	16.153	2.271445e+02	3.109019e+02	4.479323e+02	2.565790e+03	NaN	NaN	NaN	NaN	NaN	0.370	C	0	0	unmatched_642.51
666	145.828	6295.638	21.7294037	-1.1602108	9.518	5.878	-37.775	0.3824	1.010009e+03	1.978590e+02	22.4892	0.2127	3.500	10.961	2.8827	26.7451	5.105	1.096025e+02	4.721060e+02	8.213599e+02	1.036857e+03	0.360	12.333	3.404	22.7726	26.7481	0.489	C	0	0	unmatched_607.42
667	3961.222	6317.818	21.4506170	-1.1586090	13.257	8.462	82.845	0.3617	3.758901e+03	2.696600e+02	21.0623	0.0779	3.500	14.462	3.8034	28.1661	13.939	-3.203696e+00	1.209536e+02	4.917891e+02	4.876506e+02	0.360	17.353	3.123	23.1249	27.9296	0.408	C	0	0	unmatched_336.93
668	3197.808	6308.578	21.5063994	-1.1592825	19.209	9.819	40.056	0.4888	8.400077e+03	3.750408e+02	20.1893	0.0485	3.698	9.738	2.5611	27.0846	22.398	1.673544e+01	3.245779e+02	6.374970e+02	7.537015e+02	NaN	NaN	NaN	NaN	NaN	0.483	C	0	0	unmatched_336.46
669	4361.036	6322.558	21.4214027	-1.1582631	15.769	6.772	50.440	0.5705	5.227234e+03	2.707347e+02	20.7043	0.0562	3.500	27.214	7.1572	28.3087	19.308	2.460415e+02	3.593448e+02	4.901182e+02	1.309013e+03	0.549	3.606	3.668	23.8439	25.3657	0.461	C	0	0	unmatched_381.90
670	3748.063	6370.345	21.4661923	-1.1547714	25.941	12.914	-42.509	0.5022	6.704670e+04	6.383308e+02	17.9341	0.0103	4.671	28.447	7.4815	28.3674	105.034	2.552477e+01	3.401036e+01	1.118132e+02	1.070548e+03	2.099	9.874	4.844	55.6611	58.3826	0.463	C	0	0	unmatched_338.91
671	5333.506	6382.607	21.3503446	-1.1538758	27.677	12.535	5.468	0.5471	2.369772e+04	5.916521e+02	19.0632	0.0271	4.114	45.887	12.0682	28.3255	40.053	1.180742e+01	2.572535e+01	5.725846e+02	1.544461e+03	0.360	22.038	3.984	22.6692	27.6203	0.481	C	0	0	unmatched_570.34
672	84.390	6371.360	21.7338920	-1.1546785	22.930	14.395	-39.578	0.3722	1.228291e+04	4.637632e+02	19.7767	0.0410	3.836	28.069	7.3820	28.4759	26.485	1.309235e+01	1.801119e+02	4.532725e+02	8.275355e+02	NaN	NaN	NaN	NaN	NaN	0.387	C	16	0	unmatched_631.76
673	2493.965	6391.462	21.5578284	-1.1532251	10.180	7.599	58.389	0.2535	9.683710e+03	2.639416e+02	20.0349	0.0296	3.865	11.900	3.1298	26.8686	36.689	1.643397e+02	4.520248e+02	7.857447e+02	1.397766e+03	0.360	7.183	6.811	23.6830	26.7422	0.582	B	0	0	unmatched_364.37
674	1681.911	6393.183	21.6171642	-1.1530955	13.027	6.982	-16.945	0.4640	5.363630e+03	2.549506e+02	20.6764	0.0516	3.500	24.154	6.3524	27.2105	21.038	2.631294e+02	4.828618e+02	9.914844e+02	3.388081e+03	NaN	NaN	NaN	NaN	NaN	0.523	B	0	0	unmatched_366.55
675	3457.448	6421.661	21.4874273	-1.1510219	12.845	8.343	20.275	0.3505	9.411393e+03	2.665409e+02	20.0659	0.0307	3.500	10.863	2.8570	27.1330	35.309	1.369170e+02	3.037756e+02	6.172330e+02	7.144020e+02	0.360	9.007	5.761	23.6892	26.3222	0.538	B	0	0	unmatched_351.65
676	1086.405	6429.084	21.6606766	-1.1504692	10.968	3.756	27.338	0.6576	1.166917e+03	1.773504e+02	22.3324	0.1650	3.500	16.827	4.4255	27.8675	6.580	1.976110e+02	2.696408e+02	6.031811e+02	7.326849e+02	NaN	NaN	NaN	NaN	NaN	0.240	D	0	0	unmatched_447.17
677	4002.595	6387.323	21.4475938	-1.1535314	6.799	4.194	77.755	0.3832	2.510478e+03	1.366429e+02	21.5006	0.0591	3.500	10.525	2.7682	27.0360	18.373	2.951535e+02	3.601286e+02	7.241786e+02	2.217031e+03	0.694	2.532	4.969	23.8026	24.7505	0.579	B	0	0	unmatched_357.61
678	5250.048	6482.376	21.3564430	-1.1465874	13.165	11.095	-24.392	0.1573	2.545823e+03	3.289208e+02	21.4854	0.1403	3.500	16.295	4.2857	27.9746	7.740	2.263565e+01	1.168587e+02	5.274890e+02	7.566211e+02	NaN	NaN	NaN	NaN	NaN	0.360	C	0	0	unmatched_569.35
679	2344.313	6502.451	21.5687628	-1.1451163	17.429	11.604	-16.869	0.3342	2.007013e+04	3.761525e+02	19.2436	0.0203	3.500	22.353	5.8788	27.7072	53.356	2.376213e+02	3.602965e+02	6.024943e+02	1.859391e+03	NaN	NaN	NaN	NaN	NaN	0.481	C	0	0	unmatched_383.91
680	424.295	6529.712	21.7090545	-1.1431132	12.326	3.880	-67.633	0.6852	1.568646e+03	2.091293e+02	22.0112	0.1447	3.500	11.335	2.9810	27.0300	7.501	1.711395e+02	3.552828e+02	5.826653e+02	1.051861e+03	0.360	9.866	4.286	23.2363	25.8556	0.401	C	0	0	unmatched_585.46
681	1436.901	6507.475	21.6350659	-1.1447447	19.846	13.100	-41.926	0.3399	5.192553e+04	4.841777e+02	18.2115	0.0101	3.981	44.327	11.6579	28.3118	107.245	2.272750e+02	3.062838e+02	4.236697e+02	1.378047e+03	NaN	NaN	NaN	NaN	NaN	0.475	C	0	0	unmatched_417.83
682	5575.201	6555.626	21.3326844	-1.1412358	7.095	3.983	58.629	0.4387	1.456827e+03	1.319708e+02	22.0915	0.0984	3.500	13.012	3.4222	27.8345	11.039	2.221543e+02	2.458835e+02	4.839255e+02	9.640425e+02	0.368	2.583	3.276	24.2625	25.1031	0.404	C	0	0	unmatched_648.50
683	2814.310	6558.303	21.5344203	-1.1410379	16.619	7.613	4.165	0.5419	9.257350e+03	2.801126e+02	20.0838	0.0329	3.500	37.400	9.8362	27.8192	33.049	1.347288e+02	3.605177e+02	5.876050e+02	2.573722e+03	NaN	NaN	NaN	NaN	NaN	0.467	C	0	0	unmatched_435.81
684	4142.780	6552.483	21.4373503	-1.1414659	16.780	6.851	-65.204	0.5917	9.056899e+03	3.255644e+02	20.1076	0.0390	3.998	39.229	10.3173	28.3167	27.819	5.620190e+00	1.068553e+02	3.649463e+02	1.996792e+03	NaN	NaN	NaN	NaN	NaN	0.393	C	0	0	unmatched_410.75
685	1932.380	6577.119	21.5988616	-1.1396597	6.269	3.835	27.614	0.3882	2.547329e+03	1.276144e+02	21.4848	0.0544	3.500	11.055	2.9074	27.1039	19.961	3.033992e+02	3.507303e+02	8.467798e+02	1.972592e+03	NaN	NaN	NaN	NaN	NaN	0.510	B	0	0	unmatched_400.51
686	3649.046	6571.870	21.4734270	-1.1400490	11.903	6.357	33.774	0.4660	1.445572e+03	2.242112e+02	22.0999	0.1684	3.500	10.101	2.6566	27.6341	6.447	3.740656e+01	1.917204e+02	3.885806e+02	4.045613e+02	0.360	12.788	2.941	23.7872	27.4082	0.380	C	0	0	unmatched_389.69
687	5471.507	6553.617	21.3402613	-1.1413827	11.548	5.443	-14.285	0.5287	3.843029e+03	2.029342e+02	21.0383	0.0573	3.544	24.769	6.5142	27.8456	18.937	2.684122e+02	4.359341e+02	7.705027e+02	1.955647e+03	0.483	4.094	3.587	23.6580	25.4764	0.510	B	0	0	unmatched_626.45
688	5489.149	6600.537	21.3389723	-1.1379550	9.239	4.278	-13.876	0.5369	1.408512e+03	1.610335e+02	22.1281	0.1241	3.500	19.253	5.0635	27.8843	8.747	2.285803e+02	3.170023e+02	6.217192e+02	1.075382e+03	0.849	3.632	3.627	23.8648	25.5957	0.415	C	0	0	unmatched_637.72
689	1538.896	6600.020	21.6276126	-1.1379846	12.161	7.323	50.996	0.3978	3.184994e+03	2.570792e+02	21.2422	0.0876	3.504	12.355	3.2493	27.8253	12.389	3.484010e+01	1.525708e+02	4.204170e+02	5.589496e+02	NaN	NaN	NaN	NaN	NaN	0.347	C	0	0	unmatched_430.16
690	142.197	6604.221	21.7296658	-1.1376679	14.856	10.123	40.487	0.3186	2.727291e+03	3.384134e+02	21.4107	0.1347	3.500	14.864	3.9093	28.0626	8.059	-8.352764e-01	9.602961e+01	5.178553e+02	5.462525e+02	0.360	42.294	3.578	22.5469	27.3184	0.381	C	0	0	unmatched_655.08
691	3860.614	6587.119	21.4579679	-1.1389353	8.154	5.664	-49.143	0.3053	9.663606e+03	1.928329e+02	20.0372	0.0217	3.754	11.349	2.9848	26.8909	50.114	3.037971e+02	4.636002e+02	7.019699e+02	3.716831e+03	NaN	NaN	NaN	NaN	NaN	0.561	B	0	0	unmatched_399.73
692	3544.227	6671.962	21.4810858	-1.1327367	17.829	8.841	60.983	0.5041	3.500616e+03	3.743552e+02	21.1396	0.1161	3.500	27.096	7.1262	28.2317	9.351	2.205787e+02	2.888706e+02	2.866334e+02	1.264538e+03	NaN	NaN	NaN	NaN	NaN	0.290	D	0	0	unmatched_415.90
693	988.083	6670.230	21.6678588	-1.1328521	11.823	4.274	30.768	0.6385	2.272282e+03	2.386202e+02	21.6088	0.1140	3.500	14.815	3.8962	27.7618	9.523	8.779532e+00	2.235230e+02	3.264550e+02	1.009516e+03	0.360	15.243	5.797	23.6645	27.4267	0.336	C	0	0	unmatched_513.79
694	2059.628	6641.338	21.5895635	-1.1349689	10.500	5.916	-54.205	0.4366	3.449569e+03	2.259179e+02	21.1556	0.0711	3.500	15.448	4.0627	27.3144	15.269	3.034451e+02	4.065137e+02	7.849026e+02	1.660129e+03	0.499	2.821	4.267	23.7173	24.9490	0.534	B	0	0	unmatched_415.12
695	2072.778	6671.662	21.5886024	-1.1327536	12.431	5.897	45.575	0.5256	3.932843e+03	2.596410e+02	21.0132	0.0717	3.548	31.465	8.2753	28.1544	15.147	2.561807e+02	3.995907e+02	6.394543e+02	2.714989e+03	NaN	NaN	NaN	NaN	NaN	0.361	C	0	0	unmatched_423.02
696	439.445	6682.918	21.7079460	-1.1319212	10.982	4.784	83.138	0.5643	2.462833e+03	2.548404e+02	21.5214	0.1123	3.817	13.829	3.6371	27.7659	9.664	1.687603e+01	1.317882e+02	3.352131e+02	1.282010e+03	NaN	NaN	NaN	NaN	NaN	0.294	D	0	0	unmatched_609.89
697	4407.207	6735.157	21.4180288	-1.1281211	7.867	4.319	-63.842	0.4510	2.589625e+03	1.991350e+02	21.4669	0.0835	3.930	20.102	5.2869	27.5828	13.004	3.239247e+02	5.016753e+02	7.955917e+02	2.147196e+03	0.401	3.948	7.521	23.4964	25.2091	0.435	C	0	0	unmatched_482.66
698	3749.698	6713.615	21.4660722	-1.1296941	17.948	7.514	52.867	0.5814	4.959993e+03	3.475868e+02	20.7613	0.0761	3.500	18.081	4.7553	26.7507	14.270	2.567565e+02	4.150208e+02	2.084623e+03	2.813615e+03	NaN	NaN	NaN	NaN	NaN	0.484	C	0	0	unmatched_428.70
699	83.007	6744.387	21.7339891	-1.1274279	11.545	9.203	-16.770	0.2029	1.866781e+03	3.208872e+02	21.8223	0.1866	3.500	9.613	2.5282	26.8029	5.818	1.190798e+02	4.129297e+02	8.420196e+02	7.788120e+02	0.360	14.774	4.751	22.5195	26.8366	0.508	B	16	0	unmatched_690.38
700	6140.206	6824.332	21.2914010	-1.1216045	18.369	7.412	47.482	0.5965	9.119527e+02	2.588879e+02	22.6001	0.3082	3.500	13.807	3.6312	27.6472	3.523	3.153784e+01	1.503830e+02	4.033829e+02	4.790322e+02	0.360	7.420	3.778	23.7253	25.8505	0.331	C	16	0	unmatched_808.95
701	5743.953	277.173	21.3203378	-1.5999082	25.390	9.938	-79.908	0.6086	8.055376e+03	4.309885e+02	20.2348	0.0581	3.500	26.217	6.8950	28.3606	18.690	-9.794443e+00	7.954950e+01	3.322656e+02	1.055590e+03	NaN	NaN	NaN	NaN	NaN	0.325	C	0	0	unmatched_419.98
702	6794.330	1203.522	21.2435774	-1.5322295	23.656	15.431	-9.100	0.3477	1.222356e+04	5.005107e+02	19.7820	0.0445	3.936	31.599	8.3104	28.3722	24.422	3.216097e+00	1.188774e+01	3.253772e+02	1.252455e+03	0.360	27.288	6.234	22.9663	28.7776	0.452	C	16	0	unmatched_485.65
703	5320.972	2038.373	21.3512536	-1.4712444	43.698	22.020	31.697	0.4961	7.745974e+05	1.048858e+03	15.2773	0.0015	3.851	33.418	8.7890	27.6375	738.515	3.872196e+01	6.380820e+01	3.905193e+02	2.911234e+03	0.360	34.636	5.241	21.6987	26.3765	0.521	B	0	0	unmatched_120.32
704	2563.713	2261.312	21.5527516	-1.4549530	39.225	17.612	-38.200	0.5510	2.908282e+04	7.684031e+02	18.8409	0.0287	3.500	34.813	9.1559	28.3548	37.848	-9.925953e+00	-8.519213e+00	1.262339e+01	1.772053e+03	0.360	43.759	5.299	21.8153	28.2464	0.430	C	0	0	unmatched_48.33
705	105.566	2670.020	21.7323831	-1.4250759	33.627	22.211	-37.809	0.3395	9.823398e+05	7.094197e+02	15.0193	0.0008	4.201	32.668	8.5916	28.2941	1384.709	3.637452e+01	1.343437e+02	2.403660e+02	1.405166e+03	NaN	NaN	NaN	NaN	NaN	0.436	C	16	0	unmatched_369.52
706	316.840	5387.112	21.7169173	-1.2265831	24.202	13.611	68.452	0.4376	1.350123e+05	6.832649e+02	17.1741	0.0055	4.291	23.166	6.0927	27.9492	197.599	7.011092e+00	4.702239e+01	4.779906e+02	1.768354e+03	NaN	NaN	NaN	NaN	NaN	0.425	C	0	0	unmatched_421.69
707	4903.123	6411.306	21.3817925	-1.1517796	26.952	11.326	73.329	0.5798	3.594236e+04	5.869549e+02	18.6110	0.0177	4.279	23.708	6.2353	28.2191	61.235	1.671883e+02	3.087440e+02	5.914435e+02	1.299912e+03	NaN	NaN	NaN	NaN	NaN	0.354	C	0	0	unmatched_489.44
708	2851.416	6473.423	21.5317094	-1.1472389	46.870	17.825	16.799	0.6197	6.530402e+04	8.741613e+02	17.9627	0.0145	4.063	30.809	8.1027	28.2693	74.705	-5.767902e+01	-6.254954e+01	7.348668e+02	1.327134e+03	NaN	NaN	NaN	NaN	NaN	0.362	C	0	0	unmatched_412.30
709	933.088	6504.172	21.6718785	-1.1449828	72.352	40.926	79.154	0.4343	7.133698e+05	1.430230e+03	15.3667	0.0022	3.500	28.523	7.5016	24.8263	498.780	4.294482e+02	1.931253e+03	9.952003e+03	3.312501e+04	0.360	27.552	6.532	18.5053	24.4818	0.480	C	16	0	unmatched_487.49
